ISO-10303-21;
HEADER;
FILE_DESCRIPTION (( 'STEP AP203' ),
    '1' );
FILE_NAME ('Bracket PCT.STEP',
    '2022-01-24T23:23:21',
    ( '' ),
    ( '' ),
    'SwSTEP 2.0',
    'SolidWorks 2019',
    '' );
FILE_SCHEMA (( 'CONFIG_CONTROL_DESIGN' ));
ENDSEC;

DATA;
#1 = DIRECTION ( 'NONE',  ( 0.7984156729482190240, 0.000000000000000000, -0.6021066460276305321 ) ) ;
#2 = LINE ( 'NONE', #1496, #1522 ) ;
#3 = CARTESIAN_POINT ( 'NONE',  ( -10.49999999999999822, 8.501000000000002998, -6.499999999999999112 ) ) ;
#4 = CARTESIAN_POINT ( 'NONE',  ( 5.987775720387904954, -6.999999999999995559, -9.000000000000000000 ) ) ;
#5 = ORIENTED_EDGE ( 'NONE', *, *, #239, .F. ) ;
#6 = VERTEX_POINT ( 'NONE', #1676 ) ;
#7 = ADVANCED_FACE ( 'NONE', ( #1413 ), #177, .F. ) ;
#8 = DIRECTION ( 'NONE',  ( 0.1961161351381839890, 0.9805806756909201116, 0.000000000000000000 ) ) ;
#9 = CARTESIAN_POINT ( 'NONE',  ( -2.749999999999998224, -6.499999999999999112, 0.000000000000000000 ) ) ;
#10 = EDGE_CURVE ( 'NONE', #384, #867, #1157, .T. ) ;
#11 = PLANE ( 'NONE',  #364 ) ;
#12 = CARTESIAN_POINT ( 'NONE',  ( 5.500000000000007994, -8.499999999999994671, -9.000000000000000000 ) ) ;
#13 = VERTEX_POINT ( 'NONE', #15 ) ;
#14 = ORIENTED_EDGE ( 'NONE', *, *, #714, .F. ) ;
#15 = CARTESIAN_POINT ( 'NONE',  ( 15.00000000000000355, -6.999999999999995559, -4.000000000000000000 ) ) ;
#16 = ORIENTED_EDGE ( 'NONE', *, *, #213, .F. ) ;
#17 = DIRECTION ( 'NONE',  ( -1.000000000000000000, -0.000000000000000000, 1.652117596168387263E-16 ) ) ;
#18 = VECTOR ( 'NONE', #1217, 1000.000000000000000 ) ;
#19 = EDGE_CURVE ( 'NONE', #174, #767, #1002, .T. ) ;
#20 = DIRECTION ( 'NONE',  ( -0.8486481374438910041, 0.5289577854734863749, 0.000000000000000000 ) ) ;
#21 = DIRECTION ( 'NONE',  ( -0.8087360843031886626, -0.5881716976750460679, 0.000000000000000000 ) ) ;
#22 = ORIENTED_EDGE ( 'NONE', *, *, #232, .T. ) ;
#23 = VECTOR ( 'NONE', #1305, 1000.000000000000000 ) ;
#24 = AXIS2_PLACEMENT_3D ( 'NONE', #1078, #1352, #134 ) ;
#25 = CARTESIAN_POINT ( 'NONE',  ( -0.5289577854734869300, 4.829696521406098064, -3.500000000000001332 ) ) ;
#26 = VERTEX_POINT ( 'NONE', #138 ) ;
#27 = CARTESIAN_POINT ( 'NONE',  ( 10.50000000000000355, -6.999999999999995559, -3.000000000000000000 ) ) ;
#28 = AXIS2_PLACEMENT_3D ( 'NONE', #413, #974, #1 ) ;
#29 = ORIENTED_EDGE ( 'NONE', *, *, #212, .T. ) ;
#30 = CARTESIAN_POINT ( 'NONE',  ( -10.49999999999999822, -8.499999999999998224, -2.499999999999995115 ) ) ;
#31 = EDGE_CURVE ( 'NONE', #1045, #1237, #435, .T. ) ;
#32 = FACE_OUTER_BOUND ( 'NONE', #1050, .T. ) ;
#33 = CARTESIAN_POINT ( 'NONE',  ( -5.499999999999998224, -8.499999999999998224, -6.499999999999999112 ) ) ;
#34 = EDGE_LOOP ( 'NONE', ( #323, #1770 ) ) ;
#35 = PLANE ( 'NONE',  #203 ) ;
#36 = VERTEX_POINT ( 'NONE', #1664 ) ;
#37 = CARTESIAN_POINT ( 'NONE',  ( -6.000000000000000000, 8.500000000000000000, 1.500000000000000000 ) ) ;
#38 = DATE_AND_TIME ( #730, #1208 ) ;
#39 = AXIS2_PLACEMENT_3D ( 'NONE', #639, #1191, #1735 ) ;
#40 = CARTESIAN_POINT ( 'NONE',  ( -6.000000000000000000, 8.500000000000000000, 1.500000000000000000 ) ) ;
#41 = LINE ( 'NONE', #1154, #256 ) ;
#42 = CARTESIAN_POINT ( 'NONE',  ( -3.419606179644763877, -6.500000000000005329, 8.745850907427143994 ) ) ;
#43 = CARTESIAN_POINT ( 'NONE',  ( 5.987775720387904954, -6.999999999999995559, 0.000000000000000000 ) ) ;
#44 = ORIENTED_EDGE ( 'NONE', *, *, #949, .F. ) ;
#45 = EDGE_CURVE ( 'NONE', #1625, #717, #808, .T. ) ;
#46 = LINE ( 'NONE', #718, #57 ) ;
#47 = VERTEX_POINT ( 'NONE', #1651 ) ;
#48 = ADVANCED_FACE ( 'NONE', ( #1675 ), #156, .F. ) ;
#49 = DIRECTION ( 'NONE',  ( 0.8087360843031884405, 0.5881716976750462900, -1.336127115533617817E-16 ) ) ;
#50 = VERTEX_POINT ( 'NONE', #1644 ) ;
#51 = DIRECTION ( 'NONE',  ( 0.8486481374438910041, 0.5289577854734863749, 0.000000000000000000 ) ) ;
#52 = VECTOR ( 'NONE', #766, 1000.000000000000000 ) ;
#53 = DIRECTION ( 'NONE',  ( 1.000000000000000000, 0.000000000000000000, 0.000000000000000000 ) ) ;
#54 = VERTEX_POINT ( 'NONE', #1529 ) ;
#55 = VECTOR ( 'NONE', #781, 1000.000000000000000 ) ;
#56 = CARTESIAN_POINT ( 'NONE',  ( -15.00000000000000000, -6.999999999999999112, -9.000000000000000000 ) ) ;
#57 = VECTOR ( 'NONE', #1396, 1000.000000000000114 ) ;
#58 = EDGE_LOOP ( 'NONE', ( #1219, #1680, #1778, #1242 ) ) ;
#59 = CC_DESIGN_APPROVAL ( #1458, ( #236 ) ) ;
#60 = COORDINATED_UNIVERSAL_TIME_OFFSET ( 6, 0, .BEHIND. ) ;
#61 = ORIENTED_EDGE ( 'NONE', *, *, #1292, .T. ) ;
#62 = DIRECTION ( 'NONE',  ( 0.000000000000000000, 0.000000000000000000, -1.000000000000000000 ) ) ;
#63 = DIRECTION ( 'NONE',  ( 0.000000000000000000, 1.000000000000000000, 0.000000000000000000 ) ) ;
#64 = PLANE ( 'NONE',  #1772 ) ;
#65 = ORIENTED_EDGE ( 'NONE', *, *, #328, .F. ) ;
#66 = PLANE ( 'NONE',  #683 ) ;
#67 = ORIENTED_EDGE ( 'NONE', *, *, #1358, .F. ) ;
#68 = ADVANCED_FACE ( 'NONE', ( #424 ), #295, .F. ) ;
#69 = CALENDAR_DATE ( 2022, 24, 1 ) ;
#70 = ORIENTED_EDGE ( 'NONE', *, *, #374, .F. ) ;
#71 = ADVANCED_FACE ( 'NONE', ( #1252 ), #720, .F. ) ;
#72 = DIRECTION ( 'NONE',  ( -1.445602896647339163E-16, 1.000000000000000000, 0.000000000000000000 ) ) ;
#73 = ORIENTED_EDGE ( 'NONE', *, *, #909, .F. ) ;
#74 = FACE_OUTER_BOUND ( 'NONE', #1611, .T. ) ;
#75 = VERTEX_POINT ( 'NONE', #1683 ) ;
#76 = VECTOR ( 'NONE', #135, 1000.000000000000000 ) ;
#77 = APPROVAL_ROLE ( '' ) ;
#78 = EDGE_CURVE ( 'NONE', #969, #747, #982, .T. ) ;
#79 = DIRECTION ( 'NONE',  ( 0.000000000000000000, 0.000000000000000000, -1.000000000000000000 ) ) ;
#80 = CARTESIAN_POINT ( 'NONE',  ( 8.550018332220687967E-13, -6.500000000000005329, 8.000000000003559819 ) ) ;
#81 = ORIENTED_EDGE ( 'NONE', *, *, #641, .F. ) ;
#82 = APPROVAL ( #1684, 'UNSPECIFIED' ) ;
#83 = EDGE_CURVE ( 'NONE', #741, #750, #304, .T. ) ;
#84 = CARTESIAN_POINT ( 'NONE',  ( -10.49999999999999822, 8.501000000000002998, -2.499999999999995115 ) ) ;
#85 = CARTESIAN_POINT ( 'NONE',  ( -9.333809621030937365, -6.999999999999999112, -3.000000000000000000 ) ) ;
#86 = ORIENTED_EDGE ( 'NONE', *, *, #700, .F. ) ;
#87 = VECTOR ( 'NONE', #1478, 1000.000000000000000 ) ;
#88 = AXIS2_PLACEMENT_3D ( 'NONE', #350, #773, #1598 ) ;
#89 = CARTESIAN_POINT ( 'NONE',  ( 0.000000000000000000, 4.500000000000000888, -2.000000000000001332 ) ) ;
#90 = CARTESIAN_POINT ( 'NONE',  ( -15.00000000000000000, -6.999999999999995559, -4.000000000000000000 ) ) ;
#91 = FACE_OUTER_BOUND ( 'NONE', #1710, .T. ) ;
#92 = EDGE_CURVE ( 'NONE', #36, #1593, #445, .T. ) ;
#93 = DIRECTION ( 'NONE',  ( 0.000000000000000000, 0.000000000000000000, -1.000000000000000000 ) ) ;
#94 = PLANE ( 'NONE',  #39 ) ;
#95 = VERTEX_POINT ( 'NONE', #175 ) ;
#96 = ORIENTED_EDGE ( 'NONE', *, *, #303, .F. ) ;
#97 = DIRECTION ( 'NONE',  ( 0.8486481374438910041, -0.5289577854734863749, 0.000000000000000000 ) ) ;
#98 = DIRECTION ( 'NONE',  ( 8.673617379884035472E-17, -1.000000000000000000, 0.000000000000000000 ) ) ;
#99 = CARTESIAN_POINT ( 'NONE',  ( 3.237775720387905398, -4.999999999999999112, -2.499999999999997335 ) ) ;
#100 = CARTESIAN_POINT ( 'NONE',  ( -12.16956948051445764, 6.205341964292619750, -2.499999999999994671 ) ) ;
#101 = ORIENTED_EDGE ( 'NONE', *, *, #1359, .F. ) ;
#102 = ADVANCED_FACE ( 'NONE', ( #1275 ), #560, .F. ) ;
#103 = ORIENTED_EDGE ( 'NONE', *, *, #146, .F. ) ;
#104 = CARTESIAN_POINT ( 'NONE',  ( 4.010944543921591610, 7.000000000000000888, -1.500000000000001332 ) ) ;
#105 = LINE ( 'NONE', #903, #386 ) ;
#106 = VECTOR ( 'NONE', #868, 1000.000000000000000 ) ;
#107 = DIRECTION ( 'NONE',  ( -1.000000000000000000, 0.000000000000000000, 0.000000000000000000 ) ) ;
#108 = CARTESIAN_POINT ( 'NONE',  ( -10.49999999999999822, -8.499999999999998224, -6.499999999999999112 ) ) ;
#109 = ORIENTED_EDGE ( 'NONE', *, *, #1000, .F. ) ;
#110 = ORIENTED_EDGE ( 'NONE', *, *, #736, .T. ) ;
#111 = EDGE_CURVE ( 'NONE', #666, #1544, #164, .T. ) ;
#112 = AXIS2_PLACEMENT_3D ( 'NONE', #861, #448, #51 ) ;
#113 = CARTESIAN_POINT ( 'NONE',  ( -10.49999999999999822, -8.499999999999998224, -6.499999999999999112 ) ) ;
#114 = ORIENTED_EDGE ( 'NONE', *, *, #1705, .T. ) ;
#115 = VECTOR ( 'NONE', #495, 1000.000000000000000 ) ;
#116 = VECTOR ( 'NONE', #577, 1000.000000000000000 ) ;
#117 = CARTESIAN_POINT ( 'NONE',  ( -2.749999999999998224, -6.499999999999999112, -9.000000000000000000 ) ) ;
#118 = CARTESIAN_POINT ( 'NONE',  ( -5.499999999999998224, -8.499999999999998224, -9.000000000000000000 ) ) ;
#119 = DIRECTION ( 'NONE',  ( 0.000000000000000000, 0.000000000000000000, 1.000000000000000000 ) ) ;
#120 = ORIENTED_EDGE ( 'NONE', *, *, #1049, .F. ) ;
#121 = ORIENTED_EDGE ( 'NONE', *, *, #1483, .F. ) ;
#122 = CARTESIAN_POINT ( 'NONE',  ( 0.000000000000000000, 0.000000000000000000, -2.000000000000001332 ) ) ;
#123 = EDGE_CURVE ( 'NONE', #870, #398, #1138, .T. ) ;
#124 = PLANE ( 'NONE',  #827 ) ;
#125 = ADVANCED_FACE ( 'NONE', ( #1372 ), #684, .F. ) ;
#126 = EDGE_CURVE ( 'NONE', #1429, #559, #149, .T. ) ;
#127 = CARTESIAN_POINT ( 'NONE',  ( -5.987775720387894296, -6.999999999999999112, 0.000000000000000000 ) ) ;
#128 = LINE ( 'NONE', #664, #1376 ) ;
#129 = ORIENTED_EDGE ( 'NONE', *, *, #201, .F. ) ;
#130 = ORIENTED_EDGE ( 'NONE', *, *, #1194, .T. ) ;
#131 = PLANE ( 'NONE',  #1773 ) ;
#132 = CARTESIAN_POINT ( 'NONE',  ( -9.333809621030937365, -6.999999999999995559, -4.000000000000000000 ) ) ;
#133 = EDGE_CURVE ( 'NONE', #1159, #901, #351, .T. ) ;
#134 = DIRECTION ( 'NONE',  ( -1.000000000000000000, 0.000000000000000000, 0.000000000000000000 ) ) ;
#135 = DIRECTION ( 'NONE',  ( 0.000000000000000000, 0.000000000000000000, -1.000000000000000000 ) ) ;
#136 = EDGE_LOOP ( 'NONE', ( #1649, #1417, #1020, #1339, #1559, #165, #731 ) ) ;
#137 = VERTEX_POINT ( 'NONE', #646 ) ;
#138 = CARTESIAN_POINT ( 'NONE',  ( -10.49999999999999822, -6.399999999999995914, -3.000000000000000000 ) ) ;
#139 = VECTOR ( 'NONE', #406, 999.9999999999998863 ) ;
#140 = VECTOR ( 'NONE', #372, 1000.000000000000000 ) ;
#141 = DIRECTION ( 'NONE',  ( 0.000000000000000000, -1.000000000000000000, 0.000000000000000000 ) ) ;
#142 = VECTOR ( 'NONE', #63, 1000.000000000000000 ) ;
#143 = CARTESIAN_POINT ( 'NONE',  ( -9.000000000000000000, -6.499999999999999112, 0.000000000000000000 ) ) ;
#144 = DIRECTION ( 'NONE',  ( -0.000000000000000000, -0.000000000000000000, 1.000000000000000000 ) ) ;
#145 = ORIENTED_EDGE ( 'NONE', *, *, #1102, .T. ) ;
#146 = EDGE_CURVE ( 'NONE', #1693, #1519, #905, .T. ) ;
#147 = ORIENTED_EDGE ( 'NONE', *, *, #133, .T. ) ;
#148 = VECTOR ( 'NONE', #1118, 1000.000000000000000 ) ;
#149 = LINE ( 'NONE', #691, #1781 ) ;
#150 = LINE ( 'NONE', #437, #1439 ) ;
#151 = CARTESIAN_POINT ( 'NONE',  ( 10.50000000000000355, -6.399999999999995914, -3.000000000000000444 ) ) ;
#152 = CARTESIAN_POINT ( 'NONE',  ( -5.499999999999998224, -8.499999999999998224, -9.000000000000000000 ) ) ;
#153 = ORIENTED_EDGE ( 'NONE', *, *, #1111, .F. ) ;
#154 = ORIENTED_EDGE ( 'NONE', *, *, #347, .T. ) ;
#155 = EDGE_CURVE ( 'NONE', #860, #612, #1073, .T. ) ;
#156 = PLANE ( 'NONE',  #28 ) ;
#157 = EDGE_CURVE ( 'NONE', #1192, #1146, #359, .T. ) ;
#158 = LINE ( 'NONE', #554, #1692 ) ;
#159 = PLANE ( 'NONE',  #339 ) ;
#160 = DIRECTION ( 'NONE',  ( 0.000000000000000000, -1.000000000000000000, 0.000000000000000000 ) ) ;
#161 = ORIENTED_EDGE ( 'NONE', *, *, #1608, .T. ) ;
#162 = LINE ( 'NONE', #704, #309 ) ;
#163 = ORIENTED_EDGE ( 'NONE', *, *, #354, .F. ) ;
#164 = LINE ( 'NONE', #707, #1331 ) ;
#165 = ORIENTED_EDGE ( 'NONE', *, *, #287, .T. ) ;
#166 = CARTESIAN_POINT ( 'NONE',  ( -4.010944543921591610, 7.000000000000000888, -1.500000000000001332 ) ) ;
#167 = VECTOR ( 'NONE', #394, 1000.000000000000000 ) ;
#168 = VECTOR ( 'NONE', #638, 1000.000000000000000 ) ;
#169 = LINE ( 'NONE', #687, #1409 ) ;
#170 = CARTESIAN_POINT ( 'NONE',  ( -3.237775720387894740, -4.999999999999999112, -9.000000000000000000 ) ) ;
#171 = ORIENTED_EDGE ( 'NONE', *, *, #1398, .F. ) ;
#172 = AXIS2_PLACEMENT_3D ( 'NONE', #701, #1377, #833 ) ;
#173 = CARTESIAN_POINT ( 'NONE',  ( -9.000000000000000000, -6.499999999999999112, 1.500000000000000000 ) ) ;
#174 = VERTEX_POINT ( 'NONE', #1610 ) ;
#175 = CARTESIAN_POINT ( 'NONE',  ( 5.500000000000007994, -8.499999999999994671, 0.000000000000000000 ) ) ;
#176 = EDGE_CURVE ( 'NONE', #1233, #795, #1617, .T. ) ;
#177 = PLANE ( 'NONE',  #1184 ) ;
#178 = CARTESIAN_POINT ( 'NONE',  ( -4.010944543921591610, 8.500000000000000000, -3.500000000000001332 ) ) ;
#179 = LINE ( 'NONE', #1657, #116 ) ;
#180 = CARTESIAN_POINT ( 'NONE',  ( -10.49999999999999822, -6.399999999999995914, -3.000000000000000000 ) ) ;
#181 = EDGE_LOOP ( 'NONE', ( #1074, #479, #14, #73 ) ) ;
#182 = DIRECTION ( 'NONE',  ( 1.000000000000000000, 3.154042683594192162E-16, 0.000000000000000000 ) ) ;
#183 = ORIENTED_EDGE ( 'NONE', *, *, #1402, .F. ) ;
#184 = LINE ( 'NONE', #1727, #1110 ) ;
#185 = SECURITY_CLASSIFICATION_LEVEL ( 'unclassified' ) ;
#186 = MANIFOLD_SOLID_BREP ( 'Saliente-Extruir9', #1754 ) ;
#187 = VERTEX_POINT ( 'NONE', #218 ) ;
#188 = CARTESIAN_POINT ( 'NONE',  ( 9.333809621030942694, -6.999999999999995559, -3.000000000000000000 ) ) ;
#189 = FACE_OUTER_BOUND ( 'NONE', #315, .T. ) ;
#190 = EDGE_LOOP ( 'NONE', ( #163, #1571, #183, #1344, #270, #67, #1373, #1395, #1067, #926, #991, #120, #1048, #195, #1510, #1320, #610, #972, #1466, #1218 ) ) ;
#191 = EDGE_CURVE ( 'NONE', #860, #1714, #1587, .T. ) ;
#192 = CARTESIAN_POINT ( 'NONE',  ( 2.168404344971008868E-16, 7.000000000000000888, 0.000000000000000000 ) ) ;
#193 = ORIENTED_EDGE ( 'NONE', *, *, #622, .F. ) ;
#194 = PERSON_AND_ORGANIZATION_ROLE ( 'creator' ) ;
#195 = ORIENTED_EDGE ( 'NONE', *, *, #272, .F. ) ;
#196 = LINE ( 'NONE', #1432, #913 ) ;
#197 = CARTESIAN_POINT ( 'NONE',  ( 0.000000000000000000, 0.000000000000000000, 0.000000000000000000 ) ) ;
#198 = CARTESIAN_POINT ( 'NONE',  ( -6.000000000000000000, 8.500000000000000000, 1.500000000000000000 ) ) ;
#199 = ORIENTED_EDGE ( 'NONE', *, *, #1566, .F. ) ;
#200 = VECTOR ( 'NONE', #242, 1000.000000000000114 ) ;
#201 = EDGE_CURVE ( 'NONE', #1575, #1431, #1182, .T. ) ;
#202 = DIRECTION ( 'NONE',  ( 1.000000000000000000, 0.000000000000000000, -1.652117596168387263E-16 ) ) ;
#203 = AXIS2_PLACEMENT_3D ( 'NONE', #580, #1564, #314 ) ;
#204 = ORIENTED_EDGE ( 'NONE', *, *, #126, .F. ) ;
#205 = APPROVAL_PERSON_ORGANIZATION ( #446, #521, #458 ) ;
#206 = EDGE_CURVE ( 'NONE', #721, #95, #1198, .T. ) ;
#207 = PERSON_AND_ORGANIZATION_ROLE ( 'classification_officer' ) ;
#208 = CARTESIAN_POINT ( 'NONE',  ( -5.499999999999998224, -8.499999999999998224, 0.000000000000000000 ) ) ;
#209 = ORIENTED_EDGE ( 'NONE', *, *, #1246, .F. ) ;
#210 = DIRECTION ( 'NONE',  ( -0.1961161351381842388, 0.9805806756909201116, -0.000000000000000000 ) ) ;
#211 = ORIENTED_EDGE ( 'NONE', *, *, #444, .F. ) ;
#212 = EDGE_CURVE ( 'NONE', #174, #1163, #237, .T. ) ;
#213 = EDGE_CURVE ( 'NONE', #550, #47, #184, .T. ) ;
#214 =( NAMED_UNIT ( * ) SI_UNIT ( $, .STERADIAN. ) SOLID_ANGLE_UNIT ( ) );
#215 = DIRECTION ( 'NONE',  ( -4.336808689942017243E-16, 0.000000000000000000, -1.000000000000000000 ) ) ;
#216 = ORIENTED_EDGE ( 'NONE', *, *, #641, .T. ) ;
#217 = CARTESIAN_POINT ( 'NONE',  ( 10.50000000000000178, 8.501000000000002998, -6.499999999999999112 ) ) ;
#218 = CARTESIAN_POINT ( 'NONE',  ( -3.237775720387895184, -4.999999999999999112, -6.499999999999999112 ) ) ;
#219 = ORIENTED_EDGE ( 'NONE', *, *, #408, .T. ) ;
#220 = DIRECTION ( 'NONE',  ( 1.000000000000000000, 0.000000000000000000, -1.652117596168387263E-16 ) ) ;
#221 = EDGE_CURVE ( 'NONE', #672, #969, #784, .T. ) ;
#222 = CARTESIAN_POINT ( 'NONE',  ( 8.550018332220687967E-13, 1.500000000000001332, 8.000000000003559819 ) ) ;
#223 = DIRECTION ( 'NONE',  ( 1.000000000000000000, 0.000000000000000000, -0.000000000000000000 ) ) ;
#224 = DIRECTION ( 'NONE',  ( 0.1961161351381842666, -0.9805806756909202226, 0.000000000000000000 ) ) ;
#225 = CARTESIAN_POINT ( 'NONE',  ( 5.085249524707029067, 1.500000000000001332, 1.109144671409796112 ) ) ;
#226 = ORIENTED_EDGE ( 'NONE', *, *, #191, .F. ) ;
#227 = VECTOR ( 'NONE', #1404, 1000.000000000000227 ) ;
#228 = VECTOR ( 'NONE', #1195, 1000.000000000000000 ) ;
#229 = ORIENTED_EDGE ( 'NONE', *, *, #1243, .T. ) ;
#230 = AXIS2_PLACEMENT_3D ( 'NONE', #1444, #616, #461 ) ;
#231 = DIRECTION ( 'NONE',  ( 0.000000000000000000, 0.000000000000000000, -1.000000000000000000 ) ) ;
#232 = EDGE_CURVE ( 'NONE', #455, #6, #654, .T. ) ;
#233 = APPROVAL_ROLE ( '' ) ;
#234 = CARTESIAN_POINT ( 'NONE',  ( -15.00000000000000000, -6.999999999999999112, 0.000000000000000000 ) ) ;
#235 = CARTESIAN_POINT ( 'NONE',  ( 15.00000000000001066, -8.499999999999989342, -9.000000000000000000 ) ) ;
#236 = PRODUCT_DEFINITION ( 'UNKNOWN', '', #283, #923 ) ;
#237 = LINE ( 'NONE', #1716, #886 ) ;
#238 = ORIENTED_EDGE ( 'NONE', *, *, #1615, .T. ) ;
#239 = EDGE_CURVE ( 'NONE', #1491, #36, #1047, .T. ) ;
#240 = VERTEX_POINT ( 'NONE', #1592 ) ;
#241 = CARTESIAN_POINT ( 'NONE',  ( 5.987775720387904954, -6.999999999999995559, -9.000000000000000000 ) ) ;
#242 = DIRECTION ( 'NONE',  ( -0.1961161351381842388, 0.9805806756909201116, -0.000000000000000000 ) ) ;
#243 = CARTESIAN_POINT ( 'NONE',  ( 3.237775720387906286, -4.999999999999999112, -9.000000000000000000 ) ) ;
#244 = DIRECTION ( 'NONE',  ( 1.000000000000000000, 0.000000000000000000, 0.000000000000000000 ) ) ;
#245 = VERTEX_POINT ( 'NONE', #1464 ) ;
#246 = ORIENTED_EDGE ( 'NONE', *, *, #648, .T. ) ;
#247 = DIRECTION ( 'NONE',  ( -0.000000000000000000, 1.000000000000000000, -0.000000000000000000 ) ) ;
#248 = CARTESIAN_POINT ( 'NONE',  ( 9.333809621030942694, -6.999999999999995559, -4.000000000000000000 ) ) ;
#249 = DIRECTION ( 'NONE',  ( -0.000000000000000000, 1.000000000000000000, -0.000000000000000000 ) ) ;
#250 = PLANE ( 'NONE',  #1001 ) ;
#251 = EDGE_LOOP ( 'NONE', ( #1091, #70, #325, #1018 ) ) ;
#252 = ADVANCED_FACE ( 'NONE', ( #1742 ), #514, .F. ) ;
#253 = ORIENTED_EDGE ( 'NONE', *, *, #206, .F. ) ;
#254 = VECTOR ( 'NONE', #53, 1000.000000000000000 ) ;
#255 = CARTESIAN_POINT ( 'NONE',  ( -15.00000000000000000, -6.399999999999995914, -3.000000000000000000 ) ) ;
#256 = VECTOR ( 'NONE', #1560, 1000.000000000000000 ) ;
#257 = ADVANCED_FACE ( 'NONE', ( #774 ), #94, .F. ) ;
#258 = LINE ( 'NONE', #938, #854 ) ;
#259 = CARTESIAN_POINT ( 'NONE',  ( 10.50000000000000355, -8.499999999999998224, -2.499999999999998668 ) ) ;
#260 = FACE_OUTER_BOUND ( 'NONE', #533, .T. ) ;
#261 = ORIENTED_EDGE ( 'NONE', *, *, #546, .F. ) ;
#262 = EDGE_LOOP ( 'NONE', ( #209, #422, #436, #917 ) ) ;
#263 = VECTOR ( 'NONE', #1454, 1000.000000000000000 ) ;
#264 = PLANE ( 'NONE',  #1605 ) ;
#265 = ADVANCED_FACE ( 'NONE', ( #1343 ), #505, .F. ) ;
#266 = CARTESIAN_POINT ( 'NONE',  ( -6.000000000000000000, 8.500000000000000000, 0.000000000000000000 ) ) ;
#267 = DIRECTION ( 'NONE',  ( 0.8087360843031888846, -0.5881716976750457349, 0.000000000000000000 ) ) ;
#268 = DIRECTION ( 'NONE',  ( -0.1961161351381839890, -0.9805806756909201116, 0.000000000000000000 ) ) ;
#269 = ORIENTED_EDGE ( 'NONE', *, *, #761, .T. ) ;
#270 = ORIENTED_EDGE ( 'NONE', *, *, #282, .F. ) ;
#271 = CARTESIAN_POINT ( 'NONE',  ( -5.000000000000000000, -6.500000000000005329, 11.50000000000000000 ) ) ;
#272 = EDGE_CURVE ( 'NONE', #1038, #550, #499, .T. ) ;
#273 = LINE ( 'NONE', #1239, #308 ) ;
#274 = DIRECTION ( 'NONE',  ( 0.000000000000000000, 0.000000000000000000, 1.000000000000000000 ) ) ;
#275 = LINE ( 'NONE', #834, #573 ) ;
#276 = EDGE_LOOP ( 'NONE', ( #493, #1528, #1663, #1476, #65, #828, #1346, #492 ) ) ;
#277 = ORIENTED_EDGE ( 'NONE', *, *, #1545, .F. ) ;
#278 = DIRECTION ( 'NONE',  ( -0.2131002592640975635, 0.000000000000000000, -0.9770303370425987843 ) ) ;
#279 = VECTOR ( 'NONE', #1562, 1000.000000000000000 ) ;
#280 = VECTOR ( 'NONE', #1007, 1000.000000000000227 ) ;
#281 = PLANE ( 'NONE',  #361 ) ;
#282 = EDGE_CURVE ( 'NONE', #933, #1371, #1207, .T. ) ;
#283 = PRODUCT_DEFINITION_FORMATION_WITH_SPECIFIED_SOURCE ( 'ANY', '', #1502, .NOT_KNOWN. ) ;
#284 = LINE ( 'NONE', #451, #1152 ) ;
#285 = CARTESIAN_POINT ( 'NONE',  ( 15.00000000000001066, -6.999999999999995559, 0.000000000000000000 ) ) ;
#286 = ORIENTED_EDGE ( 'NONE', *, *, #10, .T. ) ;
#287 = EDGE_CURVE ( 'NONE', #352, #1038, #1524, .T. ) ;
#288 = ORIENTED_EDGE ( 'NONE', *, *, #239, .T. ) ;
#289 = CARTESIAN_POINT ( 'NONE',  ( -2.749999999999998224, -6.499999999999999112, -9.000000000000000000 ) ) ;
#290 = DIRECTION ( 'NONE',  ( -0.8087360843031884405, -0.5881716976750462900, 0.000000000000000000 ) ) ;
#291 = PLANE ( 'NONE',  #713 ) ;
#292 = CARTESIAN_POINT ( 'NONE',  ( 9.000000000000003553, -6.499999999999995559, 0.000000000000000000 ) ) ;
#293 = ORIENTED_EDGE ( 'NONE', *, *, #661, .F. ) ;
#294 = ORIENTED_EDGE ( 'NONE', *, *, #1514, .T. ) ;
#295 = PLANE ( 'NONE',  #1040 ) ;
#296 = VERTEX_POINT ( 'NONE', #825 ) ;
#297 = LINE ( 'NONE', #426, #1351 ) ;
#298 = DIRECTION ( 'NONE',  ( -0.000000000000000000, -0.000000000000000000, 1.000000000000000000 ) ) ;
#299 = DIRECTION ( 'NONE',  ( 0.000000000000000000, 0.000000000000000000, -1.000000000000000000 ) ) ;
#300 = ORIENTED_EDGE ( 'NONE', *, *, #1490, .F. ) ;
#301 = CARTESIAN_POINT ( 'NONE',  ( -2.749999999999998224, -6.499999999999999112, -9.000000000000000000 ) ) ;
#302 = EDGE_LOOP ( 'NONE', ( #432, #962, #1276, #153, #1389, #294 ) ) ;
#303 = EDGE_CURVE ( 'NONE', #26, #1533, #539, .T. ) ;
#304 = LINE ( 'NONE', #964, #919 ) ;
#305 = PERSON_AND_ORGANIZATION_ROLE ( 'creator' ) ;
#306 = ORIENTED_EDGE ( 'NONE', *, *, #1234, .T. ) ;
#307 = DIRECTION ( 'NONE',  ( 1.000000000000000000, 0.000000000000000000, 0.000000000000000000 ) ) ;
#308 = VECTOR ( 'NONE', #823, 1000.000000000000000 ) ;
#309 = VECTOR ( 'NONE', #947, 1000.000000000000000 ) ;
#310 = DIRECTION ( 'NONE',  ( -0.000000000000000000, -1.000000000000000000, -0.000000000000000000 ) ) ;
#311 = DIRECTION ( 'NONE',  ( -0.5881716976750458459, -0.8087360843031887736, 0.000000000000000000 ) ) ;
#312 = ORIENTED_EDGE ( 'NONE', *, *, #282, .T. ) ;
#313 = AXIS2_PLACEMENT_3D ( 'NONE', #321, #1732, #872 ) ;
#314 = DIRECTION ( 'NONE',  ( -1.000000000000000000, 0.000000000000000000, -0.000000000000000000 ) ) ;
#315 = EDGE_LOOP ( 'NONE', ( #1274, #211, #836, #121 ) ) ;
#316 = DIRECTION ( 'NONE',  ( -1.000000000000000000, -8.673617379884035472E-17, -0.000000000000000000 ) ) ;
#317 = COORDINATED_UNIVERSAL_TIME_OFFSET ( 6, 0, .BEHIND. ) ;
#318 = EDGE_CURVE ( 'NONE', #398, #1185, #1648, .T. ) ;
#319 = ORIENTED_EDGE ( 'NONE', *, *, #347, .F. ) ;
#320 = DIRECTION ( 'NONE',  ( 0.000000000000000000, 0.000000000000000000, -1.000000000000000000 ) ) ;
#321 = CARTESIAN_POINT ( 'NONE',  ( 0.000000000000000000, 0.000000000000000000, 1.500000000000000000 ) ) ;
#322 = DIRECTION ( 'NONE',  ( 0.8087360843031888846, -0.5881716976750457349, 0.000000000000000000 ) ) ;
#323 = ORIENTED_EDGE ( 'NONE', *, *, #45, .F. ) ;
#324 = FACE_OUTER_BOUND ( 'NONE', #695, .T. ) ;
#325 = ORIENTED_EDGE ( 'NONE', *, *, #1253, .F. ) ;
#326 = ORIENTED_EDGE ( 'NONE', *, *, #934, .F. ) ;
#327 = DIRECTION ( 'NONE',  ( -1.445602896647339163E-16, 1.000000000000000000, 0.000000000000000000 ) ) ;
#328 = EDGE_CURVE ( 'NONE', #735, #935, #1378, .T. ) ;
#329 = CARTESIAN_POINT ( 'NONE',  ( 2.750000000000007550, -6.499999999999997335, -9.000000000000000000 ) ) ;
#330 = ORIENTED_EDGE ( 'NONE', *, *, #660, .F. ) ;
#331 = CARTESIAN_POINT ( 'NONE',  ( -4.010944543921591610, 7.000000000000000888, -3.500000000000001332 ) ) ;
#332 = ORIENTED_EDGE ( 'NONE', *, *, #1619, .T. ) ;
#333 = LINE ( 'NONE', #1062, #200 ) ;
#334 = EDGE_LOOP ( 'NONE', ( #605, #1397, #506, #346, #599, #1306 ) ) ;
#335 = VECTOR ( 'NONE', #1247, 1000.000000000000227 ) ;
#336 = DIRECTION ( 'NONE',  ( 0.000000000000000000, -0.000000000000000000, 1.000000000000000000 ) ) ;
#337 = AXIS2_PLACEMENT_3D ( 'NONE', #1771, #1126, #1406 ) ;
#338 = ORIENTED_EDGE ( 'NONE', *, *, #922, .T. ) ;
#339 = AXIS2_PLACEMENT_3D ( 'NONE', #724, #586, #1256 ) ;
#340 = EDGE_CURVE ( 'NONE', #245, #721, #1096, .T. ) ;
#341 = CARTESIAN_POINT ( 'NONE',  ( -3.237775720387895184, -4.999999999999999112, -2.499999999999996447 ) ) ;
#342 = CARTESIAN_POINT ( 'NONE',  ( 15.00000000000000355, -6.999999999999995559, -3.000000000000000000 ) ) ;
#343 = ORIENTED_EDGE ( 'NONE', *, *, #920, .F. ) ;
#344 = CARTESIAN_POINT ( 'NONE',  ( 6.000000000000000000, 8.500000000000001776, 0.000000000000000000 ) ) ;
#345 = CARTESIAN_POINT ( 'NONE',  ( -5.987775720387894296, -6.999999999999999112, -9.000000000000000000 ) ) ;
#346 = ORIENTED_EDGE ( 'NONE', *, *, #83, .F. ) ;
#347 = EDGE_CURVE ( 'NONE', #747, #1612, #275, .T. ) ;
#348 = CARTESIAN_POINT ( 'NONE',  ( 6.000000000000000000, 7.000000000000000888, 0.000000000000000000 ) ) ;
#349 = LINE ( 'NONE', #488, #55 ) ;
#350 = CARTESIAN_POINT ( 'NONE',  ( 5.987775720387904954, -6.999999999999995559, -9.000000000000000000 ) ) ;
#351 = LINE ( 'NONE', #85, #263 ) ;
#352 = VERTEX_POINT ( 'NONE', #401 ) ;
#353 = ORIENTED_EDGE ( 'NONE', *, *, #1661, .T. ) ;
#354 = EDGE_CURVE ( 'NONE', #795, #1489, #941, .T. ) ;
#355 = CARTESIAN_POINT ( 'NONE',  ( -9.000000000000000000, -6.499999999999999112, 1.500000000000000000 ) ) ;
#356 = PERSON_AND_ORGANIZATION_ROLE ( 'design_owner' ) ;
#357 = DIRECTION ( 'NONE',  ( -4.336808689942017243E-16, 0.000000000000000000, -1.000000000000000000 ) ) ;
#358 = DIRECTION ( 'NONE',  ( 0.000000000000000000, 0.000000000000000000, 1.000000000000000000 ) ) ;
#359 = LINE ( 'NONE', #729, #1228 ) ;
#360 = VERTEX_POINT ( 'NONE', #800 ) ;
#361 = AXIS2_PLACEMENT_3D ( 'NONE', #652, #1350, #1486 ) ;
#362 = AXIS2_PLACEMENT_3D ( 'NONE', #122, #231, #1613 ) ;
#363 = VERTEX_POINT ( 'NONE', #1087 ) ;
#364 = AXIS2_PLACEMENT_3D ( 'NONE', #3, #419, #555 ) ;
#365 = CARTESIAN_POINT ( 'NONE',  ( -10.49999999999999822, -6.999999999999995559, -4.000000000000000000 ) ) ;
#366 = EDGE_CURVE ( 'NONE', #36, #137, #1249, .T. ) ;
#367 = DIRECTION ( 'NONE',  ( -0.000000000000000000, -0.000000000000000000, 1.000000000000000000 ) ) ;
#368 = CARTESIAN_POINT ( 'NONE',  ( -5.499999999999998224, -8.499999999999998224, -9.000000000000000000 ) ) ;
#369 = DIRECTION ( 'NONE',  ( 0.5881716976750457349, 0.8087360843031888846, 0.000000000000000000 ) ) ;
#370 = ORIENTED_EDGE ( 'NONE', *, *, #10, .F. ) ;
#371 = EDGE_LOOP ( 'NONE', ( #312, #1098, #269, #1627, #1730, #979, #1209, #776, #1313 ) ) ;
#372 = DIRECTION ( 'NONE',  ( 0.000000000000000000, 1.000000000000000000, 0.000000000000000000 ) ) ;
#373 = DIRECTION ( 'NONE',  ( -0.000000000000000000, -0.000000000000000000, 1.000000000000000000 ) ) ;
#374 = EDGE_CURVE ( 'NONE', #516, #187, #1388, .T. ) ;
#375 = DIRECTION ( 'NONE',  ( -3.154042683594192162E-16, 1.000000000000000000, 0.000000000000000000 ) ) ;
#376 = DIRECTION ( 'NONE',  ( -0.000000000000000000, -0.000000000000000000, 1.000000000000000000 ) ) ;
#377 = ORIENTED_EDGE ( 'NONE', *, *, #1459, .F. ) ;
#378 = ORIENTED_EDGE ( 'NONE', *, *, #1282, .T. ) ;
#379 = LINE ( 'NONE', #908, #1263 ) ;
#380 = CARTESIAN_POINT ( 'NONE',  ( 15.00000000000001066, -6.999999999999995559, -9.000000000000000000 ) ) ;
#381 = VECTOR ( 'NONE', #1065, 1000.000000000000000 ) ;
#382 = DIRECTION ( 'NONE',  ( 0.000000000000000000, 0.000000000000000000, -1.000000000000000000 ) ) ;
#383 = CARTESIAN_POINT ( 'NONE',  ( -4.010944543921591610, 8.500000000000000000, -1.500000000000001332 ) ) ;
#384 = VERTEX_POINT ( 'NONE', #811 ) ;
#385 = EDGE_CURVE ( 'NONE', #1405, #1185, #1499, .T. ) ;
#386 = VECTOR ( 'NONE', #1590, 1000.000000000000114 ) ;
#387 = ORIENTED_EDGE ( 'NONE', *, *, #1189, .T. ) ;
#388 = VECTOR ( 'NONE', #1164, 1000.000000000000000 ) ;
#389 = EDGE_CURVE ( 'NONE', #75, #95, #1641, .T. ) ;
#390 = DIRECTION ( 'NONE',  ( 0.000000000000000000, 0.000000000000000000, 1.000000000000000000 ) ) ;
#391 = VECTOR ( 'NONE', #249, 1000.000000000000000 ) ;
#392 = DIRECTION ( 'NONE',  ( 0.6021066460276306431, 8.704071115881570400E-17, -0.7984156729482191350 ) ) ;
#393 = CARTESIAN_POINT ( 'NONE',  ( 2.750000000000007550, -6.499999999999997335, -9.000000000000000000 ) ) ;
#394 = DIRECTION ( 'NONE',  ( -1.000000000000000000, 0.000000000000000000, 0.000000000000000000 ) ) ;
#395 = ORIENTED_EDGE ( 'NONE', *, *, #1194, .F. ) ;
#396 = VERTEX_POINT ( 'NONE', #1104 ) ;
#397 = DIRECTION ( 'NONE',  ( 1.000000000000000000, 8.673617379884035472E-17, 0.000000000000000000 ) ) ;
#398 = VERTEX_POINT ( 'NONE', #410 ) ;
#399 = LINE ( 'NONE', #1774, #1203 ) ;
#400 = FACE_OUTER_BOUND ( 'NONE', #1133, .T. ) ;
#401 = CARTESIAN_POINT ( 'NONE',  ( -10.49999999999999822, -8.499999999999998224, -2.499999999999995115 ) ) ;
#402 = VERTEX_POINT ( 'NONE', #819 ) ;
#403 = ORIENTED_EDGE ( 'NONE', *, *, #92, .T. ) ;
#404 = DIRECTION ( 'NONE',  ( -0.000000000000000000, 1.000000000000000000, 0.000000000000000000 ) ) ;
#405 = ADVANCED_FACE ( 'NONE', ( #556 ), #1353, .T. ) ;
#406 = DIRECTION ( 'NONE',  ( 0.7984156729482191350, 0.000000000000000000, -0.6021066460276307541 ) ) ;
#407 = CC_DESIGN_PERSON_AND_ORGANIZATION_ASSIGNMENT ( #1166, #207, ( #748 ) ) ;
#408 = EDGE_CURVE ( 'NONE', #1332, #1429, #128, .T. ) ;
#409 = LINE ( 'NONE', #1008, #1775 ) ;
#410 = CARTESIAN_POINT ( 'NONE',  ( -5.000000000000007994, -6.500000000000005329, 1.500000000000000000 ) ) ;
#411 = ORIENTED_EDGE ( 'NONE', *, *, #794, .F. ) ;
#412 = ORIENTED_EDGE ( 'NONE', *, *, #846, .F. ) ;
#413 = CARTESIAN_POINT ( 'NONE',  ( -6.000000000000000000, 7.000000000000000888, 0.000000000000000000 ) ) ;
#414 = AXIS2_PLACEMENT_3D ( 'NONE', #1631, #392, #951 ) ;
#415 = VECTOR ( 'NONE', #1428, 999.9999999999998863 ) ;
#416 = DIRECTION ( 'NONE',  ( 0.000000000000000000, -1.000000000000000000, 0.000000000000000000 ) ) ;
#417 =( GEOMETRIC_REPRESENTATION_CONTEXT ( 3 ) GLOBAL_UNCERTAINTY_ASSIGNED_CONTEXT ( ( #1326 ) ) GLOBAL_UNIT_ASSIGNED_CONTEXT ( ( #733, #1450, #214 ) ) REPRESENTATION_CONTEXT ( 'NONE', 'WORKASPACE' ) );
#418 = ADVANCED_FACE ( 'NONE', ( #260 ), #250, .F. ) ;
#419 = DIRECTION ( 'NONE',  ( -1.000000000000000000, 0.000000000000000000, 0.000000000000000000 ) ) ;
#420 = CARTESIAN_POINT ( 'NONE',  ( 4.010944543921591610, 7.000000000000000888, -2.000000000000001332 ) ) ;
#421 = VERTEX_POINT ( 'NONE', #285 ) ;
#422 = ORIENTED_EDGE ( 'NONE', *, *, #660, .T. ) ;
#423 = VECTOR ( 'NONE', #404, 1000.000000000000000 ) ;
#424 = FACE_OUTER_BOUND ( 'NONE', #1097, .T. ) ;
#425 = ORIENTED_EDGE ( 'NONE', *, *, #1315, .F. ) ;
#426 = CARTESIAN_POINT ( 'NONE',  ( 4.010944543921591610, 7.000000000000000888, -2.000000000000001332 ) ) ;
#427 = LINE ( 'NONE', #1678, #1443 ) ;
#428 = CARTESIAN_POINT ( 'NONE',  ( -10.49999999999999822, -8.499999999999998224, -2.499999999999995115 ) ) ;
#429 = VERTEX_POINT ( 'NONE', #1362 ) ;
#430 = EDGE_CURVE ( 'NONE', #360, #877, #529, .T. ) ;
#431 = PLANE ( 'NONE',  #657 ) ;
#432 = ORIENTED_EDGE ( 'NONE', *, *, #1490, .T. ) ;
#433 = EDGE_CURVE ( 'NONE', #1106, #954, #932, .T. ) ;
#434 = VECTOR ( 'NONE', #1508, 1000.000000000000000 ) ;
#435 = LINE ( 'NONE', #27, #423 ) ;
#436 = ORIENTED_EDGE ( 'NONE', *, *, #970, .T. ) ;
#437 = CARTESIAN_POINT ( 'NONE',  ( -15.00000000000000000, -6.499999999999999112, 1.500000000000000000 ) ) ;
#438 = LINE ( 'NONE', #1531, #1090 ) ;
#439 = LINE ( 'NONE', #198, #227 ) ;
#440 = ORIENTED_EDGE ( 'NONE', *, *, #697, .T. ) ;
#441 = APPLICATION_CONTEXT ( 'configuration controlled 3d designs of mechanical parts and assemblies' ) ;
#442 = LINE ( 'NONE', #1418, #1579 ) ;
#443 = ORIENTED_EDGE ( 'NONE', *, *, #212, .F. ) ;
#444 = EDGE_CURVE ( 'NONE', #878, #516, #1688, .T. ) ;
#445 = LINE ( 'NONE', #838, #950 ) ;
#446 = PERSON_AND_ORGANIZATION ( #615, #566 ) ;
#447 = ORIENTED_EDGE ( 'NONE', *, *, #385, .T. ) ;
#448 = DIRECTION ( 'NONE',  ( 0.5289577854734863749, -0.8486481374438910041, 0.000000000000000000 ) ) ;
#449 = VECTOR ( 'NONE', #367, 1000.000000000000000 ) ;
#450 = AXIS2_PLACEMENT_3D ( 'NONE', #301, #852, #1172 ) ;
#451 = CARTESIAN_POINT ( 'NONE',  ( 8.550018332220687967E-13, 1.500000000000001332, 6.500000000005417888 ) ) ;
#452 = LINE ( 'NONE', #1532, #1148 ) ;
#453 = VERTEX_POINT ( 'NONE', #609 ) ;
#454 = CARTESIAN_POINT ( 'NONE',  ( 6.000000000000000000, 8.500000000000000000, 0.000000000000000000 ) ) ;
#455 = VERTEX_POINT ( 'NONE', #170 ) ;
#456 = ORIENTED_EDGE ( 'NONE', *, *, #111, .F. ) ;
#457 = EDGE_CURVE ( 'NONE', #245, #352, #1017, .T. ) ;
#458 = APPROVAL_ROLE ( '' ) ;
#459 = ORIENTED_EDGE ( 'NONE', *, *, #760, .T. ) ;
#460 = CARTESIAN_POINT ( 'NONE',  ( 3.237775720387906286, -4.999999999999999112, 0.000000000000000000 ) ) ;
#461 = DIRECTION ( 'NONE',  ( 1.000000000000000000, 0.000000000000000000, 0.000000000000000000 ) ) ;
#462 = DIRECTION ( 'NONE',  ( -0.8087360843031887736, 0.5881716976750458459, 0.000000000000000000 ) ) ;
#463 = ORIENTED_EDGE ( 'NONE', *, *, #622, .T. ) ;
#464 = CARTESIAN_POINT ( 'NONE',  ( 5.500000000000007994, -8.499999999999994671, -9.000000000000000000 ) ) ;
#465 = ORIENTED_EDGE ( 'NONE', *, *, #494, .F. ) ;
#466 = EDGE_CURVE ( 'NONE', #402, #878, #452, .T. ) ;
#467 = COORDINATED_UNIVERSAL_TIME_OFFSET ( 6, 0, .BEHIND. ) ;
#468 = EDGE_CURVE ( 'NONE', #843, #1431, #1552, .T. ) ;
#469 = LINE ( 'NONE', #1324, #631 ) ;
#470 = DIRECTION ( 'NONE',  ( 1.000000000000000000, 0.000000000000000000, 0.000000000000000000 ) ) ;
#471 = EDGE_LOOP ( 'NONE', ( #1338, #1080, #1317, #1702 ) ) ;
#472 = EDGE_CURVE ( 'NONE', #26, #1159, #1658, .T. ) ;
#473 = DIRECTION ( 'NONE',  ( -0.000000000000000000, -0.000000000000000000, 1.000000000000000000 ) ) ;
#474 = ORIENTED_EDGE ( 'NONE', *, *, #1108, .T. ) ;
#475 = APPROVAL_DATE_TIME ( #38, #521 ) ;
#476 = VECTOR ( 'NONE', #1044, 1000.000000000000000 ) ;
#477 = CARTESIAN_POINT ( 'NONE',  ( 5.000000000000000000, -8.500000000000003553, 1.500000000000000000 ) ) ;
#478 = CARTESIAN_POINT ( 'NONE',  ( 6.000000000000000000, 8.500000000000001776, 1.500000000000000000 ) ) ;
#479 = ORIENTED_EDGE ( 'NONE', *, *, #965, .T. ) ;
#480 = EDGE_CURVE ( 'NONE', #1519, #453, #746, .T. ) ;
#481 = VECTOR ( 'NONE', #144, 1000.000000000000000 ) ;
#482 = DIRECTION ( 'NONE',  ( -0.000000000000000000, -0.000000000000000000, -1.000000000000000000 ) ) ;
#483 = DIRECTION ( 'NONE',  ( -1.000000000000000000, -1.445602896647339163E-16, -0.000000000000000000 ) ) ;
#484 = VECTOR ( 'NONE', #182, 1000.000000000000000 ) ;
#485 = EDGE_LOOP ( 'NONE', ( #1780, #1484, #1173, #1250 ) ) ;
#486 = AXIS2_PLACEMENT_3D ( 'NONE', #1072, #1361, #931 ) ;
#487 = DIRECTION ( 'NONE',  ( 0.000000000000000000, 0.000000000000000000, 1.000000000000000000 ) ) ;
#488 = CARTESIAN_POINT ( 'NONE',  ( -6.000000000000000000, 7.000000000000000888, 0.000000000000000000 ) ) ;
#489 = VERTEX_POINT ( 'NONE', #420 ) ;
#490 = DIRECTION ( 'NONE',  ( -0.9805806756909202226, -0.1961161351381842666, 0.000000000000000000 ) ) ;
#491 = DIRECTION ( 'NONE',  ( 0.8087360843031886626, 0.5881716976750460679, 0.000000000000000000 ) ) ;
#492 = ORIENTED_EDGE ( 'NONE', *, *, #221, .F. ) ;
#493 = ORIENTED_EDGE ( 'NONE', *, *, #856, .T. ) ;
#494 = EDGE_CURVE ( 'NONE', #969, #1226, #439, .T. ) ;
#495 = DIRECTION ( 'NONE',  ( -0.000000000000000000, -0.000000000000000000, 1.000000000000000000 ) ) ;
#496 = FACE_OUTER_BOUND ( 'NONE', #334, .T. ) ;
#497 = FACE_OUTER_BOUND ( 'NONE', #551, .T. ) ;
#498 = CARTESIAN_POINT ( 'NONE',  ( -10.49999999999999822, -6.999999999999999112, -6.499999999999999112 ) ) ;
#499 = LINE ( 'NONE', #1481, #1513 ) ;
#500 = ORIENTED_EDGE ( 'NONE', *, *, #553, .T. ) ;
#501 = ORIENTED_EDGE ( 'NONE', *, *, #957, .F. ) ;
#502 = DIRECTION ( 'NONE',  ( -0.000000000000000000, -0.000000000000000000, -1.000000000000000000 ) ) ;
#503 = DIRECTION ( 'NONE',  ( -0.000000000000000000, -0.000000000000000000, 1.000000000000000000 ) ) ;
#504 = DIRECTION ( 'NONE',  ( 0.000000000000000000, 0.000000000000000000, -1.000000000000000000 ) ) ;
#505 = PLANE ( 'NONE',  #1281 ) ;
#506 = ORIENTED_EDGE ( 'NONE', *, *, #761, .F. ) ;
#507 = VECTOR ( 'NONE', #503, 1000.000000000000000 ) ;
#508 = VECTOR ( 'NONE', #1121, 1000.000000000000000 ) ;
#509 = ORIENTED_EDGE ( 'NONE', *, *, #948, .F. ) ;
#510 = LOCAL_TIME ( 17, 23, 21.00000000000000000, #593 ) ;
#511 = PLANE ( 'NONE',  #973 ) ;
#512 = CARTESIAN_POINT ( 'NONE',  ( -15.00000000000000000, -6.499999999999999112, 1.500000000000000000 ) ) ;
#513 = DIRECTION ( 'NONE',  ( 0.000000000000000000, 0.000000000000000000, -1.000000000000000000 ) ) ;
#514 = PLANE ( 'NONE',  #1652 ) ;
#515 = ORIENTED_EDGE ( 'NONE', *, *, #1483, .T. ) ;
#516 = VERTEX_POINT ( 'NONE', #716 ) ;
#517 = PLANE ( 'NONE',  #362 ) ;
#518 = LINE ( 'NONE', #930, #139 ) ;
#519 = ADVANCED_FACE ( 'NONE', ( #189 ), #64, .F. ) ;
#520 = CARTESIAN_POINT ( 'NONE',  ( -2.749999999999998224, -6.499999999999999112, -9.000000000000000000 ) ) ;
#521 = APPROVAL ( #752, 'UNSPECIFIED' ) ;
#522 = DIRECTION ( 'NONE',  ( -1.000000000000000000, -3.154042683594192162E-16, 1.652117596168387263E-16 ) ) ;
#523 = ORIENTED_EDGE ( 'NONE', *, *, #374, .T. ) ;
#524 = ADVANCED_FACE ( 'NONE', ( #841 ), #1303, .F. ) ;
#525 = ORIENTED_EDGE ( 'NONE', *, *, #19, .T. ) ;
#526 = FACE_BOUND ( 'NONE', #530, .T. ) ;
#527 = PLANE ( 'NONE',  #414 ) ;
#528 = CARTESIAN_POINT ( 'NONE',  ( 15.00000000000000355, -6.499999999999995559, 1.500000000000000000 ) ) ;
#529 = LINE ( 'NONE', #1232, #1602 ) ;
#530 = EDGE_LOOP ( 'NONE', ( #286, #753 ) ) ;
#531 = EDGE_CURVE ( 'NONE', #1682, #735, #850, .T. ) ;
#532 = AXIS2_PLACEMENT_3D ( 'NONE', #1624, #119, #1113 ) ;
#533 = EDGE_LOOP ( 'NONE', ( #916, #44, #1156, #777 ) ) ;
#534 = VECTOR ( 'NONE', #290, 1000.000000000000000 ) ;
#535 = DIRECTION ( 'NONE',  ( -0.000000000000000000, -0.000000000000000000, 1.000000000000000000 ) ) ;
#536 = VECTOR ( 'NONE', #1415, 1000.000000000000000 ) ;
#537 = DIRECTION ( 'NONE',  ( 1.000000000000000000, -0.000000000000000000, -0.000000000000000000 ) ) ;
#538 = FACE_OUTER_BOUND ( 'NONE', #983, .T. ) ;
#539 = LINE ( 'NONE', #1517, #988 ) ;
#540 = VECTOR ( 'NONE', #316, 1000.000000000000000 ) ;
#541 = EDGE_LOOP ( 'NONE', ( #353, #16, #719, #456 ) ) ;
#542 = EDGE_CURVE ( 'NONE', #1034, #489, #1269, .T. ) ;
#543 = ORIENTED_EDGE ( 'NONE', *, *, #1653, .T. ) ;
#544 = EDGE_CURVE ( 'NONE', #1371, #1693, #1541, .T. ) ;
#545 = DIRECTION ( 'NONE',  ( 0.000000000000000000, -1.000000000000000000, -0.000000000000000000 ) ) ;
#546 = EDGE_CURVE ( 'NONE', #240, #588, #881, .T. ) ;
#547 = FACE_OUTER_BOUND ( 'NONE', #251, .T. ) ;
#548 = LINE ( 'NONE', #977, #685 ) ;
#549 = CARTESIAN_POINT ( 'NONE',  ( -15.00000000000000000, -8.499999999999998224, 1.500000000000000000 ) ) ;
#550 = VERTEX_POINT ( 'NONE', #33 ) ;
#551 = EDGE_LOOP ( 'NONE', ( #1665, #1125, #705, #1636 ) ) ;
#552 = DIRECTION ( 'NONE',  ( 0.000000000000000000, 0.000000000000000000, -1.000000000000000000 ) ) ;
#553 = EDGE_CURVE ( 'NONE', #954, #137, #578, .T. ) ;
#554 = CARTESIAN_POINT ( 'NONE',  ( 9.333809621030942694, -6.399999999999995914, -3.000000000000000000 ) ) ;
#555 = DIRECTION ( 'NONE',  ( 0.000000000000000000, 0.000000000000000000, 1.000000000000000000 ) ) ;
#556 = FACE_OUTER_BOUND ( 'NONE', #181, .T. ) ;
#557 = ORIENTED_EDGE ( 'NONE', *, *, #1604, .T. ) ;
#558 = VECTOR ( 'NONE', #483, 1000.000000000000000 ) ;
#559 = VERTEX_POINT ( 'NONE', #702 ) ;
#560 = PLANE ( 'NONE',  #865 ) ;
#561 = VECTOR ( 'NONE', #1679, 1000.000000000000000 ) ;
#562 = ADVANCED_FACE ( 'NONE', ( #725 ), #734, .F. ) ;
#563 = CIRCLE ( 'NONE', #337, 1.000000000000000000 ) ;
#564 = ORIENTED_EDGE ( 'NONE', *, *, #895, .T. ) ;
#565 = LINE ( 'NONE', #576, #1380 ) ;
#566 = ORGANIZATION ( 'UNSPECIFIED', 'UNSPECIFIED', '' ) ;
#567 = CARTESIAN_POINT ( 'NONE',  ( 0.000000000000000000, 0.000000000000000000, 0.000000000000000000 ) ) ;
#568 = CARTESIAN_POINT ( 'NONE',  ( -4.010944543921591610, 7.000000000000000888, -1.500000000000001332 ) ) ;
#569 = EDGE_LOOP ( 'NONE', ( #864, #293, #395, #171 ) ) ;
#570 = VECTOR ( 'NONE', #1599, 1000.000000000000114 ) ;
#571 = FACE_OUTER_BOUND ( 'NONE', #1567, .T. ) ;
#572 = ORIENTED_EDGE ( 'NONE', *, *, #1070, .T. ) ;
#573 = VECTOR ( 'NONE', #268, 1000.000000000000227 ) ;
#574 = CARTESIAN_POINT ( 'NONE',  ( -5.000000000000000000, -6.500000000000005329, 1.500000000000000000 ) ) ;
#575 = ORIENTED_EDGE ( 'NONE', *, *, #1514, .F. ) ;
#576 = CARTESIAN_POINT ( 'NONE',  ( -3.237775720387894740, -4.999999999999999112, 0.000000000000000000 ) ) ;
#577 = DIRECTION ( 'NONE',  ( -4.336808689942017243E-16, 0.000000000000000000, -1.000000000000000000 ) ) ;
#578 = LINE ( 'NONE', #1394, #1030 ) ;
#579 = ORIENTED_EDGE ( 'NONE', *, *, #176, .T. ) ;
#580 = CARTESIAN_POINT ( 'NONE',  ( 0.000000000000000000, 0.000000000000000000, -9.000000000000000000 ) ) ;
#581 = VECTOR ( 'NONE', #1767, 1000.000000000000000 ) ;
#582 = ORIENTED_EDGE ( 'NONE', *, *, #272, .T. ) ;
#583 = CARTESIAN_POINT ( 'NONE',  ( -5.987775720387894296, -6.999999999999999112, -9.000000000000000000 ) ) ;
#584 = ORIENTED_EDGE ( 'NONE', *, *, #1398, .T. ) ;
#585 = LINE ( 'NONE', #1697, #1497 ) ;
#586 = DIRECTION ( 'NONE',  ( -0.5881716976750458459, -0.8087360843031887736, 0.000000000000000000 ) ) ;
#587 = FACE_OUTER_BOUND ( 'NONE', #1717, .T. ) ;
#588 = VERTEX_POINT ( 'NONE', #1279 ) ;
#589 = EDGE_CURVE ( 'NONE', #137, #421, #1290, .T. ) ;
#590 = CARTESIAN_POINT ( 'NONE',  ( 8.550018332220687967E-13, -6.500000000000005329, 8.000000000003559819 ) ) ;
#591 = ORIENTED_EDGE ( 'NONE', *, *, #846, .T. ) ;
#592 = DIRECTION ( 'NONE',  ( 1.000000000000000000, 0.000000000000000000, 0.000000000000000000 ) ) ;
#593 = COORDINATED_UNIVERSAL_TIME_OFFSET ( 6, 0, .BEHIND. ) ;
#594 = ORIENTED_EDGE ( 'NONE', *, *, #1348, .F. ) ;
#595 = LINE ( 'NONE', #1539, #829 ) ;
#596 = AXIS2_PLACEMENT_3D ( 'NONE', #1257, #996, #1550 ) ;
#597 = VECTOR ( 'NONE', #1051, 1000.000000000000000 ) ;
#598 = CARTESIAN_POINT ( 'NONE',  ( 8.550018332220687967E-13, -8.499999999999998224, 8.000000000003559819 ) ) ;
#599 = ORIENTED_EDGE ( 'NONE', *, *, #1147, .T. ) ;
#600 = VECTOR ( 'NONE', #967, 1000.000000000000000 ) ;
#601 = LINE ( 'NONE', #611, #388 ) ;
#602 = ORIENTED_EDGE ( 'NONE', *, *, #1558, .T. ) ;
#603 = ADVANCED_FACE ( 'NONE', ( #587 ), #873, .F. ) ;
#604 = CC_DESIGN_PERSON_AND_ORGANIZATION_ASSIGNMENT ( #1421, #305, ( #236 ) ) ;
#605 = ORIENTED_EDGE ( 'NONE', *, *, #1604, .F. ) ;
#606 = DIRECTION ( 'NONE',  ( 0.000000000000000000, -1.000000000000000000, 0.000000000000000000 ) ) ;
#607 = ADVANCED_FACE ( 'NONE', ( #1188 ), #1597, .T. ) ;
#608 = DIRECTION ( 'NONE',  ( -0.000000000000000000, -0.5144957554275263467, -0.8574929257125442073 ) ) ;
#609 = CARTESIAN_POINT ( 'NONE',  ( 2.750000000000007550, -6.499999999999997335, -6.499999999999999112 ) ) ;
#610 = ORIENTED_EDGE ( 'NONE', *, *, #340, .T. ) ;
#611 = CARTESIAN_POINT ( 'NONE',  ( -15.00000000000000000, -8.499999999999998224, 1.500000000000000000 ) ) ;
#612 = VERTEX_POINT ( 'NONE', #1707 ) ;
#613 = APPROVAL_DATE_TIME ( #1013, #1458 ) ;
#614 = ADVANCED_FACE ( 'NONE', ( #625 ), #617, .F. ) ;
#615 = PERSON ( 'UNSPECIFIED', 'UNSPECIFIED', 'UNSPECIFIED', ('UNSPECIFIED'), ('UNSPECIFIED'), ('UNSPECIFIED') ) ;
#616 = DIRECTION ( 'NONE',  ( -0.000000000000000000, 0.000000000000000000, 1.000000000000000000 ) ) ;
#617 = PLANE ( 'NONE',  #1230 ) ;
#618 = ORIENTED_EDGE ( 'NONE', *, *, #589, .F. ) ;
#619 = CARTESIAN_POINT ( 'NONE',  ( -5.085249524706876301, -8.499999999999998224, 1.109144671410971839 ) ) ;
#620 = VERTEX_POINT ( 'NONE', #234 ) ;
#621 = CALENDAR_DATE ( 2022, 24, 1 ) ;
#622 = EDGE_CURVE ( 'NONE', #758, #672, #333, .T. ) ;
#623 = AXIS2_PLACEMENT_3D ( 'NONE', #80, #98, #470 ) ;
#624 = CARTESIAN_POINT ( 'NONE',  ( 3.237775720387906286, -4.999999999999999112, -9.000000000000000000 ) ) ;
#625 = FACE_OUTER_BOUND ( 'NONE', #882, .T. ) ;
#626 = ORIENTED_EDGE ( 'NONE', *, *, #589, .T. ) ;
#627 = VECTOR ( 'NONE', #220, 1000.000000000000000 ) ;
#628 = CARTESIAN_POINT ( 'NONE',  ( -15.00000000000000000, -8.499999999999998224, 1.500000000000000000 ) ) ;
#629 = PRODUCT_RELATED_PRODUCT_CATEGORY ( 'detail', '', ( #1502 ) ) ;
#630 = DIRECTION ( 'NONE',  ( -0.000000000000000000, -0.000000000000000000, 1.000000000000000000 ) ) ;
#631 = VECTOR ( 'NONE', #1022, 1000.000000000000000 ) ;
#632 = VERTEX_POINT ( 'NONE', #1445 ) ;
#633 = CC_DESIGN_APPROVAL ( #521, ( #748 ) ) ;
#634 = LINE ( 'NONE', #643, #228 ) ;
#635 = AXIS2_PLACEMENT_3D ( 'NONE', #583, #545, #1385 ) ;
#636 = FACE_OUTER_BOUND ( 'NONE', #894, .T. ) ;
#637 = CARTESIAN_POINT ( 'NONE',  ( -0.5289577854734869300, 4.829696521406098064, -2.000000000000001332 ) ) ;
#638 = DIRECTION ( 'NONE',  ( -0.000000000000000000, -0.000000000000000000, 1.000000000000000000 ) ) ;
#639 = CARTESIAN_POINT ( 'NONE',  ( -10.49999999999999822, 8.501000000000002998, -6.499999999999999112 ) ) ;
#640 = EDGE_LOOP ( 'NONE', ( #665, #1743, #1287, #411 ) ) ;
#641 = EDGE_CURVE ( 'NONE', #1593, #1045, #897, .T. ) ;
#642 = VERTEX_POINT ( 'NONE', #1341 ) ;
#643 = CARTESIAN_POINT ( 'NONE',  ( -4.010944543921591610, 7.000000000000000888, -2.000000000000001332 ) ) ;
#644 = CARTESIAN_POINT ( 'NONE',  ( 15.00000000000000355, -6.999999999999995559, -3.000000000000000000 ) ) ;
#645 = PLANE ( 'NONE',  #486 ) ;
#646 = CARTESIAN_POINT ( 'NONE',  ( 5.987775720387904954, -6.999999999999995559, 0.000000000000000000 ) ) ;
#647 = ORIENTED_EDGE ( 'NONE', *, *, #1765, .T. ) ;
#648 = EDGE_CURVE ( 'NONE', #1284, #363, #1169, .T. ) ;
#649 = VERTEX_POINT ( 'NONE', #342 ) ;
#650 = DIRECTION ( 'NONE',  ( -0.000000000000000000, -0.000000000000000000, 1.000000000000000000 ) ) ;
#651 = EDGE_CURVE ( 'NONE', #429, #747, #349, .T. ) ;
#652 = CARTESIAN_POINT ( 'NONE',  ( 2.750000000000007550, -6.499999999999997335, -9.000000000000000000 ) ) ;
#653 = LINE ( 'NONE', #1487, #975 ) ;
#654 = LINE ( 'NONE', #1037, #937 ) ;
#655 = ORIENTED_EDGE ( 'NONE', *, *, #1099, .F. ) ;
#656 = VECTOR ( 'NONE', #1401, 1000.000000000000000 ) ;
#657 = AXIS2_PLACEMENT_3D ( 'NONE', #271, #1283, #397 ) ;
#658 = ORIENTED_EDGE ( 'NONE', *, *, #806, .T. ) ;
#659 = FACE_OUTER_BOUND ( 'NONE', #485, .T. ) ;
#660 = EDGE_CURVE ( 'NONE', #867, #717, #1451, .T. ) ;
#661 = EDGE_CURVE ( 'NONE', #1192, #1139, #1733, .T. ) ;
#662 = CARTESIAN_POINT ( 'NONE',  ( -4.010944543921591610, 8.500000000000000000, -1.500000000000001332 ) ) ;
#663 = DIRECTION ( 'NONE',  ( -0.000000000000000000, -0.000000000000000000, 1.000000000000000000 ) ) ;
#664 = CARTESIAN_POINT ( 'NONE',  ( -10.49999999999999289, -6.500000000000000888, -2.499999999999995115 ) ) ;
#665 = ORIENTED_EDGE ( 'NONE', *, *, #1653, .F. ) ;
#666 = VERTEX_POINT ( 'NONE', #1607 ) ;
#667 = LINE ( 'NONE', #1493, #115 ) ;
#668 = EDGE_CURVE ( 'NONE', #642, #1768, #921, .T. ) ;
#669 = FACE_OUTER_BOUND ( 'NONE', #804, .T. ) ;
#670 = LINE ( 'NONE', #118, #805 ) ;
#671 = DIRECTION ( 'NONE',  ( -0.000000000000000000, -0.000000000000000000, 1.000000000000000000 ) ) ;
#672 = VERTEX_POINT ( 'NONE', #478 ) ;
#673 = EDGE_LOOP ( 'NONE', ( #1355, #61, #129, #1300 ) ) ;
#674 = CARTESIAN_POINT ( 'NONE',  ( 3.237775720387906286, -4.999999999999999112, -9.000000000000000000 ) ) ;
#675 = CARTESIAN_POINT ( 'NONE',  ( -9.000000000000000000, -6.499999999999999112, 1.500000000000000000 ) ) ;
#676 = LINE ( 'NONE', #1640, #1580 ) ;
#677 = CARTESIAN_POINT ( 'NONE',  ( -10.49999999999999822, -4.999999999999999112, -6.499999999999999112 ) ) ;
#678 = ORIENTED_EDGE ( 'NONE', *, *, #806, .F. ) ;
#679 = CC_DESIGN_DATE_AND_TIME_ASSIGNMENT ( #1412, #1695, ( #748 ) ) ;
#680 = AXIS2_PLACEMENT_3D ( 'NONE', #1367, #1764, #1646 ) ;
#681 = ADVANCED_FACE ( 'NONE', ( #497 ), #790, .F. ) ;
#682 = ORIENTED_EDGE ( 'NONE', *, *, #201, .T. ) ;
#683 = AXIS2_PLACEMENT_3D ( 'NONE', #331, #757, #1436 ) ;
#684 = PLANE ( 'NONE',  #779 ) ;
#685 = VECTOR ( 'NONE', #310, 1000.000000000000000 ) ;
#686 = PLANE ( 'NONE',  #680 ) ;
#687 = CARTESIAN_POINT ( 'NONE',  ( 0.000000000000000000, 4.500000000000000888, -2.000000000000001332 ) ) ;
#688 = DIRECTION ( 'NONE',  ( 1.000000000000000000, 0.000000000000000000, 0.000000000000000000 ) ) ;
#689 = ORIENTED_EDGE ( 'NONE', *, *, #111, .T. ) ;
#690 = EDGE_LOOP ( 'NONE', ( #29, #130, #1427, #1068, #1408, #696 ) ) ;
#691 = CARTESIAN_POINT ( 'NONE',  ( -2.749999999999998224, -6.499999999999999112, -9.000000000000000000 ) ) ;
#692 = PLANE ( 'NONE',  #112 ) ;
#693 = FACE_OUTER_BOUND ( 'NONE', #738, .T. ) ;
#694 = CARTESIAN_POINT ( 'NONE',  ( 10.50000000000000178, -8.499999999999998224, -6.499999999999999112 ) ) ;
#695 = EDGE_LOOP ( 'NONE', ( #906, #226, #1024, #1027 ) ) ;
#696 = ORIENTED_EDGE ( 'NONE', *, *, #19, .F. ) ;
#697 = EDGE_CURVE ( 'NONE', #54, #1575, #1494, .T. ) ;
#698 = DIRECTION ( 'NONE',  ( 8.673617379884035472E-17, -1.000000000000000000, 0.000000000000000000 ) ) ;
#699 = CARTESIAN_POINT ( 'NONE',  ( 15.00000000000000355, -6.499999999999995559, 1.500000000000000000 ) ) ;
#700 = EDGE_CURVE ( 'NONE', #1144, #26, #105, .T. ) ;
#701 = CARTESIAN_POINT ( 'NONE',  ( -4.336808689942017736E-16, 5.678344658849990623, -2.000000000000001332 ) ) ;
#702 = CARTESIAN_POINT ( 'NONE',  ( -2.749999999999998224, -6.499999999999999112, 0.000000000000000000 ) ) ;
#703 = ORIENTED_EDGE ( 'NONE', *, *, #531, .F. ) ;
#704 = CARTESIAN_POINT ( 'NONE',  ( -15.00000000000000000, -6.999999999999999112, -9.000000000000000000 ) ) ;
#705 = ORIENTED_EDGE ( 'NONE', *, *, #736, .F. ) ;
#706 = VECTOR ( 'NONE', #863, 1000.000000000000000 ) ;
#707 = CARTESIAN_POINT ( 'NONE',  ( -2.749999999999998224, -6.499999999999999112, -9.000000000000000000 ) ) ;
#708 = AXIS2_PLACEMENT_3D ( 'NONE', #590, #814, #1260 ) ;
#709 = VECTOR ( 'NONE', #1457, 1000.000000000000000 ) ;
#710 = ADVANCED_FACE ( 'NONE', ( #91 ), #1053, .T. ) ;
#711 = ORIENTED_EDGE ( 'NONE', *, *, #1243, .F. ) ;
#712 = FACE_OUTER_BOUND ( 'NONE', #963, .T. ) ;
#713 = AXIS2_PLACEMENT_3D ( 'NONE', #567, #840, #715 ) ;
#714 = EDGE_CURVE ( 'NONE', #1551, #649, #1023, .T. ) ;
#715 = DIRECTION ( 'NONE',  ( 1.000000000000000000, 0.000000000000000000, 0.000000000000000000 ) ) ;
#716 = CARTESIAN_POINT ( 'NONE',  ( 3.237775720387905398, -4.999999999999999112, -6.499999999999999112 ) ) ;
#717 = VERTEX_POINT ( 'NONE', #889 ) ;
#718 = CARTESIAN_POINT ( 'NONE',  ( -0.6833081081081062713, -4.996951351351351711, -2.499999999999996891 ) ) ;
#719 = ORIENTED_EDGE ( 'NONE', *, *, #1492, .F. ) ;
#720 = PLANE ( 'NONE',  #635 ) ;
#721 = VERTEX_POINT ( 'NONE', #208 ) ;
#722 = DIRECTION ( 'NONE',  ( -1.000000000000000000, -3.154042683594191669E-16, -0.000000000000000000 ) ) ;
#723 = EDGE_CURVE ( 'NONE', #453, #1233, #755, .T. ) ;
#724 = CARTESIAN_POINT ( 'NONE',  ( 3.237775720387906286, -4.999999999999999112, -9.000000000000000000 ) ) ;
#725 = FACE_OUTER_BOUND ( 'NONE', #1755, .T. ) ;
#726 = ORIENTED_EDGE ( 'NONE', *, *, #782, .T. ) ;
#727 = DIRECTION ( 'NONE',  ( -1.000000000000000000, 0.000000000000000000, 0.000000000000000000 ) ) ;
#728 = ORIENTED_EDGE ( 'NONE', *, *, #651, .F. ) ;
#729 = CARTESIAN_POINT ( 'NONE',  ( 0.000000000000000000, 4.500000000000000888, -3.500000000000001332 ) ) ;
#730 = CALENDAR_DATE ( 2022, 24, 1 ) ;
#731 = ORIENTED_EDGE ( 'NONE', *, *, #1645, .F. ) ;
#732 = CARTESIAN_POINT ( 'NONE',  ( 5.987775720387904954, -6.999999999999995559, -6.499999999999999112 ) ) ;
#733 =( LENGTH_UNIT ( ) NAMED_UNIT ( * ) SI_UNIT ( .MILLI., .METRE. ) );
#734 = CYLINDRICAL_SURFACE ( 'NONE', #596, 1.499999999998141709 ) ;
#735 = VERTEX_POINT ( 'NONE', #662 ) ;
#736 = EDGE_CURVE ( 'NONE', #1226, #793, #1204, .T. ) ;
#737 = DIRECTION ( 'NONE',  ( 0.2131002592638759074, 1.848350112408948112E-17, -0.9770303370426473011 ) ) ;
#738 = EDGE_LOOP ( 'NONE', ( #1120, #1601, #377, #319, #728, #1400, #1183, #594, #261, #1311, #618, #1455, #1127, #509 ) ) ;
#739 = ADVANCED_FACE ( 'NONE', ( #958 ), #1515, .F. ) ;
#740 = PERSON_AND_ORGANIZATION ( #615, #566 ) ;
#741 = VERTEX_POINT ( 'NONE', #1750 ) ;
#742 = DIRECTION ( 'NONE',  ( -0.000000000000000000, -0.000000000000000000, -1.000000000000000000 ) ) ;
#743 = VECTOR ( 'NONE', #671, 1000.000000000000000 ) ;
#744 = VECTOR ( 'NONE', #1763, 999.9999999999998863 ) ;
#745 = PLANE ( 'NONE',  #230 ) ;
#746 = LINE ( 'NONE', #329, #1656 ) ;
#747 = VERTEX_POINT ( 'NONE', #266 ) ;
#748 = SECURITY_CLASSIFICATION ( '', '', #185 ) ;
#749 = LINE ( 'NONE', #783, #168 ) ;
#750 = VERTEX_POINT ( 'NONE', #380 ) ;
#751 = EDGE_CURVE ( 'NONE', #935, #767, #1229, .T. ) ;
#752 = APPROVAL_STATUS ( 'not_yet_approved' ) ;
#753 = ORIENTED_EDGE ( 'NONE', *, *, #1246, .T. ) ;
#754 = CARTESIAN_POINT ( 'NONE',  ( 6.000000000000000000, 8.500000000000001776, 0.000000000000000000 ) ) ;
#755 = LINE ( 'NONE', #1310, #939 ) ;
#756 = ORIENTED_EDGE ( 'NONE', *, *, #1137, .T. ) ;
#757 = DIRECTION ( 'NONE',  ( 0.000000000000000000, -0.000000000000000000, 1.000000000000000000 ) ) ;
#758 = VERTEX_POINT ( 'NONE', #1614 ) ;
#759 = EDGE_CURVE ( 'NONE', #1547, #489, #258, .T. ) ;
#760 = EDGE_CURVE ( 'NONE', #1284, #360, #399, .T. ) ;
#761 = EDGE_CURVE ( 'NONE', #750, #13, #2, .T. ) ;
#762 = LINE ( 'NONE', #1161, #1354 ) ;
#763 = CARTESIAN_POINT ( 'NONE',  ( 9.333809621030942694, -6.399999999999995914, -3.000000000000000000 ) ) ;
#764 = EDGE_LOOP ( 'NONE', ( #246, #821, #101, #842, #1364, #1419 ) ) ;
#765 = DIRECTION ( 'NONE',  ( -0.000000000000000000, -1.000000000000000000, -0.000000000000000000 ) ) ;
#766 = DIRECTION ( 'NONE',  ( 0.8087360843031887736, -0.5881716976750458459, -1.336127115533618310E-16 ) ) ;
#767 = VERTEX_POINT ( 'NONE', #1094 ) ;
#768 = LINE ( 'NONE', #1186, #709 ) ;
#769 = VECTOR ( 'NONE', #160, 1000.000000000000000 ) ;
#770 = CARTESIAN_POINT ( 'NONE',  ( 5.987775720387904954, -6.999999999999995559, -9.000000000000000000 ) ) ;
#771 = CARTESIAN_POINT ( 'NONE',  ( 10.50000000000000178, -6.999999999999995559, -6.499999999999999112 ) ) ;
#772 = VECTOR ( 'NONE', #1322, 1000.000000000000000 ) ;
#773 = DIRECTION ( 'NONE',  ( 0.000000000000000000, -1.000000000000000000, 0.000000000000000000 ) ) ;
#774 = FACE_OUTER_BOUND ( 'NONE', #1525, .T. ) ;
#775 = VECTOR ( 'NONE', #107, 1000.000000000000000 ) ;
#776 = ORIENTED_EDGE ( 'NONE', *, *, #927, .F. ) ;
#777 = ORIENTED_EDGE ( 'NONE', *, *, #1765, .F. ) ;
#778 = DIRECTION ( 'NONE',  ( 0.2131002592638758519, 0.000000000000000000, -0.9770303370426473011 ) ) ;
#779 = AXIS2_PLACEMENT_3D ( 'NONE', #1238, #1100, #278 ) ;
#780 = PERSON_AND_ORGANIZATION ( #615, #566 ) ;
#781 = DIRECTION ( 'NONE',  ( -1.445602896647339163E-16, 1.000000000000000000, 0.000000000000000000 ) ) ;
#782 = EDGE_CURVE ( 'NONE', #489, #50, #1758, .T. ) ;
#783 = CARTESIAN_POINT ( 'NONE',  ( -3.237775720387894740, -4.999999999999999112, -9.000000000000000000 ) ) ;
#784 = LINE ( 'NONE', #1329, #558 ) ;
#785 = ORIENTED_EDGE ( 'NONE', *, *, #1234, .F. ) ;
#786 = APPLICATION_CONTEXT ( 'configuration controlled 3d designs of mechanical parts and assemblies' ) ;
#787 = EDGE_CURVE ( 'NONE', #421, #240, #273, .T. ) ;
#788 = ORIENTED_EDGE ( 'NONE', *, *, #1215, .T. ) ;
#789 = LINE ( 'NONE', #1589, #140 ) ;
#790 = PLANE ( 'NONE',  #1349 ) ;
#791 = CYLINDRICAL_SURFACE ( 'NONE', #1556, 1.499999999998141709 ) ;
#792 = CARTESIAN_POINT ( 'NONE',  ( 2.750000000000007550, -6.499999999999997335, -9.000000000000000000 ) ) ;
#793 = VERTEX_POINT ( 'NONE', #512 ) ;
#794 = EDGE_CURVE ( 'NONE', #1738, #13, #1221, .T. ) ;
#795 = VERTEX_POINT ( 'NONE', #1374 ) ;
#796 = ADVANCED_FACE ( 'NONE', ( #547 ), #686, .F. ) ;
#797 = CARTESIAN_POINT ( 'NONE',  ( 10.50000000000000355, 8.501000000000002998, -2.499999999999998668 ) ) ;
#798 = DIRECTION ( 'NONE',  ( -1.000000000000000000, 0.000000000000000000, 0.000000000000000000 ) ) ;
#799 = LINE ( 'NONE', #1086, #1500 ) ;
#800 = CARTESIAN_POINT ( 'NONE',  ( -5.987775720387894296, -6.999999999999999112, -9.000000000000000000 ) ) ;
#801 = ORIENTED_EDGE ( 'NONE', *, *, #31, .T. ) ;
#802 = VECTOR ( 'NONE', #1132, 1000.000000000000000 ) ;
#803 = VECTOR ( 'NONE', #535, 1000.000000000000000 ) ;
#804 = EDGE_LOOP ( 'NONE', ( #813, #1600, #1193, #987 ) ) ;
#805 = VECTOR ( 'NONE', #663, 1000.000000000000000 ) ;
#806 = EDGE_CURVE ( 'NONE', #1519, #666, #809, .T. ) ;
#807 = CARTESIAN_POINT ( 'NONE',  ( 10.50000000000000355, -6.999999999999995559, -3.000000000000000000 ) ) ;
#808 = CIRCLE ( 'NONE', #1699, 1.499999999998141709 ) ;
#809 = LINE ( 'NONE', #117, #910 ) ;
#810 = CARTESIAN_POINT ( 'NONE',  ( -3.419606179644763877, -8.499999999999998224, 8.745850907427143994 ) ) ;
#811 = CARTESIAN_POINT ( 'NONE',  ( 8.550018332220687967E-13, -6.500000000000005329, 6.500000000005417888 ) ) ;
#812 = ORIENTED_EDGE ( 'NONE', *, *, #303, .T. ) ;
#813 = ORIENTED_EDGE ( 'NONE', *, *, #1160, .F. ) ;
#814 = DIRECTION ( 'NONE',  ( 8.673617379884035472E-17, -1.000000000000000000, 0.000000000000000000 ) ) ;
#815 = EDGE_CURVE ( 'NONE', #747, #735, #518, .T. ) ;
#816 = CARTESIAN_POINT ( 'NONE',  ( -4.010944543921591610, 8.500000000000000000, -3.500000000000001332 ) ) ;
#817 = ADVANCED_FACE ( 'NONE', ( #1521 ), #281, .F. ) ;
#818 = CARTESIAN_POINT ( 'NONE',  ( 8.550018332220687967E-13, 1.500000000000001332, 8.000000000003559819 ) ) ;
#819 = CARTESIAN_POINT ( 'NONE',  ( 10.50000000000000178, -6.999999999999995559, -6.499999999999999112 ) ) ;
#820 = ORIENTED_EDGE ( 'NONE', *, *, #815, .T. ) ;
#821 = ORIENTED_EDGE ( 'NONE', *, *, #1779, .F. ) ;
#822 = CARTESIAN_POINT ( 'NONE',  ( 5.500000000000007994, -8.499999999999994671, -6.499999999999999112 ) ) ;
#823 = DIRECTION ( 'NONE',  ( -0.000000000000000000, 1.000000000000000000, -0.000000000000000000 ) ) ;
#824 = CARTESIAN_POINT ( 'NONE',  ( 9.000000000000003553, -6.499999999999995559, 1.500000000000000000 ) ) ;
#825 = CARTESIAN_POINT ( 'NONE',  ( -15.00000000000000000, -8.499999999999998224, -9.000000000000000000 ) ) ;
#826 = ORIENTED_EDGE ( 'NONE', *, *, #1028, .T. ) ;
#827 = AXIS2_PLACEMENT_3D ( 'NONE', #132, #1214, #1386 ) ;
#828 = ORIENTED_EDGE ( 'NONE', *, *, #815, .F. ) ;
#829 = VECTOR ( 'NONE', #839, 1000.000000000000000 ) ;
#830 = CARTESIAN_POINT ( 'NONE',  ( 8.550018332220687967E-13, -8.499999999999998224, 8.000000000003559819 ) ) ;
#831 = LOCAL_TIME ( 17, 23, 21.00000000000000000, #317 ) ;
#832 = FACE_OUTER_BOUND ( 'NONE', #1465, .T. ) ;
#833 = DIRECTION ( 'NONE',  ( -1.000000000000000000, 8.673617379884035472E-16, 0.000000000000000000 ) ) ;
#834 = CARTESIAN_POINT ( 'NONE',  ( -6.000000000000000000, 8.500000000000000000, 0.000000000000000000 ) ) ;
#835 = ORIENTED_EDGE ( 'NONE', *, *, #1070, .F. ) ;
#836 = ORIENTED_EDGE ( 'NONE', *, *, #1147, .F. ) ;
#837 = ADVANCED_FACE ( 'NONE', ( #832 ), #124, .T. ) ;
#838 = CARTESIAN_POINT ( 'NONE',  ( -10.49999999999999822, -6.999999999999995559, -2.499999999999995115 ) ) ;
#839 = DIRECTION ( 'NONE',  ( -0.8087360843031887736, 0.5881716976750457349, 1.336127115533618310E-16 ) ) ;
#840 = DIRECTION ( 'NONE',  ( -0.000000000000000000, 0.000000000000000000, 1.000000000000000000 ) ) ;
#841 = FACE_OUTER_BOUND ( 'NONE', #541, .T. ) ;
#842 = ORIENTED_EDGE ( 'NONE', *, *, #1282, .F. ) ;
#843 = VERTEX_POINT ( 'NONE', #1360 ) ;
#844 = ADVANCED_FACE ( 'NONE', ( #669 ), #527, .T. ) ;
#845 = DIRECTION ( 'NONE',  ( 1.000000000000000000, 0.000000000000000000, 0.000000000000000000 ) ) ;
#846 = EDGE_CURVE ( 'NONE', #793, #1405, #150, .T. ) ;
#847 = ORIENTED_EDGE ( 'NONE', *, *, #856, .F. ) ;
#848 = CARTESIAN_POINT ( 'NONE',  ( 8.550018332220687967E-13, -8.499999999999998224, 8.000000000003559819 ) ) ;
#849 = CARTESIAN_POINT ( 'NONE',  ( 15.00000000000000355, -6.399999999999995914, -3.000000000000000000 ) ) ;
#850 = LINE ( 'NONE', #568, #706 ) ;
#851 = ORIENTED_EDGE ( 'NONE', *, *, #340, .F. ) ;
#852 = DIRECTION ( 'NONE',  ( -0.5881716976750460679, 0.8087360843031886626, 0.000000000000000000 ) ) ;
#853 = ORIENTED_EDGE ( 'NONE', *, *, #651, .T. ) ;
#854 = VECTOR ( 'NONE', #1101, 1000.000000000000000 ) ;
#855 = DIRECTION ( 'NONE',  ( 0.9805806756909202226, -0.1961161351381840168, 0.000000000000000000 ) ) ;
#856 = EDGE_CURVE ( 'NONE', #672, #1768, #1288, .T. ) ;
#857 = VECTOR ( 'NONE', #765, 1000.000000000000000 ) ;
#858 = SHAPE_DEFINITION_REPRESENTATION ( #1093, #1025 ) ;
#859 = VECTOR ( 'NONE', #1425, 1000.000000000000000 ) ;
#860 = VERTEX_POINT ( 'NONE', #1254 ) ;
#861 = CARTESIAN_POINT ( 'NONE',  ( 4.010944543921591610, 7.000000000000000888, -2.000000000000001332 ) ) ;
#862 = DIRECTION ( 'NONE',  ( -0.000000000000000000, -1.000000000000000000, -0.000000000000000000 ) ) ;
#863 = DIRECTION ( 'NONE',  ( -1.445602896647339163E-16, 1.000000000000000000, 0.000000000000000000 ) ) ;
#864 = ORIENTED_EDGE ( 'NONE', *, *, #1585, .F. ) ;
#865 = AXIS2_PLACEMENT_3D ( 'NONE', #37, #1557, #1391 ) ;
#866 = CARTESIAN_POINT ( 'NONE',  ( -3.237775720387894740, -4.999999999999999112, -9.000000000000000000 ) ) ;
#867 = VERTEX_POINT ( 'NONE', #1414 ) ;
#868 = DIRECTION ( 'NONE',  ( 1.000000000000000000, 0.000000000000000000, 0.000000000000000000 ) ) ;
#869 = DATE_AND_TIME ( #1004, #1066 ) ;
#870 = VERTEX_POINT ( 'NONE', #1530 ) ;
#871 = CARTESIAN_POINT ( 'NONE',  ( 6.000000000000000000, 8.500000000000001776, 1.500000000000000000 ) ) ;
#872 = DIRECTION ( 'NONE',  ( 1.000000000000000000, 0.000000000000000000, 0.000000000000000000 ) ) ;
#873 = PLANE ( 'NONE',  #1261 ) ;
#874 = EDGE_LOOP ( 'NONE', ( #851, #785, #1583, #161 ) ) ;
#875 = ADVANCED_FACE ( 'NONE', ( #712 ), #976, .F. ) ;
#876 = PLANE ( 'NONE',  #1441 ) ;
#877 = VERTEX_POINT ( 'NONE', #1686 ) ;
#878 = VERTEX_POINT ( 'NONE', #732 ) ;
#879 = FACE_OUTER_BOUND ( 'NONE', #1135, .T. ) ;
#880 = APPLICATION_PROTOCOL_DEFINITION ( 'international standard', 'config_control_design', 1994, #786 ) ;
#881 = LINE ( 'NONE', #292, #1578 ) ;
#882 = EDGE_LOOP ( 'NONE', ( #1210, #711, #1503, #1244, #1370, #1422, #425, #412, #1573 ) ) ;
#883 = ADVANCED_FACE ( 'NONE', ( #879 ), #692, .T. ) ;
#884 = FACE_OUTER_BOUND ( 'NONE', #1761, .T. ) ;
#885 = VERTEX_POINT ( 'NONE', #699 ) ;
#886 = VECTOR ( 'NONE', #1474, 1000.000000000000000 ) ;
#887 = AXIS2_PLACEMENT_3D ( 'NONE', #166, #984, #327 ) ;
#888 = VECTOR ( 'NONE', #778, 999.9999999999998863 ) ;
#889 = CARTESIAN_POINT ( 'NONE',  ( 8.551855302419407353E-13, -8.499999999999998224, 9.500000000001701750 ) ) ;
#890 = ORIENTED_EDGE ( 'NONE', *, *, #123, .F. ) ;
#891 = AXIS2_PLACEMENT_3D ( 'NONE', #1368, #1498, #513 ) ;
#892 = EDGE_CURVE ( 'NONE', #13, #1551, #994, .T. ) ;
#893 = LINE ( 'NONE', #1158, #1089 ) ;
#894 = EDGE_LOOP ( 'NONE', ( #440, #682, #1012, #1642 ) ) ;
#895 = EDGE_CURVE ( 'NONE', #398, #1575, #1130, .T. ) ;
#896 = LINE ( 'NONE', #477, #142 ) ;
#897 = LINE ( 'NONE', #771, #1060 ) ;
#898 = EDGE_LOOP ( 'NONE', ( #1165, #1669, #332, #756 ) ) ;
#899 = CARTESIAN_POINT ( 'NONE',  ( -10.49999999999999822, -6.999999999999999112, -6.499999999999999112 ) ) ;
#900 = DIRECTION ( 'NONE',  ( 1.000000000000000000, 0.000000000000000000, 0.000000000000000000 ) ) ;
#901 = VERTEX_POINT ( 'NONE', #1277 ) ;
#902 = CARTESIAN_POINT ( 'NONE',  ( 15.00000000000001066, -6.999999999999995559, -9.000000000000000000 ) ) ;
#903 = CARTESIAN_POINT ( 'NONE',  ( -10.49999999999999822, -6.999999999999995559, -4.000000000000000000 ) ) ;
#904 = FACE_OUTER_BOUND ( 'NONE', #690, .T. ) ;
#905 = LINE ( 'NONE', #1055, #570 ) ;
#906 = ORIENTED_EDGE ( 'NONE', *, *, #1309, .F. ) ;
#907 = ORIENTED_EDGE ( 'NONE', *, *, #444, .T. ) ;
#908 = CARTESIAN_POINT ( 'NONE',  ( -5.499999999999998224, -8.499999999999998224, -9.000000000000000000 ) ) ;
#909 = EDGE_CURVE ( 'NONE', #1237, #1551, #158, .T. ) ;
#910 = VECTOR ( 'NONE', #1084, 1000.000000000000000 ) ;
#911 = APPLICATION_PROTOCOL_DEFINITION ( 'international standard', 'config_control_design', 1994, #441 ) ;
#912 = DIRECTION ( 'NONE',  ( 1.000000000000000000, 1.445602896647339163E-16, 0.000000000000000000 ) ) ;
#913 = VECTOR ( 'NONE', #742, 1000.000000000000000 ) ;
#914 = LINE ( 'NONE', #498, #23 ) ;
#915 = CARTESIAN_POINT ( 'NONE',  ( -1.565565654620673319, -3.783847224896564665, -2.499999999999996447 ) ) ;
#916 = ORIENTED_EDGE ( 'NONE', *, *, #430, .T. ) ;
#917 = ORIENTED_EDGE ( 'NONE', *, *, #1615, .F. ) ;
#918 = CARTESIAN_POINT ( 'NONE',  ( -4.010944543921591610, 7.000000000000000888, -3.500000000000001332 ) ) ;
#919 = VECTOR ( 'NONE', #845, 1000.000000000000000 ) ;
#920 = EDGE_CURVE ( 'NONE', #1014, #559, #1548, .T. ) ;
#921 = LINE ( 'NONE', #1162, #87 ) ;
#922 = EDGE_CURVE ( 'NONE', #1489, #75, #1568, .T. ) ;
#923 = DESIGN_CONTEXT ( 'detailed design', #441, 'design' ) ;
#924 = CARTESIAN_POINT ( 'NONE',  ( -15.00000000000000000, -6.399999999999995914, -3.000000000000000000 ) ) ;
#925 = DIRECTION ( 'NONE',  ( -0.8087360843031888846, 0.5881716976750457349, 0.000000000000000000 ) ) ;
#926 = ORIENTED_EDGE ( 'NONE', *, *, #385, .F. ) ;
#927 = EDGE_CURVE ( 'NONE', #885, #240, #41, .T. ) ;
#928 = ORIENTED_EDGE ( 'NONE', *, *, #1137, .F. ) ;
#929 = LINE ( 'NONE', #902, #597 ) ;
#930 = CARTESIAN_POINT ( 'NONE',  ( -6.000000000000000000, 8.500000000000000000, 0.000000000000000000 ) ) ;
#931 = DIRECTION ( 'NONE',  ( 0.000000000000000000, -0.000000000000000000, -1.000000000000000000 ) ) ;
#932 = LINE ( 'NONE', #1488, #18 ) ;
#933 = VERTEX_POINT ( 'NONE', #1109 ) ;
#934 = EDGE_CURVE ( 'NONE', #75, #1332, #595, .T. ) ;
#935 = VERTEX_POINT ( 'NONE', #178 ) ;
#936 = LINE ( 'NONE', #348, #744 ) ;
#937 = VECTOR ( 'NONE', #900, 1000.000000000000000 ) ;
#938 = CARTESIAN_POINT ( 'NONE',  ( -4.010944543921591610, 7.000000000000000888, -2.000000000000001332 ) ) ;
#939 = VECTOR ( 'NONE', #1316, 1000.000000000000000 ) ;
#940 = PLANE ( 'NONE',  #891 ) ;
#941 = LINE ( 'NONE', #694, #1584 ) ;
#942 = EDGE_LOOP ( 'NONE', ( #890, #1753, #1446, #955, #602, #463, #1437, #997, #110, #591, #447, #1452 ) ) ;
#943 = AXIS2_PLACEMENT_3D ( 'NONE', #84, #1586, #202 ) ;
#944 = EDGE_CURVE ( 'NONE', #1159, #1262, #585, .T. ) ;
#945 = AXIS2_PLACEMENT_3D ( 'NONE', #1216, #274, #1342 ) ;
#946 = ORIENTED_EDGE ( 'NONE', *, *, #544, .T. ) ;
#947 = DIRECTION ( 'NONE',  ( -0.000000000000000000, -0.000000000000000000, 1.000000000000000000 ) ) ;
#948 = EDGE_CURVE ( 'NONE', #612, #1106, #565, .T. ) ;
#949 = EDGE_CURVE ( 'NONE', #187, #877, #1140, .T. ) ;
#950 = VECTOR ( 'NONE', #1399, 1000.000000000000000 ) ;
#951 = DIRECTION ( 'NONE',  ( -0.7984156729482190240, 0.000000000000000000, -0.6021066460276305321 ) ) ;
#952 = FACE_OUTER_BOUND ( 'NONE', #569, .T. ) ;
#953 = CARTESIAN_POINT ( 'NONE',  ( -10.49999999999999822, -8.499999999999998224, -6.499999999999999112 ) ) ;
#954 = VERTEX_POINT ( 'NONE', #460 ) ;
#955 = ORIENTED_EDGE ( 'NONE', *, *, #1512, .T. ) ;
#956 = CARTESIAN_POINT ( 'NONE',  ( 15.00000000000000355, -6.499999999999995559, 1.500000000000000000 ) ) ;
#957 = EDGE_CURVE ( 'NONE', #489, #174, #297, .T. ) ;
#958 = FACE_OUTER_BOUND ( 'NONE', #471, .T. ) ;
#959 = VECTOR ( 'NONE', #1634, 1000.000000000000000 ) ;
#960 = CARTESIAN_POINT ( 'NONE',  ( -2.749999999999998224, -6.499999999999999112, -2.499999999999995115 ) ) ;
#961 = CARTESIAN_POINT ( 'NONE',  ( 15.00000000000000355, -8.499999999999998224, 1.500000000000000000 ) ) ;
#962 = ORIENTED_EDGE ( 'NONE', *, *, #759, .T. ) ;
#963 = EDGE_LOOP ( 'NONE', ( #1081, #1563, #928, #300, #1744 ) ) ;
#964 = CARTESIAN_POINT ( 'NONE',  ( 5.987775720387904954, -6.999999999999995559, -9.000000000000000000 ) ) ;
#965 = EDGE_CURVE ( 'NONE', #1045, #649, #1423, .T. ) ;
#966 = DIRECTION ( 'NONE',  ( 1.000000000000000000, 0.000000000000000000, 0.000000000000000000 ) ) ;
#967 = DIRECTION ( 'NONE',  ( -1.000000000000000000, -0.000000000000000000, -0.000000000000000000 ) ) ;
#968 = DIRECTION ( 'NONE',  ( 0.5881716976750462900, -0.8087360843031884405, 0.000000000000000000 ) ) ;
#969 = VERTEX_POINT ( 'NONE', #1666 ) ;
#970 = EDGE_CURVE ( 'NONE', #717, #1625, #1526, .T. ) ;
#971 = VECTOR ( 'NONE', #688, 1000.000000000000000 ) ;
#972 = ORIENTED_EDGE ( 'NONE', *, *, #206, .T. ) ;
#973 = AXIS2_PLACEMENT_3D ( 'NONE', #89, #1059, #97 ) ;
#974 = DIRECTION ( 'NONE',  ( 0.6021066460276306431, 8.704071115881570400E-17, 0.7984156729482191350 ) ) ;
#975 = VECTOR ( 'NONE', #382, 1000.000000000000000 ) ;
#976 = PLANE ( 'NONE',  #887 ) ;
#977 = CARTESIAN_POINT ( 'NONE',  ( -10.49999999999999822, 8.501000000000002998, -6.499999999999999112 ) ) ;
#978 = CARTESIAN_POINT ( 'NONE',  ( -2.749999999999998224, -6.499999999999999112, -9.000000000000000000 ) ) ;
#979 = ORIENTED_EDGE ( 'NONE', *, *, #1058, .T. ) ;
#980 = EDGE_CURVE ( 'NONE', #758, #588, #196, .T. ) ;
#981 = ORIENTED_EDGE ( 'NONE', *, *, #1673, .F. ) ;
#982 = LINE ( 'NONE', #1520, #1725 ) ;
#983 = EDGE_LOOP ( 'NONE', ( #1356, #812, #1056, #1330 ) ) ;
#984 = DIRECTION ( 'NONE',  ( 1.000000000000000000, 1.445602896647339163E-16, 0.000000000000000000 ) ) ;
#985 = DIRECTION ( 'NONE',  ( -1.445602896647339163E-16, 1.000000000000000000, 0.000000000000000000 ) ) ;
#986 = CARTESIAN_POINT ( 'NONE',  ( 4.010944543921591610, 7.000000000000000888, -1.500000000000001332 ) ) ;
#987 = ORIENTED_EDGE ( 'NONE', *, *, #1566, .T. ) ;
#988 = VECTOR ( 'NONE', #1369, 1000.000000000000000 ) ;
#989 = EDGE_CURVE ( 'NONE', #1593, #1489, #1301, .T. ) ;
#990 = FACE_OUTER_BOUND ( 'NONE', #874, .T. ) ;
#991 = ORIENTED_EDGE ( 'NONE', *, *, #1315, .T. ) ;
#992 = DIRECTION ( 'NONE',  ( -3.154042683594192162E-16, 1.000000000000000000, 0.000000000000000000 ) ) ;
#993 = ORIENTED_EDGE ( 'NONE', *, *, #980, .T. ) ;
#994 = LINE ( 'NONE', #1015, #335 ) ;
#995 = DIRECTION ( 'NONE',  ( -0.000000000000000000, -1.000000000000000000, -0.000000000000000000 ) ) ;
#996 = DIRECTION ( 'NONE',  ( -0.000000000000000000, -1.000000000000000000, -0.000000000000000000 ) ) ;
#997 = ORIENTED_EDGE ( 'NONE', *, *, #494, .T. ) ;
#998 = CARTESIAN_POINT ( 'NONE',  ( -5.000000000000007994, -8.499999999999998224, 1.500000000000000000 ) ) ;
#999 = ORIENTED_EDGE ( 'NONE', *, *, #1402, .T. ) ;
#1000 = EDGE_CURVE ( 'NONE', #1226, #1612, #1621, .T. ) ;
#1001 = AXIS2_PLACEMENT_3D ( 'NONE', #1223, #968, #1079 ) ;
#1002 = LINE ( 'NONE', #1245, #148 ) ;
#1003 = VECTOR ( 'NONE', #1468, 1000.000000000000114 ) ;
#1004 = CALENDAR_DATE ( 2022, 24, 1 ) ;
#1005 = VECTOR ( 'NONE', #1647, 1000.000000000000114 ) ;
#1006 = EDGE_LOOP ( 'NONE', ( #999, #1448, #1304, #103 ) ) ;
#1007 = DIRECTION ( 'NONE',  ( 0.2131002592640975635, 1.848350112410870652E-17, 0.9770303370425987843 ) ) ;
#1008 = CARTESIAN_POINT ( 'NONE',  ( 15.00000000000001066, -8.499999999999989342, -9.000000000000000000 ) ) ;
#1009 = DIRECTION ( 'NONE',  ( -1.000000000000000000, -0.000000000000000000, -0.000000000000000000 ) ) ;
#1010 = ORIENTED_EDGE ( 'NONE', *, *, #1626, .T. ) ;
#1011 = DIRECTION ( 'NONE',  ( 0.000000000000000000, -1.000000000000000000, 0.000000000000000000 ) ) ;
#1012 = ORIENTED_EDGE ( 'NONE', *, *, #468, .F. ) ;
#1013 = DATE_AND_TIME ( #1314, #831 ) ;
#1014 = VERTEX_POINT ( 'NONE', #1347 ) ;
#1015 = CARTESIAN_POINT ( 'NONE',  ( 15.00000000000000355, -6.399999999999995914, -3.000000000000000000 ) ) ;
#1016 = DIRECTION ( 'NONE',  ( 0.8087360843031884405, 0.5881716976750462900, -0.000000000000000000 ) ) ;
#1017 = LINE ( 'NONE', #428, #802 ) ;
#1018 = ORIENTED_EDGE ( 'NONE', *, *, #232, .F. ) ;
#1019 = DIRECTION ( 'NONE',  ( -0.000000000000000000, -0.000000000000000000, 1.000000000000000000 ) ) ;
#1020 = ORIENTED_EDGE ( 'NONE', *, *, #472, .T. ) ;
#1021 = EDGE_CURVE ( 'NONE', #901, #1533, #1069, .T. ) ;
#1022 = DIRECTION ( 'NONE',  ( 0.000000000000000000, -1.000000000000000000, 0.000000000000000000 ) ) ;
#1023 = LINE ( 'NONE', #644, #1115 ) ;
#1024 = ORIENTED_EDGE ( 'NONE', *, *, #155, .T. ) ;
#1025 = ADVANCED_BREP_SHAPE_REPRESENTATION ( 'Bracket PCT', ( #186, #1694 ), #417 ) ;
#1026 = PLANE ( 'NONE',  #1630 ) ;
#1027 = ORIENTED_EDGE ( 'NONE', *, *, #948, .T. ) ;
#1028 = EDGE_CURVE ( 'NONE', #296, #1284, #789, .T. ) ;
#1029 = DATE_TIME_ROLE ( 'creation_date' ) ;
#1030 = VECTOR ( 'NONE', #322, 1000.000000000000114 ) ;
#1031 = VECTOR ( 'NONE', #502, 1000.000000000000000 ) ;
#1032 = PLANE ( 'NONE',  #313 ) ;
#1033 = CARTESIAN_POINT ( 'NONE',  ( -9.000000000000000000, -6.499999999999999112, 1.500000000000000000 ) ) ;
#1034 = VERTEX_POINT ( 'NONE', #104 ) ;
#1035 = VECTOR ( 'NONE', #1460, 1000.000000000000000 ) ;
#1036 = LINE ( 'NONE', #344, #1175 ) ;
#1037 = CARTESIAN_POINT ( 'NONE',  ( -3.237775720387894740, -4.999999999999999112, -9.000000000000000000 ) ) ;
#1038 = VERTEX_POINT ( 'NONE', #113 ) ;
#1039 = ADVANCED_FACE ( 'NONE', ( #1485 ), #511, .T. ) ;
#1040 = AXIS2_PLACEMENT_3D ( 'NONE', #289, #992, #1128 ) ;
#1041 = ADVANCED_FACE ( 'NONE', ( #659 ), #517, .F. ) ;
#1042 = LINE ( 'NONE', #1340, #772 ) ;
#1043 = DIRECTION ( 'NONE',  ( 0.000000000000000000, -1.000000000000000000, 0.000000000000000000 ) ) ;
#1044 = DIRECTION ( 'NONE',  ( -0.000000000000000000, -1.000000000000000000, -0.000000000000000000 ) ) ;
#1045 = VERTEX_POINT ( 'NONE', #807 ) ;
#1046 = CARTESIAN_POINT ( 'NONE',  ( 6.000000000000000000, 8.500000000000001776, 1.500000000000000000 ) ) ;
#1047 = LINE ( 'NONE', #100, #52 ) ;
#1048 = ORIENTED_EDGE ( 'NONE', *, *, #1492, .T. ) ;
#1049 = EDGE_CURVE ( 'NONE', #1544, #296, #379, .T. ) ;
#1050 = EDGE_LOOP ( 'NONE', ( #1475, #5, #114, #500 ) ) ;
#1051 = DIRECTION ( 'NONE',  ( -0.000000000000000000, -0.000000000000000000, 1.000000000000000000 ) ) ;
#1052 = CYLINDRICAL_SURFACE ( 'NONE', #1722, 3.499999999996441513 ) ;
#1053 = PLANE ( 'NONE',  #1718 ) ;
#1054 = CARTESIAN_POINT ( 'NONE',  ( 2.750000000000007550, -6.499999999999997335, -2.499999999999996891 ) ) ;
#1055 = CARTESIAN_POINT ( 'NONE',  ( 2.750000000000007550, -6.499999999999997335, -9.000000000000000000 ) ) ;
#1056 = ORIENTED_EDGE ( 'NONE', *, *, #1021, .F. ) ;
#1057 = ORIENTED_EDGE ( 'NONE', *, *, #480, .T. ) ;
#1058 = EDGE_CURVE ( 'NONE', #649, #421, #929, .T. ) ;
#1059 = DIRECTION ( 'NONE',  ( -0.5289577854734863749, -0.8486481374438910041, 0.000000000000000000 ) ) ;
#1060 = VECTOR ( 'NONE', #357, 1000.000000000000000 ) ;
#1061 = EDGE_CURVE ( 'NONE', #1114, #767, #1042, .T. ) ;
#1062 = CARTESIAN_POINT ( 'NONE',  ( 6.000000000000000000, 8.500000000000001776, 1.500000000000000000 ) ) ;
#1063 = VECTOR ( 'NONE', #482, 1000.000000000000000 ) ;
#1064 = DIRECTION ( 'NONE',  ( 1.000000000000000000, -0.000000000000000000, -0.000000000000000000 ) ) ;
#1065 = DIRECTION ( 'NONE',  ( -0.000000000000000000, -1.000000000000000000, -0.000000000000000000 ) ) ;
#1066 = LOCAL_TIME ( 17, 23, 21.00000000000000000, #1286 ) ;
#1067 = ORIENTED_EDGE ( 'NONE', *, *, #1292, .F. ) ;
#1068 = ORIENTED_EDGE ( 'NONE', *, *, #1449, .T. ) ;
#1069 = LINE ( 'NONE', #255, #1554 ) ;
#1070 = EDGE_CURVE ( 'NONE', #1332, #1014, #667, .T. ) ;
#1071 = CARTESIAN_POINT ( 'NONE',  ( 4.010944543921591610, 7.000000000000000888, -2.000000000000001332 ) ) ;
#1072 = CARTESIAN_POINT ( 'NONE',  ( -3.237775720387894740, -4.999999999999999112, -9.000000000000000000 ) ) ;
#1073 = LINE ( 'NONE', #345, #1255 ) ;
#1074 = ORIENTED_EDGE ( 'NONE', *, *, #31, .F. ) ;
#1075 = EDGE_LOOP ( 'NONE', ( #1270, #847, #193, #993 ) ) ;
#1076 = LINE ( 'NONE', #1202, #888 ) ;
#1077 = DIRECTION ( 'NONE',  ( 0.000000000000000000, -0.000000000000000000, -1.000000000000000000 ) ) ;
#1078 = CARTESIAN_POINT ( 'NONE',  ( -4.336808689942017736E-16, 5.678344658849990623, -2.000000000000001332 ) ) ;
#1079 = DIRECTION ( 'NONE',  ( 0.8087360843031884405, 0.5881716976750462900, 0.000000000000000000 ) ) ;
#1080 = ORIENTED_EDGE ( 'NONE', *, *, #980, .F. ) ;
#1081 = ORIENTED_EDGE ( 'NONE', *, *, #328, .T. ) ;
#1082 = LINE ( 'NONE', #1628, #484 ) ;
#1083 = ORIENTED_EDGE ( 'NONE', *, *, #1779, .T. ) ;
#1084 = DIRECTION ( 'NONE',  ( -1.000000000000000000, -3.154042683594191669E-16, -0.000000000000000000 ) ) ;
#1085 = VECTOR ( 'NONE', #1639, 1000.000000000000000 ) ;
#1086 = CARTESIAN_POINT ( 'NONE',  ( -6.000000000000000000, 7.000000000000000888, 0.000000000000000000 ) ) ;
#1087 = CARTESIAN_POINT ( 'NONE',  ( -15.00000000000000000, -6.999999999999995559, -4.000000000000000000 ) ) ;
#1088 = ORIENTED_EDGE ( 'NONE', *, *, #78, .T. ) ;
#1089 = VECTOR ( 'NONE', #93, 1000.000000000000000 ) ;
#1090 = VECTOR ( 'NONE', #298, 1000.000000000000000 ) ;
#1091 = ORIENTED_EDGE ( 'NONE', *, *, #1345, .T. ) ;
#1092 = DIRECTION ( 'NONE',  ( 0.000000000000000000, -0.000000000000000000, -1.000000000000000000 ) ) ;
#1093 = PRODUCT_DEFINITION_SHAPE ( 'NONE', 'NONE',  #236 ) ;
#1094 = CARTESIAN_POINT ( 'NONE',  ( 4.010944543921591610, 8.500000000000000000, -3.500000000000001332 ) ) ;
#1095 = DIRECTION ( 'NONE',  ( -1.000000000000000000, -3.154042683594192162E-16, 0.000000000000000000 ) ) ;
#1096 = LINE ( 'NONE', #152, #1335 ) ;
#1097 = EDGE_LOOP ( 'NONE', ( #1057, #1363, #1294, #678 ) ) ;
#1098 = ORIENTED_EDGE ( 'NONE', *, *, #1626, .F. ) ;
#1099 = EDGE_CURVE ( 'NONE', #95, #1014, #1357, .T. ) ;
#1100 = DIRECTION ( 'NONE',  ( 0.9770303370425988954, 0.000000000000000000, -0.2131002592640975912 ) ) ;
#1101 = DIRECTION ( 'NONE',  ( 1.000000000000000000, 0.000000000000000000, 0.000000000000000000 ) ) ;
#1102 = EDGE_CURVE ( 'NONE', #1714, #1491, #1731, .T. ) ;
#1103 = CARTESIAN_POINT ( 'NONE',  ( -10.49999999999999822, -6.999999999999999112, -6.499999999999999112 ) ) ;
#1104 = CARTESIAN_POINT ( 'NONE',  ( -15.00000000000000000, -6.499999999999999112, 0.000000000000000000 ) ) ;
#1105 = ORIENTED_EDGE ( 'NONE', *, *, #191, .T. ) ;
#1106 = VERTEX_POINT ( 'NONE', #1756 ) ;
#1107 = DIRECTION ( 'NONE',  ( 0.000000000000000000, -1.000000000000000000, 0.000000000000000000 ) ) ;
#1108 = EDGE_CURVE ( 'NONE', #843, #632, #1076, .T. ) ;
#1109 = CARTESIAN_POINT ( 'NONE',  ( 15.00000000000000355, -8.499999999999998224, 1.500000000000000000 ) ) ;
#1110 = VECTOR ( 'NONE', #491, 1000.000000000000114 ) ;
#1111 = EDGE_CURVE ( 'NONE', #642, #1034, #936, .T. ) ;
#1112 = LINE ( 'NONE', #1131, #1382 ) ;
#1113 = DIRECTION ( 'NONE',  ( 1.000000000000000000, 0.000000000000000000, -0.000000000000000000 ) ) ;
#1114 = VERTEX_POINT ( 'NONE', #1220 ) ;
#1115 = VECTOR ( 'NONE', #1574, 1000.000000000000000 ) ;
#1116 = ORIENTED_EDGE ( 'NONE', *, *, #123, .T. ) ;
#1117 = VECTOR ( 'NONE', #650, 1000.000000000000000 ) ;
#1118 = DIRECTION ( 'NONE',  ( -1.445602896647339163E-16, 1.000000000000000000, 0.000000000000000000 ) ) ;
#1119 = VECTOR ( 'NONE', #862, 1000.000000000000000 ) ;
#1120 = ORIENTED_EDGE ( 'NONE', *, *, #1504, .F. ) ;
#1121 = DIRECTION ( 'NONE',  ( 1.000000000000000000, 0.000000000000000000, 0.000000000000000000 ) ) ;
#1122 = EDGE_CURVE ( 'NONE', #793, #396, #768, .T. ) ;
#1123 = LINE ( 'NONE', #624, #1035 ) ;
#1124 = DIRECTION ( 'NONE',  ( -0.000000000000000000, -0.000000000000000000, 1.000000000000000000 ) ) ;
#1125 = ORIENTED_EDGE ( 'NONE', *, *, #1122, .F. ) ;
#1126 = DIRECTION ( 'NONE',  ( -0.000000000000000000, 0.000000000000000000, -1.000000000000000000 ) ) ;
#1127 = ORIENTED_EDGE ( 'NONE', *, *, #433, .F. ) ;
#1128 = DIRECTION ( 'NONE',  ( -1.000000000000000000, -3.154042683594192162E-16, 0.000000000000000000 ) ) ;
#1129 = ORIENTED_EDGE ( 'NONE', *, *, #723, .T. ) ;
#1130 = LINE ( 'NONE', #1267, #280 ) ;
#1131 = CARTESIAN_POINT ( 'NONE',  ( -2.749999999999998224, -6.499999999999999112, 0.000000000000000000 ) ) ;
#1132 = DIRECTION ( 'NONE',  ( -1.000000000000000000, -0.000000000000000000, 1.652117596168387263E-16 ) ) ;
#1133 = EDGE_LOOP ( 'NONE', ( #1153, #147, #229, #1555, #1251, #277 ) ) ;
#1134 = FACE_OUTER_BOUND ( 'NONE', #302, .T. ) ;
#1135 = EDGE_LOOP ( 'NONE', ( #726, #584, #443, #501 ) ) ;
#1136 = CC_DESIGN_PERSON_AND_ORGANIZATION_ASSIGNMENT ( #740, #194, ( #283 ) ) ;
#1137 = EDGE_CURVE ( 'NONE', #1547, #1146, #634, .T. ) ;
#1138 = LINE ( 'NONE', #574, #540 ) ;
#1139 = VERTEX_POINT ( 'NONE', #1739 ) ;
#1140 = LINE ( 'NONE', #1677, #534 ) ;
#1141 = CARTESIAN_POINT ( 'NONE',  ( -4.010944543921591610, 7.000000000000000888, -2.000000000000001332 ) ) ;
#1142 = CARTESIAN_POINT ( 'NONE',  ( -12.16956948051445764, 6.205341964292619750, -6.499999999999999112 ) ) ;
#1143 = VECTOR ( 'NONE', #49, 1000.000000000000000 ) ;
#1144 = VERTEX_POINT ( 'NONE', #365 ) ;
#1145 = LINE ( 'NONE', #1672, #1205 ) ;
#1146 = VERTEX_POINT ( 'NONE', #918 ) ;
#1147 = EDGE_CURVE ( 'NONE', #741, #878, #1477, .T. ) ;
#1148 = VECTOR ( 'NONE', #1668, 1000.000000000000000 ) ;
#1149 = DIRECTION ( 'NONE',  ( -0.9770303370426473011, 0.000000000000000000, -0.2131002592638759074 ) ) ;
#1150 = VECTOR ( 'NONE', #1595, 1000.000000000000000 ) ;
#1151 = APPROVAL_DATE_TIME ( #1308, #82 ) ;
#1152 = VECTOR ( 'NONE', #1248, 1000.000000000000000 ) ;
#1153 = ORIENTED_EDGE ( 'NONE', *, *, #944, .F. ) ;
#1154 = CARTESIAN_POINT ( 'NONE',  ( 15.00000000000000355, -6.499999999999995559, 1.500000000000000000 ) ) ;
#1155 = DIRECTION ( 'NONE',  ( 0.000000000000000000, -1.000000000000000000, 0.000000000000000000 ) ) ;
#1156 = ORIENTED_EDGE ( 'NONE', *, *, #1345, .F. ) ;
#1157 = CIRCLE ( 'NONE', #1212, 1.499999999998141487 ) ;
#1158 = CARTESIAN_POINT ( 'NONE',  ( 0.5289577854734865969, 4.829696521406098064, -2.000000000000001332 ) ) ;
#1159 = VERTEX_POINT ( 'NONE', #1746 ) ;
#1160 = EDGE_CURVE ( 'NONE', #1768, #1114, #1505, .T. ) ;
#1161 = CARTESIAN_POINT ( 'NONE',  ( -3.237775720387894740, -4.999999999999999112, -9.000000000000000000 ) ) ;
#1162 = CARTESIAN_POINT ( 'NONE',  ( 6.000000000000000000, 7.000000000000000888, 0.000000000000000000 ) ) ;
#1163 = VERTEX_POINT ( 'NONE', #1553 ) ;
#1164 = DIRECTION ( 'NONE',  ( 1.000000000000000000, 0.000000000000000000, 0.000000000000000000 ) ) ;
#1165 = ORIENTED_EDGE ( 'NONE', *, *, #157, .F. ) ;
#1166 = PERSON_AND_ORGANIZATION ( #615, #566 ) ;
#1167 = ADVANCED_FACE ( 'NONE', ( #571 ), #35, .T. ) ;
#1168 = LINE ( 'NONE', #90, #1470 ) ;
#1169 = LINE ( 'NONE', #1740, #449 ) ;
#1170 = ORIENTED_EDGE ( 'NONE', *, *, #1381, .F. ) ;
#1171 = ADVANCED_FACE ( 'NONE', ( #1134 ), #264, .T. ) ;
#1172 = DIRECTION ( 'NONE',  ( -0.8087360843031886626, -0.5881716976750460679, 0.000000000000000000 ) ) ;
#1173 = ORIENTED_EDGE ( 'NONE', *, *, #782, .F. ) ;
#1174 = AXIS2_PLACEMENT_3D ( 'NONE', #598, #1155, #299 ) ;
#1175 = VECTOR ( 'NONE', #210, 1000.000000000000114 ) ;
#1176 = AXIS2_PLACEMENT_3D ( 'NONE', #520, #375, #1095 ) ;
#1177 = CARTESIAN_POINT ( 'NONE',  ( 10.50000000000000355, -6.999999999999995559, -4.000000000000000000 ) ) ;
#1178 = CARTESIAN_POINT ( 'NONE',  ( -15.00000000000000000, -6.499999999999999112, 1.500000000000000000 ) ) ;
#1179 = ORIENTED_EDGE ( 'NONE', *, *, #989, .T. ) ;
#1180 = ADVANCED_FACE ( 'NONE', ( #324 ), #876, .F. ) ;
#1181 = LINE ( 'NONE', #619, #1720 ) ;
#1182 = LINE ( 'NONE', #1337, #381 ) ;
#1183 = ORIENTED_EDGE ( 'NONE', *, *, #668, .T. ) ;
#1184 = AXIS2_PLACEMENT_3D ( 'NONE', #40, #855, #8 ) ;
#1185 = VERTEX_POINT ( 'NONE', #998 ) ;
#1186 = CARTESIAN_POINT ( 'NONE',  ( -15.00000000000000000, -6.499999999999999112, 1.500000000000000000 ) ) ;
#1187 = DIRECTION ( 'NONE',  ( -0.000000000000000000, -1.000000000000000000, -0.000000000000000000 ) ) ;
#1188 = FACE_OUTER_BOUND ( 'NONE', #640, .T. ) ;
#1189 = EDGE_CURVE ( 'NONE', #54, #870, #1145, .T. ) ;
#1190 = FACE_OUTER_BOUND ( 'NONE', #1075, .T. ) ;
#1191 = DIRECTION ( 'NONE',  ( 0.000000000000000000, 0.000000000000000000, -1.000000000000000000 ) ) ;
#1192 = VERTEX_POINT ( 'NONE', #25 ) ;
#1193 = ORIENTED_EDGE ( 'NONE', *, *, #1111, .T. ) ;
#1194 = EDGE_CURVE ( 'NONE', #1163, #1192, #563, .T. ) ;
#1195 = DIRECTION ( 'NONE',  ( 0.000000000000000000, 0.000000000000000000, -1.000000000000000000 ) ) ;
#1196 = CARTESIAN_POINT ( 'NONE',  ( 4.010944543921591610, 7.000000000000000888, -1.500000000000001332 ) ) ;
#1197 = DIRECTION ( 'NONE',  ( -0.000000000000000000, -1.000000000000000000, -0.000000000000000000 ) ) ;
#1198 = LINE ( 'NONE', #1420, #106 ) ;
#1199 = ORIENTED_EDGE ( 'NONE', *, *, #1645, .T. ) ;
#1200 = ORIENTED_EDGE ( 'NONE', *, *, #1749, .T. ) ;
#1201 = EDGE_CURVE ( 'NONE', #54, #843, #442, .T. ) ;
#1202 = CARTESIAN_POINT ( 'NONE',  ( 5.085249524707029067, -8.499999999999998224, 1.109144671409796112 ) ) ;
#1203 = VECTOR ( 'NONE', #537, 1000.000000000000000 ) ;
#1204 = LINE ( 'NONE', #675, #1629 ) ;
#1205 = VECTOR ( 'NONE', #737, 1000.000000000000000 ) ;
#1206 = DIRECTION ( 'NONE',  ( 0.7984156729482191350, 0.000000000000000000, -0.6021066460276307541 ) ) ;
#1207 = LINE ( 'NONE', #961, #959 ) ;
#1208 = LOCAL_TIME ( 17, 23, 21.00000000000000000, #60 ) ;
#1209 = ORIENTED_EDGE ( 'NONE', *, *, #787, .T. ) ;
#1210 = ORIENTED_EDGE ( 'NONE', *, *, #1769, .T. ) ;
#1211 = CARTESIAN_POINT ( 'NONE',  ( -10.49999999999999822, -4.999999999999999112, -2.499999999999995115 ) ) ;
#1212 = AXIS2_PLACEMENT_3D ( 'NONE', #1537, #698, #1410 ) ;
#1213 = ADVANCED_FACE ( 'NONE', ( #526, #1691 ), #431, .F. ) ;
#1214 = DIRECTION ( 'NONE',  ( 0.000000000000000000, 0.8574929257125443183, -0.5144957554275264577 ) ) ;
#1215 = EDGE_CURVE ( 'NONE', #47, #453, #1082, .T. ) ;
#1216 = CARTESIAN_POINT ( 'NONE',  ( -9.333809621030937365, -6.399999999999995914, -3.000000000000000000 ) ) ;
#1217 = DIRECTION ( 'NONE',  ( 1.000000000000000000, 0.000000000000000000, 0.000000000000000000 ) ) ;
#1218 = ORIENTED_EDGE ( 'NONE', *, *, #922, .F. ) ;
#1219 = ORIENTED_EDGE ( 'NONE', *, *, #1705, .F. ) ;
#1220 = CARTESIAN_POINT ( 'NONE',  ( 4.010944543921591610, 8.500000000000000000, -1.500000000000001332 ) ) ;
#1221 = LINE ( 'NONE', #248, #1690 ) ;
#1222 = LINE ( 'NONE', #1616, #1265 ) ;
#1223 = CARTESIAN_POINT ( 'NONE',  ( -3.237775720387894740, -4.999999999999999112, -9.000000000000000000 ) ) ;
#1224 = ORIENTED_EDGE ( 'NONE', *, *, #92, .F. ) ;
#1225 = ADVANCED_FACE ( 'NONE', ( #1273 ), #131, .F. ) ;
#1226 = VERTEX_POINT ( 'NONE', #173 ) ;
#1227 = CARTESIAN_POINT ( 'NONE',  ( 10.50000000000000355, -6.399999999999995914, -3.000000000000000000 ) ) ;
#1228 = VECTOR ( 'NONE', #1285, 1000.000000000000000 ) ;
#1229 = LINE ( 'NONE', #816, #1467 ) ;
#1230 = AXIS2_PLACEMENT_3D ( 'NONE', #1178, #223, #1723 ) ;
#1231 = DIRECTION ( 'NONE',  ( -1.445602896647339163E-16, 1.000000000000000000, 0.000000000000000000 ) ) ;
#1232 = CARTESIAN_POINT ( 'NONE',  ( -5.987775720387894296, -6.999999999999999112, -9.000000000000000000 ) ) ;
#1233 = VERTEX_POINT ( 'NONE', #822 ) ;
#1234 = EDGE_CURVE ( 'NONE', #1429, #245, #46, .T. ) ;
#1235 = AXIS2_PLACEMENT_3D ( 'NONE', #1046, #490, #224 ) ;
#1236 = VECTOR ( 'NONE', #1064, 1000.000000000000000 ) ;
#1237 = VERTEX_POINT ( 'NONE', #1227 ) ;
#1238 = CARTESIAN_POINT ( 'NONE',  ( -5.085249524706876301, 1.500000000000001332, 1.109144671410971839 ) ) ;
#1239 = CARTESIAN_POINT ( 'NONE',  ( 15.00000000000000355, -6.499999999999995559, 0.000000000000000000 ) ) ;
#1240 = LINE ( 'NONE', #824, #600 ) ;
#1241 = DIRECTION ( 'NONE',  ( 4.336808689942017736E-16, 0.000000000000000000, 1.000000000000000000 ) ) ;
#1242 = ORIENTED_EDGE ( 'NONE', *, *, #433, .T. ) ;
#1243 = EDGE_CURVE ( 'NONE', #901, #620, #162, .T. ) ;
#1244 = ORIENTED_EDGE ( 'NONE', *, *, #1719, .T. ) ;
#1245 = CARTESIAN_POINT ( 'NONE',  ( 4.010944543921591610, 7.000000000000000888, -3.500000000000001332 ) ) ;
#1246 = EDGE_CURVE ( 'NONE', #867, #384, #1660, .T. ) ;
#1247 = DIRECTION ( 'NONE',  ( -0.000000000000000000, 0.5144957554275263467, 0.8574929257125442073 ) ) ;
#1248 = DIRECTION ( 'NONE',  ( -0.000000000000000000, -1.000000000000000000, -0.000000000000000000 ) ) ;
#1249 = LINE ( 'NONE', #4, #743 ) ;
#1250 = ORIENTED_EDGE ( 'NONE', *, *, #759, .F. ) ;
#1251 = ORIENTED_EDGE ( 'NONE', *, *, #155, .F. ) ;
#1252 = FACE_OUTER_BOUND ( 'NONE', #764, .T. ) ;
#1253 = EDGE_CURVE ( 'NONE', #6, #516, #1365, .T. ) ;
#1254 = CARTESIAN_POINT ( 'NONE',  ( -5.987775720387894296, -6.999999999999999112, -2.499999999999995559 ) ) ;
#1255 = VECTOR ( 'NONE', #630, 1000.000000000000000 ) ;
#1256 = DIRECTION ( 'NONE',  ( 0.8087360843031887736, -0.5881716976750458459, 0.000000000000000000 ) ) ;
#1257 = CARTESIAN_POINT ( 'NONE',  ( 8.550018332220687967E-13, 1.500000000000001332, 8.000000000003559819 ) ) ;
#1258 = ORIENTED_EDGE ( 'NONE', *, *, #408, .F. ) ;
#1259 = AXIS2_PLACEMENT_3D ( 'NONE', #763, #1461, #1582 ) ;
#1260 = DIRECTION ( 'NONE',  ( 1.000000000000000000, 0.000000000000000000, 0.000000000000000000 ) ) ;
#1261 = AXIS2_PLACEMENT_3D ( 'NONE', #1701, #1472, #215 ) ;
#1262 = VERTEX_POINT ( 'NONE', #1637 ) ;
#1263 = VECTOR ( 'NONE', #1603, 1000.000000000000000 ) ;
#1264 = DIRECTION ( 'NONE',  ( -0.8087360843031885516, -0.5881716976750461789, 0.000000000000000000 ) ) ;
#1265 = VECTOR ( 'NONE', #1231, 1000.000000000000000 ) ;
#1266 = ORIENTED_EDGE ( 'NONE', *, *, #83, .T. ) ;
#1267 = CARTESIAN_POINT ( 'NONE',  ( -2.917945818673339353, -6.500000000000005329, 11.04588279501574455 ) ) ;
#1268 = CARTESIAN_POINT ( 'NONE',  ( 5.500000000000007994, -8.499999999999994671, -9.000000000000000000 ) ) ;
#1269 = LINE ( 'NONE', #986, #561 ) ;
#1270 = ORIENTED_EDGE ( 'NONE', *, *, #1348, .T. ) ;
#1271 = CC_DESIGN_DATE_AND_TIME_ASSIGNMENT ( #869, #1029, ( #236 ) ) ;
#1272 = ADVANCED_FACE ( 'NONE', ( #990 ), #1543, .F. ) ;
#1273 = FACE_OUTER_BOUND ( 'NONE', #371, .T. ) ;
#1274 = ORIENTED_EDGE ( 'NONE', *, *, #1253, .T. ) ;
#1275 = FACE_OUTER_BOUND ( 'NONE', #276, .T. ) ;
#1276 = ORIENTED_EDGE ( 'NONE', *, *, #542, .F. ) ;
#1277 = CARTESIAN_POINT ( 'NONE',  ( -15.00000000000000000, -6.999999999999999112, -3.000000000000000000 ) ) ;
#1278 = CARTESIAN_POINT ( 'NONE',  ( -4.010944543921591610, 7.000000000000000888, -1.500000000000001332 ) ) ;
#1279 = CARTESIAN_POINT ( 'NONE',  ( 9.000000000000003553, -6.499999999999995559, 0.000000000000000000 ) ) ;
#1280 = ORIENTED_EDGE ( 'NONE', *, *, #1061, .F. ) ;
#1281 = AXIS2_PLACEMENT_3D ( 'NONE', #792, #369, #925 ) ;
#1282 = EDGE_CURVE ( 'NONE', #877, #1594, #914, .T. ) ;
#1283 = DIRECTION ( 'NONE',  ( 8.673617379884035472E-17, -1.000000000000000000, 0.000000000000000000 ) ) ;
#1284 = VERTEX_POINT ( 'NONE', #56 ) ;
#1285 = DIRECTION ( 'NONE',  ( -0.8486481374438910041, 0.5289577854734863749, 0.000000000000000000 ) ) ;
#1286 = COORDINATED_UNIVERSAL_TIME_OFFSET ( 6, 0, .BEHIND. ) ;
#1287 = ORIENTED_EDGE ( 'NONE', *, *, #892, .F. ) ;
#1288 = LINE ( 'NONE', #871, #656 ) ;
#1289 = LINE ( 'NONE', #1569, #859 ) ;
#1290 = LINE ( 'NONE', #43, #254 ) ;
#1291 = ORIENTED_EDGE ( 'NONE', *, *, #1545, .T. ) ;
#1292 = EDGE_CURVE ( 'NONE', #1185, #1431, #1181, .T. ) ;
#1293 = DIRECTION ( 'NONE',  ( -0.000000000000000000, -1.000000000000000000, -0.000000000000000000 ) ) ;
#1294 = ORIENTED_EDGE ( 'NONE', *, *, #1661, .F. ) ;
#1295 = VECTOR ( 'NONE', #462, 1000.000000000000000 ) ;
#1296 = VECTOR ( 'NONE', #722, 1000.000000000000000 ) ;
#1297 = ADVANCED_FACE ( 'NONE', ( #74 ), #1318, .F. ) ;
#1298 = PERSON_AND_ORGANIZATION ( #615, #566 ) ;
#1299 = APPROVAL_PERSON_ORGANIZATION ( #1430, #82, #77 ) ;
#1300 = ORIENTED_EDGE ( 'NONE', *, *, #895, .F. ) ;
#1301 = LINE ( 'NONE', #797, #1150 ) ;
#1302 = PLANE ( 'NONE',  #1721 ) ;
#1303 = PLANE ( 'NONE',  #1321 ) ;
#1304 = ORIENTED_EDGE ( 'NONE', *, *, #480, .F. ) ;
#1305 = DIRECTION ( 'NONE',  ( -1.000000000000000000, 0.000000000000000000, 0.000000000000000000 ) ) ;
#1306 = ORIENTED_EDGE ( 'NONE', *, *, #466, .F. ) ;
#1307 = ADVANCED_FACE ( 'NONE', ( #1190 ), #1734, .F. ) ;
#1308 = DATE_AND_TIME ( #69, #510 ) ;
#1309 = EDGE_CURVE ( 'NONE', #1714, #1106, #1447, .T. ) ;
#1310 = CARTESIAN_POINT ( 'NONE',  ( -13.05182702702702890, 4.992237837837834036, -6.499999999999999112 ) ) ;
#1311 = ORIENTED_EDGE ( 'NONE', *, *, #787, .F. ) ;
#1312 = LINE ( 'NONE', #628, #1063 ) ;
#1313 = ORIENTED_EDGE ( 'NONE', *, *, #1512, .F. ) ;
#1314 = CALENDAR_DATE ( 2022, 24, 1 ) ;
#1315 = EDGE_CURVE ( 'NONE', #1405, #296, #1312, .T. ) ;
#1316 = DIRECTION ( 'NONE',  ( 0.8087360843031887736, -0.5881716976750457349, 0.000000000000000000 ) ) ;
#1317 = ORIENTED_EDGE ( 'NONE', *, *, #1558, .F. ) ;
#1318 = PLANE ( 'NONE',  #943 ) ;
#1319 = DIRECTION ( 'NONE',  ( -0.000000000000000000, -0.000000000000000000, 1.000000000000000000 ) ) ;
#1320 = ORIENTED_EDGE ( 'NONE', *, *, #457, .F. ) ;
#1321 = AXIS2_PLACEMENT_3D ( 'NONE', #978, #1416, #21 ) ;
#1322 = DIRECTION ( 'NONE',  ( 0.000000000000000000, 0.000000000000000000, -1.000000000000000000 ) ) ;
#1323 = VECTOR ( 'NONE', #1019, 1000.000000000000000 ) ;
#1324 = CARTESIAN_POINT ( 'NONE',  ( -15.00000000000000000, -6.499999999999999112, 0.000000000000000000 ) ) ;
#1325 = DIRECTION ( 'NONE',  ( 0.000000000000000000, -0.000000000000000000, -1.000000000000000000 ) ) ;
#1326 = UNCERTAINTY_MEASURE_WITH_UNIT (LENGTH_MEASURE( 1.000000000000000082E-05 ), #733, 'distance_accuracy_value', 'NONE');
#1327 = CARTESIAN_POINT ( 'NONE',  ( -3.237775720387894740, -4.999999999999999112, -9.000000000000000000 ) ) ;
#1328 = CC_DESIGN_PERSON_AND_ORGANIZATION_ASSIGNMENT ( #1298, #1442, ( #283 ) ) ;
#1329 = CARTESIAN_POINT ( 'NONE',  ( -6.000000000000000000, 8.500000000000000000, 1.500000000000000000 ) ) ;
#1330 = ORIENTED_EDGE ( 'NONE', *, *, #133, .F. ) ;
#1331 = VECTOR ( 'NONE', #1264, 1000.000000000000227 ) ;
#1332 = VERTEX_POINT ( 'NONE', #1054 ) ;
#1333 = CARTESIAN_POINT ( 'NONE',  ( 2.750000000000007550, -6.499999999999997335, 0.000000000000000000 ) ) ;
#1334 = DIRECTION ( 'NONE',  ( 0.000000000000000000, -1.000000000000000000, 0.000000000000000000 ) ) ;
#1335 = VECTOR ( 'NONE', #1777, 1000.000000000000000 ) ;
#1336 = LINE ( 'NONE', #127, #1236 ) ;
#1337 = CARTESIAN_POINT ( 'NONE',  ( -3.419606179644763877, 1.500000000000001332, 8.745850907427143994 ) ) ;
#1338 = ORIENTED_EDGE ( 'NONE', *, *, #546, .T. ) ;
#1339 = ORIENTED_EDGE ( 'NONE', *, *, #944, .T. ) ;
#1340 = CARTESIAN_POINT ( 'NONE',  ( 4.010944543921591610, 8.500000000000000000, -1.500000000000001332 ) ) ;
#1341 = CARTESIAN_POINT ( 'NONE',  ( 6.000000000000000000, 7.000000000000000888, 0.000000000000000000 ) ) ;
#1342 = DIRECTION ( 'NONE',  ( 1.000000000000000000, 0.000000000000000000, -0.000000000000000000 ) ) ;
#1343 = FACE_OUTER_BOUND ( 'NONE', #1006, .T. ) ;
#1344 = ORIENTED_EDGE ( 'NONE', *, *, #544, .F. ) ;
#1345 = EDGE_CURVE ( 'NONE', #455, #187, #749, .T. ) ;
#1346 = ORIENTED_EDGE ( 'NONE', *, *, #78, .F. ) ;
#1347 = CARTESIAN_POINT ( 'NONE',  ( 2.750000000000007550, -6.499999999999997335, 0.000000000000000000 ) ) ;
#1348 = EDGE_CURVE ( 'NONE', #588, #1768, #1036, .T. ) ;
#1349 = AXIS2_PLACEMENT_3D ( 'NONE', #1033, #1334, #1325 ) ;
#1350 = DIRECTION ( 'NONE',  ( 0.5881716976750457349, 0.8087360843031888846, 0.000000000000000000 ) ) ;
#1351 = VECTOR ( 'NONE', #320, 1000.000000000000000 ) ;
#1352 = DIRECTION ( 'NONE',  ( 0.000000000000000000, 0.000000000000000000, -1.000000000000000000 ) ) ;
#1353 = PLANE ( 'NONE',  #532 ) ;
#1354 = VECTOR ( 'NONE', #1016, 1000.000000000000000 ) ;
#1355 = ORIENTED_EDGE ( 'NONE', *, *, #318, .T. ) ;
#1356 = ORIENTED_EDGE ( 'NONE', *, *, #472, .F. ) ;
#1357 = LINE ( 'NONE', #1333, #1003 ) ;
#1358 = EDGE_CURVE ( 'NONE', #632, #933, #601, .T. ) ;
#1359 = EDGE_CURVE ( 'NONE', #1594, #1144, #1473, .T. ) ;
#1360 = CARTESIAN_POINT ( 'NONE',  ( 3.419606179646644595, -8.499999999999998224, 8.745850907426369503 ) ) ;
#1361 = DIRECTION ( 'NONE',  ( 0.000000000000000000, -1.000000000000000000, 0.000000000000000000 ) ) ;
#1362 = CARTESIAN_POINT ( 'NONE',  ( -6.000000000000000000, 7.000000000000000888, 0.000000000000000000 ) ) ;
#1363 = ORIENTED_EDGE ( 'NONE', *, *, #1215, .F. ) ;
#1364 = ORIENTED_EDGE ( 'NONE', *, *, #430, .F. ) ;
#1365 = LINE ( 'NONE', #674, #803 ) ;
#1366 = ADVANCED_FACE ( 'NONE', ( #904 ), #66, .F. ) ;
#1367 = CARTESIAN_POINT ( 'NONE',  ( -3.237775720387894740, -4.999999999999999112, -9.000000000000000000 ) ) ;
#1368 = CARTESIAN_POINT ( 'NONE',  ( -5.987775720387894296, -6.999999999999999112, -9.000000000000000000 ) ) ;
#1369 = DIRECTION ( 'NONE',  ( -1.000000000000000000, 0.000000000000000000, 0.000000000000000000 ) ) ;
#1370 = ORIENTED_EDGE ( 'NONE', *, *, #648, .F. ) ;
#1371 = VERTEX_POINT ( 'NONE', #235 ) ;
#1372 = FACE_OUTER_BOUND ( 'NONE', #673, .T. ) ;
#1373 = ORIENTED_EDGE ( 'NONE', *, *, #1108, .F. ) ;
#1374 = CARTESIAN_POINT ( 'NONE',  ( 10.50000000000000178, -8.499999999999998224, -6.499999999999999112 ) ) ;
#1375 = ADVANCED_FACE ( 'NONE', ( #1453, #1709 ), #1026, .F. ) ;
#1376 = VECTOR ( 'NONE', #522, 1000.000000000000000 ) ;
#1377 = DIRECTION ( 'NONE',  ( -0.000000000000000000, 0.000000000000000000, 1.000000000000000000 ) ) ;
#1378 = LINE ( 'NONE', #383, #76 ) ;
#1379 = ORIENTED_EDGE ( 'NONE', *, *, #1381, .T. ) ;
#1380 = VECTOR ( 'NONE', #1654, 1000.000000000000000 ) ;
#1381 = EDGE_CURVE ( 'NONE', #402, #795, #1726, .T. ) ;
#1382 = VECTOR ( 'NONE', #1523, 1000.000000000000227 ) ;
#1383 = ADVANCED_FACE ( 'NONE', ( #884 ), #1591, .F. ) ;
#1384 = EDGE_LOOP ( 'NONE', ( #154, #109, #465, #1088 ) ) ;
#1385 = DIRECTION ( 'NONE',  ( 0.000000000000000000, 0.000000000000000000, -1.000000000000000000 ) ) ;
#1386 = DIRECTION ( 'NONE',  ( 0.000000000000000000, 0.5144957554275263467, 0.8574929257125442073 ) ) ;
#1387 = LINE ( 'NONE', #151, #1005 ) ;
#1388 = LINE ( 'NONE', #677, #167 ) ;
#1389 = ORIENTED_EDGE ( 'NONE', *, *, #1536, .F. ) ;
#1390 = ORIENTED_EDGE ( 'NONE', *, *, #542, .T. ) ;
#1391 = DIRECTION ( 'NONE',  ( 1.000000000000000000, 1.445602896647339163E-16, 0.000000000000000000 ) ) ;
#1392 = DIRECTION ( 'NONE',  ( 0.000000000000000000, 0.000000000000000000, 1.000000000000000000 ) ) ;
#1393 = LINE ( 'NONE', #1549, #1119 ) ;
#1394 = CARTESIAN_POINT ( 'NONE',  ( 3.237775720387906286, -4.999999999999999112, 0.000000000000000000 ) ) ;
#1395 = ORIENTED_EDGE ( 'NONE', *, *, #468, .T. ) ;
#1396 = DIRECTION ( 'NONE',  ( -0.8087360843031886626, -0.5881716976750460679, 1.336127115533618063E-16 ) ) ;
#1397 = ORIENTED_EDGE ( 'NONE', *, *, #794, .T. ) ;
#1398 = EDGE_CURVE ( 'NONE', #50, #1163, #893, .T. ) ;
#1399 = DIRECTION ( 'NONE',  ( 1.000000000000000000, 0.000000000000000000, -1.652117596168387263E-16 ) ) ;
#1400 = ORIENTED_EDGE ( 'NONE', *, *, #1536, .T. ) ;
#1401 = DIRECTION ( 'NONE',  ( -0.000000000000000000, -0.000000000000000000, -1.000000000000000000 ) ) ;
#1402 = EDGE_CURVE ( 'NONE', #1693, #1233, #1703, .T. ) ;
#1403 = CARTESIAN_POINT ( 'NONE',  ( 10.50000000000000355, -6.999999999999995559, -2.499999999999998668 ) ) ;
#1404 = DIRECTION ( 'NONE',  ( -0.1961161351381839890, -0.9805806756909201116, 0.000000000000000000 ) ) ;
#1405 = VERTEX_POINT ( 'NONE', #1572 ) ;
#1406 = DIRECTION ( 'NONE',  ( 1.000000000000000000, 8.673617379884035472E-16, 0.000000000000000000 ) ) ;
#1407 = VECTOR ( 'NONE', #358, 1000.000000000000000 ) ;
#1408 = ORIENTED_EDGE ( 'NONE', *, *, #751, .T. ) ;
#1409 = VECTOR ( 'NONE', #20, 1000.000000000000000 ) ;
#1410 = DIRECTION ( 'NONE',  ( 1.000000000000000000, 0.000000000000000000, 0.000000000000000000 ) ) ;
#1411 = CC_DESIGN_SECURITY_CLASSIFICATION ( #748, ( #283 ) ) ;
#1412 = DATE_AND_TIME ( #621, #1748 ) ;
#1413 = FACE_OUTER_BOUND ( 'NONE', #1384, .T. ) ;
#1414 = CARTESIAN_POINT ( 'NONE',  ( 8.551855302419407353E-13, -6.500000000000005329, 9.500000000001701750 ) ) ;
#1415 = DIRECTION ( 'NONE',  ( 1.000000000000000000, 0.000000000000000000, -1.652117596168387263E-16 ) ) ;
#1416 = DIRECTION ( 'NONE',  ( -0.5881716976750460679, 0.8087360843031886626, 0.000000000000000000 ) ) ;
#1417 = ORIENTED_EDGE ( 'NONE', *, *, #700, .T. ) ;
#1418 = CARTESIAN_POINT ( 'NONE',  ( 3.419606179646644595, 1.500000000000001332, 8.745850907426369503 ) ) ;
#1419 = ORIENTED_EDGE ( 'NONE', *, *, #760, .F. ) ;
#1420 = CARTESIAN_POINT ( 'NONE',  ( -15.00000000000000000, -8.499999999999998224, 0.000000000000000000 ) ) ;
#1421 = PERSON_AND_ORGANIZATION ( #615, #566 ) ;
#1422 = ORIENTED_EDGE ( 'NONE', *, *, #1028, .F. ) ;
#1423 = LINE ( 'NONE', #188, #508 ) ;
#1424 = ADVANCED_FACE ( 'NONE', ( #400 ), #940, .F. ) ;
#1425 = DIRECTION ( 'NONE',  ( -1.000000000000000000, 0.000000000000000000, 0.000000000000000000 ) ) ;
#1426 = CARTESIAN_POINT ( 'NONE',  ( 5.500000000000007994, -8.499999999999994671, -9.000000000000000000 ) ) ;
#1427 = ORIENTED_EDGE ( 'NONE', *, *, #157, .T. ) ;
#1428 = DIRECTION ( 'NONE',  ( -0.7984156729482191350, 0.000000000000000000, -0.6021066460276307541 ) ) ;
#1429 = VERTEX_POINT ( 'NONE', #960 ) ;
#1430 = PERSON_AND_ORGANIZATION ( #615, #566 ) ;
#1431 = VERTEX_POINT ( 'NONE', #810 ) ;
#1432 = CARTESIAN_POINT ( 'NONE',  ( 9.000000000000003553, -6.499999999999995559, 1.500000000000000000 ) ) ;
#1433 = MECHANICAL_CONTEXT ( 'NONE', #786, 'mechanical' ) ;
#1434 = CARTESIAN_POINT ( 'NONE',  ( 3.237775720387906286, -4.999999999999999112, -9.000000000000000000 ) ) ;
#1435 = EDGE_LOOP ( 'NONE', ( #820, #703, #575, #853 ) ) ;
#1436 = DIRECTION ( 'NONE',  ( 1.000000000000000000, 0.000000000000000000, -0.000000000000000000 ) ) ;
#1437 = ORIENTED_EDGE ( 'NONE', *, *, #221, .T. ) ;
#1438 = ADVANCED_FACE ( 'NONE', ( #538 ), #1633, .T. ) ;
#1439 = VECTOR ( 'NONE', #416, 1000.000000000000000 ) ;
#1440 = ADVANCED_FACE ( 'NONE', ( #1516 ), #791, .F. ) ;
#1441 = AXIS2_PLACEMENT_3D ( 'NONE', #866, #1511, #1681 ) ;
#1442 = PERSON_AND_ORGANIZATION_ROLE ( 'design_supplier' ) ;
#1443 = VECTOR ( 'NONE', #985, 1000.000000000000000 ) ;
#1444 = CARTESIAN_POINT ( 'NONE',  ( 0.000000000000000000, 0.000000000000000000, 0.000000000000000000 ) ) ;
#1445 = CARTESIAN_POINT ( 'NONE',  ( 5.000000000000000000, -8.499999999999998224, 1.499999999999999556 ) ) ;
#1446 = ORIENTED_EDGE ( 'NONE', *, *, #1358, .T. ) ;
#1447 = LINE ( 'NONE', #1327, #1469 ) ;
#1448 = ORIENTED_EDGE ( 'NONE', *, *, #723, .F. ) ;
#1449 = EDGE_CURVE ( 'NONE', #1146, #935, #1222, .T. ) ;
#1450 =( NAMED_UNIT ( * ) PLANE_ANGLE_UNIT ( ) SI_UNIT ( $, .RADIAN. ) );
#1451 = LINE ( 'NONE', #1713, #476 ) ;
#1452 = ORIENTED_EDGE ( 'NONE', *, *, #318, .F. ) ;
#1453 = FACE_OUTER_BOUND ( 'NONE', #190, .T. ) ;
#1454 = DIRECTION ( 'NONE',  ( -1.000000000000000000, 0.000000000000000000, 0.000000000000000000 ) ) ;
#1455 = ORIENTED_EDGE ( 'NONE', *, *, #553, .F. ) ;
#1456 = ADVANCED_FACE ( 'NONE', ( #1751 ), #645, .F. ) ;
#1457 = DIRECTION ( 'NONE',  ( -0.000000000000000000, -0.000000000000000000, -1.000000000000000000 ) ) ;
#1458 = APPROVAL ( #1471, 'UNSPECIFIED' ) ;
#1459 = EDGE_CURVE ( 'NONE', #1612, #396, #1759, .T. ) ;
#1460 = DIRECTION ( 'NONE',  ( -0.000000000000000000, -0.000000000000000000, 1.000000000000000000 ) ) ;
#1461 = DIRECTION ( 'NONE',  ( 0.000000000000000000, 0.8574929257125443183, -0.5144957554275264577 ) ) ;
#1462 = VECTOR ( 'NONE', #592, 1000.000000000000000 ) ;
#1463 = DIRECTION ( 'NONE',  ( 0.000000000000000000, 1.000000000000000000, 0.000000000000000000 ) ) ;
#1464 = CARTESIAN_POINT ( 'NONE',  ( -5.499999999999999112, -8.499999999999998224, -2.499999999999996003 ) ) ;
#1465 = EDGE_LOOP ( 'NONE', ( #86, #1083, #1535, #96 ) ) ;
#1466 = ORIENTED_EDGE ( 'NONE', *, *, #389, .F. ) ;
#1467 = VECTOR ( 'NONE', #1622, 1000.000000000000000 ) ;
#1468 = DIRECTION ( 'NONE',  ( -0.8087360843031888846, 0.5881716976750457349, -0.000000000000000000 ) ) ;
#1469 = VECTOR ( 'NONE', #473, 1000.000000000000000 ) ;
#1470 = VECTOR ( 'NONE', #608, 1000.000000000000227 ) ;
#1471 = APPROVAL_STATUS ( 'not_yet_approved' ) ;
#1472 = DIRECTION ( 'NONE',  ( 1.000000000000000000, 0.000000000000000000, -4.336808689942017243E-16 ) ) ;
#1473 = LINE ( 'NONE', #899, #1407 ) ;
#1474 = DIRECTION ( 'NONE',  ( -0.8486481374438910041, -0.5289577854734863749, 0.000000000000000000 ) ) ;
#1475 = ORIENTED_EDGE ( 'NONE', *, *, #366, .F. ) ;
#1476 = ORIENTED_EDGE ( 'NONE', *, *, #751, .F. ) ;
#1477 = LINE ( 'NONE', #241, #1117 ) ;
#1478 = DIRECTION ( 'NONE',  ( -1.445602896647339163E-16, 1.000000000000000000, 0.000000000000000000 ) ) ;
#1479 = ADVANCED_FACE ( 'NONE', ( #1741 ), #1507, .F. ) ;
#1480 = CYLINDRICAL_SURFACE ( 'NONE', #24, 1.000000000000000000 ) ;
#1481 = CARTESIAN_POINT ( 'NONE',  ( -10.49999999999999822, -8.499999999999998224, -6.499999999999999112 ) ) ;
#1482 = ORIENTED_EDGE ( 'NONE', *, *, #920, .T. ) ;
#1483 = EDGE_CURVE ( 'NONE', #6, #741, #1623, .T. ) ;
#1484 = ORIENTED_EDGE ( 'NONE', *, *, #1585, .T. ) ;
#1485 = FACE_OUTER_BOUND ( 'NONE', #898, .T. ) ;
#1486 = DIRECTION ( 'NONE',  ( -0.8087360843031888846, 0.5881716976750457349, 0.000000000000000000 ) ) ;
#1487 = CARTESIAN_POINT ( 'NONE',  ( -4.010944543921591610, 7.000000000000000888, -1.500000000000001332 ) ) ;
#1488 = CARTESIAN_POINT ( 'NONE',  ( -3.237775720387894740, -4.999999999999999112, 0.000000000000000000 ) ) ;
#1489 = VERTEX_POINT ( 'NONE', #259 ) ;
#1490 = EDGE_CURVE ( 'NONE', #1682, #1547, #653, .T. ) ;
#1491 = VERTEX_POINT ( 'NONE', #99 ) ;
#1492 = EDGE_CURVE ( 'NONE', #1544, #550, #670, .T. ) ;
#1493 = CARTESIAN_POINT ( 'NONE',  ( 2.750000000000007550, -6.499999999999997335, -9.000000000000000000 ) ) ;
#1494 = CIRCLE ( 'NONE', #623, 3.499999999996441513 ) ;
#1495 = VECTOR ( 'NONE', #17, 1000.000000000000000 ) ;
#1496 = CARTESIAN_POINT ( 'NONE',  ( 15.00000000000001066, -6.999999999999995559, -9.000000000000000000 ) ) ;
#1497 = VECTOR ( 'NONE', #1392, 1000.000000000000000 ) ;
#1498 = DIRECTION ( 'NONE',  ( 0.000000000000000000, -1.000000000000000000, -0.000000000000000000 ) ) ;
#1499 = LINE ( 'NONE', #549, #971 ) ;
#1500 = VECTOR ( 'NONE', #1206, 999.9999999999998863 ) ;
#1501 = ORIENTED_EDGE ( 'NONE', *, *, #146, .T. ) ;
#1502 = PRODUCT ( 'Bracket PCT', 'Bracket PCT', '', ( #1433 ) ) ;
#1503 = ORIENTED_EDGE ( 'NONE', *, *, #1021, .T. ) ;
#1504 = EDGE_CURVE ( 'NONE', #620, #612, #1336, .T. ) ;
#1505 = LINE ( 'NONE', #454, #415 ) ;
#1506 = CARTESIAN_POINT ( 'NONE',  ( 9.000000000000003553, -6.499999999999995559, 1.500000000000000000 ) ) ;
#1507 = PLANE ( 'NONE',  #1176 ) ;
#1508 = DIRECTION ( 'NONE',  ( -0.000000000000000000, -1.000000000000000000, -0.000000000000000000 ) ) ;
#1509 = EDGE_LOOP ( 'NONE', ( #835, #326, #1685, #1577 ) ) ;
#1510 = ORIENTED_EDGE ( 'NONE', *, *, #287, .F. ) ;
#1511 = DIRECTION ( 'NONE',  ( 0.5881716976750462900, -0.8087360843031884405, 0.000000000000000000 ) ) ;
#1512 = EDGE_CURVE ( 'NONE', #933, #885, #1766, .T. ) ;
#1513 = VECTOR ( 'NONE', #244, 1000.000000000000000 ) ;
#1514 = EDGE_CURVE ( 'NONE', #429, #1682, #799, .T. ) ;
#1515 = PLANE ( 'NONE',  #1745 ) ;
#1516 = FACE_OUTER_BOUND ( 'NONE', #262, .T. ) ;
#1517 = CARTESIAN_POINT ( 'NONE',  ( -9.333809621030937365, -6.399999999999995914, -3.000000000000000000 ) ) ;
#1518 = ORIENTED_EDGE ( 'NONE', *, *, #949, .T. ) ;
#1519 = VERTEX_POINT ( 'NONE', #393 ) ;
#1520 = CARTESIAN_POINT ( 'NONE',  ( -6.000000000000000000, 8.500000000000000000, 1.500000000000000000 ) ) ;
#1521 = FACE_OUTER_BOUND ( 'NONE', #1509, .T. ) ;
#1522 = VECTOR ( 'NONE', #373, 1000.000000000000000 ) ;
#1523 = DIRECTION ( 'NONE',  ( -0.8087360843031885516, -0.5881716976750461789, 0.000000000000000000 ) ) ;
#1524 = LINE ( 'NONE', #953, #581 ) ;
#1525 = EDGE_LOOP ( 'NONE', ( #1129, #579, #1170, #1643, #907, #523, #1518, #378, #1199, #582, #1542, #788 ) ) ;
#1526 = CIRCLE ( 'NONE', #1747, 1.499999999998141709 ) ;
#1527 = CC_DESIGN_APPROVAL ( #82, ( #283 ) ) ;
#1528 = ORIENTED_EDGE ( 'NONE', *, *, #1160, .T. ) ;
#1529 = CARTESIAN_POINT ( 'NONE',  ( 3.419606179646644595, -6.500000000000004441, 8.745850907426369503 ) ) ;
#1530 = CARTESIAN_POINT ( 'NONE',  ( 5.000000000000000000, -6.500000000000004441, 1.499999999999999556 ) ) ;
#1531 = CARTESIAN_POINT ( 'NONE',  ( -2.749999999999998224, -6.499999999999999112, -9.000000000000000000 ) ) ;
#1532 = CARTESIAN_POINT ( 'NONE',  ( -10.49999999999999822, -6.999999999999995559, -6.499999999999999112 ) ) ;
#1533 = VERTEX_POINT ( 'NONE', #924 ) ;
#1534 = ADVANCED_FACE ( 'NONE', ( #952 ), #1480, .T. ) ;
#1535 = ORIENTED_EDGE ( 'NONE', *, *, #1719, .F. ) ;
#1536 = EDGE_CURVE ( 'NONE', #429, #642, #676, .T. ) ;
#1537 = CARTESIAN_POINT ( 'NONE',  ( 8.550018332220687967E-13, -6.500000000000005329, 8.000000000003559819 ) ) ;
#1538 = ORIENTED_EDGE ( 'NONE', *, *, #1049, .T. ) ;
#1539 = CARTESIAN_POINT ( 'NONE',  ( -13.05182702702702890, 4.992237837837834036, -2.499999999999994671 ) ) ;
#1540 = LINE ( 'NONE', #1561, #536 ) ;
#1541 = LINE ( 'NONE', #1426, #279 ) ;
#1542 = ORIENTED_EDGE ( 'NONE', *, *, #213, .T. ) ;
#1543 = PLANE ( 'NONE',  #450 ) ;
#1544 = VERTEX_POINT ( 'NONE', #368 ) ;
#1545 = EDGE_CURVE ( 'NONE', #1262, #860, #1540, .T. ) ;
#1546 = DIRECTION ( 'NONE',  ( -0.000000000000000000, -0.000000000000000000, -1.000000000000000000 ) ) ;
#1547 = VERTEX_POINT ( 'NONE', #1141 ) ;
#1548 = LINE ( 'NONE', #9, #1296 ) ;
#1549 = CARTESIAN_POINT ( 'NONE',  ( -10.49999999999999822, 8.501000000000002998, -2.499999999999995115 ) ) ;
#1550 = DIRECTION ( 'NONE',  ( 0.000000000000000000, 0.000000000000000000, -1.000000000000000000 ) ) ;
#1551 = VERTEX_POINT ( 'NONE', #849 ) ;
#1552 = CIRCLE ( 'NONE', #1174, 3.499999999996441513 ) ;
#1553 = CARTESIAN_POINT ( 'NONE',  ( 0.5289577854734858198, 4.829696521406098064, -3.500000000000001332 ) ) ;
#1554 = VECTOR ( 'NONE', #247, 1000.000000000000000 ) ;
#1555 = ORIENTED_EDGE ( 'NONE', *, *, #1504, .T. ) ;
#1556 = AXIS2_PLACEMENT_3D ( 'NONE', #818, #1197, #504 ) ;
#1557 = DIRECTION ( 'NONE',  ( 1.445602896647339163E-16, -1.000000000000000000, 0.000000000000000000 ) ) ;
#1558 = EDGE_CURVE ( 'NONE', #885, #758, #1240, .T. ) ;
#1559 = ORIENTED_EDGE ( 'NONE', *, *, #1673, .T. ) ;
#1560 = DIRECTION ( 'NONE',  ( -0.000000000000000000, -0.000000000000000000, -1.000000000000000000 ) ) ;
#1561 = CARTESIAN_POINT ( 'NONE',  ( -10.49999999999999822, -6.999999999999999112, -2.499999999999995115 ) ) ;
#1562 = DIRECTION ( 'NONE',  ( -1.000000000000000000, -5.478074134663600261E-16, -0.000000000000000000 ) ) ;
#1563 = ORIENTED_EDGE ( 'NONE', *, *, #1449, .F. ) ;
#1564 = DIRECTION ( 'NONE',  ( 0.000000000000000000, 0.000000000000000000, -1.000000000000000000 ) ) ;
#1565 = ORIENTED_EDGE ( 'NONE', *, *, #45, .T. ) ;
#1566 = EDGE_CURVE ( 'NONE', #1034, #1114, #427, .T. ) ;
#1567 = EDGE_LOOP ( 'NONE', ( #1501, #658, #689, #1538, #826, #459, #647, #22, #515, #1266, #1010, #946 ) ) ;
#1568 = LINE ( 'NONE', #30, #1495 ) ;
#1569 = CARTESIAN_POINT ( 'NONE',  ( -9.333809621030937365, -6.999999999999995559, -4.000000000000000000 ) ) ;
#1570 = DIRECTION ( 'NONE',  ( 0.8087360843031887736, -0.5881716976750458459, 0.000000000000000000 ) ) ;
#1571 = ORIENTED_EDGE ( 'NONE', *, *, #176, .F. ) ;
#1572 = CARTESIAN_POINT ( 'NONE',  ( -15.00000000000000000, -8.499999999999998224, 1.500000000000000000 ) ) ;
#1573 = ORIENTED_EDGE ( 'NONE', *, *, #1122, .T. ) ;
#1574 = DIRECTION ( 'NONE',  ( -0.000000000000000000, -1.000000000000000000, -0.000000000000000000 ) ) ;
#1575 = VERTEX_POINT ( 'NONE', #42 ) ;
#1576 = CARTESIAN_POINT ( 'NONE',  ( -15.00000000000000000, -8.499999999999998224, 1.500000000000000000 ) ) ;
#1577 = ORIENTED_EDGE ( 'NONE', *, *, #1099, .T. ) ;
#1578 = VECTOR ( 'NONE', #1009, 1000.000000000000000 ) ;
#1579 = VECTOR ( 'NONE', #1293, 1000.000000000000000 ) ;
#1580 = VECTOR ( 'NONE', #1609, 1000.000000000000000 ) ;
#1581 = FACE_OUTER_BOUND ( 'NONE', #942, .T. ) ;
#1582 = DIRECTION ( 'NONE',  ( 0.000000000000000000, 0.5144957554275263467, 0.8574929257125442073 ) ) ;
#1583 = ORIENTED_EDGE ( 'NONE', *, *, #126, .T. ) ;
#1584 = VECTOR ( 'NONE', #1241, 1000.000000000000000 ) ;
#1585 = EDGE_CURVE ( 'NONE', #1139, #50, #1662, .T. ) ;
#1586 = DIRECTION ( 'NONE',  ( 1.652117596168387263E-16, -0.000000000000000000, 1.000000000000000000 ) ) ;
#1587 = LINE ( 'NONE', #915, #1143 ) ;
#1588 = ORIENTED_EDGE ( 'NONE', *, *, #957, .T. ) ;
#1589 = CARTESIAN_POINT ( 'NONE',  ( -15.00000000000000000, -8.499999999999998224, -9.000000000000000000 ) ) ;
#1590 = DIRECTION ( 'NONE',  ( 0.000000000000000000, 0.5144957554275263467, 0.8574929257125442073 ) ) ;
#1591 = PLANE ( 'NONE',  #88 ) ;
#1592 = CARTESIAN_POINT ( 'NONE',  ( 15.00000000000000355, -6.499999999999995559, 0.000000000000000000 ) ) ;
#1593 = VERTEX_POINT ( 'NONE', #1403 ) ;
#1594 = VERTEX_POINT ( 'NONE', #1103 ) ;
#1595 = DIRECTION ( 'NONE',  ( -0.000000000000000000, -1.000000000000000000, -0.000000000000000000 ) ) ;
#1596 = PERSON_AND_ORGANIZATION ( #615, #566 ) ;
#1597 = PLANE ( 'NONE',  #1259 ) ;
#1598 = DIRECTION ( 'NONE',  ( 0.000000000000000000, -0.000000000000000000, -1.000000000000000000 ) ) ;
#1599 = DIRECTION ( 'NONE',  ( -0.8087360843031888846, 0.5881716976750457349, -0.000000000000000000 ) ) ;
#1600 = ORIENTED_EDGE ( 'NONE', *, *, #668, .F. ) ;
#1601 = ORIENTED_EDGE ( 'NONE', *, *, #1769, .F. ) ;
#1602 = VECTOR ( 'NONE', #376, 1000.000000000000000 ) ;
#1603 = DIRECTION ( 'NONE',  ( -1.000000000000000000, 0.000000000000000000, 0.000000000000000000 ) ) ;
#1604 = EDGE_CURVE ( 'NONE', #1738, #402, #179, .T. ) ;
#1605 = AXIS2_PLACEMENT_3D ( 'NONE', #192, #1011, #1092 ) ;
#1606 = APPROVAL_PERSON_ORGANIZATION ( #1596, #1458, #233 ) ;
#1607 = CARTESIAN_POINT ( 'NONE',  ( -2.749999999999998224, -6.499999999999999112, -9.000000000000000000 ) ) ;
#1608 = EDGE_CURVE ( 'NONE', #559, #721, #1112, .T. ) ;
#1609 = DIRECTION ( 'NONE',  ( 1.000000000000000000, 0.000000000000000000, 0.000000000000000000 ) ) ;
#1610 = CARTESIAN_POINT ( 'NONE',  ( 4.010944543921591610, 7.000000000000000888, -3.500000000000001332 ) ) ;
#1611 = EDGE_LOOP ( 'NONE', ( #1724, #219, #306, #1618, #981, #1291, #1105, #145, #288, #403, #1179, #338 ) ) ;
#1612 = VERTEX_POINT ( 'NONE', #143 ) ;
#1613 = DIRECTION ( 'NONE',  ( -1.000000000000000000, 0.000000000000000000, -0.000000000000000000 ) ) ;
#1614 = CARTESIAN_POINT ( 'NONE',  ( 9.000000000000003553, -6.499999999999995559, 1.500000000000000000 ) ) ;
#1615 = EDGE_CURVE ( 'NONE', #384, #1625, #284, .T. ) ;
#1616 = CARTESIAN_POINT ( 'NONE',  ( -4.010944543921591610, 7.000000000000000888, -3.500000000000001332 ) ) ;
#1617 = LINE ( 'NONE', #108, #1462 ) ;
#1618 = ORIENTED_EDGE ( 'NONE', *, *, #457, .T. ) ;
#1619 = EDGE_CURVE ( 'NONE', #1139, #1547, #169, .T. ) ;
#1620 = EDGE_LOOP ( 'NONE', ( #1708, #387, #1116, #564 ) ) ;
#1621 = LINE ( 'NONE', #355, #1031 ) ;
#1622 = DIRECTION ( 'NONE',  ( 1.000000000000000000, 0.000000000000000000, 0.000000000000000000 ) ) ;
#1623 = LINE ( 'NONE', #243, #1632 ) ;
#1624 = CARTESIAN_POINT ( 'NONE',  ( 9.333809621030942694, -6.999999999999995559, -3.000000000000000000 ) ) ;
#1625 = VERTEX_POINT ( 'NONE', #1667 ) ;
#1626 = EDGE_CURVE ( 'NONE', #750, #1371, #409, .T. ) ;
#1627 = ORIENTED_EDGE ( 'NONE', *, *, #892, .T. ) ;
#1628 = CARTESIAN_POINT ( 'NONE',  ( -10.49999999999999289, -6.500000000000000888, -6.499999999999999112 ) ) ;
#1629 = VECTOR ( 'NONE', #798, 1000.000000000000000 ) ;
#1630 = AXIS2_PLACEMENT_3D ( 'NONE', #1576, #1463, #336 ) ;
#1631 = CARTESIAN_POINT ( 'NONE',  ( 6.000000000000000000, 7.000000000000000888, 0.000000000000000000 ) ) ;
#1632 = VECTOR ( 'NONE', #267, 1000.000000000000114 ) ;
#1633 = PLANE ( 'NONE',  #945 ) ;
#1634 = DIRECTION ( 'NONE',  ( -0.000000000000000000, -0.000000000000000000, -1.000000000000000000 ) ) ;
#1635 = EDGE_LOOP ( 'NONE', ( #1674, #474, #1200, #1704 ) ) ;
#1636 = ORIENTED_EDGE ( 'NONE', *, *, #1000, .T. ) ;
#1637 = CARTESIAN_POINT ( 'NONE',  ( -10.49999999999999822, -6.999999999999999112, -2.499999999999995115 ) ) ;
#1638 = ADVANCED_FACE ( 'NONE', ( #1687 ), #11, .F. ) ;
#1639 = DIRECTION ( 'NONE',  ( -0.8486481374438910041, -0.5289577854734863749, 0.000000000000000000 ) ) ;
#1640 = CARTESIAN_POINT ( 'NONE',  ( -6.000000000000000000, 7.000000000000000888, 0.000000000000000000 ) ) ;
#1641 = LINE ( 'NONE', #12, #481 ) ;
#1642 = ORIENTED_EDGE ( 'NONE', *, *, #1201, .F. ) ;
#1643 = ORIENTED_EDGE ( 'NONE', *, *, #466, .T. ) ;
#1644 = CARTESIAN_POINT ( 'NONE',  ( 0.5289577854734858198, 4.829696521406098064, -2.000000000000001332 ) ) ;
#1645 = EDGE_CURVE ( 'NONE', #1594, #1038, #548, .T. ) ;
#1646 = DIRECTION ( 'NONE',  ( 0.000000000000000000, -0.000000000000000000, -1.000000000000000000 ) ) ;
#1647 = DIRECTION ( 'NONE',  ( -3.718782771793966282E-16, -0.5144957554275263467, -0.8574929257125442073 ) ) ;
#1648 = LINE ( 'NONE', #1760, #434 ) ;
#1649 = ORIENTED_EDGE ( 'NONE', *, *, #1359, .T. ) ;
#1650 = EDGE_LOOP ( 'NONE', ( #655, #253, #1696, #343 ) ) ;
#1651 = CARTESIAN_POINT ( 'NONE',  ( -2.749999999999998224, -6.499999999999999112, -6.499999999999999112 ) ) ;
#1652 = AXIS2_PLACEMENT_3D ( 'NONE', #225, #1149, #1752 ) ;
#1653 = EDGE_CURVE ( 'NONE', #1237, #1738, #1387, .T. ) ;
#1654 = DIRECTION ( 'NONE',  ( 0.8087360843031884405, 0.5881716976750462900, -0.000000000000000000 ) ) ;
#1655 = ORIENTED_EDGE ( 'NONE', *, *, #366, .T. ) ;
#1656 = VECTOR ( 'NONE', #1124, 1000.000000000000000 ) ;
#1657 = CARTESIAN_POINT ( 'NONE',  ( 10.50000000000000178, -6.999999999999995559, -6.499999999999999112 ) ) ;
#1658 = LINE ( 'NONE', #180, #769 ) ;
#1659 = ORIENTED_EDGE ( 'NONE', *, *, #1058, .F. ) ;
#1660 = CIRCLE ( 'NONE', #708, 1.499999999998141487 ) ;
#1661 = EDGE_CURVE ( 'NONE', #666, #47, #438, .T. ) ;
#1662 = CIRCLE ( 'NONE', #172, 1.000000000000000000 ) ;
#1663 = ORIENTED_EDGE ( 'NONE', *, *, #1061, .T. ) ;
#1664 = CARTESIAN_POINT ( 'NONE',  ( 5.987775720387904954, -6.999999999999995559, -2.499999999999996891 ) ) ;
#1665 = ORIENTED_EDGE ( 'NONE', *, *, #1459, .T. ) ;
#1666 = CARTESIAN_POINT ( 'NONE',  ( -6.000000000000000000, 8.500000000000000000, 1.500000000000000000 ) ) ;
#1667 = CARTESIAN_POINT ( 'NONE',  ( 8.550018332220687967E-13, -8.499999999999998224, 6.500000000005417888 ) ) ;
#1668 = DIRECTION ( 'NONE',  ( -1.000000000000000000, 0.000000000000000000, 0.000000000000000000 ) ) ;
#1669 = ORIENTED_EDGE ( 'NONE', *, *, #661, .T. ) ;
#1670 = ADVANCED_FACE ( 'NONE', ( #693 ), #291, .F. ) ;
#1671 = CC_DESIGN_PERSON_AND_ORGANIZATION_ASSIGNMENT ( #780, #356, ( #1502 ) ) ;
#1672 = CARTESIAN_POINT ( 'NONE',  ( 2.463828613692079283, -6.500000000000004441, 13.12793697634128876 ) ) ;
#1673 = EDGE_CURVE ( 'NONE', #1262, #352, #1393, .T. ) ;
#1674 = ORIENTED_EDGE ( 'NONE', *, *, #1201, .T. ) ;
#1675 = FACE_OUTER_BOUND ( 'NONE', #1435, .T. ) ;
#1676 = CARTESIAN_POINT ( 'NONE',  ( 3.237775720387906286, -4.999999999999999112, -9.000000000000000000 ) ) ;
#1677 = CARTESIAN_POINT ( 'NONE',  ( -1.565565654620673319, -3.783847224896564665, -6.499999999999999112 ) ) ;
#1678 = CARTESIAN_POINT ( 'NONE',  ( 4.010944543921591610, 7.000000000000000888, -1.500000000000001332 ) ) ;
#1679 = DIRECTION ( 'NONE',  ( 0.000000000000000000, 0.000000000000000000, -1.000000000000000000 ) ) ;
#1680 = ORIENTED_EDGE ( 'NONE', *, *, #1102, .F. ) ;
#1681 = DIRECTION ( 'NONE',  ( 0.8087360843031884405, 0.5881716976750462900, 0.000000000000000000 ) ) ;
#1682 = VERTEX_POINT ( 'NONE', #1278 ) ;
#1683 = CARTESIAN_POINT ( 'NONE',  ( 5.500000000000007994, -8.499999999999994671, -2.499999999999995115 ) ) ;
#1684 = APPROVAL_STATUS ( 'not_yet_approved' ) ;
#1685 = ORIENTED_EDGE ( 'NONE', *, *, #389, .T. ) ;
#1686 = CARTESIAN_POINT ( 'NONE',  ( -5.987775720387894296, -6.999999999999999112, -6.499999999999999112 ) ) ;
#1687 = FACE_OUTER_BOUND ( 'NONE', #136, .T. ) ;
#1688 = LINE ( 'NONE', #1142, #1295 ) ;
#1689 = ORIENTED_EDGE ( 'NONE', *, *, #354, .T. ) ;
#1690 = VECTOR ( 'NONE', #966, 1000.000000000000000 ) ;
#1691 = FACE_OUTER_BOUND ( 'NONE', #1620, .T. ) ;
#1692 = VECTOR ( 'NONE', #307, 1000.000000000000000 ) ;
#1693 = VERTEX_POINT ( 'NONE', #1268 ) ;
#1694 = AXIS2_PLACEMENT_3D ( 'NONE', #197, #487, #1700 ) ;
#1695 = DATE_TIME_ROLE ( 'classification_date' ) ;
#1696 = ORIENTED_EDGE ( 'NONE', *, *, #1608, .F. ) ;
#1697 = CARTESIAN_POINT ( 'NONE',  ( -10.49999999999999822, -6.999999999999999112, -6.499999999999999112 ) ) ;
#1698 = ADVANCED_FACE ( 'NONE', ( #32 ), #159, .F. ) ;
#1699 = AXIS2_PLACEMENT_3D ( 'NONE', #830, #1107, #552 ) ;
#1700 = DIRECTION ( 'NONE',  ( 1.000000000000000000, 0.000000000000000000, 0.000000000000000000 ) ) ;
#1701 = CARTESIAN_POINT ( 'NONE',  ( 10.50000000000000178, 8.501000000000002998, -6.499999999999999112 ) ) ;
#1702 = ORIENTED_EDGE ( 'NONE', *, *, #927, .T. ) ;
#1703 = LINE ( 'NONE', #464, #1323 ) ;
#1704 = ORIENTED_EDGE ( 'NONE', *, *, #1189, .F. ) ;
#1705 = EDGE_CURVE ( 'NONE', #1491, #954, #1123, .T. ) ;
#1706 = DIRECTION ( 'NONE',  ( 0.000000000000000000, -0.000000000000000000, -1.000000000000000000 ) ) ;
#1707 = CARTESIAN_POINT ( 'NONE',  ( -5.987775720387894296, -6.999999999999999112, 0.000000000000000000 ) ) ;
#1708 = ORIENTED_EDGE ( 'NONE', *, *, #697, .F. ) ;
#1709 = FACE_BOUND ( 'NONE', #34, .T. ) ;
#1710 = EDGE_LOOP ( 'NONE', ( #1280, #199, #1390, #1588, #525 ) ) ;
#1711 = ADVANCED_FACE ( 'NONE', ( #636 ), #1052, .T. ) ;
#1712 = FACE_OUTER_BOUND ( 'NONE', #1650, .T. ) ;
#1713 = CARTESIAN_POINT ( 'NONE',  ( 8.551855302419407353E-13, 1.500000000000001332, 9.500000000001701750 ) ) ;
#1714 = VERTEX_POINT ( 'NONE', #341 ) ;
#1715 = DIRECTION ( 'NONE',  ( 0.2131002592640975635, 0.000000000000000000, 0.9770303370425987843 ) ) ;
#1716 = CARTESIAN_POINT ( 'NONE',  ( 4.010944543921591610, 7.000000000000000888, -3.500000000000001332 ) ) ;
#1717 = EDGE_LOOP ( 'NONE', ( #216, #801, #543, #557, #1379, #1689, #1728 ) ) ;
#1718 = AXIS2_PLACEMENT_3D ( 'NONE', #1196, #912, #72 ) ;
#1719 = EDGE_CURVE ( 'NONE', #1533, #363, #1168, .T. ) ;
#1720 = VECTOR ( 'NONE', #1715, 1000.000000000000114 ) ;
#1721 = AXIS2_PLACEMENT_3D ( 'NONE', #770, #1043, #1706 ) ;
#1722 = AXIS2_PLACEMENT_3D ( 'NONE', #222, #1187, #79 ) ;
#1723 = DIRECTION ( 'NONE',  ( -0.000000000000000000, 0.000000000000000000, -1.000000000000000000 ) ) ;
#1724 = ORIENTED_EDGE ( 'NONE', *, *, #934, .T. ) ;
#1725 = VECTOR ( 'NONE', #1546, 1000.000000000000000 ) ;
#1726 = LINE ( 'NONE', #217, #857 ) ;
#1727 = CARTESIAN_POINT ( 'NONE',  ( -0.6833081081081062713, -4.996951351351351711, -6.499999999999999112 ) ) ;
#1728 = ORIENTED_EDGE ( 'NONE', *, *, #989, .F. ) ;
#1729 = ADVANCED_FACE ( 'NONE', ( #496 ), #1302, .F. ) ;
#1730 = ORIENTED_EDGE ( 'NONE', *, *, #714, .T. ) ;
#1731 = LINE ( 'NONE', #1211, #627 ) ;
#1732 = DIRECTION ( 'NONE',  ( -0.000000000000000000, 0.000000000000000000, 1.000000000000000000 ) ) ;
#1733 = LINE ( 'NONE', #637, #507 ) ;
#1734 = PLANE ( 'NONE',  #1235 ) ;
#1735 = DIRECTION ( 'NONE',  ( -1.000000000000000000, 0.000000000000000000, -0.000000000000000000 ) ) ;
#1736 = ORIENTED_EDGE ( 'NONE', *, *, #965, .F. ) ;
#1737 = ADVANCED_FACE ( 'NONE', ( #1712 ), #745, .F. ) ;
#1738 = VERTEX_POINT ( 'NONE', #1177 ) ;
#1739 = CARTESIAN_POINT ( 'NONE',  ( -0.5289577854734869300, 4.829696521406098064, -2.000000000000001332 ) ) ;
#1740 = CARTESIAN_POINT ( 'NONE',  ( -15.00000000000000000, -6.999999999999999112, -9.000000000000000000 ) ) ;
#1741 = FACE_OUTER_BOUND ( 'NONE', #1762, .T. ) ;
#1742 = FACE_OUTER_BOUND ( 'NONE', #1635, .T. ) ;
#1743 = ORIENTED_EDGE ( 'NONE', *, *, #909, .T. ) ;
#1744 = ORIENTED_EDGE ( 'NONE', *, *, #531, .T. ) ;
#1745 = AXIS2_PLACEMENT_3D ( 'NONE', #1506, #141, #1077 ) ;
#1746 = CARTESIAN_POINT ( 'NONE',  ( -10.49999999999999822, -6.999999999999999112, -3.000000000000000000 ) ) ;
#1747 = AXIS2_PLACEMENT_3D ( 'NONE', #848, #606, #62 ) ;
#1748 = LOCAL_TIME ( 17, 23, 21.00000000000000000, #467 ) ;
#1749 = EDGE_CURVE ( 'NONE', #632, #870, #896, .T. ) ;
#1750 = CARTESIAN_POINT ( 'NONE',  ( 5.987775720387904954, -6.999999999999995559, -9.000000000000000000 ) ) ;
#1751 = FACE_OUTER_BOUND ( 'NONE', #58, .T. ) ;
#1752 = DIRECTION ( 'NONE',  ( -0.2131002592638759074, 0.000000000000000000, 0.9770303370426473011 ) ) ;
#1753 = ORIENTED_EDGE ( 'NONE', *, *, #1749, .F. ) ;
#1754 = CLOSED_SHELL ( 'NONE', ( #1440, #71, #1383, #265, #68, #524, #418, #796, #519, #1737, #1670, #1171, #1375, #1213, #1225, #739, #1307, #102, #7, #681, #614, #1757, #125, #1711, #252, #562, #875, #1366, #710, #844, #48, #1039, #883, #1041, #1534, #817, #1479, #1272, #1424, #1180, #1456, #1698, #1729, #1167, #257, #603, #1297, #1638, #405, #607, #837, #1438 ) ) ;
#1755 = EDGE_LOOP ( 'NONE', ( #330, #370, #238, #1565 ) ) ;
#1756 = CARTESIAN_POINT ( 'NONE',  ( -3.237775720387894740, -4.999999999999999112, 0.000000000000000000 ) ) ;
#1757 = ADVANCED_FACE ( 'NONE', ( #1581 ), #1032, .T. ) ;
#1758 = LINE ( 'NONE', #1071, #1085 ) ;
#1759 = LINE ( 'NONE', #1776, #775 ) ;
#1760 = CARTESIAN_POINT ( 'NONE',  ( -5.000000000000000000, -8.500000000000003553, 1.500000000000000000 ) ) ;
#1761 = EDGE_LOOP ( 'NONE', ( #1659, #1736, #81, #1224, #1655, #626 ) ) ;
#1762 = EDGE_LOOP ( 'NONE', ( #204, #1258, #572, #1482 ) ) ;
#1763 = DIRECTION ( 'NONE',  ( -0.7984156729482191350, 0.000000000000000000, -0.6021066460276307541 ) ) ;
#1764 = DIRECTION ( 'NONE',  ( 0.000000000000000000, -1.000000000000000000, 0.000000000000000000 ) ) ;
#1765 = EDGE_CURVE ( 'NONE', #360, #455, #762, .T. ) ;
#1766 = LINE ( 'NONE', #528, #391 ) ;
#1767 = DIRECTION ( 'NONE',  ( -0.000000000000000000, -0.000000000000000000, -1.000000000000000000 ) ) ;
#1768 = VERTEX_POINT ( 'NONE', #754 ) ;
#1769 = EDGE_CURVE ( 'NONE', #396, #620, #469, .T. ) ;
#1770 = ORIENTED_EDGE ( 'NONE', *, *, #970, .F. ) ;
#1771 = CARTESIAN_POINT ( 'NONE',  ( -4.336808689942017736E-16, 5.678344658849990623, -3.500000000000001332 ) ) ;
#1772 = AXIS2_PLACEMENT_3D ( 'NONE', #1434, #311, #1570 ) ;
#1773 = AXIS2_PLACEMENT_3D ( 'NONE', #956, #727, #390 ) ;
#1774 = CARTESIAN_POINT ( 'NONE',  ( -5.987775720387894296, -6.999999999999999112, -9.000000000000000000 ) ) ;
#1775 = VECTOR ( 'NONE', #995, 1000.000000000000000 ) ;
#1776 = CARTESIAN_POINT ( 'NONE',  ( -9.000000000000000000, -6.499999999999999112, 0.000000000000000000 ) ) ;
#1777 = DIRECTION ( 'NONE',  ( -0.000000000000000000, -0.000000000000000000, 1.000000000000000000 ) ) ;
#1778 = ORIENTED_EDGE ( 'NONE', *, *, #1309, .T. ) ;
#1779 = EDGE_CURVE ( 'NONE', #1144, #363, #1289, .T. ) ;
#1780 = ORIENTED_EDGE ( 'NONE', *, *, #1619, .F. ) ;
#1781 = VECTOR ( 'NONE', #1319, 1000.000000000000000 ) ;
ENDSEC;
END-ISO-10303-21;
