ISO-10303-21;
HEADER;
FILE_DESCRIPTION (( 'STEP AP203' ),
    '1' );
FILE_NAME ('PCT-22X.STEP',
    '2022-01-24T22:32:06',
    ( '' ),
    ( '' ),
    'SwSTEP 2.0',
    'SolidWorks 2019',
    '' );
FILE_SCHEMA (( 'CONFIG_CONTROL_DESIGN' ));
ENDSEC;

DATA;
#1 = CARTESIAN_POINT ( 'NONE',  ( 19.18474130336028693, 4.618222011239901725, -14.60253455381901233 ) ) ;
#2 = CARTESIAN_POINT ( 'NONE',  ( 11.50000000000000000, 7.500000000000001776, 7.499999999999998224 ) ) ;
#3 = EDGE_LOOP ( 'NONE', ( #1423, #2005, #3068, #2778 ) ) ;
#4 = EDGE_CURVE ( 'NONE', #1446, #2461, #1614, .T. ) ;
#5 = EDGE_CURVE ( 'NONE', #119, #2517, #1514, .T. ) ;
#6 = CIRCLE ( 'NONE', #3030, 1.000000000000000888 ) ;
#7 = AXIS2_PLACEMENT_3D ( 'NONE', #401, #1780, #1518 ) ;
#8 = FACE_OUTER_BOUND ( 'NONE', #1227, .T. ) ;
#9 = DIRECTION ( 'NONE',  ( 1.000000000000000000, 0.000000000000000000, 0.000000000000000000 ) ) ;
#10 = AXIS2_PLACEMENT_3D ( 'NONE', #944, #2795, #96 ) ;
#11 = EDGE_LOOP ( 'NONE', ( #2175, #2854, #1196, #509, #531, #700, #141, #2199, #47 ) ) ;
#12 = EDGE_CURVE ( 'NONE', #1858, #1260, #2393, .T. ) ;
#13 = LINE ( 'NONE', #3211, #1289 ) ;
#14 = AXIS2_PLACEMENT_3D ( 'NONE', #671, #3014, #1212 ) ;
#15 = DIRECTION ( 'NONE',  ( -1.000000000000000000, -2.312964634635743450E-16, -0.000000000000000000 ) ) ;
#16 = FACE_OUTER_BOUND ( 'NONE', #597, .T. ) ;
#17 = AXIS2_PLACEMENT_3D ( 'NONE', #2906, #1043, #488 ) ;
#18 = DIRECTION ( 'NONE',  ( -1.000000000000000000, 0.000000000000000000, 0.000000000000000000 ) ) ;
#19 = ORIENTED_EDGE ( 'NONE', *, *, #1962, .F. ) ;
#20 = CARTESIAN_POINT ( 'NONE',  ( 19.83361786177189501, 3.681892833670854515, 27.60253455381900878 ) ) ;
#21 = CARTESIAN_POINT ( 'NONE',  ( -18.50000000000000000, 3.806999531835308481, 13.00000000000000000 ) ) ;
#22 = DIRECTION ( 'NONE',  ( -0.000000000000000000, -0.000000000000000000, 1.000000000000000000 ) ) ;
#23 = CYLINDRICAL_SURFACE ( 'NONE', #793, 1.000000000000000000 ) ;
#24 = CARTESIAN_POINT ( 'NONE',  ( -11.50000000000000000, 7.499999999999998224, 0.000000000000000000 ) ) ;
#25 = EDGE_CURVE ( 'NONE', #3319, #1931, #13, .T. ) ;
#26 = ORIENTED_EDGE ( 'NONE', *, *, #1516, .T. ) ;
#27 = VERTEX_POINT ( 'NONE', #2963 ) ;
#28 = DIRECTION ( 'NONE',  ( 1.000000000000000000, 0.000000000000000000, -1.134601908303326434E-16 ) ) ;
#29 = DIRECTION ( 'NONE',  ( -4.336808689942018722E-16, 1.000000000000000000, 0.000000000000000000 ) ) ;
#30 = PERSON_AND_ORGANIZATION_ROLE ( 'classification_officer' ) ;
#31 = CARTESIAN_POINT ( 'NONE',  ( 18.85112344158839548, 4.743328709404359245, 1.499999999999996225 ) ) ;
#32 = EDGE_LOOP ( 'NONE', ( #2608, #2018, #2303, #2068 ) ) ;
#33 = ADVANCED_FACE ( 'NONE', ( #780 ), #1629, .F. ) ;
#34 = DIRECTION ( 'NONE',  ( -0.000000000000000000, 1.000000000000000000, -0.000000000000000000 ) ) ;
#35 = LINE ( 'NONE', #2207, #791 ) ;
#36 = CARTESIAN_POINT ( 'NONE',  ( -4.663883377995690971, 7.500000000000001776, 10.90000000000000036 ) ) ;
#37 = CARTESIAN_POINT ( 'NONE',  ( 18.85112344158839193, 4.743328709404353027, 0.000000000000000000 ) ) ;
#38 = VERTEX_POINT ( 'NONE', #3423 ) ;
#39 = LINE ( 'NONE', #1138, #2188 ) ;
#40 = CARTESIAN_POINT ( 'NONE',  ( -18.50000000000000000, 3.806999531835308481, 0.000000000000000000 ) ) ;
#41 = CYLINDRICAL_SURFACE ( 'NONE', #1476, 1.000000000000000888 ) ;
#42 = ADVANCED_FACE ( 'NONE', ( #1861 ), #1912, .T. ) ;
#43 = EDGE_CURVE ( 'NONE', #38, #3438, #2702, .T. ) ;
#44 = ORIENTED_EDGE ( 'NONE', *, *, #989, .T. ) ;
#45 = DIRECTION ( 'NONE',  ( 1.156482317317871725E-16, 0.000000000000000000, 1.000000000000000000 ) ) ;
#46 = APPLICATION_CONTEXT ( 'configuration controlled 3d designs of mechanical parts and assemblies' ) ;
#47 = ORIENTED_EDGE ( 'NONE', *, *, #68, .T. ) ;
#48 = ORIENTED_EDGE ( 'NONE', *, *, #1231, .F. ) ;
#49 = CIRCLE ( 'NONE', #2023, 1.999999999999999112 ) ;
#50 = CARTESIAN_POINT ( 'NONE',  ( 4.500000000000000000, 0.4999999999999970024, 2.000000000000000000 ) ) ;
#51 = DIRECTION ( 'NONE',  ( 0.000000000000000000, 1.000000000000000000, 0.000000000000000000 ) ) ;
#52 = CIRCLE ( 'NONE', #1573, 1.000000000000000888 ) ;
#53 = ORIENTED_EDGE ( 'NONE', *, *, #1981, .T. ) ;
#54 = DIRECTION ( 'NONE',  ( 0.000000000000000000, -0.000000000000000000, -1.000000000000000000 ) ) ;
#55 = VECTOR ( 'NONE', #114, 1000.000000000000000 ) ;
#56 = CARTESIAN_POINT ( 'NONE',  ( -4.499999999999993783, -3.499999999999996003, 8.999999999999998224 ) ) ;
#57 = ORIENTED_EDGE ( 'NONE', *, *, #1344, .T. ) ;
#58 = VECTOR ( 'NONE', #922, 1000.000000000000000 ) ;
#59 = CARTESIAN_POINT ( 'NONE',  ( -4.500000000000000000, 0.4999999999999970024, 2.000000000000000000 ) ) ;
#60 = DIRECTION ( 'NONE',  ( 1.156482317317871725E-16, 0.000000000000000000, 1.000000000000000000 ) ) ;
#61 = DIRECTION ( 'NONE',  ( -1.000000000000000000, 0.000000000000000000, 0.000000000000000000 ) ) ;
#62 = VECTOR ( 'NONE', #2923, 1000.000000000000114 ) ;
#63 = VECTOR ( 'NONE', #2011, 1000.000000000000000 ) ;
#64 = VERTEX_POINT ( 'NONE', #2142 ) ;
#65 = CARTESIAN_POINT ( 'NONE',  ( -18.85112344158839193, 4.743328709404351251, 0.000000000000000000 ) ) ;
#66 = CIRCLE ( 'NONE', #1813, 1.000000000000000000 ) ;
#67 = EDGE_CURVE ( 'NONE', #2560, #424, #1102, .T. ) ;
#68 = EDGE_CURVE ( 'NONE', #1595, #2423, #3289, .T. ) ;
#69 = LINE ( 'NONE', #1730, #1405 ) ;
#70 = DIRECTION ( 'NONE',  ( 1.000000000000000000, 0.000000000000000000, -2.168404344971006896E-16 ) ) ;
#71 = EDGE_CURVE ( 'NONE', #3136, #2298, #2633, .T. ) ;
#72 = CARTESIAN_POINT ( 'NONE',  ( 11.50000000000000000, 7.500000000000001776, 5.499999999999998224 ) ) ;
#73 = CARTESIAN_POINT ( 'NONE',  ( 4.663883377995690971, 0.7529036391581562793, 5.399999999999998579 ) ) ;
#74 = VERTEX_POINT ( 'NONE', #1030 ) ;
#75 = LINE ( 'NONE', #2725, #381 ) ;
#76 = DIRECTION ( 'NONE',  ( 1.000000000000000000, 0.000000000000000000, -1.134601908303326434E-16 ) ) ;
#77 = CARTESIAN_POINT ( 'NONE',  ( -11.50000000000000000, 7.500000000000001776, 10.90000000000000036 ) ) ;
#78 = ORIENTED_EDGE ( 'NONE', *, *, #3415, .T. ) ;
#79 = CARTESIAN_POINT ( 'NONE',  ( -18.83361786177189501, 3.681892833670856291, 5.399999999999998579 ) ) ;
#80 = LINE ( 'NONE', #361, #1475 ) ;
#81 = ORIENTED_EDGE ( 'NONE', *, *, #601, .F. ) ;
#82 = EDGE_CURVE ( 'NONE', #2943, #385, #3160, .T. ) ;
#83 = CARTESIAN_POINT ( 'NONE',  ( 19.50000000000000000, -5.499999999999991118, 4.000000000000001776 ) ) ;
#84 = CYLINDRICAL_SURFACE ( 'NONE', #1413, 1.000000000000000000 ) ;
#85 = EDGE_CURVE ( 'NONE', #744, #1701, #1063, .T. ) ;
#86 = ORIENTED_EDGE ( 'NONE', *, *, #651, .T. ) ;
#87 = DIRECTION ( 'NONE',  ( 0.000000000000000000, 0.000000000000000000, -1.000000000000000000 ) ) ;
#88 = CARTESIAN_POINT ( 'NONE',  ( -18.83361786177189501, 3.681892833670855847, 7.599999999999998757 ) ) ;
#89 = ORIENTED_EDGE ( 'NONE', *, *, #1435, .F. ) ;
#90 = CARTESIAN_POINT ( 'NONE',  ( -19.50000000000000000, 7.499999999999997335, 13.00000000000000000 ) ) ;
#91 = CARTESIAN_POINT ( 'NONE',  ( 4.500000000000000000, 7.499999999999997335, 5.499999999999998224 ) ) ;
#92 = DIRECTION ( 'NONE',  ( 0.000000000000000000, 0.000000000000000000, -1.000000000000000000 ) ) ;
#93 = ORIENTED_EDGE ( 'NONE', *, *, #971, .F. ) ;
#94 = EDGE_LOOP ( 'NONE', ( #2293, #2352, #2663, #2516 ) ) ;
#95 = FACE_OUTER_BOUND ( 'NONE', #716, .T. ) ;
#96 = DIRECTION ( 'NONE',  ( 1.000000000000000000, 0.000000000000000000, -1.134601908303326434E-16 ) ) ;
#97 = ORIENTED_EDGE ( 'NONE', *, *, #610, .T. ) ;
#98 = ADVANCED_FACE ( 'NONE', ( #1705 ), #2462, .F. ) ;
#99 = DIRECTION ( 'NONE',  ( 1.000000000000000000, -0.000000000000000000, -0.000000000000000000 ) ) ;
#100 = AXIS2_PLACEMENT_3D ( 'NONE', #3316, #2775, #2981 ) ;
#101 = DIRECTION ( 'NONE',  ( 1.000000000000000000, 0.000000000000000000, -0.000000000000000000 ) ) ;
#102 = DIRECTION ( 'NONE',  ( 0.4472135954999564289, 0.8944271909999166326, -0.000000000000000000 ) ) ;
#103 = VECTOR ( 'NONE', #895, 1000.000000000000000 ) ;
#104 = EDGE_CURVE ( 'NONE', #27, #1931, #107, .T. ) ;
#105 = ORIENTED_EDGE ( 'NONE', *, *, #1886, .T. ) ;
#106 = AXIS2_PLACEMENT_3D ( 'NONE', #2858, #2894, #3110 ) ;
#107 = LINE ( 'NONE', #1118, #2075 ) ;
#108 = CARTESIAN_POINT ( 'NONE',  ( 11.50000000000000000, 7.500000000000001776, 11.49999999999999645 ) ) ;
#109 = DIRECTION ( 'NONE',  ( -0.9363291775690447682, -0.3511234415883909277, 0.000000000000000000 ) ) ;
#110 = ORIENTED_EDGE ( 'NONE', *, *, #3415, .F. ) ;
#111 = ORIENTED_EDGE ( 'NONE', *, *, #1083, .F. ) ;
#112 = AXIS2_PLACEMENT_3D ( 'NONE', #1448, #102, #635 ) ;
#113 = VECTOR ( 'NONE', #2291, 1000.000000000000000 ) ;
#114 = DIRECTION ( 'NONE',  ( 0.000000000000000000, 0.000000000000000000, 1.000000000000000000 ) ) ;
#115 = ORIENTED_EDGE ( 'NONE', *, *, #2799, .F. ) ;
#116 = CARTESIAN_POINT ( 'NONE',  ( 1.615384615384616085, -2.423076923076926015, 13.00000000000000000 ) ) ;
#117 = DIRECTION ( 'NONE',  ( 0.9363291775690445462, 0.3511234415883914828, -1.015170128481923729E-16 ) ) ;
#118 = AXIS2_PLACEMENT_3D ( 'NONE', #3222, #245, #1610 ) ;
#119 = VERTEX_POINT ( 'NONE', #1449 ) ;
#120 = CARTESIAN_POINT ( 'NONE',  ( 5.663883377995690971, 7.500000000000001776, 5.399999999999998579 ) ) ;
#121 = DIRECTION ( 'NONE',  ( -0.9138115486202572635, 0.4061384660534475555, -0.000000000000000000 ) ) ;
#122 = ORIENTED_EDGE ( 'NONE', *, *, #1956, .F. ) ;
#123 = CARTESIAN_POINT ( 'NONE',  ( 19.83361786177189501, 0.7529036391581562793, 2.100000000000000977 ) ) ;
#124 = DIRECTION ( 'NONE',  ( 1.000000000000000000, 0.000000000000000000, 0.000000000000000000 ) ) ;
#125 = CC_DESIGN_DATE_AND_TIME_ASSIGNMENT ( #1033, #1900, ( #1384 ) ) ;
#126 = ORIENTED_EDGE ( 'NONE', *, *, #1176, .T. ) ;
#127 = DIRECTION ( 'NONE',  ( -0.9972677544567090102, -0.07387168551531220206, 0.000000000000000000 ) ) ;
#128 = ORIENTED_EDGE ( 'NONE', *, *, #273, .T. ) ;
#129 = DIRECTION ( 'NONE',  ( 0.000000000000000000, -0.000000000000000000, 1.000000000000000000 ) ) ;
#130 = ORIENTED_EDGE ( 'NONE', *, *, #1125, .F. ) ;
#131 = DIRECTION ( 'NONE',  ( 1.000000000000000000, 0.000000000000000000, 0.000000000000000000 ) ) ;
#132 = CARTESIAN_POINT ( 'NONE',  ( 18.83361786177189501, 0.7529036391581562793, 5.399999999999998579 ) ) ;
#133 = ORIENTED_EDGE ( 'NONE', *, *, #2825, .T. ) ;
#134 = LINE ( 'NONE', #3376, #1470 ) ;
#135 = DIRECTION ( 'NONE',  ( 2.312964634635742957E-16, -1.000000000000000000, 0.000000000000000000 ) ) ;
#136 = ORIENTED_EDGE ( 'NONE', *, *, #176, .F. ) ;
#137 = EDGE_LOOP ( 'NONE', ( #1001, #2061, #2613, #2667 ) ) ;
#138 = DIRECTION ( 'NONE',  ( 0.000000000000000000, 0.000000000000000000, -1.000000000000000000 ) ) ;
#139 = ORIENTED_EDGE ( 'NONE', *, *, #2016, .T. ) ;
#140 = CARTESIAN_POINT ( 'NONE',  ( 4.500000000000000000, 0.4999999999999970024, 5.499999999999998224 ) ) ;
#141 = ORIENTED_EDGE ( 'NONE', *, *, #866, .T. ) ;
#142 = EDGE_LOOP ( 'NONE', ( #3109, #924, #2573, #3152 ) ) ;
#143 = CARTESIAN_POINT ( 'NONE',  ( 19.50000000000000355, -6.499999999999992006, 0.000000000000000000 ) ) ;
#144 = PLANE ( 'NONE',  #2090 ) ;
#145 = ORIENTED_EDGE ( 'NONE', *, *, #3205, .T. ) ;
#146 = EDGE_CURVE ( 'NONE', #833, #1356, #303, .T. ) ;
#147 = EDGE_CURVE ( 'NONE', #1198, #1446, #1935, .T. ) ;
#148 = DIRECTION ( 'NONE',  ( 0.000000000000000000, 0.000000000000000000, -1.000000000000000000 ) ) ;
#149 = MANIFOLD_SOLID_BREP ( 'Redondeo17', #2971 ) ;
#150 = CARTESIAN_POINT ( 'NONE',  ( 6.000000000000007105, -7.499999999999997335, 0.000000000000000000 ) ) ;
#151 = DIRECTION ( 'NONE',  ( -1.000000000000000000, 0.000000000000000000, 0.000000000000000000 ) ) ;
#152 = ORIENTED_EDGE ( 'NONE', *, *, #2272, .F. ) ;
#153 = ORIENTED_EDGE ( 'NONE', *, *, #1204, .F. ) ;
#154 = CARTESIAN_POINT ( 'NONE',  ( 9.500000000000000000, -6.499999999999993783, 2.000000000000000000 ) ) ;
#155 = CIRCLE ( 'NONE', #1349, 1.000000000000000888 ) ;
#156 = ORIENTED_EDGE ( 'NONE', *, *, #1575, .F. ) ;
#157 = DIRECTION ( 'NONE',  ( 0.000000000000000000, -1.000000000000000000, 0.000000000000000000 ) ) ;
#158 = VERTEX_POINT ( 'NONE', #2736 ) ;
#159 = AXIS2_PLACEMENT_3D ( 'NONE', #2044, #442, #3385 ) ;
#160 = VERTEX_POINT ( 'NONE', #2478 ) ;
#161 = LINE ( 'NONE', #3400, #1013 ) ;
#162 = DIRECTION ( 'NONE',  ( -0.000000000000000000, 0.000000000000000000, 1.000000000000000000 ) ) ;
#163 = AXIS2_PLACEMENT_3D ( 'NONE', #1685, #887, #1707 ) ;
#164 = CARTESIAN_POINT ( 'NONE',  ( 4.500000000000000000, 0.4999999999999970024, 2.100000000000000089 ) ) ;
#165 = EDGE_CURVE ( 'NONE', #1920, #175, #49, .T. ) ;
#166 = VECTOR ( 'NONE', #22, 1000.000000000000000 ) ;
#167 = VECTOR ( 'NONE', #2654, 1000.000000000000000 ) ;
#168 = CARTESIAN_POINT ( 'NONE',  ( -19.50000000000000000, -6.500000000000000888, 10.99999999999999645 ) ) ;
#169 = DIRECTION ( 'NONE',  ( -1.000000000000000000, -2.312964634635743450E-16, -0.000000000000000000 ) ) ;
#170 = VECTOR ( 'NONE', #127, 1000.000000000000000 ) ;
#171 = VERTEX_POINT ( 'NONE', #3241 ) ;
#172 = LINE ( 'NONE', #2063, #2868 ) ;
#173 = ORIENTED_EDGE ( 'NONE', *, *, #2493, .T. ) ;
#174 = DIRECTION ( 'NONE',  ( -0.000000000000000000, 0.000000000000000000, 1.000000000000000000 ) ) ;
#175 = VERTEX_POINT ( 'NONE', #1170 ) ;
#176 = EDGE_CURVE ( 'NONE', #932, #3438, #39, .T. ) ;
#177 = ORIENTED_EDGE ( 'NONE', *, *, #1731, .F. ) ;
#178 = DIRECTION ( 'NONE',  ( 3.469446951953590129E-15, -1.000000000000000000, 0.000000000000000000 ) ) ;
#179 = DIRECTION ( 'NONE',  ( 1.000000000000000000, 2.312964634635743450E-16, -0.000000000000000000 ) ) ;
#180 = CARTESIAN_POINT ( 'NONE',  ( 19.50000000000000000, 3.806999531835309369, 11.49999999999999645 ) ) ;
#181 = ORIENTED_EDGE ( 'NONE', *, *, #876, .F. ) ;
#182 = DIRECTION ( 'NONE',  ( 1.000000000000000000, 0.000000000000000000, 0.000000000000000000 ) ) ;
#183 = CARTESIAN_POINT ( 'NONE',  ( 5.663883377995690971, 6.500000000000001776, 7.599999999999998757 ) ) ;
#184 = LINE ( 'NONE', #1485, #559 ) ;
#185 = ORIENTED_EDGE ( 'NONE', *, *, #2330, .T. ) ;
#186 = EDGE_CURVE ( 'NONE', #1971, #833, #2525, .T. ) ;
#187 = EDGE_CURVE ( 'NONE', #3319, #1803, #1909, .T. ) ;
#188 = EDGE_LOOP ( 'NONE', ( #2946, #234, #2575, #1101 ) ) ;
#189 = CARTESIAN_POINT ( 'NONE',  ( 5.663883377995690971, 6.500000000000001776, 5.399999999999998579 ) ) ;
#190 = FACE_OUTER_BOUND ( 'NONE', #566, .T. ) ;
#191 = VERTEX_POINT ( 'NONE', #1671 ) ;
#192 = VERTEX_POINT ( 'NONE', #1722 ) ;
#193 = VERTEX_POINT ( 'NONE', #1684 ) ;
#194 = VERTEX_POINT ( 'NONE', #317 ) ;
#195 = FACE_OUTER_BOUND ( 'NONE', #1788, .T. ) ;
#196 = DIRECTION ( 'NONE',  ( -4.336808689942019708E-16, 1.000000000000000000, 0.000000000000000000 ) ) ;
#197 = DIRECTION ( 'NONE',  ( -0.000000000000000000, 0.000000000000000000, -1.000000000000000000 ) ) ;
#198 = EDGE_LOOP ( 'NONE', ( #1211, #181, #1665, #2351 ) ) ;
#199 = ADVANCED_FACE ( 'NONE', ( #598 ), #1397, .F. ) ;
#200 = ORIENTED_EDGE ( 'NONE', *, *, #2386, .T. ) ;
#201 = PLANE ( 'NONE',  #2581 ) ;
#202 = CARTESIAN_POINT ( 'NONE',  ( -11.66978885981588121, 7.436329177569046323, 27.60253455381900878 ) ) ;
#203 = PLANE ( 'NONE',  #1201 ) ;
#204 = EDGE_LOOP ( 'NONE', ( #449, #3166, #2407, #734 ) ) ;
#205 = CARTESIAN_POINT ( 'NONE',  ( -4.663883377995690971, 0.7529036391581562793, 2.100000000000000977 ) ) ;
#206 = LINE ( 'NONE', #2065, #1591 ) ;
#207 = EDGE_CURVE ( 'NONE', #614, #2228, #838, .T. ) ;
#208 = EDGE_CURVE ( 'NONE', #3434, #191, #52, .T. ) ;
#209 = ORIENTED_EDGE ( 'NONE', *, *, #409, .F. ) ;
#210 = ORIENTED_EDGE ( 'NONE', *, *, #774, .T. ) ;
#211 = AXIS2_PLACEMENT_3D ( 'NONE', #1842, #2908, #236 ) ;
#212 = DIRECTION ( 'NONE',  ( 1.000000000000000000, 0.000000000000000000, -0.000000000000000000 ) ) ;
#213 = VERTEX_POINT ( 'NONE', #1434 ) ;
#214 = CYLINDRICAL_SURFACE ( 'NONE', #159, 1.000000000000000888 ) ;
#215 = LINE ( 'NONE', #710, #1136 ) ;
#216 = CIRCLE ( 'NONE', #2135, 1.999999999999999112 ) ;
#217 = AXIS2_PLACEMENT_3D ( 'NONE', #1404, #373, #392 ) ;
#218 = DIRECTION ( 'NONE',  ( -0.000000000000000000, -0.000000000000000000, -1.000000000000000000 ) ) ;
#219 = ORIENTED_EDGE ( 'NONE', *, *, #1828, .F. ) ;
#220 = VECTOR ( 'NONE', #1351, 1000.000000000000000 ) ;
#221 = CARTESIAN_POINT ( 'NONE',  ( -5.663883377995690971, 7.500000000000001776, 5.399999999999998579 ) ) ;
#222 = VECTOR ( 'NONE', #1612, 1000.000000000000000 ) ;
#223 = LINE ( 'NONE', #3132, #3360 ) ;
#224 = AXIS2_PLACEMENT_3D ( 'NONE', #297, #1720, #101 ) ;
#225 = DIRECTION ( 'NONE',  ( 1.156482317317871478E-16, -0.000000000000000000, 1.000000000000000000 ) ) ;
#226 = ORIENTED_EDGE ( 'NONE', *, *, #2852, .F. ) ;
#227 = AXIS2_PLACEMENT_3D ( 'NONE', #2218, #347, #1928 ) ;
#228 = AXIS2_PLACEMENT_3D ( 'NONE', #2880, #3354, #196 ) ;
#229 = ORIENTED_EDGE ( 'NONE', *, *, #3084, .T. ) ;
#230 = DIRECTION ( 'NONE',  ( -0.000000000000000000, 0.000000000000000000, 1.000000000000000000 ) ) ;
#231 = DIRECTION ( 'NONE',  ( 0.000000000000000000, 0.000000000000000000, 1.000000000000000000 ) ) ;
#232 = CIRCLE ( 'NONE', #1139, 1.000000000000000888 ) ;
#233 = ORIENTED_EDGE ( 'NONE', *, *, #1668, .F. ) ;
#234 = ORIENTED_EDGE ( 'NONE', *, *, #1641, .T. ) ;
#235 = ADVANCED_FACE ( 'NONE', ( #1419 ), #2499, .F. ) ;
#236 = DIRECTION ( 'NONE',  ( 1.000000000000000000, 0.000000000000000000, 0.000000000000000000 ) ) ;
#237 = DIRECTION ( 'NONE',  ( 0.000000000000000000, 0.000000000000000000, 1.000000000000000000 ) ) ;
#238 = DIRECTION ( 'NONE',  ( 0.000000000000000000, 0.000000000000000000, 1.000000000000000000 ) ) ;
#239 = EDGE_CURVE ( 'NONE', #2517, #2476, #75, .T. ) ;
#240 = PERSON_AND_ORGANIZATION ( #2062, #2764 ) ;
#241 = PLANE ( 'NONE',  #952 ) ;
#242 = VERTEX_POINT ( 'NONE', #2225 ) ;
#243 = LINE ( 'NONE', #2100, #779 ) ;
#244 = CARTESIAN_POINT ( 'NONE',  ( -5.663883377995690971, 7.500000000000001776, 2.100000000000000977 ) ) ;
#245 = DIRECTION ( 'NONE',  ( 2.891205793294675861E-16, -1.000000000000000000, 0.000000000000000000 ) ) ;
#246 = ADVANCED_FACE ( 'NONE', ( #3296 ), #904, .F. ) ;
#247 = LINE ( 'NONE', #2137, #1697 ) ;
#248 = DIRECTION ( 'NONE',  ( 0.000000000000000000, 1.000000000000000000, 0.000000000000000000 ) ) ;
#249 = ORIENTED_EDGE ( 'NONE', *, *, #2961, .T. ) ;
#250 = CARTESIAN_POINT ( 'NONE',  ( -10.79473684210525164, 3.852631578947353308, 11.50000000000000000 ) ) ;
#251 = DIRECTION ( 'NONE',  ( -2.312964634635743450E-16, 1.000000000000000000, 0.000000000000000000 ) ) ;
#252 = DIRECTION ( 'NONE',  ( -1.000000000000000000, -2.312964634635743450E-16, -0.000000000000000000 ) ) ;
#253 = COORDINATED_UNIVERSAL_TIME_OFFSET ( 6, 0, .BEHIND. ) ;
#254 = CARTESIAN_POINT ( 'NONE',  ( 18.83361786177189501, 0.7529036391581528376, 7.599999999999997868 ) ) ;
#255 = EDGE_CURVE ( 'NONE', #2470, #2943, #636, .T. ) ;
#256 = DIRECTION ( 'NONE',  ( -1.000000000000000000, 0.000000000000000000, 0.000000000000000000 ) ) ;
#257 = FACE_OUTER_BOUND ( 'NONE', #2122, .T. ) ;
#258 = CARTESIAN_POINT ( 'NONE',  ( -19.50000000000000000, 7.499999999999997335, 11.00000000000000000 ) ) ;
#259 = DIRECTION ( 'NONE',  ( 1.156482317317871725E-16, 0.000000000000000000, 1.000000000000000000 ) ) ;
#260 = DIRECTION ( 'NONE',  ( 1.000000000000000000, 0.000000000000000000, 0.000000000000000000 ) ) ;
#261 = ORIENTED_EDGE ( 'NONE', *, *, #530, .T. ) ;
#262 = ORIENTED_EDGE ( 'NONE', *, *, #2939, .F. ) ;
#263 = ADVANCED_FACE ( 'NONE', ( #1819 ), #3153, .F. ) ;
#264 = FACE_OUTER_BOUND ( 'NONE', #3311, .T. ) ;
#265 = ORIENTED_EDGE ( 'NONE', *, *, #2671, .T. ) ;
#266 = PLANE ( 'NONE',  #735 ) ;
#267 = VECTOR ( 'NONE', #2668, 1000.000000000000227 ) ;
#268 = FACE_OUTER_BOUND ( 'NONE', #358, .T. ) ;
#269 = ORIENTED_EDGE ( 'NONE', *, *, #1698, .T. ) ;
#270 = AXIS2_PLACEMENT_3D ( 'NONE', #90, #1655, #2241 ) ;
#271 = ORIENTED_EDGE ( 'NONE', *, *, #556, .T. ) ;
#272 = VECTOR ( 'NONE', #1564, 1000.000000000000000 ) ;
#273 = EDGE_CURVE ( 'NONE', #1595, #313, #243, .T. ) ;
#274 = LINE ( 'NONE', #1359, #1970 ) ;
#275 = FACE_OUTER_BOUND ( 'NONE', #741, .T. ) ;
#276 = LINE ( 'NONE', #2718, #2089 ) ;
#277 = VECTOR ( 'NONE', #1171, 1000.000000000000000 ) ;
#278 = VECTOR ( 'NONE', #1893, 1000.000000000000000 ) ;
#279 = CARTESIAN_POINT ( 'NONE',  ( 19.83361786177189501, 1.752903639158152727, 27.60253455381900878 ) ) ;
#280 = DIRECTION ( 'NONE',  ( 0.9363291775690446572, -0.3511234415883914273, 0.000000000000000000 ) ) ;
#281 = VECTOR ( 'NONE', #1623, 1000.000000000000000 ) ;
#282 = AXIS2_PLACEMENT_3D ( 'NONE', #2900, #2941, #2956 ) ;
#283 = ORIENTED_EDGE ( 'NONE', *, *, #3196, .T. ) ;
#284 = EDGE_CURVE ( 'NONE', #2298, #3434, #752, .T. ) ;
#285 = ORIENTED_EDGE ( 'NONE', *, *, #3194, .F. ) ;
#286 = VECTOR ( 'NONE', #1192, 1000.000000000000000 ) ;
#287 = CARTESIAN_POINT ( 'NONE',  ( -19.50000000000000000, 7.499999999999997335, 13.00000000000000000 ) ) ;
#288 = DIRECTION ( 'NONE',  ( 1.000000000000000000, 0.000000000000000000, 0.000000000000000000 ) ) ;
#289 = EDGE_CURVE ( 'NONE', #192, #1198, #2610, .T. ) ;
#290 = AXIS2_PLACEMENT_3D ( 'NONE', #2012, #3342, #151 ) ;
#291 = CARTESIAN_POINT ( 'NONE',  ( 1.590163186312071329E-15, -5.500000000000000000, 0.000000000000000000 ) ) ;
#292 = ORIENTED_EDGE ( 'NONE', *, *, #71, .T. ) ;
#293 = ORIENTED_EDGE ( 'NONE', *, *, #2720, .F. ) ;
#294 = CARTESIAN_POINT ( 'NONE',  ( -11.50000000000000000, 7.499999999999998224, 0.000000000000000000 ) ) ;
#295 = FACE_OUTER_BOUND ( 'NONE', #3320, .T. ) ;
#296 = VERTEX_POINT ( 'NONE', #3409 ) ;
#297 = CARTESIAN_POINT ( 'NONE',  ( 9.500000000000000000, -6.499999999999994671, 11.00000000000000000 ) ) ;
#298 = LINE ( 'NONE', #1368, #1653 ) ;
#299 = ADVANCED_FACE ( 'NONE', ( #2014 ), #3431, .T. ) ;
#300 = VERTEX_POINT ( 'NONE', #1021 ) ;
#301 = EDGE_CURVE ( 'NONE', #906, #1144, #1471, .T. ) ;
#302 = EDGE_CURVE ( 'NONE', #1579, #2114, #2400, .T. ) ;
#303 = LINE ( 'NONE', #1189, #2527 ) ;
#304 = DIRECTION ( 'NONE',  ( -0.000000000000000000, -0.000000000000000000, 1.000000000000000000 ) ) ;
#305 = CARTESIAN_POINT ( 'NONE',  ( 18.83361786177189501, 3.681892833670855847, -14.60253455381901233 ) ) ;
#306 = PERSON_AND_ORGANIZATION_ROLE ( 'creator' ) ;
#307 = PLANE ( 'NONE',  #2249 ) ;
#308 = ORIENTED_EDGE ( 'NONE', *, *, #208, .F. ) ;
#309 = EDGE_LOOP ( 'NONE', ( #111, #580, #3457, #400 ) ) ;
#310 = DIRECTION ( 'NONE',  ( 0.8320502943378439431, -0.5547001962252287033, 0.000000000000000000 ) ) ;
#311 = ADVANCED_FACE ( 'NONE', ( #1567 ), #501, .T. ) ;
#312 = DIRECTION ( 'NONE',  ( -1.000000000000000000, -0.000000000000000000, -0.000000000000000000 ) ) ;
#313 = VERTEX_POINT ( 'NONE', #384 ) ;
#314 = CARTESIAN_POINT ( 'NONE',  ( -19.50000000000000000, -6.500000000000000888, 11.00000000000000000 ) ) ;
#315 = FACE_OUTER_BOUND ( 'NONE', #977, .T. ) ;
#316 = EDGE_LOOP ( 'NONE', ( #2876, #2340, #3077, #403 ) ) ;
#317 = CARTESIAN_POINT ( 'NONE',  ( -11.49999999999999822, 7.499999999999997335, 11.00000000000000000 ) ) ;
#318 = ORIENTED_EDGE ( 'NONE', *, *, #1968, .F. ) ;
#319 = CARTESIAN_POINT ( 'NONE',  ( 4.500000000000000000, 7.499999999999997335, 7.499999999999998224 ) ) ;
#320 = EDGE_CURVE ( 'NONE', #1910, #2064, #2546, .T. ) ;
#321 = LINE ( 'NONE', #2480, #2260 ) ;
#322 = ORIENTED_EDGE ( 'NONE', *, *, #1725, .F. ) ;
#323 = CARTESIAN_POINT ( 'NONE',  ( -18.50000000000000000, 3.806999531835308481, 0.000000000000000000 ) ) ;
#324 = ORIENTED_EDGE ( 'NONE', *, *, #1273, .T. ) ;
#325 = VECTOR ( 'NONE', #864, 1000.000000000000000 ) ;
#326 = CARTESIAN_POINT ( 'NONE',  ( -4.499999999999992895, -5.499999999999996447, 8.999999999999998224 ) ) ;
#327 = CARTESIAN_POINT ( 'NONE',  ( 19.83361786177189501, 0.7529036391581528376, 7.599999999999997868 ) ) ;
#328 = CIRCLE ( 'NONE', #106, 9.555793662526186338 ) ;
#329 = ORIENTED_EDGE ( 'NONE', *, *, #1147, .T. ) ;
#330 = EDGE_LOOP ( 'NONE', ( #1279, #1412, #434, #3277 ) ) ;
#331 = LINE ( 'NONE', #1682, #616 ) ;
#332 = VECTOR ( 'NONE', #3002, 1000.000000000000000 ) ;
#333 = DIRECTION ( 'NONE',  ( -2.312964634635743450E-16, 1.000000000000000000, 0.000000000000000000 ) ) ;
#334 = VECTOR ( 'NONE', #669, 1000.000000000000000 ) ;
#335 = DIRECTION ( 'NONE',  ( 1.000000000000000000, 2.312964634635743450E-16, 0.000000000000000000 ) ) ;
#336 = DIRECTION ( 'NONE',  ( 0.000000000000000000, 0.000000000000000000, -1.000000000000000000 ) ) ;
#337 = FACE_BOUND ( 'NONE', #1524, .T. ) ;
#338 = AXIS2_PLACEMENT_3D ( 'NONE', #3291, #3056, #1984 ) ;
#339 = ORIENTED_EDGE ( 'NONE', *, *, #2489, .T. ) ;
#340 = VECTOR ( 'NONE', #2580, 1000.000000000000000 ) ;
#341 = ORIENTED_EDGE ( 'NONE', *, *, #2398, .F. ) ;
#342 = DIRECTION ( 'NONE',  ( 0.000000000000000000, 0.000000000000000000, 1.000000000000000000 ) ) ;
#343 = VECTOR ( 'NONE', #547, 1000.000000000000000 ) ;
#344 = EDGE_CURVE ( 'NONE', #3089, #1260, #3391, .T. ) ;
#345 = EDGE_CURVE ( 'NONE', #1205, #1992, #2421, .T. ) ;
#346 = DIRECTION ( 'NONE',  ( -1.156482317317871478E-16, 0.000000000000000000, -1.000000000000000000 ) ) ;
#347 = DIRECTION ( 'NONE',  ( -1.156482317317871478E-16, -0.000000000000000000, -1.000000000000000000 ) ) ;
#348 = ORIENTED_EDGE ( 'NONE', *, *, #3322, .T. ) ;
#349 = VERTEX_POINT ( 'NONE', #221 ) ;
#350 = LINE ( 'NONE', #36, #2765 ) ;
#351 = CARTESIAN_POINT ( 'NONE',  ( 4.499999999999993783, -3.499999999999995115, 4.000000000000001776 ) ) ;
#352 = VERTEX_POINT ( 'NONE', #997 ) ;
#353 = DIRECTION ( 'NONE',  ( 1.000000000000000000, -8.673617379884027583E-16, 0.000000000000000000 ) ) ;
#354 = CYLINDRICAL_SURFACE ( 'NONE', #1411, 9.555793662526186338 ) ;
#355 = EDGE_CURVE ( 'NONE', #3268, #1370, #1237, .T. ) ;
#356 = CARTESIAN_POINT ( 'NONE',  ( 11.31866541822748928, 7.500000000000001776, 7.599999999999997868 ) ) ;
#357 = VERTEX_POINT ( 'NONE', #1551 ) ;
#358 = EDGE_LOOP ( 'NONE', ( #1061, #1047, #1173, #1571 ) ) ;
#359 = DIRECTION ( 'NONE',  ( -1.000000000000000000, -2.312964634635743450E-16, 0.000000000000000000 ) ) ;
#360 = ORIENTED_EDGE ( 'NONE', *, *, #1147, .F. ) ;
#361 = CARTESIAN_POINT ( 'NONE',  ( -4.500000000000000000, 7.499999999999997335, 2.000000000000000000 ) ) ;
#362 = CARTESIAN_POINT ( 'NONE',  ( -4.663883377995690971, 0.7529036391581562793, 7.599999999999997868 ) ) ;
#363 = EDGE_CURVE ( 'NONE', #932, #2844, #2623, .T. ) ;
#364 = EDGE_CURVE ( 'NONE', #3266, #192, #1592, .T. ) ;
#365 = CARTESIAN_POINT ( 'NONE',  ( 19.18474130336028693, 4.618222011239900837, 5.399999999999998579 ) ) ;
#366 = ORIENTED_EDGE ( 'NONE', *, *, #2434, .F. ) ;
#367 = LINE ( 'NONE', #3258, #730 ) ;
#368 = CARTESIAN_POINT ( 'NONE',  ( 4.499999999999993783, -3.499999999999994227, 8.999999999999998224 ) ) ;
#369 = DIRECTION ( 'NONE',  ( 0.000000000000000000, 0.000000000000000000, -1.000000000000000000 ) ) ;
#370 = DIRECTION ( 'NONE',  ( 0.000000000000000000, 1.000000000000000000, 0.000000000000000000 ) ) ;
#371 = LINE ( 'NONE', #77, #911 ) ;
#372 = ORIENTED_EDGE ( 'NONE', *, *, #471, .F. ) ;
#373 = DIRECTION ( 'NONE',  ( -1.000000000000000000, -2.312964634635743450E-16, 0.000000000000000000 ) ) ;
#374 = PLANE ( 'NONE',  #3193 ) ;
#375 = LINE ( 'NONE', #3082, #3124 ) ;
#376 = AXIS2_PLACEMENT_3D ( 'NONE', #1964, #2513, #857 ) ;
#377 = ADVANCED_FACE ( 'NONE', ( #769 ), #201, .F. ) ;
#378 = ORIENTED_EDGE ( 'NONE', *, *, #284, .F. ) ;
#379 = DIRECTION ( 'NONE',  ( 1.000000000000000000, 0.000000000000000000, 0.000000000000000000 ) ) ;
#380 = DIRECTION ( 'NONE',  ( 0.000000000000000000, 0.000000000000000000, -1.000000000000000000 ) ) ;
#381 = VECTOR ( 'NONE', #1153, 1000.000000000000000 ) ;
#382 = ORIENTED_EDGE ( 'NONE', *, *, #708, .T. ) ;
#383 = CIRCLE ( 'NONE', #3125, 1.000000000000000888 ) ;
#384 = CARTESIAN_POINT ( 'NONE',  ( 11.66978885981588121, 7.436329177569046323, 7.599999999999997868 ) ) ;
#385 = VERTEX_POINT ( 'NONE', #1848 ) ;
#386 = DIRECTION ( 'NONE',  ( 0.000000000000000000, 1.000000000000000000, 0.000000000000000000 ) ) ;
#387 = ORIENTED_EDGE ( 'NONE', *, *, #2757, .F. ) ;
#388 = FACE_OUTER_BOUND ( 'NONE', #2201, .T. ) ;
#389 = VERTEX_POINT ( 'NONE', #2660 ) ;
#390 = AXIS2_PLACEMENT_3D ( 'NONE', #56, #2751, #2209 ) ;
#391 = VECTOR ( 'NONE', #2348, 1000.000000000000000 ) ;
#392 = DIRECTION ( 'NONE',  ( 4.336808689942017736E-16, -1.000000000000000000, 0.000000000000000000 ) ) ;
#393 = DIRECTION ( 'NONE',  ( 1.000000000000000000, 0.000000000000000000, 0.000000000000000000 ) ) ;
#394 = ADVANCED_FACE ( 'NONE', ( #3446 ), #3058, .F. ) ;
#395 = AXIS2_PLACEMENT_3D ( 'NONE', #1942, #1429, #1978 ) ;
#396 = VECTOR ( 'NONE', #1582, 1000.000000000000000 ) ;
#397 = CARTESIAN_POINT ( 'NONE',  ( -19.50000000000000000, -6.500000000000000888, 0.000000000000000000 ) ) ;
#398 = VECTOR ( 'NONE', #2807, 1000.000000000000000 ) ;
#399 = ADVANCED_FACE ( 'NONE', ( #2677 ), #575, .F. ) ;
#400 = ORIENTED_EDGE ( 'NONE', *, *, #1767, .T. ) ;
#401 = CARTESIAN_POINT ( 'NONE',  ( 19.50000000000000000, -3.499999999999991118, 8.999999999999998224 ) ) ;
#402 = DIRECTION ( 'NONE',  ( 0.000000000000000000, 1.000000000000000000, 0.000000000000000000 ) ) ;
#403 = ORIENTED_EDGE ( 'NONE', *, *, #1969, .F. ) ;
#404 = DIRECTION ( 'NONE',  ( -1.000000000000000000, 0.000000000000000000, 0.000000000000000000 ) ) ;
#405 = CARTESIAN_POINT ( 'NONE',  ( -4.500000000000000000, 7.499999999999997335, 2.000000000000000000 ) ) ;
#406 = ORIENTED_EDGE ( 'NONE', *, *, #1787, .T. ) ;
#407 = DIRECTION ( 'NONE',  ( 1.000000000000000000, 0.000000000000000000, 0.000000000000000000 ) ) ;
#408 = ADVANCED_FACE ( 'NONE', ( #1377 ), #3467, .T. ) ;
#409 = EDGE_CURVE ( 'NONE', #1992, #824, #2168, .T. ) ;
#410 = ORIENTED_EDGE ( 'NONE', *, *, #3009, .F. ) ;
#411 = EDGE_CURVE ( 'NONE', #2819, #3399, #3204, .T. ) ;
#412 = ORIENTED_EDGE ( 'NONE', *, *, #1816, .T. ) ;
#413 = PLANE ( 'NONE',  #3356 ) ;
#414 = CARTESIAN_POINT ( 'NONE',  ( 4.663883377995690971, 0.7529036391581528376, 10.90000000000000036 ) ) ;
#415 = CYLINDRICAL_SURFACE ( 'NONE', #1124, 1.000000000000000888 ) ;
#416 = CARTESIAN_POINT ( 'NONE',  ( 4.499999999999993783, -3.499999999999994227, 8.999999999999998224 ) ) ;
#417 = CYLINDRICAL_SURFACE ( 'NONE', #2432, 1.000000000000000000 ) ;
#418 = ORIENTED_EDGE ( 'NONE', *, *, #187, .T. ) ;
#419 = CARTESIAN_POINT ( 'NONE',  ( 18.83361786177189501, 1.752903639158156279, 5.399999999999998579 ) ) ;
#420 = DIRECTION ( 'NONE',  ( -2.312964634635743450E-16, 1.000000000000000000, 9.637352644315595243E-17 ) ) ;
#421 = ORIENTED_EDGE ( 'NONE', *, *, #1402, .T. ) ;
#422 = ADVANCED_FACE ( 'NONE', ( #810 ), #1053, .F. ) ;
#423 = EDGE_CURVE ( 'NONE', #935, #3399, #2690, .T. ) ;
#424 = VERTEX_POINT ( 'NONE', #538 ) ;
#425 = ORIENTED_EDGE ( 'NONE', *, *, #301, .T. ) ;
#426 = CARTESIAN_POINT ( 'NONE',  ( 9.500000000000000000, -6.499999999999994671, 11.00000000000000000 ) ) ;
#427 = CARTESIAN_POINT ( 'NONE',  ( 1.590163186312071329E-15, -5.500000000000000000, 13.00000000000000000 ) ) ;
#428 = EDGE_CURVE ( 'NONE', #3115, #2830, #950, .T. ) ;
#429 = DIRECTION ( 'NONE',  ( -0.4472135954999570395, 0.8944271909999164105, 0.000000000000000000 ) ) ;
#430 = CARTESIAN_POINT ( 'NONE',  ( 19.50000000000000000, 4.500000000000006217, 1.499999999999996225 ) ) ;
#431 = CARTESIAN_POINT ( 'NONE',  ( 4.663883377995690971, 7.500000000000001776, -14.60253455381901233 ) ) ;
#432 = EDGE_CURVE ( 'NONE', #1356, #1999, #155, .T. ) ;
#433 = VECTOR ( 'NONE', #1371, 1000.000000000000000 ) ;
#434 = ORIENTED_EDGE ( 'NONE', *, *, #728, .F. ) ;
#435 = LINE ( 'NONE', #460, #2310 ) ;
#436 = VECTOR ( 'NONE', #99, 1000.000000000000000 ) ;
#437 = ORIENTED_EDGE ( 'NONE', *, *, #3378, .F. ) ;
#438 = CARTESIAN_POINT ( 'NONE',  ( -4.663883377995690971, 0.7529036391581562793, 10.90000000000000036 ) ) ;
#439 = VERTEX_POINT ( 'NONE', #2183 ) ;
#440 = AXIS2_PLACEMENT_3D ( 'NONE', #1660, #45, #2729 ) ;
#441 = EDGE_LOOP ( 'NONE', ( #468, #1243, #1661, #2512 ) ) ;
#442 = DIRECTION ( 'NONE',  ( 0.000000000000000000, 0.000000000000000000, 1.000000000000000000 ) ) ;
#443 = CARTESIAN_POINT ( 'NONE',  ( 11.31866541822748928, 7.500000000000001776, 27.60253455381900878 ) ) ;
#444 = CIRCLE ( 'NONE', #1353, 1.000000000000000888 ) ;
#445 = APPROVAL ( #1323, 'UNSPECIFIED' ) ;
#446 = CIRCLE ( 'NONE', #1639, 1.999999999999999556 ) ;
#447 = CIRCLE ( 'NONE', #1585, 1.000000000000000888 ) ;
#448 = PLANE ( 'NONE',  #3023 ) ;
#449 = ORIENTED_EDGE ( 'NONE', *, *, #1213, .F. ) ;
#450 = AXIS2_PLACEMENT_3D ( 'NONE', #3005, #2992, #2492 ) ;
#451 = VECTOR ( 'NONE', #162, 1000.000000000000000 ) ;
#452 = ADVANCED_FACE ( 'NONE', ( #1889 ), #1664, .F. ) ;
#453 = EDGE_CURVE ( 'NONE', #242, #833, #2975, .T. ) ;
#454 = ORIENTED_EDGE ( 'NONE', *, *, #1787, .F. ) ;
#455 = AXIS2_PLACEMENT_3D ( 'NONE', #782, #2686, #2933 ) ;
#456 = DIRECTION ( 'NONE',  ( 0.9972677544567090102, 0.07387168551531218819, 0.000000000000000000 ) ) ;
#457 = CARTESIAN_POINT ( 'NONE',  ( 11.66978885981588121, 7.436329177569046323, 27.60253455381900878 ) ) ;
#458 = VECTOR ( 'NONE', #2406, 1000.000000000000000 ) ;
#459 = VERTEX_POINT ( 'NONE', #591 ) ;
#460 = CARTESIAN_POINT ( 'NONE',  ( -4.663883377995690971, 6.500000000000001776, -14.60253455381901233 ) ) ;
#461 = CARTESIAN_POINT ( 'NONE',  ( -9.500000000000000000, -6.499999999999998224, 2.000000000000000888 ) ) ;
#462 = VERTEX_POINT ( 'NONE', #50 ) ;
#463 = ORIENTED_EDGE ( 'NONE', *, *, #344, .F. ) ;
#464 = CARTESIAN_POINT ( 'NONE',  ( -19.83361786177189501, 1.752903639158156279, 7.599999999999997868 ) ) ;
#465 = LINE ( 'NONE', #963, #340 ) ;
#466 = DIRECTION ( 'NONE',  ( -0.3511234415883911497, -0.9363291775690447682, 0.000000000000000000 ) ) ;
#467 = EDGE_LOOP ( 'NONE', ( #406, #805, #387, #3001 ) ) ;
#468 = ORIENTED_EDGE ( 'NONE', *, *, #5, .F. ) ;
#469 = EDGE_CURVE ( 'NONE', #1680, #958, #274, .T. ) ;
#470 = DIRECTION ( 'NONE',  ( 1.000000000000000000, 0.000000000000000000, 0.000000000000000000 ) ) ;
#471 = EDGE_CURVE ( 'NONE', #2423, #3115, #2439, .T. ) ;
#472 = LINE ( 'NONE', #1312, #1361 ) ;
#473 = DIRECTION ( 'NONE',  ( 0.000000000000000000, 0.000000000000000000, 1.000000000000000000 ) ) ;
#474 = ORIENTED_EDGE ( 'NONE', *, *, #289, .T. ) ;
#475 = VERTEX_POINT ( 'NONE', #3220 ) ;
#476 = CARTESIAN_POINT ( 'NONE',  ( -4.500000000000000000, 0.4999999999999970024, 11.00000000000000000 ) ) ;
#477 = DIRECTION ( 'NONE',  ( 0.9363291775690446572, -0.3511234415883914273, 0.000000000000000000 ) ) ;
#478 = ORIENTED_EDGE ( 'NONE', *, *, #2071, .F. ) ;
#479 = DIRECTION ( 'NONE',  ( 0.000000000000000000, 0.000000000000000000, -1.000000000000000000 ) ) ;
#480 = DIRECTION ( 'NONE',  ( 0.000000000000000000, 0.000000000000000000, 1.000000000000000000 ) ) ;
#481 = FACE_OUTER_BOUND ( 'NONE', #764, .T. ) ;
#482 = LINE ( 'NONE', #2636, #2535 ) ;
#483 = ORIENTED_EDGE ( 'NONE', *, *, #85, .T. ) ;
#484 = DIRECTION ( 'NONE',  ( 0.000000000000000000, -0.000000000000000000, -1.000000000000000000 ) ) ;
#485 = DIRECTION ( 'NONE',  ( -1.000000000000000000, 0.000000000000000000, 0.000000000000000000 ) ) ;
#486 = CARTESIAN_POINT ( 'NONE',  ( -18.83361786177189501, 3.681892833670856291, -14.60253455381901233 ) ) ;
#487 = PLANE ( 'NONE',  #560 ) ;
#488 = DIRECTION ( 'NONE',  ( 0.000000000000000000, -0.000000000000000000, -1.000000000000000000 ) ) ;
#489 = ADVANCED_FACE ( 'NONE', ( #825 ), #2204, .F. ) ;
#490 = ORIENTED_EDGE ( 'NONE', *, *, #2508, .F. ) ;
#491 = EDGE_LOOP ( 'NONE', ( #629, #2119, #1029, #654 ) ) ;
#492 = CYLINDRICAL_SURFACE ( 'NONE', #789, 1.000000000000000888 ) ;
#493 = EDGE_LOOP ( 'NONE', ( #688, #3252, #938, #1588 ) ) ;
#494 = CARTESIAN_POINT ( 'NONE',  ( -19.83361786177189501, 1.752903639158156279, -14.60253455381901233 ) ) ;
#495 = VECTOR ( 'NONE', #936, 1000.000000000000000 ) ;
#496 = CARTESIAN_POINT ( 'NONE',  ( 0.000000000000000000, 0.000000000000000000, 0.000000000000000000 ) ) ;
#497 = ORIENTED_EDGE ( 'NONE', *, *, #428, .T. ) ;
#498 = AXIS2_PLACEMENT_3D ( 'NONE', #2096, #1305, #2897 ) ;
#499 = CARTESIAN_POINT ( 'NONE',  ( -18.83361786177189501, 0.7529036391581562793, 10.90000000000000036 ) ) ;
#500 = CIRCLE ( 'NONE', #727, 1.999999999999999556 ) ;
#501 = PLANE ( 'NONE',  #2530 ) ;
#502 = EDGE_CURVE ( 'NONE', #706, #213, #1903, .T. ) ;
#503 = VECTOR ( 'NONE', #1128, 1000.000000000000000 ) ;
#504 = CARTESIAN_POINT ( 'NONE',  ( 18.83361786177189501, 3.681892833670855847, 2.100000000000000977 ) ) ;
#505 = VECTOR ( 'NONE', #1946, 1000.000000000000000 ) ;
#506 = DIRECTION ( 'NONE',  ( 0.000000000000000000, 1.000000000000000000, 0.000000000000000000 ) ) ;
#507 = VERTEX_POINT ( 'NONE', #326 ) ;
#508 = AXIS2_PLACEMENT_3D ( 'NONE', #504, #1593, #2661 ) ;
#509 = ORIENTED_EDGE ( 'NONE', *, *, #302, .F. ) ;
#510 = LINE ( 'NONE', #1291, #2818 ) ;
#511 = DIRECTION ( 'NONE',  ( 0.000000000000000000, 0.000000000000000000, -1.000000000000000000 ) ) ;
#512 = VECTOR ( 'NONE', #3298, 1000.000000000000000 ) ;
#513 = ORIENTED_EDGE ( 'NONE', *, *, #3272, .T. ) ;
#514 = CARTESIAN_POINT ( 'NONE',  ( 0.000000000000000000, 0.000000000000000000, 5.399999999999998579 ) ) ;
#515 = DIRECTION ( 'NONE',  ( -0.9363291775690446572, 0.3511234415883910942, -0.000000000000000000 ) ) ;
#516 = ADVANCED_FACE ( 'NONE', ( #553 ), #2716, .F. ) ;
#517 = ORIENTED_EDGE ( 'NONE', *, *, #2653, .F. ) ;
#518 = EDGE_CURVE ( 'NONE', #590, #674, #2290, .T. ) ;
#519 = LINE ( 'NONE', #2411, #3365 ) ;
#520 = PERSON_AND_ORGANIZATION ( #2062, #2764 ) ;
#521 = DIRECTION ( 'NONE',  ( -0.8320502943378438321, -0.5547001962252288143, 0.000000000000000000 ) ) ;
#522 = CARTESIAN_POINT ( 'NONE',  ( 4.500000000000000000, 0.4999999999999970024, 7.499999999999998224 ) ) ;
#523 = PLANE ( 'NONE',  #565 ) ;
#524 = LINE ( 'NONE', #258, #281 ) ;
#525 = ORIENTED_EDGE ( 'NONE', *, *, #773, .T. ) ;
#526 = ORIENTED_EDGE ( 'NONE', *, *, #1104, .T. ) ;
#527 = CARTESIAN_POINT ( 'NONE',  ( -5.663883377995690971, 6.500000000000001776, -14.60253455381901233 ) ) ;
#528 = DIRECTION ( 'NONE',  ( 0.000000000000000000, 0.000000000000000000, 1.000000000000000000 ) ) ;
#529 = ORIENTED_EDGE ( 'NONE', *, *, #2464, .F. ) ;
#530 = EDGE_CURVE ( 'NONE', #1035, #192, #69, .T. ) ;
#531 = ORIENTED_EDGE ( 'NONE', *, *, #1962, .T. ) ;
#532 = LINE ( 'NONE', #1631, #1129 ) ;
#533 = ORIENTED_EDGE ( 'NONE', *, *, #1495, .F. ) ;
#534 = DIRECTION ( 'NONE',  ( -0.000000000000000000, 0.000000000000000000, 1.000000000000000000 ) ) ;
#535 = CC_DESIGN_PERSON_AND_ORGANIZATION_ASSIGNMENT ( #2936, #2148, ( #3192 ) ) ;
#536 = CARTESIAN_POINT ( 'NONE',  ( -4.500000000000000000, 0.4999999999999970024, 5.500000000000000000 ) ) ;
#537 = EDGE_CURVE ( 'NONE', #1109, #974, #375, .T. ) ;
#538 = CARTESIAN_POINT ( 'NONE',  ( -4.663883377995690971, 6.500000000000001776, 10.90000000000000036 ) ) ;
#539 = CARTESIAN_POINT ( 'NONE',  ( -11.50000000000000000, 7.499999999999998224, 0.000000000000000000 ) ) ;
#540 = DIRECTION ( 'NONE',  ( 0.9363291775690447682, 0.3511234415883909832, -0.000000000000000000 ) ) ;
#541 = ORIENTED_EDGE ( 'NONE', *, *, #1732, .F. ) ;
#542 = DIRECTION ( 'NONE',  ( -0.9138115486202572635, -0.4061384660534475555, 0.000000000000000000 ) ) ;
#543 = DIRECTION ( 'NONE',  ( -1.000000000000000000, 0.000000000000000000, 0.000000000000000000 ) ) ;
#544 = ORIENTED_EDGE ( 'NONE', *, *, #2117, .T. ) ;
#545 = CARTESIAN_POINT ( 'NONE',  ( -19.50000000000000000, 7.499999999999997335, 0.000000000000000000 ) ) ;
#546 = CARTESIAN_POINT ( 'NONE',  ( 19.83361786177189501, 1.752903639158156279, 2.100000000000000977 ) ) ;
#547 = DIRECTION ( 'NONE',  ( -0.000000000000000000, -0.000000000000000000, 1.000000000000000000 ) ) ;
#548 = DATE_AND_TIME ( #766, #1809 ) ;
#549 = DIRECTION ( 'NONE',  ( -1.000000000000000000, -0.000000000000000000, -0.000000000000000000 ) ) ;
#550 = ORIENTED_EDGE ( 'NONE', *, *, #2416, .F. ) ;
#551 = VECTOR ( 'NONE', #3270, 1000.000000000000000 ) ;
#552 = ORIENTED_EDGE ( 'NONE', *, *, #1765, .F. ) ;
#553 = FACE_OUTER_BOUND ( 'NONE', #1160, .T. ) ;
#554 = LINE ( 'NONE', #1200, #1019 ) ;
#555 = EDGE_CURVE ( 'NONE', #1265, #2008, #216, .T. ) ;
#556 = EDGE_CURVE ( 'NONE', #1742, #796, #606, .T. ) ;
#557 = DIRECTION ( 'NONE',  ( 0.000000000000000000, -0.000000000000000000, 1.000000000000000000 ) ) ;
#558 = AXIS2_PLACEMENT_3D ( 'NONE', #2211, #1802, #2314 ) ;
#559 = VECTOR ( 'NONE', #949, 1000.000000000000000 ) ;
#560 = AXIS2_PLACEMENT_3D ( 'NONE', #3208, #1892, #776 ) ;
#561 = ORIENTED_EDGE ( 'NONE', *, *, #662, .T. ) ;
#562 = PLANE ( 'NONE',  #3133 ) ;
#563 = CARTESIAN_POINT ( 'NONE',  ( -18.85112344158839193, 4.743328709404352139, 1.500000000000001332 ) ) ;
#564 = CC_DESIGN_APPROVAL ( #445, ( #1384 ) ) ;
#565 = AXIS2_PLACEMENT_3D ( 'NONE', #2155, #3185, #792 ) ;
#566 = EDGE_LOOP ( 'NONE', ( #2149, #544, #982, #670, #200, #910, #841, #2759, #2887 ) ) ;
#567 = DIRECTION ( 'NONE',  ( -1.000000000000000000, -2.312964634635743450E-16, 0.000000000000000000 ) ) ;
#568 = CIRCLE ( 'NONE', #3309, 9.555793662526186338 ) ;
#569 = DIRECTION ( 'NONE',  ( 0.000000000000000000, 0.000000000000000000, -1.000000000000000000 ) ) ;
#570 = DIRECTION ( 'NONE',  ( 0.000000000000000000, -9.637352644315595243E-17, 1.000000000000000000 ) ) ;
#571 = EDGE_CURVE ( 'NONE', #1793, #583, #2273, .T. ) ;
#572 = APPROVAL_ROLE ( '' ) ;
#573 = DIRECTION ( 'NONE',  ( 0.000000000000000000, -0.000000000000000000, -1.000000000000000000 ) ) ;
#574 = ORIENTED_EDGE ( 'NONE', *, *, #1339, .F. ) ;
#575 = PLANE ( 'NONE',  #1851 ) ;
#576 = PLANE ( 'NONE',  #395 ) ;
#577 = ADVANCED_FACE ( 'NONE', ( #3287 ), #415, .T. ) ;
#578 = EDGE_CURVE ( 'NONE', #1701, #459, #2860, .T. ) ;
#579 = VERTEX_POINT ( 'NONE', #630 ) ;
#580 = ORIENTED_EDGE ( 'NONE', *, *, #3040, .F. ) ;
#581 = CARTESIAN_POINT ( 'NONE',  ( -11.66978885981588121, 7.436329177569046323, 7.599999999999997868 ) ) ;
#582 = PLANE ( 'NONE',  #2866 ) ;
#583 = VERTEX_POINT ( 'NONE', #362 ) ;
#584 = DIRECTION ( 'NONE',  ( -0.000000000000000000, -0.000000000000000000, 1.000000000000000000 ) ) ;
#585 = FACE_OUTER_BOUND ( 'NONE', #808, .T. ) ;
#586 = DIRECTION ( 'NONE',  ( -0.000000000000000000, -0.000000000000000000, -1.000000000000000000 ) ) ;
#587 = ORIENTED_EDGE ( 'NONE', *, *, #555, .F. ) ;
#588 = CARTESIAN_POINT ( 'NONE',  ( 18.85112344158839193, 4.743328709404353027, 13.00000000000000000 ) ) ;
#589 = EDGE_LOOP ( 'NONE', ( #1137, #2087, #1690, #823 ) ) ;
#590 = VERTEX_POINT ( 'NONE', #2025 ) ;
#591 = CARTESIAN_POINT ( 'NONE',  ( -4.663883377995690971, 6.500000000000001776, 7.599999999999997868 ) ) ;
#592 = CARTESIAN_POINT ( 'NONE',  ( 5.663883377995690971, 6.500000000000001776, -14.60253455381901233 ) ) ;
#593 = ORIENTED_EDGE ( 'NONE', *, *, #1133, .F. ) ;
#594 = FACE_OUTER_BOUND ( 'NONE', #1491, .T. ) ;
#595 = CARTESIAN_POINT ( 'NONE',  ( 4.499999999999993783, -3.499999999999994227, 8.999999999999998224 ) ) ;
#596 = CC_DESIGN_PERSON_AND_ORGANIZATION_ASSIGNMENT ( #1586, #2656, ( #2333 ) ) ;
#597 = EDGE_LOOP ( 'NONE', ( #2161, #2831, #1216, #2761 ) ) ;
#598 = FACE_OUTER_BOUND ( 'NONE', #2797, .T. ) ;
#599 = CARTESIAN_POINT ( 'NONE',  ( 19.50000000000000000, -3.499999999999992006, 4.000000000000001776 ) ) ;
#600 = FACE_OUTER_BOUND ( 'NONE', #1110, .T. ) ;
#601 = EDGE_CURVE ( 'NONE', #2844, #1205, #3326, .T. ) ;
#602 = EDGE_CURVE ( 'NONE', #2461, #706, #1795, .T. ) ;
#603 = ORIENTED_EDGE ( 'NONE', *, *, #1194, .T. ) ;
#604 = PLANE ( 'NONE',  #2481 ) ;
#605 = AXIS2_PLACEMENT_3D ( 'NONE', #1391, #2154, #310 ) ;
#606 = LINE ( 'NONE', #1715, #665 ) ;
#607 = CYLINDRICAL_SURFACE ( 'NONE', #1865, 1.000000000000000888 ) ;
#608 = AXIS2_PLACEMENT_3D ( 'NONE', #79, #129, #943 ) ;
#609 = ORIENTED_EDGE ( 'NONE', *, *, #2280, .F. ) ;
#610 = EDGE_CURVE ( 'NONE', #158, #824, #2555, .T. ) ;
#611 = FACE_OUTER_BOUND ( 'NONE', #925, .T. ) ;
#612 = AXIS2_PLACEMENT_3D ( 'NONE', #689, #3367, #3103 ) ;
#613 = LINE ( 'NONE', #1703, #2086 ) ;
#614 = VERTEX_POINT ( 'NONE', #1202 ) ;
#615 = VECTOR ( 'NONE', #540, 1000.000000000000000 ) ;
#616 = VECTOR ( 'NONE', #2258, 1000.000000000000000 ) ;
#617 = DIRECTION ( 'NONE',  ( -1.156482317317871478E-16, 0.000000000000000000, -1.000000000000000000 ) ) ;
#618 = CARTESIAN_POINT ( 'NONE',  ( 17.50000000000000000, 0.5000000000000038858, 11.00000000000000000 ) ) ;
#619 = DIRECTION ( 'NONE',  ( -0.000000000000000000, 0.000000000000000000, 1.000000000000000000 ) ) ;
#620 = SECURITY_CLASSIFICATION ( '', '', #2710 ) ;
#621 = AXIS2_PLACEMENT_3D ( 'NONE', #726, #1563, #1283 ) ;
#622 = AXIS2_PLACEMENT_3D ( 'NONE', #3396, #2576, #2297 ) ;
#623 = EDGE_CURVE ( 'NONE', #1035, #2819, #1957, .T. ) ;
#624 = ORIENTED_EDGE ( 'NONE', *, *, #2934, .T. ) ;
#625 = PLANE ( 'NONE',  #1634 ) ;
#626 = ORIENTED_EDGE ( 'NONE', *, *, #2585, .T. ) ;
#627 = DIRECTION ( 'NONE',  ( -1.000000000000000000, 0.000000000000000000, -1.156482317317871478E-16 ) ) ;
#628 = VECTOR ( 'NONE', #260, 1000.000000000000000 ) ;
#629 = ORIENTED_EDGE ( 'NONE', *, *, #2397, .T. ) ;
#630 = CARTESIAN_POINT ( 'NONE',  ( 19.50000000000000000, -1.499999999999992228, 4.000000000000001776 ) ) ;
#631 = DIRECTION ( 'NONE',  ( -0.000000000000000000, -0.000000000000000000, 1.000000000000000000 ) ) ;
#632 = ORIENTED_EDGE ( 'NONE', *, *, #990, .T. ) ;
#633 = VERTEX_POINT ( 'NONE', #132 ) ;
#634 = PLANE ( 'NONE',  #224 ) ;
#635 = DIRECTION ( 'NONE',  ( 0.000000000000000000, 0.000000000000000000, 1.000000000000000000 ) ) ;
#636 = LINE ( 'NONE', #2261, #2245 ) ;
#637 = LINE ( 'NONE', #1723, #3240 ) ;
#638 = CARTESIAN_POINT ( 'NONE',  ( 19.50000000000000000, 7.499999999999997335, 13.00000000000000000 ) ) ;
#639 = ORIENTED_EDGE ( 'NONE', *, *, #2189, .T. ) ;
#640 = CARTESIAN_POINT ( 'NONE',  ( 18.83361786177189501, 1.752903639158156279, 2.100000000000000977 ) ) ;
#641 = LINE ( 'NONE', #3285, #3198 ) ;
#642 = EDGE_CURVE ( 'NONE', #2700, #3319, #1428, .T. ) ;
#643 = ORIENTED_EDGE ( 'NONE', *, *, #518, .F. ) ;
#644 = FACE_OUTER_BOUND ( 'NONE', #2387, .T. ) ;
#645 = ORIENTED_EDGE ( 'NONE', *, *, #2951, .T. ) ;
#646 = ORIENTED_EDGE ( 'NONE', *, *, #2664, .F. ) ;
#647 = LINE ( 'NONE', #1735, #1253 ) ;
#648 = DIRECTION ( 'NONE',  ( 1.000000000000000000, 0.000000000000000000, -1.156482317317871478E-16 ) ) ;
#649 = ORIENTED_EDGE ( 'NONE', *, *, #873, .T. ) ;
#650 = CARTESIAN_POINT ( 'NONE',  ( 0.000000000000000000, 0.000000000000000000, 2.000000000000000000 ) ) ;
#651 = EDGE_CURVE ( 'NONE', #1215, #674, #2506, .T. ) ;
#652 = DIRECTION ( 'NONE',  ( -0.000000000000000000, -1.000000000000000000, -0.000000000000000000 ) ) ;
#653 = DIRECTION ( 'NONE',  ( 1.000000000000000000, 0.000000000000000000, 0.000000000000000000 ) ) ;
#654 = ORIENTED_EDGE ( 'NONE', *, *, #1435, .T. ) ;
#655 = VERTEX_POINT ( 'NONE', #83 ) ;
#656 = ORIENTED_EDGE ( 'NONE', *, *, #239, .T. ) ;
#657 = CARTESIAN_POINT ( 'NONE',  ( 6.000000000000007105, -7.499999999999997335, 0.000000000000000000 ) ) ;
#658 = CARTESIAN_POINT ( 'NONE',  ( -11.50000000000000000, 7.500000000000001776, -14.60253455381901233 ) ) ;
#659 = DIRECTION ( 'NONE',  ( -1.000000000000000000, 0.000000000000000000, 1.156482317317871478E-16 ) ) ;
#660 = EDGE_LOOP ( 'NONE', ( #3239, #372, #2793, #285 ) ) ;
#661 = EDGE_CURVE ( 'NONE', #158, #475, #1977, .T. ) ;
#662 = EDGE_CURVE ( 'NONE', #906, #705, #681, .T. ) ;
#663 = DIRECTION ( 'NONE',  ( -1.000000000000000000, -2.312964634635743450E-16, -0.000000000000000000 ) ) ;
#664 = FACE_OUTER_BOUND ( 'NONE', #1228, .T. ) ;
#665 = VECTOR ( 'NONE', #2766, 1000.000000000000000 ) ;
#666 = ORIENTED_EDGE ( 'NONE', *, *, #2925, .T. ) ;
#667 = CARTESIAN_POINT ( 'NONE',  ( -19.50000000000000000, 0.4999999999999970024, 1.500000000000001332 ) ) ;
#668 = ORIENTED_EDGE ( 'NONE', *, *, #2889, .F. ) ;
#669 = DIRECTION ( 'NONE',  ( 1.000000000000000000, 0.000000000000000000, 0.000000000000000000 ) ) ;
#670 = ORIENTED_EDGE ( 'NONE', *, *, #946, .T. ) ;
#671 = CARTESIAN_POINT ( 'NONE',  ( -4.499999999999993783, -3.499999999999996003, 8.999999999999998224 ) ) ;
#672 = AXIS2_PLACEMENT_3D ( 'NONE', #1493, #707, #2300 ) ;
#673 = ORIENTED_EDGE ( 'NONE', *, *, #2664, .T. ) ;
#674 = VERTEX_POINT ( 'NONE', #877 ) ;
#675 = AXIS2_PLACEMENT_3D ( 'NONE', #88, #3238, #1151 ) ;
#676 = VECTOR ( 'NONE', #3314, 1000.000000000000000 ) ;
#677 = CARTESIAN_POINT ( 'NONE',  ( -11.50000000000000000, 7.499999999999997335, 1.500000000000000444 ) ) ;
#678 = DIRECTION ( 'NONE',  ( -0.000000000000000000, -0.000000000000000000, -1.000000000000000000 ) ) ;
#679 = LOCAL_TIME ( 16, 32, 6.000000000000000000, #1068 ) ;
#680 = VECTOR ( 'NONE', #763, 1000.000000000000000 ) ;
#681 = LINE ( 'NONE', #3308, #1292 ) ;
#682 = AXIS2_PLACEMENT_3D ( 'NONE', #638, #2515, #1451 ) ;
#683 = CARTESIAN_POINT ( 'NONE',  ( -18.83361786177189501, 1.752903639158156279, 2.100000000000000977 ) ) ;
#684 = DIRECTION ( 'NONE',  ( 1.000000000000000000, 0.000000000000000000, 0.000000000000000000 ) ) ;
#685 = ADVANCED_FACE ( 'NONE', ( #3018 ), #3037, .T. ) ;
#686 = ORIENTED_EDGE ( 'NONE', *, *, #3169, .T. ) ;
#687 = ADVANCED_FACE ( 'NONE', ( #644 ), #2046, .F. ) ;
#688 = ORIENTED_EDGE ( 'NONE', *, *, #3361, .F. ) ;
#689 = CARTESIAN_POINT ( 'NONE',  ( 0.000000000000000000, 6.594317533532897180, 2.000000000000001776 ) ) ;
#690 = VERTEX_POINT ( 'NONE', #499 ) ;
#691 = CARTESIAN_POINT ( 'NONE',  ( 19.83361786177189501, 3.681892833670855847, -14.60253455381901233 ) ) ;
#692 = VERTEX_POINT ( 'NONE', #1513 ) ;
#693 = ORIENTED_EDGE ( 'NONE', *, *, #2889, .T. ) ;
#694 = LINE ( 'NONE', #1546, #1855 ) ;
#695 = DIRECTION ( 'NONE',  ( 1.000000000000000000, 2.891205793294675368E-16, 0.000000000000000000 ) ) ;
#696 = FACE_OUTER_BOUND ( 'NONE', #892, .T. ) ;
#697 = ADVANCED_FACE ( 'NONE', ( #696 ), #1268, .F. ) ;
#698 = LINE ( 'NONE', #1484, #1187 ) ;
#699 = DIRECTION ( 'NONE',  ( -0.000000000000000000, -0.000000000000000000, 1.000000000000000000 ) ) ;
#700 = ORIENTED_EDGE ( 'NONE', *, *, #2609, .F. ) ;
#701 = FACE_OUTER_BOUND ( 'NONE', #1953, .T. ) ;
#702 = ADVANCED_FACE ( 'NONE', ( #2111 ), #2305, .T. ) ;
#703 = ORIENTED_EDGE ( 'NONE', *, *, #12, .F. ) ;
#704 = PLANE ( 'NONE',  #1872 ) ;
#705 = VERTEX_POINT ( 'NONE', #711 ) ;
#706 = VERTEX_POINT ( 'NONE', #180 ) ;
#707 = DIRECTION ( 'NONE',  ( -0.000000000000000000, 0.000000000000000000, 1.000000000000000000 ) ) ;
#708 = EDGE_CURVE ( 'NONE', #1105, #2529, #980, .T. ) ;
#709 = ADVANCED_FACE ( 'NONE', ( #1254 ), #448, .F. ) ;
#710 = CARTESIAN_POINT ( 'NONE',  ( -4.500000000000000000, 7.499999999999997335, 11.00000000000000000 ) ) ;
#711 = CARTESIAN_POINT ( 'NONE',  ( -19.83361786177189501, 3.681892833670855847, 7.599999999999997868 ) ) ;
#712 = ORIENTED_EDGE ( 'NONE', *, *, #187, .F. ) ;
#713 = ORIENTED_EDGE ( 'NONE', *, *, #2418, .F. ) ;
#714 = DIRECTION ( 'NONE',  ( -3.469446951953599200E-15, 1.000000000000000000, -0.000000000000000000 ) ) ;
#715 = CARTESIAN_POINT ( 'NONE',  ( 11.50000000000000000, 7.500000000000001776, 2.100000000000000977 ) ) ;
#716 = EDGE_LOOP ( 'NONE', ( #2545, #2391, #3381, #3414 ) ) ;
#717 = EDGE_CURVE ( 'NONE', #3399, #475, #2848, .T. ) ;
#718 = DIRECTION ( 'NONE',  ( 0.000000000000000000, 0.000000000000000000, 1.000000000000000000 ) ) ;
#719 = VECTOR ( 'NONE', #3130, 1000.000000000000000 ) ;
#720 = VERTEX_POINT ( 'NONE', #3428 ) ;
#721 = LINE ( 'NONE', #3349, #2153 ) ;
#722 = VERTEX_POINT ( 'NONE', #1548 ) ;
#723 = AXIS2_PLACEMENT_3D ( 'NONE', #1034, #3165, #2583 ) ;
#724 = VERTEX_POINT ( 'NONE', #3148 ) ;
#725 = DIRECTION ( 'NONE',  ( -0.000000000000000000, -0.000000000000000000, 1.000000000000000000 ) ) ;
#726 = CARTESIAN_POINT ( 'NONE',  ( 11.50000000000000000, 7.500000000000001776, -14.60253455381901233 ) ) ;
#727 = AXIS2_PLACEMENT_3D ( 'NONE', #599, #3317, #370 ) ;
#728 = EDGE_CURVE ( 'NONE', #2638, #2683, #1845, .T. ) ;
#729 = VECTOR ( 'NONE', #473, 1000.000000000000000 ) ;
#730 = VECTOR ( 'NONE', #2186, 1000.000000000000000 ) ;
#731 = DIRECTION ( 'NONE',  ( 0.9363291775690446572, -0.3511234415883910942, 0.000000000000000000 ) ) ;
#732 = ORIENTED_EDGE ( 'NONE', *, *, #453, .F. ) ;
#733 = VECTOR ( 'NONE', #1175, 1000.000000000000000 ) ;
#734 = ORIENTED_EDGE ( 'NONE', *, *, #471, .T. ) ;
#735 = AXIS2_PLACEMENT_3D ( 'NONE', #3000, #1898, #1633 ) ;
#736 = DIRECTION ( 'NONE',  ( -0.9363291775690446572, 0.3511234415883910387, -0.000000000000000000 ) ) ;
#737 = DIRECTION ( 'NONE',  ( -0.000000000000000000, 0.000000000000000000, 1.000000000000000000 ) ) ;
#738 = DIRECTION ( 'NONE',  ( 0.9363291775690447682, -0.3511234415883909277, 0.000000000000000000 ) ) ;
#739 = AXIS2_PLACEMENT_3D ( 'NONE', #2311, #2048, #3377 ) ;
#740 = ORIENTED_EDGE ( 'NONE', *, *, #5, .T. ) ;
#741 = EDGE_LOOP ( 'NONE', ( #951, #2958, #1220, #513, #1959 ) ) ;
#742 = CARTESIAN_POINT ( 'NONE',  ( -4.499999999999994671, -1.499999999999997780, 4.000000000000001776 ) ) ;
#743 = LINE ( 'NONE', #1505, #1197 ) ;
#744 = VERTEX_POINT ( 'NONE', #1792 ) ;
#745 = EDGE_LOOP ( 'NONE', ( #1274, #552, #1638, #3226 ) ) ;
#746 = CARTESIAN_POINT ( 'NONE',  ( -11.50000000000000000, 7.500000000000001776, 2.100000000000000977 ) ) ;
#747 = DIRECTION ( 'NONE',  ( -0.9972677544567090102, 0.07387168551531167471, 0.000000000000000000 ) ) ;
#748 = CARTESIAN_POINT ( 'NONE',  ( 10.79473684210524809, 3.852631578947352420, 1.499999999999997558 ) ) ;
#749 = ORIENTED_EDGE ( 'NONE', *, *, #3167, .F. ) ;
#750 = ADVANCED_FACE ( 'NONE', ( #2569 ), #2621, .T. ) ;
#751 = EDGE_LOOP ( 'NONE', ( #1041, #3328, #912, #593, #529, #2185, #382, #2731, #852, #686 ) ) ;
#752 = LINE ( 'NONE', #1835, #3022 ) ;
#753 = CARTESIAN_POINT ( 'NONE',  ( -4.499999999999992895, -5.499999999999996447, 4.000000000000001776 ) ) ;
#754 = CARTESIAN_POINT ( 'NONE',  ( 18.83361786177189501, 0.7529036391581528376, 27.60253455381900878 ) ) ;
#755 = VERTEX_POINT ( 'NONE', #1284 ) ;
#756 = DIRECTION ( 'NONE',  ( 1.000000000000000000, 0.000000000000000000, 0.000000000000000000 ) ) ;
#757 = LINE ( 'NONE', #2945, #458 ) ;
#758 = ORIENTED_EDGE ( 'NONE', *, *, #863, .F. ) ;
#759 = EDGE_CURVE ( 'NONE', #2724, #3313, #2607, .T. ) ;
#760 = VERTEX_POINT ( 'NONE', #3112 ) ;
#761 = DIRECTION ( 'NONE',  ( 1.000000000000000000, 0.000000000000000000, 0.000000000000000000 ) ) ;
#762 = DIRECTION ( 'NONE',  ( 1.000000000000000000, 0.000000000000000000, 0.000000000000000000 ) ) ;
#763 = DIRECTION ( 'NONE',  ( -0.000000000000000000, 0.000000000000000000, 1.000000000000000000 ) ) ;
#764 = EDGE_LOOP ( 'NONE', ( #3143, #139, #959, #2578 ) ) ;
#765 = EDGE_CURVE ( 'NONE', #27, #1045, #2355, .T. ) ;
#766 = CALENDAR_DATE ( 2022, 24, 1 ) ;
#767 = CARTESIAN_POINT ( 'NONE',  ( 11.50000000000000000, 7.500000000000001776, 27.60253455381900878 ) ) ;
#768 = ORIENTED_EDGE ( 'NONE', *, *, #2071, .T. ) ;
#769 = FACE_OUTER_BOUND ( 'NONE', #3294, .T. ) ;
#770 = LINE ( 'NONE', #1, #1309 ) ;
#771 = LINE ( 'NONE', #2441, #615 ) ;
#772 = VERTEX_POINT ( 'NONE', #3387 ) ;
#773 = EDGE_CURVE ( 'NONE', #193, #2856, #995, .T. ) ;
#774 = EDGE_CURVE ( 'NONE', #193, #1035, #1233, .T. ) ;
#775 = ORIENTED_EDGE ( 'NONE', *, *, #530, .F. ) ;
#776 = DIRECTION ( 'NONE',  ( 0.9138115486202572635, -0.4061384660534475555, 0.000000000000000000 ) ) ;
#777 = LINE ( 'NONE', #37, #278 ) ;
#778 = ORIENTED_EDGE ( 'NONE', *, *, #43, .F. ) ;
#779 = VECTOR ( 'NONE', #736, 1000.000000000000227 ) ;
#780 = FACE_OUTER_BOUND ( 'NONE', #1247, .T. ) ;
#781 = CARTESIAN_POINT ( 'NONE',  ( -19.50000000000000000, 7.499999999999997335, 13.00000000000000000 ) ) ;
#782 = CARTESIAN_POINT ( 'NONE',  ( 0.000000000000000000, 6.594317533532897180, 22.21954445729289063 ) ) ;
#783 = VECTOR ( 'NONE', #1108, 1000.000000000000000 ) ;
#784 = PERSON_AND_ORGANIZATION_ROLE ( 'creator' ) ;
#785 = AXIS2_PLACEMENT_3D ( 'NONE', #3140, #2052, #1823 ) ;
#786 = FACE_OUTER_BOUND ( 'NONE', #745, .T. ) ;
#787 = ORIENTED_EDGE ( 'NONE', *, *, #1555, .T. ) ;
#788 = ORIENTED_EDGE ( 'NONE', *, *, #2584, .T. ) ;
#789 = AXIS2_PLACEMENT_3D ( 'NONE', #40, #237, #1046 ) ;
#790 = DIRECTION ( 'NONE',  ( -1.000000000000000000, 0.000000000000000000, -0.000000000000000000 ) ) ;
#791 = VECTOR ( 'NONE', #3257, 1000.000000000000000 ) ;
#792 = DIRECTION ( 'NONE',  ( -2.312964634635743450E-16, 1.000000000000000000, 0.000000000000000000 ) ) ;
#793 = AXIS2_PLACEMENT_3D ( 'NONE', #527, #2643, #756 ) ;
#794 = PLANE ( 'NONE',  #118 ) ;
#795 = VECTOR ( 'NONE', #1054, 1000.000000000000000 ) ;
#796 = VERTEX_POINT ( 'NONE', #965 ) ;
#797 = DIRECTION ( 'NONE',  ( -0.000000000000000000, -0.000000000000000000, -1.000000000000000000 ) ) ;
#798 = DIRECTION ( 'NONE',  ( -0.000000000000000000, -0.000000000000000000, 1.000000000000000000 ) ) ;
#799 = AXIS2_PLACEMENT_3D ( 'NONE', #2370, #3419, #1027 ) ;
#800 = APPROVAL ( #2987, 'UNSPECIFIED' ) ;
#801 = ORIENTED_EDGE ( 'NONE', *, *, #1555, .F. ) ;
#802 = CARTESIAN_POINT ( 'NONE',  ( -5.663883377995690971, 7.500000000000001776, 27.60253455381900878 ) ) ;
#803 = CYLINDRICAL_SURFACE ( 'NONE', #3081, 1.999999999999999112 ) ;
#804 = CARTESIAN_POINT ( 'NONE',  ( 5.663883377995690971, 6.500000000000001776, 10.90000000000000036 ) ) ;
#805 = ORIENTED_EDGE ( 'NONE', *, *, #1907, .F. ) ;
#806 = CARTESIAN_POINT ( 'NONE',  ( -19.50000000000000000, 7.499999999999997335, 13.00000000000000000 ) ) ;
#807 = ORIENTED_EDGE ( 'NONE', *, *, #2501, .T. ) ;
#808 = EDGE_LOOP ( 'NONE', ( #418, #693, #3459, #2962 ) ) ;
#809 = EDGE_CURVE ( 'NONE', #74, #861, #3405, .T. ) ;
#810 = FACE_OUTER_BOUND ( 'NONE', #2486, .T. ) ;
#811 = CARTESIAN_POINT ( 'NONE',  ( -18.83361786177189501, 0.7529036391581562793, 27.60253455381900878 ) ) ;
#812 = LINE ( 'NONE', #2918, #2146 ) ;
#813 = EDGE_LOOP ( 'NONE', ( #412, #324, #2041, #1381 ) ) ;
#814 = DIRECTION ( 'NONE',  ( -0.000000000000000000, 0.000000000000000000, 1.000000000000000000 ) ) ;
#815 = DIRECTION ( 'NONE',  ( -4.336808689942018722E-16, 1.000000000000000000, 0.000000000000000000 ) ) ;
#816 = ORIENTED_EDGE ( 'NONE', *, *, #990, .F. ) ;
#817 = DIRECTION ( 'NONE',  ( -0.000000000000000000, 0.000000000000000000, 1.000000000000000000 ) ) ;
#818 = PLANE ( 'NONE',  #2197 ) ;
#819 = CARTESIAN_POINT ( 'NONE',  ( 19.50000000000000000, 3.806999531835309369, 0.000000000000000000 ) ) ;
#820 = EDGE_CURVE ( 'NONE', #861, #3119, #482, .T. ) ;
#821 = APPROVAL_STATUS ( 'not_yet_approved' ) ;
#822 = CARTESIAN_POINT ( 'NONE',  ( 19.50000000000000000, -5.499999999999991118, 8.999999999999998224 ) ) ;
#823 = ORIENTED_EDGE ( 'NONE', *, *, #2330, .F. ) ;
#824 = VERTEX_POINT ( 'NONE', #2381 ) ;
#825 = FACE_OUTER_BOUND ( 'NONE', #2806, .T. ) ;
#826 = LINE ( 'NONE', #1764, #2491 ) ;
#827 = PLANE ( 'NONE',  #2034 ) ;
#828 = ORIENTED_EDGE ( 'NONE', *, *, #2350, .F. ) ;
#829 = ORIENTED_EDGE ( 'NONE', *, *, #1094, .T. ) ;
#830 = DIRECTION ( 'NONE',  ( 1.000000000000000000, 0.000000000000000000, 0.000000000000000000 ) ) ;
#831 = CARTESIAN_POINT ( 'NONE',  ( 19.18474130336028693, 4.618222011239899949, 10.90000000000000036 ) ) ;
#832 = ADVANCED_FACE ( 'NONE', ( #2953 ), #2198, .F. ) ;
#833 = VERTEX_POINT ( 'NONE', #1338 ) ;
#834 = DIRECTION ( 'NONE',  ( -0.000000000000000000, -0.000000000000000000, -1.000000000000000000 ) ) ;
#835 = CARTESIAN_POINT ( 'NONE',  ( -4.500000000000000000, 0.4999999999999970024, 5.500000000000000000 ) ) ;
#836 = EDGE_LOOP ( 'NONE', ( #1681, #3104, #2948, #2993, #1501, #1560, #293, #1544, #2771 ) ) ;
#837 = LINE ( 'NONE', #3460, #3038 ) ;
#838 = CIRCLE ( 'NONE', #2805, 1.999999999999999556 ) ;
#839 = DATE_TIME_ROLE ( 'classification_date' ) ;
#840 = DIRECTION ( 'NONE',  ( -1.000000000000000000, 0.000000000000000000, 1.134601908303326434E-16 ) ) ;
#841 = ORIENTED_EDGE ( 'NONE', *, *, #2051, .T. ) ;
#842 = VECTOR ( 'NONE', #1409, 1000.000000000000000 ) ;
#843 = ADVANCED_FACE ( 'NONE', ( #2452 ), #241, .F. ) ;
#844 = ADVANCED_FACE ( 'NONE', ( #786 ), #1901, .F. ) ;
#845 = AXIS2_PLACEMENT_3D ( 'NONE', #916, #1998, #3053 ) ;
#846 = CARTESIAN_POINT ( 'NONE',  ( 11.50000000000000000, 7.499999999999998224, 0.000000000000000000 ) ) ;
#847 = CARTESIAN_POINT ( 'NONE',  ( -4.500000000000000000, 7.499999999999997335, 5.499999999999998224 ) ) ;
#848 = ORIENTED_EDGE ( 'NONE', *, *, #1366, .F. ) ;
#849 = EDGE_CURVE ( 'NONE', #1833, #2913, #1375, .T. ) ;
#850 = ORIENTED_EDGE ( 'NONE', *, *, #1765, .T. ) ;
#851 = VECTOR ( 'NONE', #1906, 1000.000000000000000 ) ;
#852 = ORIENTED_EDGE ( 'NONE', *, *, #2179, .T. ) ;
#853 = DIRECTION ( 'NONE',  ( -1.000000000000000000, -0.000000000000000000, -0.000000000000000000 ) ) ;
#854 = FACE_OUTER_BOUND ( 'NONE', #2721, .T. ) ;
#855 = AXIS2_PLACEMENT_3D ( 'NONE', #2057, #1267, #747 ) ;
#856 = ORIENTED_EDGE ( 'NONE', *, *, #1816, .F. ) ;
#857 = DIRECTION ( 'NONE',  ( 1.000000000000000000, 0.000000000000000000, 0.000000000000000000 ) ) ;
#858 = AXIS2_PLACEMENT_3D ( 'NONE', #1830, #2895, #2395 ) ;
#859 = DIRECTION ( 'NONE',  ( 1.156482317317871725E-16, 0.000000000000000000, 1.000000000000000000 ) ) ;
#860 = DIRECTION ( 'NONE',  ( -0.000000000000000000, 0.000000000000000000, 1.000000000000000000 ) ) ;
#861 = VERTEX_POINT ( 'NONE', #31 ) ;
#862 = CARTESIAN_POINT ( 'NONE',  ( 4.500000000000000000, 7.499999999999997335, 11.00000000000000000 ) ) ;
#863 = EDGE_CURVE ( 'NONE', #27, #64, #1006, .T. ) ;
#864 = DIRECTION ( 'NONE',  ( 1.156482317317871725E-16, 0.000000000000000000, 1.000000000000000000 ) ) ;
#865 = CARTESIAN_POINT ( 'NONE',  ( -18.50000000000000000, 3.806999531835308481, 1.500000000000000888 ) ) ;
#866 = EDGE_CURVE ( 'NONE', #2673, #313, #1975, .T. ) ;
#867 = CARTESIAN_POINT ( 'NONE',  ( 11.50000000000000000, 7.500000000000001776, 5.399999999999998579 ) ) ;
#868 = CARTESIAN_POINT ( 'NONE',  ( -19.50000000000000000, -5.500000000000000000, 8.999999999999998224 ) ) ;
#869 = ORIENTED_EDGE ( 'NONE', *, *, #3278, .F. ) ;
#870 = DIRECTION ( 'NONE',  ( -4.336808689942018722E-16, 1.000000000000000000, 0.000000000000000000 ) ) ;
#871 = LINE ( 'NONE', #2500, #1976 ) ;
#872 = CARTESIAN_POINT ( 'NONE',  ( 4.663883377995690971, 7.500000000000001776, 7.599999999999997868 ) ) ;
#873 = EDGE_CURVE ( 'NONE', #3444, #2902, #2396, .T. ) ;
#874 = ORIENTED_EDGE ( 'NONE', *, *, #3194, .T. ) ;
#875 = CARTESIAN_POINT ( 'NONE',  ( -2.999999999999999556, -5.500000000000001776, 13.00000000000000000 ) ) ;
#876 = EDGE_CURVE ( 'NONE', #459, #424, #2687, .T. ) ;
#877 = CARTESIAN_POINT ( 'NONE',  ( -19.50000000000000000, -6.500000000000000888, 2.000000000000000888 ) ) ;
#878 = CARTESIAN_POINT ( 'NONE',  ( 4.500000000000000000, 7.499999999999997335, 7.499999999999998224 ) ) ;
#879 = VERTEX_POINT ( 'NONE', #2469 ) ;
#880 = ORIENTED_EDGE ( 'NONE', *, *, #1668, .T. ) ;
#881 = CARTESIAN_POINT ( 'NONE',  ( 11.50000000000000000, 7.499999999999998224, 0.000000000000000000 ) ) ;
#882 = DIRECTION ( 'NONE',  ( -4.336808689942018722E-16, 1.000000000000000000, 0.000000000000000000 ) ) ;
#883 = ADVANCED_FACE ( 'NONE', ( #2674 ), #3203, .F. ) ;
#884 = ORIENTED_EDGE ( 'NONE', *, *, #2739, .T. ) ;
#885 = EDGE_CURVE ( 'NONE', #1902, #2235, #1050, .T. ) ;
#886 = DIRECTION ( 'NONE',  ( 0.000000000000000000, 0.000000000000000000, -1.000000000000000000 ) ) ;
#887 = DIRECTION ( 'NONE',  ( -1.000000000000000000, -2.312964634635743450E-16, 0.000000000000000000 ) ) ;
#888 = CARTESIAN_POINT ( 'NONE',  ( -11.31866541822748928, 7.500000000000001776, 2.100000000000000977 ) ) ;
#889 = ORIENTED_EDGE ( 'NONE', *, *, #208, .T. ) ;
#890 = VERTEX_POINT ( 'NONE', #254 ) ;
#891 = CARTESIAN_POINT ( 'NONE',  ( 4.663883377995690971, 0.7529036391581528376, 27.60253455381900878 ) ) ;
#892 = EDGE_LOOP ( 'NONE', ( #226, #1596, #2254, #2504 ) ) ;
#893 = DIRECTION ( 'NONE',  ( -1.000000000000000000, -0.000000000000000000, -0.000000000000000000 ) ) ;
#894 = AXIS2_PLACEMENT_3D ( 'NONE', #2078, #1209, #404 ) ;
#895 = DIRECTION ( 'NONE',  ( 1.000000000000000000, 0.000000000000000000, 0.000000000000000000 ) ) ;
#896 = CARTESIAN_POINT ( 'NONE',  ( 11.50000000000000000, 7.499999999999998224, 0.000000000000000000 ) ) ;
#897 = AXIS2_PLACEMENT_3D ( 'NONE', #1354, #1390, #1617 ) ;
#898 = VERTEX_POINT ( 'NONE', #822 ) ;
#899 = DIRECTION ( 'NONE',  ( -0.000000000000000000, 1.000000000000000000, -0.000000000000000000 ) ) ;
#900 = AXIS2_PLACEMENT_3D ( 'NONE', #1334, #2463, #2949 ) ;
#901 = LINE ( 'NONE', #3043, #3131 ) ;
#902 = VECTOR ( 'NONE', #2187, 1000.000000000000000 ) ;
#903 = AXIS2_PLACEMENT_3D ( 'NONE', #968, #933, #2556 ) ;
#904 = PLANE ( 'NONE',  #1400 ) ;
#905 = CARTESIAN_POINT ( 'NONE',  ( -19.83361786177189501, 0.7529036391581562793, 5.399999999999998579 ) ) ;
#906 = VERTEX_POINT ( 'NONE', #2413 ) ;
#907 = DIRECTION ( 'NONE',  ( 1.000000000000000000, 0.000000000000000000, -1.815363053285322294E-16 ) ) ;
#908 = APPROVAL_PERSON_ORGANIZATION ( #1917, #800, #572 ) ;
#909 = CIRCLE ( 'NONE', #2039, 1.000000000000000000 ) ;
#910 = ORIENTED_EDGE ( 'NONE', *, *, #728, .T. ) ;
#911 = VECTOR ( 'NONE', #109, 1000.000000000000114 ) ;
#912 = ORIENTED_EDGE ( 'NONE', *, *, #2390, .F. ) ;
#913 = LINE ( 'NONE', #2269, #2919 ) ;
#914 = FACE_OUTER_BOUND ( 'NONE', #1606, .T. ) ;
#915 = CIRCLE ( 'NONE', #290, 1.000000000000000000 ) ;
#916 = CARTESIAN_POINT ( 'NONE',  ( 5.663883377995690971, 6.500000000000001776, 27.60253455381900878 ) ) ;
#917 = ADVANCED_FACE ( 'NONE', ( #2181 ), #1888, .T. ) ;
#918 = ORIENTED_EDGE ( 'NONE', *, *, #930, .F. ) ;
#919 = DIRECTION ( 'NONE',  ( -0.000000000000000000, -0.000000000000000000, 1.000000000000000000 ) ) ;
#920 = CARTESIAN_POINT ( 'NONE',  ( 4.500000000000000000, 0.4999999999999970024, 5.499999999999998224 ) ) ;
#921 = DIRECTION ( 'NONE',  ( 0.8320502943378439431, -0.5547001962252287033, 0.000000000000000000 ) ) ;
#922 = DIRECTION ( 'NONE',  ( -0.000000000000000000, -0.000000000000000000, -1.000000000000000000 ) ) ;
#923 = CYLINDRICAL_SURFACE ( 'NONE', #1706, 1.000000000000000888 ) ;
#924 = ORIENTED_EDGE ( 'NONE', *, *, #820, .F. ) ;
#925 = EDGE_LOOP ( 'NONE', ( #1775, #2279, #3327, #1554 ) ) ;
#926 = DIRECTION ( 'NONE',  ( 0.000000000000000000, 0.000000000000000000, -1.000000000000000000 ) ) ;
#927 = EDGE_LOOP ( 'NONE', ( #2295, #3243, #177, #483 ) ) ;
#928 = CARTESIAN_POINT ( 'NONE',  ( 4.663883377995690971, 6.500000000000001776, 10.90000000000000036 ) ) ;
#929 = ADVANCED_FACE ( 'NONE', ( #3443 ), #307, .F. ) ;
#930 = EDGE_CURVE ( 'NONE', #192, #119, #3251, .T. ) ;
#931 = DIRECTION ( 'NONE',  ( -1.000000000000000000, -2.312964634635743450E-16, 0.000000000000000000 ) ) ;
#932 = VERTEX_POINT ( 'NONE', #1587 ) ;
#933 = DIRECTION ( 'NONE',  ( 0.000000000000000000, 1.000000000000000000, 0.000000000000000000 ) ) ;
#934 = PLANE ( 'NONE',  #2715 ) ;
#935 = VERTEX_POINT ( 'NONE', #536 ) ;
#936 = DIRECTION ( 'NONE',  ( -0.000000000000000000, -1.000000000000000000, -0.000000000000000000 ) ) ;
#937 = LINE ( 'NONE', #1557, #1980 ) ;
#938 = ORIENTED_EDGE ( 'NONE', *, *, #1339, .T. ) ;
#939 = ADVANCED_FACE ( 'NONE', ( #268 ), #2657, .F. ) ;
#940 = CARTESIAN_POINT ( 'NONE',  ( -8.144736842105263719, -1.447368421052636522, 11.50000000000000000 ) ) ;
#941 = ORIENTED_EDGE ( 'NONE', *, *, #2823, .T. ) ;
#942 = ORIENTED_EDGE ( 'NONE', *, *, #2220, .T. ) ;
#943 = DIRECTION ( 'NONE',  ( 1.000000000000000000, 0.000000000000000000, 0.000000000000000000 ) ) ;
#944 = CARTESIAN_POINT ( 'NONE',  ( -8.144736842105263719, -1.447368421052636522, 1.499999999999999556 ) ) ;
#945 = DIRECTION ( 'NONE',  ( 1.000000000000000000, 0.000000000000000000, 0.000000000000000000 ) ) ;
#946 = EDGE_CURVE ( 'NONE', #1260, #1489, #2697, .T. ) ;
#947 = EDGE_CURVE ( 'NONE', #3048, #932, #383, .T. ) ;
#948 = DIRECTION ( 'NONE',  ( -1.000000000000000000, 0.000000000000000000, 0.000000000000000000 ) ) ;
#949 = DIRECTION ( 'NONE',  ( 0.000000000000000000, 0.000000000000000000, -1.000000000000000000 ) ) ;
#950 = CIRCLE ( 'NONE', #1515, 1.000000000000000888 ) ;
#951 = ORIENTED_EDGE ( 'NONE', *, *, #4, .T. ) ;
#952 = AXIS2_PLACEMENT_3D ( 'NONE', #2967, #3232, #1868 ) ;
#953 = CYLINDRICAL_SURFACE ( 'NONE', #2313, 1.000000000000000888 ) ;
#954 = ORIENTED_EDGE ( 'NONE', *, *, #2757, .T. ) ;
#955 = CARTESIAN_POINT ( 'NONE',  ( 9.500000000000000000, -6.499999999999993783, 2.000000000000000000 ) ) ;
#956 = VECTOR ( 'NONE', #386, 1000.000000000000000 ) ;
#957 = VERTEX_POINT ( 'NONE', #875 ) ;
#958 = VERTEX_POINT ( 'NONE', #2779 ) ;
#959 = ORIENTED_EDGE ( 'NONE', *, *, #3161, .F. ) ;
#960 = VECTOR ( 'NONE', #51, 1000.000000000000000 ) ;
#961 = VECTOR ( 'NONE', #542, 1000.000000000000000 ) ;
#962 = CARTESIAN_POINT ( 'NONE',  ( 11.50000000000000178, 7.500000000000001776, 11.00000000000000000 ) ) ;
#963 = CARTESIAN_POINT ( 'NONE',  ( 19.50000000000000000, 7.499999999999997335, 13.00000000000000000 ) ) ;
#964 = VECTOR ( 'NONE', #1644, 1000.000000000000000 ) ;
#965 = CARTESIAN_POINT ( 'NONE',  ( -19.18474130336028693, 4.618222011239900837, 7.599999999999997868 ) ) ;
#966 = AXIS2_PLACEMENT_3D ( 'NONE', #2561, #2615, #1558 ) ;
#967 = VERTEX_POINT ( 'NONE', #588 ) ;
#968 = CARTESIAN_POINT ( 'NONE',  ( 0.000000000000000000, 0.4999999999999970024, 0.000000000000000000 ) ) ;
#969 = DIRECTION ( 'NONE',  ( 0.000000000000000000, -0.000000000000000000, 1.000000000000000000 ) ) ;
#970 = EDGE_LOOP ( 'NONE', ( #1155, #2129, #3188, #561 ) ) ;
#971 = EDGE_CURVE ( 'NONE', #191, #760, #3050, .T. ) ;
#972 = ADVANCED_FACE ( 'NONE', ( #3336 ), #604, .F. ) ;
#973 = DIRECTION ( 'NONE',  ( -1.000000000000000000, 0.000000000000000000, 0.000000000000000000 ) ) ;
#974 = VERTEX_POINT ( 'NONE', #2230 ) ;
#975 = CARTESIAN_POINT ( 'NONE',  ( 17.50000000000000000, 0.5000000000000038858, 1.499999999999996891 ) ) ;
#976 = ORIENTED_EDGE ( 'NONE', *, *, #1204, .T. ) ;
#977 = EDGE_LOOP ( 'NONE', ( #712, #1084, #126, #1507 ) ) ;
#978 = CARTESIAN_POINT ( 'NONE',  ( 1.615384615384616085, -2.423076923076926015, 0.000000000000000000 ) ) ;
#979 = LINE ( 'NONE', #443, #1700 ) ;
#980 = LINE ( 'NONE', #2324, #2813 ) ;
#981 = EDGE_CURVE ( 'NONE', #2842, #1741, #2518, .T. ) ;
#982 = ORIENTED_EDGE ( 'NONE', *, *, #344, .T. ) ;
#983 = DIRECTION ( 'NONE',  ( -0.000000000000000000, -0.000000000000000000, -1.000000000000000000 ) ) ;
#984 = LINE ( 'NONE', #2278, #729 ) ;
#985 = ORIENTED_EDGE ( 'NONE', *, *, #2361, .F. ) ;
#986 = CARTESIAN_POINT ( 'NONE',  ( -11.66978885981588121, 7.436329177569046323, -14.60253455381901233 ) ) ;
#987 = ORIENTED_EDGE ( 'NONE', *, *, #1650, .F. ) ;
#988 = DIRECTION ( 'NONE',  ( 1.000000000000000000, 0.000000000000000000, 0.000000000000000000 ) ) ;
#989 = EDGE_CURVE ( 'NONE', #507, #1109, #3237, .T. ) ;
#990 = EDGE_CURVE ( 'NONE', #2714, #3434, #3324, .T. ) ;
#991 = ORIENTED_EDGE ( 'NONE', *, *, #571, .F. ) ;
#992 = VERTEX_POINT ( 'NONE', #2763 ) ;
#993 = DIRECTION ( 'NONE',  ( -0.8320502943378438321, -0.5547001962252288143, 0.000000000000000000 ) ) ;
#994 = PLANE ( 'NONE',  #621 ) ;
#995 = LINE ( 'NONE', #3126, #2753 ) ;
#996 = EDGE_LOOP ( 'NONE', ( #2857, #1285, #775, #1965, #1246, #2321, #609, #2366 ) ) ;
#997 = CARTESIAN_POINT ( 'NONE',  ( 19.50000000000000000, 3.806999531835309369, 13.00000000000000000 ) ) ;
#998 = CARTESIAN_POINT ( 'NONE',  ( 18.83361786177189501, 0.7529036391581562793, -14.60253455381901233 ) ) ;
#999 = DIRECTION ( 'NONE',  ( 0.000000000000000000, -0.000000000000000000, -1.000000000000000000 ) ) ;
#1000 = VECTOR ( 'NONE', #584, 1000.000000000000000 ) ;
#1001 = ORIENTED_EDGE ( 'NONE', *, *, #1732, .T. ) ;
#1002 = LINE ( 'NONE', #2084, #2758 ) ;
#1003 = VECTOR ( 'NONE', #1678, 1000.000000000000000 ) ;
#1004 = LINE ( 'NONE', #2890, #2320 ) ;
#1005 = EDGE_LOOP ( 'NONE', ( #1739, #3274, #3102, #3054 ) ) ;
#1006 = CIRCLE ( 'NONE', #1295, 9.555793662526186338 ) ;
#1007 = ORIENTED_EDGE ( 'NONE', *, *, #1874, .F. ) ;
#1008 = ADVANCED_FACE ( 'NONE', ( #2214 ), #625, .T. ) ;
#1009 = VERTEX_POINT ( 'NONE', #1691 ) ;
#1010 = ORIENTED_EDGE ( 'NONE', *, *, #363, .F. ) ;
#1011 = CARTESIAN_POINT ( 'NONE',  ( 19.50000000000000355, -6.499999999999992006, 0.000000000000000000 ) ) ;
#1012 = DIRECTION ( 'NONE',  ( -0.000000000000000000, -0.000000000000000000, 1.000000000000000000 ) ) ;
#1013 = VECTOR ( 'NONE', #3078, 1000.000000000000000 ) ;
#1014 = AXIS2_PLACEMENT_3D ( 'NONE', #3114, #2080, #2327 ) ;
#1015 = AXIS2_PLACEMENT_3D ( 'NONE', #1503, #2036, #2838 ) ;
#1016 = DIRECTION ( 'NONE',  ( -1.000000000000000000, 0.000000000000000000, -0.000000000000000000 ) ) ;
#1017 = VERTEX_POINT ( 'NONE', #2247 ) ;
#1018 = VECTOR ( 'NONE', #312, 1000.000000000000000 ) ;
#1019 = VECTOR ( 'NONE', #678, 1000.000000000000000 ) ;
#1020 = VECTOR ( 'NONE', #570, 1000.000000000000000 ) ;
#1021 = CARTESIAN_POINT ( 'NONE',  ( -19.50000000000000000, -6.500000000000000888, 13.00000000000000000 ) ) ;
#1022 = CARTESIAN_POINT ( 'NONE',  ( 5.663883377995690971, 6.500000000000001776, 2.100000000000000977 ) ) ;
#1023 = LINE ( 'NONE', #2102, #3416 ) ;
#1024 = ADVANCED_FACE ( 'NONE', ( #3305 ), #1453, .T. ) ;
#1025 = ORIENTED_EDGE ( 'NONE', *, *, #2167, .T. ) ;
#1026 = DIRECTION ( 'NONE',  ( 0.000000000000000000, 0.000000000000000000, -1.000000000000000000 ) ) ;
#1027 = DIRECTION ( 'NONE',  ( 0.000000000000000000, -0.000000000000000000, 1.000000000000000000 ) ) ;
#1028 = ADVANCED_FACE ( 'NONE', ( #95 ), #1217, .T. ) ;
#1029 = ORIENTED_EDGE ( 'NONE', *, *, #67, .F. ) ;
#1030 = CARTESIAN_POINT ( 'NONE',  ( 19.50000000000000000, 3.806999531835309369, 1.499999999999996225 ) ) ;
#1031 = LINE ( 'NONE', #3146, #2308 ) ;
#1032 = DIRECTION ( 'NONE',  ( -0.000000000000000000, 0.000000000000000000, 1.000000000000000000 ) ) ;
#1033 = DATE_AND_TIME ( #2966, #2376 ) ;
#1034 = CARTESIAN_POINT ( 'NONE',  ( 4.499999999999993783, -3.499999999999995115, 4.000000000000001776 ) ) ;
#1035 = VERTEX_POINT ( 'NONE', #2007 ) ;
#1036 = EDGE_CURVE ( 'NONE', #3444, #957, #913, .T. ) ;
#1037 = ADVANCED_FACE ( 'NONE', ( #1439 ), #3064, .T. ) ;
#1038 = DIRECTION ( 'NONE',  ( 0.000000000000000000, 0.000000000000000000, 1.000000000000000000 ) ) ;
#1039 = DIRECTION ( 'NONE',  ( -1.000000000000000000, 0.000000000000000000, 1.815363053285322294E-16 ) ) ;
#1040 = DIRECTION ( 'NONE',  ( 0.000000000000000000, 0.000000000000000000, -1.000000000000000000 ) ) ;
#1041 = ORIENTED_EDGE ( 'NONE', *, *, #502, .F. ) ;
#1042 = DIRECTION ( 'NONE',  ( 0.000000000000000000, 0.000000000000000000, 1.000000000000000000 ) ) ;
#1043 = DIRECTION ( 'NONE',  ( 0.000000000000000000, -1.000000000000000000, 0.000000000000000000 ) ) ;
#1044 = ORIENTED_EDGE ( 'NONE', *, *, #2584, .F. ) ;
#1045 = VERTEX_POINT ( 'NONE', #2811 ) ;
#1046 = DIRECTION ( 'NONE',  ( 1.000000000000000000, 0.000000000000000000, 0.000000000000000000 ) ) ;
#1047 = ORIENTED_EDGE ( 'NONE', *, *, #1426, .T. ) ;
#1048 = CYLINDRICAL_SURFACE ( 'NONE', #1648, 1.999999999999999556 ) ;
#1049 = APPLICATION_PROTOCOL_DEFINITION ( 'international standard', 'config_control_design', 1994, #1086 ) ;
#1050 = LINE ( 'NONE', #3181, #783 ) ;
#1051 = ORIENTED_EDGE ( 'NONE', *, *, #364, .T. ) ;
#1052 = EDGE_CURVE ( 'NONE', #38, #64, #2552, .T. ) ;
#1053 = PLANE ( 'NONE',  #2076 ) ;
#1054 = DIRECTION ( 'NONE',  ( -0.000000000000000000, -0.000000000000000000, 1.000000000000000000 ) ) ;
#1055 = DIRECTION ( 'NONE',  ( 1.000000000000000000, 0.000000000000000000, -1.156482317317871478E-16 ) ) ;
#1056 = ORIENTED_EDGE ( 'NONE', *, *, #2482, .F. ) ;
#1057 = EDGE_CURVE ( 'NONE', #3219, #3149, #1860, .T. ) ;
#1058 = DIRECTION ( 'NONE',  ( 1.000000000000000000, 0.000000000000000000, 0.000000000000000000 ) ) ;
#1059 = CARTESIAN_POINT ( 'NONE',  ( -17.50000000000000000, 0.4999999999999970024, 7.499999999999994671 ) ) ;
#1060 = CLOSED_SHELL ( 'NONE', ( #1993, #929, #2903, #3321, #1468, #2672, #3150, #3107, #2200, #1603, #2652 ) ) ;
#1061 = ORIENTED_EDGE ( 'NONE', *, *, #3084, .F. ) ;
#1062 = VECTOR ( 'NONE', #1941, 1000.000000000000000 ) ;
#1063 = LINE ( 'NONE', #802, #3120 ) ;
#1064 = FACE_BOUND ( 'NONE', #1433, .T. ) ;
#1065 = LINE ( 'NONE', #3245, #1310 ) ;
#1066 = AXIS2_PLACEMENT_3D ( 'NONE', #164, #2864, #1016 ) ;
#1067 = EDGE_CURVE ( 'NONE', #2298, #1910, #2021, .T. ) ;
#1068 = COORDINATED_UNIVERSAL_TIME_OFFSET ( 6, 0, .BEHIND. ) ;
#1069 = DIRECTION ( 'NONE',  ( -1.000000000000000000, 0.000000000000000000, 0.000000000000000000 ) ) ;
#1070 = AXIS2_PLACEMENT_3D ( 'NONE', #1331, #2978, #3454 ) ;
#1071 = VECTOR ( 'NONE', #2000, 1000.000000000000114 ) ;
#1072 = DIRECTION ( 'NONE',  ( 0.000000000000000000, 0.000000000000000000, 1.000000000000000000 ) ) ;
#1073 = VECTOR ( 'NONE', #631, 1000.000000000000000 ) ;
#1074 = DIRECTION ( 'NONE',  ( 1.156482317317871478E-16, -0.000000000000000000, 1.000000000000000000 ) ) ;
#1075 = AXIS2_PLACEMENT_3D ( 'NONE', #1849, #1074, #1039 ) ;
#1076 = PLANE ( 'NONE',  #1131 ) ;
#1077 = EDGE_CURVE ( 'NONE', #2347, #3399, #694, .T. ) ;
#1078 = VERTEX_POINT ( 'NONE', #1533 ) ;
#1079 = AXIS2_PLACEMENT_3D ( 'NONE', #2950, #2144, #1674 ) ;
#1080 = CARTESIAN_POINT ( 'NONE',  ( -5.663883377995690971, 7.500000000000001776, 7.599999999999997868 ) ) ;
#1081 = CARTESIAN_POINT ( 'NONE',  ( 4.500000000000000000, 7.499999999999997335, 5.499999999999998224 ) ) ;
#1082 = AXIS2_PLACEMENT_3D ( 'NONE', #351, #1207, #1667 ) ;
#1083 = EDGE_CURVE ( 'NONE', #2842, #720, #328, .T. ) ;
#1084 = ORIENTED_EDGE ( 'NONE', *, *, #642, .F. ) ;
#1085 = ADVANCED_FACE ( 'NONE', ( #2879 ), #214, .T. ) ;
#1086 = APPLICATION_CONTEXT ( 'configuration controlled 3d designs of mechanical parts and assemblies' ) ;
#1087 = ADVANCED_FACE ( 'NONE', ( #2378 ), #3096, .F. ) ;
#1088 = DIRECTION ( 'NONE',  ( 0.000000000000000000, 0.000000000000000000, -1.000000000000000000 ) ) ;
#1089 = PLANE ( 'NONE',  #1241 ) ;
#1090 = CYLINDRICAL_SURFACE ( 'NONE', #2544, 1.000000000000000888 ) ;
#1091 = CALENDAR_DATE ( 2022, 24, 1 ) ;
#1092 = CARTESIAN_POINT ( 'NONE',  ( 4.499999999999993783, -3.499999999999994227, 8.999999999999998224 ) ) ;
#1093 = DIRECTION ( 'NONE',  ( -0.000000000000000000, 1.000000000000000000, 0.000000000000000000 ) ) ;
#1094 = EDGE_CURVE ( 'NONE', #3444, #1590, #1562, .T. ) ;
#1095 = DIRECTION ( 'NONE',  ( 0.000000000000000000, 1.000000000000000000, -0.000000000000000000 ) ) ;
#1096 = CARTESIAN_POINT ( 'NONE',  ( -19.50000000000000000, -3.499999999999999556, 8.999999999999998224 ) ) ;
#1097 = EDGE_LOOP ( 'NONE', ( #2740, #2176, #2213, #2106 ) ) ;
#1098 = ORIENTED_EDGE ( 'NONE', *, *, #2653, .T. ) ;
#1099 = DIRECTION ( 'NONE',  ( -0.000000000000000000, 0.000000000000000000, 1.000000000000000000 ) ) ;
#1100 = LINE ( 'NONE', #2121, #3310 ) ;
#1101 = ORIENTED_EDGE ( 'NONE', *, *, #2896, .F. ) ;
#1102 = LINE ( 'NONE', #3197, #1570 ) ;
#1103 = DIRECTION ( 'NONE',  ( 0.000000000000000000, -1.000000000000000000, 0.000000000000000000 ) ) ;
#1104 = EDGE_CURVE ( 'NONE', #1477, #349, #1777, .T. ) ;
#1105 = VERTEX_POINT ( 'NONE', #1011 ) ;
#1106 = FACE_OUTER_BOUND ( 'NONE', #441, .T. ) ;
#1107 = COORDINATED_UNIVERSAL_TIME_OFFSET ( 6, 0, .BEHIND. ) ;
#1108 = DIRECTION ( 'NONE',  ( 0.9972677544567090102, -0.07387168551531167471, 0.000000000000000000 ) ) ;
#1109 = VERTEX_POINT ( 'NONE', #1298 ) ;
#1110 = EDGE_LOOP ( 'NONE', ( #2878, #3127, #2284, #1508 ) ) ;
#1111 = DIRECTION ( 'NONE',  ( -0.000000000000000000, 0.000000000000000000, 1.000000000000000000 ) ) ;
#1112 = CYLINDRICAL_SURFACE ( 'NONE', #450, 1.000000000000000888 ) ;
#1113 = ORIENTED_EDGE ( 'NONE', *, *, #2609, .T. ) ;
#1114 = ORIENTED_EDGE ( 'NONE', *, *, #2862, .F. ) ;
#1115 = CARTESIAN_POINT ( 'NONE',  ( -17.50000000000000000, 0.4999999999999970024, 11.00000000000000000 ) ) ;
#1116 = CARTESIAN_POINT ( 'NONE',  ( -19.83361786177189501, 1.752903639158156279, 2.100000000000000977 ) ) ;
#1117 = ORIENTED_EDGE ( 'NONE', *, *, #355, .F. ) ;
#1118 = CARTESIAN_POINT ( 'NONE',  ( 17.50000000000000000, 0.5000000000000038858, 1.499999999999996891 ) ) ;
#1119 = CARTESIAN_POINT ( 'NONE',  ( -11.31866541822748928, 7.500000000000001776, 5.399999999999998579 ) ) ;
#1120 = CARTESIAN_POINT ( 'NONE',  ( -18.83361786177189501, 1.752903639158156279, -14.60253455381901233 ) ) ;
#1121 = ORIENTED_EDGE ( 'NONE', *, *, #2823, .F. ) ;
#1122 = CARTESIAN_POINT ( 'NONE',  ( -4.663883377995690971, 0.7529036391581562793, 27.60253455381900878 ) ) ;
#1123 = ORIENTED_EDGE ( 'NONE', *, *, #1343, .T. ) ;
#1124 = AXIS2_PLACEMENT_3D ( 'NONE', #2796, #1459, #945 ) ;
#1125 = EDGE_CURVE ( 'NONE', #1317, #2166, #2605, .T. ) ;
#1126 = VECTOR ( 'NONE', #3406, 1000.000000000000114 ) ;
#1127 = DIRECTION ( 'NONE',  ( -0.000000000000000000, -0.000000000000000000, 1.000000000000000000 ) ) ;
#1128 = DIRECTION ( 'NONE',  ( 0.000000000000000000, 0.000000000000000000, 1.000000000000000000 ) ) ;
#1129 = VECTOR ( 'NONE', #2430, 1000.000000000000000 ) ;
#1130 = ORIENTED_EDGE ( 'NONE', *, *, #3011, .T. ) ;
#1131 = AXIS2_PLACEMENT_3D ( 'NONE', #3186, #2974, #1040 ) ;
#1132 = CARTESIAN_POINT ( 'NONE',  ( -8.144736842105263719, -1.447368421052636522, 5.500000000000000000 ) ) ;
#1133 = EDGE_CURVE ( 'NONE', #3384, #385, #2353, .T. ) ;
#1134 = DIRECTION ( 'NONE',  ( 1.000000000000000000, 2.312964634635743450E-16, 0.000000000000000000 ) ) ;
#1135 = CIRCLE ( 'NONE', #3358, 1.000000000000000888 ) ;
#1136 = VECTOR ( 'NONE', #1301, 1000.000000000000000 ) ;
#1137 = ORIENTED_EDGE ( 'NONE', *, *, #759, .T. ) ;
#1138 = CARTESIAN_POINT ( 'NONE',  ( -11.50000000000000000, 7.499999999999998224, 0.000000000000000000 ) ) ;
#1139 = AXIS2_PLACEMENT_3D ( 'NONE', #1657, #534, #1915 ) ;
#1140 = LINE ( 'NONE', #1450, #1918 ) ;
#1141 = EDGE_LOOP ( 'NONE', ( #1297, #533, #1316, #1530 ) ) ;
#1142 = EDGE_CURVE ( 'NONE', #160, #2809, #444, .T. ) ;
#1143 = DIRECTION ( 'NONE',  ( -0.9972677544567090102, 0.07387168551531167471, 0.000000000000000000 ) ) ;
#1144 = VERTEX_POINT ( 'NONE', #3122 ) ;
#1145 = CARTESIAN_POINT ( 'NONE',  ( -19.50000000000000000, 3.806999531835308037, 13.00000000000000000 ) ) ;
#1146 = DIRECTION ( 'NONE',  ( -0.000000000000000000, -0.000000000000000000, -1.000000000000000000 ) ) ;
#1147 = EDGE_CURVE ( 'NONE', #462, #2700, #3424, .T. ) ;
#1148 = CARTESIAN_POINT ( 'NONE',  ( -19.50000000000000000, 3.806999531835308037, 11.50000000000000178 ) ) ;
#1149 = EDGE_LOOP ( 'NONE', ( #2246, #1185, #3172, #86, #643, #2429, #850, #2066 ) ) ;
#1150 = LINE ( 'NONE', #2222, #1071 ) ;
#1151 = DIRECTION ( 'NONE',  ( -1.000000000000000000, 0.000000000000000000, 0.000000000000000000 ) ) ;
#1152 = ORIENTED_EDGE ( 'NONE', *, *, #3362, .T. ) ;
#1153 = DIRECTION ( 'NONE',  ( 0.000000000000000000, 0.000000000000000000, -1.000000000000000000 ) ) ;
#1154 = CARTESIAN_POINT ( 'NONE',  ( 11.31866541822748928, 7.500000000000001776, 2.100000000000000977 ) ) ;
#1155 = ORIENTED_EDGE ( 'NONE', *, *, #1321, .T. ) ;
#1156 = FACE_OUTER_BOUND ( 'NONE', #1486, .T. ) ;
#1157 = ORIENTED_EDGE ( 'NONE', *, *, #1401, .F. ) ;
#1158 = ORIENTED_EDGE ( 'NONE', *, *, #2418, .T. ) ;
#1159 = DIRECTION ( 'NONE',  ( 1.000000000000000000, 0.000000000000000000, -1.134601908303326434E-16 ) ) ;
#1160 = EDGE_LOOP ( 'NONE', ( #219, #2770, #2399, #1407 ) ) ;
#1161 = DIRECTION ( 'NONE',  ( -1.000000000000000000, 0.000000000000000000, 1.156482317317871478E-16 ) ) ;
#1162 = ORIENTED_EDGE ( 'NONE', *, *, #2274, .T. ) ;
#1163 = DIRECTION ( 'NONE',  ( -1.000000000000000000, 0.000000000000000000, 0.000000000000000000 ) ) ;
#1164 = DIRECTION ( 'NONE',  ( 0.000000000000000000, 0.000000000000000000, 1.000000000000000000 ) ) ;
#1165 = EDGE_CURVE ( 'NONE', #424, #744, #2367, .T. ) ;
#1166 = VERTEX_POINT ( 'NONE', #1509 ) ;
#1167 = DIRECTION ( 'NONE',  ( 1.000000000000000000, 0.000000000000000000, -9.076815266426611469E-17 ) ) ;
#1168 = DIRECTION ( 'NONE',  ( 1.156482317317871725E-16, 0.000000000000000000, 1.000000000000000000 ) ) ;
#1169 = VERTEX_POINT ( 'NONE', #464 ) ;
#1170 = CARTESIAN_POINT ( 'NONE',  ( -19.50000000000000000, -1.500000000000001332, 4.000000000000001776 ) ) ;
#1171 = DIRECTION ( 'NONE',  ( 1.156482317317871725E-16, 0.000000000000000000, 1.000000000000000000 ) ) ;
#1172 = CARTESIAN_POINT ( 'NONE',  ( -18.83361786177189501, 3.681892833670855847, 27.60253455381900878 ) ) ;
#1173 = ORIENTED_EDGE ( 'NONE', *, *, #2939, .T. ) ;
#1174 = DIRECTION ( 'NONE',  ( -0.000000000000000000, -0.000000000000000000, 1.000000000000000000 ) ) ;
#1175 = DIRECTION ( 'NONE',  ( 0.000000000000000000, 0.000000000000000000, -1.000000000000000000 ) ) ;
#1176 = EDGE_CURVE ( 'NONE', #2700, #2676, #2566, .T. ) ;
#1177 = AXIS2_PLACEMENT_3D ( 'NONE', #2520, #346, #1163 ) ;
#1178 = DIRECTION ( 'NONE',  ( -1.000000000000000000, 0.000000000000000000, 0.000000000000000000 ) ) ;
#1179 = VECTOR ( 'NONE', #2794, 1000.000000000000000 ) ;
#1180 = ORIENTED_EDGE ( 'NONE', *, *, #186, .T. ) ;
#1181 = VERTEX_POINT ( 'NONE', #2832 ) ;
#1182 = CARTESIAN_POINT ( 'NONE',  ( 19.50000000000000355, -6.499999999999992006, 0.000000000000000000 ) ) ;
#1183 = VECTOR ( 'NONE', #1811, 1000.000000000000000 ) ;
#1184 = DIRECTION ( 'NONE',  ( -1.000000000000000000, -2.312964634635743450E-16, 0.000000000000000000 ) ) ;
#1185 = ORIENTED_EDGE ( 'NONE', *, *, #885, .T. ) ;
#1186 = VECTOR ( 'NONE', #528, 1000.000000000000000 ) ;
#1187 = VECTOR ( 'NONE', #3100, 1000.000000000000000 ) ;
#1188 = ADVANCED_FACE ( 'NONE', ( #195 ), #413, .F. ) ;
#1189 = CARTESIAN_POINT ( 'NONE',  ( 11.31866541822748928, 7.500000000000001776, -14.60253455381901233 ) ) ;
#1190 = PLANE ( 'NONE',  #2921 ) ;
#1191 = ORIENTED_EDGE ( 'NONE', *, *, #2274, .F. ) ;
#1192 = DIRECTION ( 'NONE',  ( -0.000000000000000000, -0.000000000000000000, 1.000000000000000000 ) ) ;
#1193 = VECTOR ( 'NONE', #3325, 1000.000000000000227 ) ;
#1194 = EDGE_CURVE ( 'NONE', #1317, #3384, #1031, .T. ) ;
#1195 = EDGE_CURVE ( 'NONE', #3313, #1317, #161, .T. ) ;
#1196 = ORIENTED_EDGE ( 'NONE', *, *, #2951, .F. ) ;
#1197 = VECTOR ( 'NONE', #1226, 1000.000000000000000 ) ;
#1198 = VERTEX_POINT ( 'NONE', #962 ) ;
#1199 = CARTESIAN_POINT ( 'NONE',  ( 0.000000000000000000, 0.000000000000000000, 7.599999999999997868 ) ) ;
#1200 = CARTESIAN_POINT ( 'NONE',  ( -5.663883377995690971, 7.500000000000001776, -14.60253455381901233 ) ) ;
#1201 = AXIS2_PLACEMENT_3D ( 'NONE', #431, #2346, #999 ) ;
#1202 = CARTESIAN_POINT ( 'NONE',  ( 4.499999999999992895, -1.499999999999994893, 8.999999999999998224 ) ) ;
#1203 = ORIENTED_EDGE ( 'NONE', *, *, #2707, .T. ) ;
#1204 = EDGE_CURVE ( 'NONE', #724, #2788, #2091, .T. ) ;
#1205 = VERTEX_POINT ( 'NONE', #677 ) ;
#1206 = CARTESIAN_POINT ( 'NONE',  ( -4.500000000000000000, 0.4999999999999970024, 5.500000000000000000 ) ) ;
#1207 = DIRECTION ( 'NONE',  ( 1.000000000000000000, 2.312964634635743450E-16, 0.000000000000000000 ) ) ;
#1208 = ORIENTED_EDGE ( 'NONE', *, *, #1944, .F. ) ;
#1209 = DIRECTION ( 'NONE',  ( 0.000000000000000000, 0.000000000000000000, -1.000000000000000000 ) ) ;
#1210 = DIRECTION ( 'NONE',  ( -0.000000000000000000, -0.000000000000000000, 1.000000000000000000 ) ) ;
#1211 = ORIENTED_EDGE ( 'NONE', *, *, #1165, .F. ) ;
#1212 = DIRECTION ( 'NONE',  ( 4.336808689942017736E-16, -1.000000000000000000, 0.000000000000000000 ) ) ;
#1213 = EDGE_CURVE ( 'NONE', #3284, #3115, #1763, .T. ) ;
#1214 = ADVANCED_FACE ( 'NONE', ( #1064, #2177, #264 ), #818, .F. ) ;
#1215 = VERTEX_POINT ( 'NONE', #3458 ) ;
#1216 = ORIENTED_EDGE ( 'NONE', *, *, #3214, .F. ) ;
#1217 = CYLINDRICAL_SURFACE ( 'NONE', #2365, 9.555793662526186338 ) ;
#1218 = DIRECTION ( 'NONE',  ( -0.000000000000000000, 0.000000000000000000, 1.000000000000000000 ) ) ;
#1219 = CARTESIAN_POINT ( 'NONE',  ( -0.5852660300136417471, -7.901091405184173411, 2.000000000000000888 ) ) ;
#1220 = ORIENTED_EDGE ( 'NONE', *, *, #502, .T. ) ;
#1221 = LINE ( 'NONE', #2277, #2256 ) ;
#1222 = CARTESIAN_POINT ( 'NONE',  ( 18.85112344158839193, 4.743328709404353027, 0.000000000000000000 ) ) ;
#1223 = ORIENTED_EDGE ( 'NONE', *, *, #1686, .F. ) ;
#1224 = DIRECTION ( 'NONE',  ( -0.000000000000000000, -0.000000000000000000, 1.000000000000000000 ) ) ;
#1225 = ORIENTED_EDGE ( 'NONE', *, *, #610, .F. ) ;
#1226 = DIRECTION ( 'NONE',  ( 0.000000000000000000, 0.000000000000000000, -1.000000000000000000 ) ) ;
#1227 = EDGE_LOOP ( 'NONE', ( #2882, #768, #283, #3117, #1262, #2408, #3333, #2628, #1483, #2784, #115, #3352 ) ) ;
#1228 = EDGE_LOOP ( 'NONE', ( #425, #673, #884, #1818, #1869, #2299, #1761, #2790, #2315 ) ) ;
#1229 = CARTESIAN_POINT ( 'NONE',  ( 4.500000000000000000, 7.499999999999997335, 22.21954445729289063 ) ) ;
#1230 = FACE_OUTER_BOUND ( 'NONE', #1149, .T. ) ;
#1231 = EDGE_CURVE ( 'NONE', #2997, #3284, #1864, .T. ) ;
#1232 = ORIENTED_EDGE ( 'NONE', *, *, #2409, .F. ) ;
#1233 = LINE ( 'NONE', #3357, #3466 ) ;
#1234 = CLOSED_SHELL ( 'NONE', ( #399, #3273, #3244, #2307, #2563, #1488, #2743, #3449, #577, #2536, #2264 ) ) ;
#1235 = ADVANCED_FACE ( 'NONE', ( #2410 ), #803, .F. ) ;
#1236 = EDGE_CURVE ( 'NONE', #974, #3006, #2865, .T. ) ;
#1237 = CIRCLE ( 'NONE', #894, 9.555793662526186338 ) ;
#1238 = DIRECTION ( 'NONE',  ( -1.000000000000000000, 0.000000000000000000, 0.000000000000000000 ) ) ;
#1239 = DIRECTION ( 'NONE',  ( -3.469446951953586973E-15, 1.000000000000000000, 0.000000000000000000 ) ) ;
#1240 = EDGE_LOOP ( 'NONE', ( #1180, #3397, #2037, #1762 ) ) ;
#1241 = AXIS2_PLACEMENT_3D ( 'NONE', #287, #1103, #3228 ) ;
#1242 = DIRECTION ( 'NONE',  ( -0.000000000000000000, -0.000000000000000000, -1.000000000000000000 ) ) ;
#1243 = ORIENTED_EDGE ( 'NONE', *, *, #2489, .F. ) ;
#1244 = CARTESIAN_POINT ( 'NONE',  ( -18.83361786177189501, 0.7529036391581562793, 5.399999999999998579 ) ) ;
#1245 = VECTOR ( 'NONE', #1329, 1000.000000000000114 ) ;
#1246 = ORIENTED_EDGE ( 'NONE', *, *, #2896, .T. ) ;
#1247 = EDGE_LOOP ( 'NONE', ( #2994, #740, #2824, #261 ) ) ;
#1248 = ADVANCED_FACE ( 'NONE', ( #2982 ), #3212, .T. ) ;
#1249 = LOCAL_TIME ( 16, 32, 6.000000000000000000, #2127 ) ;
#1250 = AXIS2_PLACEMENT_3D ( 'NONE', #881, #1702, #2722 ) ;
#1251 = DIRECTION ( 'NONE',  ( 0.000000000000000000, -0.000000000000000000, 1.000000000000000000 ) ) ;
#1252 = CARTESIAN_POINT ( 'NONE',  ( 4.663883377995690971, 0.7529036391581562793, 2.100000000000000977 ) ) ;
#1253 = VECTOR ( 'NONE', #379, 1000.000000000000000 ) ;
#1254 = FACE_OUTER_BOUND ( 'NONE', #2627, .T. ) ;
#1255 = CIRCLE ( 'NONE', #1986, 1.000000000000000888 ) ;
#1256 = EDGE_CURVE ( 'NONE', #194, #1741, #1583, .T. ) ;
#1257 = ADVANCED_FACE ( 'NONE', ( #2964 ), #492, .T. ) ;
#1258 = DIRECTION ( 'NONE',  ( 0.000000000000000000, 0.000000000000000000, -1.000000000000000000 ) ) ;
#1259 = FACE_OUTER_BOUND ( 'NONE', #3139, .T. ) ;
#1260 = VERTEX_POINT ( 'NONE', #546 ) ;
#1261 = LINE ( 'NONE', #742, #1694 ) ;
#1262 = ORIENTED_EDGE ( 'NONE', *, *, #2221, .F. ) ;
#1263 = DIRECTION ( 'NONE',  ( -1.000000000000000000, 0.000000000000000000, -0.000000000000000000 ) ) ;
#1264 = EDGE_LOOP ( 'NONE', ( #2050, #2285, #19, #848 ) ) ;
#1265 = VERTEX_POINT ( 'NONE', #1580 ) ;
#1266 = DIRECTION ( 'NONE',  ( 1.000000000000000000, 2.312964634635743450E-16, -0.000000000000000000 ) ) ;
#1267 = DIRECTION ( 'NONE',  ( 0.07387168551531167471, 0.9972677544567090102, 0.000000000000000000 ) ) ;
#1268 = CYLINDRICAL_SURFACE ( 'NONE', #723, 1.999999999999999556 ) ;
#1269 = ORIENTED_EDGE ( 'NONE', *, *, #411, .F. ) ;
#1270 = CARTESIAN_POINT ( 'NONE',  ( -19.83361786177189501, 0.7529036391581562793, 10.90000000000000036 ) ) ;
#1271 = CARTESIAN_POINT ( 'NONE',  ( -18.83361786177189501, 0.7529036391581562793, -14.60253455381901233 ) ) ;
#1272 = CARTESIAN_POINT ( 'NONE',  ( -5.663883377995690971, 6.500000000000001776, 27.60253455381900878 ) ) ;
#1273 = EDGE_CURVE ( 'NONE', #1540, #2842, #532, .T. ) ;
#1274 = ORIENTED_EDGE ( 'NONE', *, *, #2221, .T. ) ;
#1275 = EDGE_LOOP ( 'NONE', ( #2749, #2373, #2374, #89 ) ) ;
#1276 = LINE ( 'NONE', #405, #334 ) ;
#1277 = DIRECTION ( 'NONE',  ( 0.000000000000000000, 1.000000000000000000, 0.000000000000000000 ) ) ;
#1278 = VERTEX_POINT ( 'NONE', #2651 ) ;
#1279 = ORIENTED_EDGE ( 'NONE', *, *, #2720, .T. ) ;
#1280 = ORIENTED_EDGE ( 'NONE', *, *, #1494, .T. ) ;
#1281 = ORIENTED_EDGE ( 'NONE', *, *, #2361, .T. ) ;
#1282 = DIRECTION ( 'NONE',  ( 0.9138115486202572635, 0.4061384660534475555, 0.000000000000000000 ) ) ;
#1283 = DIRECTION ( 'NONE',  ( 0.9363291775690447682, -0.3511234415883909277, 0.000000000000000000 ) ) ;
#1284 = CARTESIAN_POINT ( 'NONE',  ( 4.500000000000000000, 0.4999999999999970024, 7.499999999999998224 ) ) ;
#1285 = ORIENTED_EDGE ( 'NONE', *, *, #289, .F. ) ;
#1286 = DIRECTION ( 'NONE',  ( 1.000000000000000000, 0.000000000000000000, 0.000000000000000000 ) ) ;
#1287 = CARTESIAN_POINT ( 'NONE',  ( -17.49999999999998579, 0.4999999999999970024, 11.50000000000000178 ) ) ;
#1288 = FACE_OUTER_BOUND ( 'NONE', #2483, .T. ) ;
#1289 = VECTOR ( 'NONE', #1088, 1000.000000000000000 ) ;
#1290 = ORIENTED_EDGE ( 'NONE', *, *, #1641, .F. ) ;
#1291 = CARTESIAN_POINT ( 'NONE',  ( 4.663883377995690971, 6.500000000000001776, -14.60253455381901233 ) ) ;
#1292 = VECTOR ( 'NONE', #1766, 1000.000000000000000 ) ;
#1293 = PLANE ( 'NONE',  #799 ) ;
#1294 = ORIENTED_EDGE ( 'NONE', *, *, #43, .T. ) ;
#1295 = AXIS2_PLACEMENT_3D ( 'NONE', #1324, #1637, #840 ) ;
#1296 = ORIENTED_EDGE ( 'NONE', *, *, #1944, .T. ) ;
#1297 = ORIENTED_EDGE ( 'NONE', *, *, #3011, .F. ) ;
#1298 = CARTESIAN_POINT ( 'NONE',  ( -4.499999999999994671, -1.499999999999996669, 8.999999999999998224 ) ) ;
#1299 = EDGE_CURVE ( 'NONE', #1902, #300, #2703, .T. ) ;
#1300 = ADVANCED_FACE ( 'NONE', ( #2448 ), #1089, .F. ) ;
#1301 = DIRECTION ( 'NONE',  ( -0.9138115486202572635, 0.4061384660534475555, -0.000000000000000000 ) ) ;
#1302 = VECTOR ( 'NONE', #2479, 1000.000000000000000 ) ;
#1303 = AXIS2_PLACEMENT_3D ( 'NONE', #1652, #1840, #815 ) ;
#1304 = VECTOR ( 'NONE', #87, 1000.000000000000000 ) ;
#1305 = DIRECTION ( 'NONE',  ( 1.156482317317871478E-16, -0.000000000000000000, 1.000000000000000000 ) ) ;
#1306 = ORIENTED_EDGE ( 'NONE', *, *, #981, .T. ) ;
#1307 = ADVANCED_FACE ( 'NONE', ( #2108 ), #3162, .F. ) ;
#1308 = CIRCLE ( 'NONE', #3248, 2.000000000000000000 ) ;
#1309 = VECTOR ( 'NONE', #1622, 1000.000000000000000 ) ;
#1310 = VECTOR ( 'NONE', #586, 1000.000000000000000 ) ;
#1311 = CARTESIAN_POINT ( 'NONE',  ( -18.85112344158839193, 4.743328709404351251, 0.000000000000000000 ) ) ;
#1312 = CARTESIAN_POINT ( 'NONE',  ( 4.499999999999992895, -1.499999999999995781, 4.000000000000001776 ) ) ;
#1313 = DIRECTION ( 'NONE',  ( 0.000000000000000000, 0.000000000000000000, -1.000000000000000000 ) ) ;
#1314 = CARTESIAN_POINT ( 'NONE',  ( -8.144736842105263719, -1.447368421052636522, 1.499999999999999556 ) ) ;
#1315 = FACE_OUTER_BOUND ( 'NONE', #927, .T. ) ;
#1316 = ORIENTED_EDGE ( 'NONE', *, *, #3205, .F. ) ;
#1317 = VERTEX_POINT ( 'NONE', #1387 ) ;
#1318 = CARTESIAN_POINT ( 'NONE',  ( 19.83361786177189501, 1.752903639158156279, -14.60253455381901233 ) ) ;
#1319 = CARTESIAN_POINT ( 'NONE',  ( -19.83361786177189501, 0.7529036391581562793, 7.599999999999997868 ) ) ;
#1320 = FACE_BOUND ( 'NONE', #3435, .T. ) ;
#1321 = EDGE_CURVE ( 'NONE', #705, #1169, #1843, .T. ) ;
#1322 = EDGE_CURVE ( 'NONE', #1169, #1144, #3440, .T. ) ;
#1323 = APPROVAL_STATUS ( 'not_yet_approved' ) ;
#1324 = CARTESIAN_POINT ( 'NONE',  ( 8.144736842105267272, -1.447368421052632970, 1.499999999999997780 ) ) ;
#1325 = ORIENTED_EDGE ( 'NONE', *, *, #3196, .F. ) ;
#1326 = CARTESIAN_POINT ( 'NONE',  ( 0.000000000000000000, 0.4999999999999970024, 0.000000000000000000 ) ) ;
#1327 = LINE ( 'NONE', #2678, #795 ) ;
#1328 = CARTESIAN_POINT ( 'NONE',  ( 17.49999999999998934, 0.4999999999999964473, 11.49999999999999645 ) ) ;
#1329 = DIRECTION ( 'NONE',  ( 0.8944271909999162995, 0.4472135954999569840, -1.034389230519697666E-16 ) ) ;
#1330 = EDGE_CURVE ( 'NONE', #2830, #3094, #1862, .T. ) ;
#1331 = CARTESIAN_POINT ( 'NONE',  ( 8.144736842105267272, -1.447368421052632970, 2.000000000000000000 ) ) ;
#1332 = ORIENTED_EDGE ( 'NONE', *, *, #2825, .F. ) ;
#1333 = CARTESIAN_POINT ( 'NONE',  ( 6.000000000000007105, -7.499999999999997335, 13.00000000000000000 ) ) ;
#1334 = CARTESIAN_POINT ( 'NONE',  ( -19.50000000000000000, -3.499999999999999556, 8.999999999999998224 ) ) ;
#1335 = DIRECTION ( 'NONE',  ( -1.000000000000000000, 0.000000000000000000, 0.000000000000000000 ) ) ;
#1336 = CALENDAR_DATE ( 2022, 24, 1 ) ;
#1337 = ORIENTED_EDGE ( 'NONE', *, *, #2883, .T. ) ;
#1338 = CARTESIAN_POINT ( 'NONE',  ( 11.31866541822748928, 7.500000000000001776, 5.399999999999998579 ) ) ;
#1339 = EDGE_CURVE ( 'NONE', #160, #3149, #1601, .T. ) ;
#1340 = VERTEX_POINT ( 'NONE', #618 ) ;
#1341 = DIRECTION ( 'NONE',  ( 0.000000000000000000, 0.000000000000000000, -1.000000000000000000 ) ) ;
#1342 = LINE ( 'NONE', #811, #1645 ) ;
#1343 = EDGE_CURVE ( 'NONE', #1109, #507, #1636, .T. ) ;
#1344 = EDGE_CURVE ( 'NONE', #3319, #1370, #1398, .T. ) ;
#1345 = FACE_OUTER_BOUND ( 'NONE', #1758, .T. ) ;
#1346 = PLANE ( 'NONE',  #2645 ) ;
#1347 = LINE ( 'NONE', #2426, #2202 ) ;
#1348 = ORIENTED_EDGE ( 'NONE', *, *, #432, .F. ) ;
#1349 = AXIS2_PLACEMENT_3D ( 'NONE', #1642, #2940, #256 ) ;
#1350 = EDGE_LOOP ( 'NONE', ( #2602, #2267, #2276, #249 ) ) ;
#1351 = DIRECTION ( 'NONE',  ( 0.000000000000000000, 1.000000000000000000, 0.000000000000000000 ) ) ;
#1352 = CARTESIAN_POINT ( 'NONE',  ( -0.4061384660534461677, 5.680505984912640471, 2.000000000000000000 ) ) ;
#1353 = AXIS2_PLACEMENT_3D ( 'NONE', #2056, #1251, #2322 ) ;
#1354 = CARTESIAN_POINT ( 'NONE',  ( -4.500000000000000000, 0.4999999999999970024, 5.500000000000000000 ) ) ;
#1355 = ORIENTED_EDGE ( 'NONE', *, *, #284, .T. ) ;
#1356 = VERTEX_POINT ( 'NONE', #1154 ) ;
#1357 = AXIS2_PLACEMENT_3D ( 'NONE', #2996, #1184, #1395 ) ;
#1358 = CIRCLE ( 'NONE', #1806, 1.000000000000000888 ) ;
#1359 = CARTESIAN_POINT ( 'NONE',  ( -4.663883377995690971, 0.7529036391581562793, -14.60253455381901233 ) ) ;
#1360 = PLANE ( 'NONE',  #282 ) ;
#1361 = VECTOR ( 'NONE', #3170, 1000.000000000000000 ) ;
#1362 = DIRECTION ( 'NONE',  ( -0.8944271909999166326, 0.4472135954999564289, 1.034389230519698036E-16 ) ) ;
#1363 = ORIENTED_EDGE ( 'NONE', *, *, #1927, .T. ) ;
#1364 = CIRCLE ( 'NONE', #2494, 1.000000000000000888 ) ;
#1365 = EDGE_CURVE ( 'NONE', #1880, #958, #871, .T. ) ;
#1366 = EDGE_CURVE ( 'NONE', #2224, #1579, #2514, .T. ) ;
#1367 = FACE_OUTER_BOUND ( 'NONE', #3389, .T. ) ;
#1368 = CARTESIAN_POINT ( 'NONE',  ( 11.50000000000000000, 7.499999999999998224, 0.000000000000000000 ) ) ;
#1369 = CIRCLE ( 'NONE', #675, 1.000000000000000888 ) ;
#1370 = VERTEX_POINT ( 'NONE', #1950 ) ;
#1371 = DIRECTION ( 'NONE',  ( -1.000000000000000000, -0.000000000000000000, -0.000000000000000000 ) ) ;
#1372 = DIRECTION ( 'NONE',  ( -0.000000000000000000, 0.000000000000000000, 1.000000000000000000 ) ) ;
#1373 = CARTESIAN_POINT ( 'NONE',  ( -0.4061384660534461677, 5.680505984912640471, 11.00000000000000000 ) ) ;
#1374 = MECHANICAL_CONTEXT ( 'NONE', #46, 'mechanical' ) ;
#1375 = LINE ( 'NONE', #1940, #3295 ) ;
#1376 = ORIENTED_EDGE ( 'NONE', *, *, #1994, .F. ) ;
#1377 = FACE_OUTER_BOUND ( 'NONE', #1952, .T. ) ;
#1378 = FACE_OUTER_BOUND ( 'NONE', #2565, .T. ) ;
#1379 =( NAMED_UNIT ( * ) PLANE_ANGLE_UNIT ( ) SI_UNIT ( $, .RADIAN. ) );
#1380 = ORIENTED_EDGE ( 'NONE', *, *, #1393, .T. ) ;
#1381 = ORIENTED_EDGE ( 'NONE', *, *, #2444, .F. ) ;
#1382 = CARTESIAN_POINT ( 'NONE',  ( 19.83361786177189501, 1.752903639158156279, 5.399999999999998579 ) ) ;
#1383 = CARTESIAN_POINT ( 'NONE',  ( -4.500000000000000000, 0.4999999999999970024, 7.499999999999996447 ) ) ;
#1384 = PRODUCT_DEFINITION ( 'UNKNOWN', '', #3192, #3261 ) ;
#1385 = ORIENTED_EDGE ( 'NONE', *, *, #1273, .F. ) ;
#1386 = DIRECTION ( 'NONE',  ( -1.000000000000000000, 0.000000000000000000, -0.000000000000000000 ) ) ;
#1387 = CARTESIAN_POINT ( 'NONE',  ( 9.500000000000000000, -6.499999999999994671, 11.00000000000000000 ) ) ;
#1388 = DIRECTION ( 'NONE',  ( -0.000000000000000000, 0.000000000000000000, 1.000000000000000000 ) ) ;
#1389 = PERSON_AND_ORGANIZATION ( #2062, #2764 ) ;
#1390 = DIRECTION ( 'NONE',  ( 1.156482317317871478E-16, 0.000000000000000000, 1.000000000000000000 ) ) ;
#1391 = CARTESIAN_POINT ( 'NONE',  ( -1.615384615384613420, -2.423076923076922906, 0.000000000000000000 ) ) ;
#1392 = CARTESIAN_POINT ( 'NONE',  ( -11.50000000000000000, 7.499999999999998224, 0.000000000000000000 ) ) ;
#1393 = EDGE_CURVE ( 'NONE', #1205, #171, #1738, .T. ) ;
#1394 = LINE ( 'NONE', #1182, #1755 ) ;
#1395 = DIRECTION ( 'NONE',  ( 0.000000000000000000, 1.000000000000000000, 0.000000000000000000 ) ) ;
#1396 = ORIENTED_EDGE ( 'NONE', *, *, #537, .T. ) ;
#1397 = PLANE ( 'NONE',  #2357 ) ;
#1398 = LINE ( 'NONE', #2737, #1522 ) ;
#1399 = CARTESIAN_POINT ( 'NONE',  ( 0.000000000000000000, 0.000000000000000000, 7.599999999999997868 ) ) ;
#1400 = AXIS2_PLACEMENT_3D ( 'NONE', #1988, #369, #1386 ) ;
#1401 = EDGE_CURVE ( 'NONE', #2913, #2676, #2804, .T. ) ;
#1402 = EDGE_CURVE ( 'NONE', #462, #2913, #2242, .T. ) ;
#1403 = ORIENTED_EDGE ( 'NONE', *, *, #2568, .T. ) ;
#1404 = CARTESIAN_POINT ( 'NONE',  ( -4.499999999999993783, -3.499999999999996003, 8.999999999999998224 ) ) ;
#1405 = VECTOR ( 'NONE', #2217, 1000.000000000000000 ) ;
#1406 = EDGE_CURVE ( 'NONE', #2529, #74, #3046, .T. ) ;
#1407 = ORIENTED_EDGE ( 'NONE', *, *, #2082, .F. ) ;
#1408 = AXIS2_PLACEMENT_3D ( 'NONE', #640, #2485, #1711 ) ;
#1409 = DIRECTION ( 'NONE',  ( -0.000000000000000000, -0.000000000000000000, 1.000000000000000000 ) ) ;
#1410 = CARTESIAN_POINT ( 'NONE',  ( 19.50000000000000000, -6.499999999999992006, 11.00000000000000000 ) ) ;
#1411 = AXIS2_PLACEMENT_3D ( 'NONE', #1421, #60, #76 ) ;
#1412 = ORIENTED_EDGE ( 'NONE', *, *, #1658, .T. ) ;
#1413 = AXIS2_PLACEMENT_3D ( 'NONE', #592, #1164, #2234 ) ;
#1414 = CIRCLE ( 'NONE', #1866, 9.555793662526186338 ) ;
#1415 = ORIENTED_EDGE ( 'NONE', *, *, #2341, .F. ) ;
#1416 = CARTESIAN_POINT ( 'NONE',  ( 4.500000000000000000, 0.4999999999999970024, 2.000000000000000000 ) ) ;
#1417 = CARTESIAN_POINT ( 'NONE',  ( -19.50000000000000000, 3.806999531835308037, 0.000000000000000000 ) ) ;
#1418 = VECTOR ( 'NONE', #2323, 1000.000000000000000 ) ;
#1419 = FACE_OUTER_BOUND ( 'NONE', #1479, .T. ) ;
#1420 = CIRCLE ( 'NONE', #858, 1.000000000000000000 ) ;
#1421 = CARTESIAN_POINT ( 'NONE',  ( 8.144736842105267272, -1.447368421052632970, 1.499999999999997780 ) ) ;
#1422 = LINE ( 'NONE', #3062, #286 ) ;
#1423 = ORIENTED_EDGE ( 'NONE', *, *, #2444, .T. ) ;
#1424 = ORIENTED_EDGE ( 'NONE', *, *, #1067, .F. ) ;
#1425 = CARTESIAN_POINT ( 'NONE',  ( -4.499999999999993783, -3.499999999999996003, 8.999999999999998224 ) ) ;
#1426 = EDGE_CURVE ( 'NONE', #2228, #898, #637, .T. ) ;
#1427 = ORIENTED_EDGE ( 'NONE', *, *, #1791, .T. ) ;
#1428 = LINE ( 'NONE', #1747, #103 ) ;
#1429 = DIRECTION ( 'NONE',  ( -1.000000000000000000, 0.000000000000000000, 0.000000000000000000 ) ) ;
#1430 = EDGE_LOOP ( 'NONE', ( #2596, #229 ) ) ;
#1431 = DIRECTION ( 'NONE',  ( -1.000000000000000000, 0.000000000000000000, -0.000000000000000000 ) ) ;
#1432 = DIRECTION ( 'NONE',  ( 1.000000000000000000, 0.000000000000000000, 0.000000000000000000 ) ) ;
#1433 = EDGE_LOOP ( 'NONE', ( #869, #2318 ) ) ;
#1434 = CARTESIAN_POINT ( 'NONE',  ( 19.50000000000000000, -0.5000000000000056621, 11.49999999999999645 ) ) ;
#1435 = EDGE_CURVE ( 'NONE', #2560, #583, #2791, .T. ) ;
#1436 = CARTESIAN_POINT ( 'NONE',  ( -11.50000000000000000, 7.499999999999997335, 1.500000000000000444 ) ) ;
#1437 = CARTESIAN_POINT ( 'NONE',  ( 4.500000000000000000, 7.499999999999997335, 5.499999999999998224 ) ) ;
#1438 = EDGE_LOOP ( 'NONE', ( #269, #105, #3195, #1649, #976, #1130, #639, #2911, #3260 ) ) ;
#1439 = FACE_OUTER_BOUND ( 'NONE', #1782, .T. ) ;
#1440 = CYLINDRICAL_SURFACE ( 'NONE', #10, 9.555793662526186338 ) ;
#1441 = DIRECTION ( 'NONE',  ( -1.000000000000000000, -2.312964634635743450E-16, -0.000000000000000000 ) ) ;
#1442 = FACE_OUTER_BOUND ( 'NONE', #1097, .T. ) ;
#1443 = EDGE_LOOP ( 'NONE', ( #666, #1296, #954, #1203 ) ) ;
#1444 = EDGE_CURVE ( 'NONE', #579, #655, #500, .T. ) ;
#1445 = EDGE_CURVE ( 'NONE', #760, #1822, #1140, .T. ) ;
#1446 = VERTEX_POINT ( 'NONE', #108 ) ;
#1447 = DIRECTION ( 'NONE',  ( 0.000000000000000000, 0.000000000000000000, -1.000000000000000000 ) ) ;
#1448 = CARTESIAN_POINT ( 'NONE',  ( 17.49999999999998934, 0.4999999999999970024, 0.000000000000000000 ) ) ;
#1449 = CARTESIAN_POINT ( 'NONE',  ( 0.4061384660534461677, 5.680505984912640471, 11.00000000000000000 ) ) ;
#1450 = CARTESIAN_POINT ( 'NONE',  ( -11.50000000000000000, 7.499999999999998224, 13.00000000000000000 ) ) ;
#1451 = DIRECTION ( 'NONE',  ( 2.312964634635743450E-16, -1.000000000000000000, 0.000000000000000000 ) ) ;
#1452 = VERTEX_POINT ( 'NONE', #319 ) ;
#1453 = PLANE ( 'NONE',  #1748 ) ;
#1454 = CARTESIAN_POINT ( 'NONE',  ( -9.500000000000021316, -6.534125092845950249E-14, 0.000000000000000000 ) ) ;
#1455 = VECTOR ( 'NONE', #3279, 1000.000000000000000 ) ;
#1456 = ADVANCED_FACE ( 'NONE', ( #585 ), #354, .T. ) ;
#1457 = VERTEX_POINT ( 'NONE', #2226 ) ;
#1458 = AXIS2_PLACEMENT_3D ( 'NONE', #2899, #2803, #484 ) ;
#1459 = DIRECTION ( 'NONE',  ( 0.000000000000000000, 0.000000000000000000, 1.000000000000000000 ) ) ;
#1460 = AXIS2_PLACEMENT_3D ( 'NONE', #806, #2711, #573 ) ;
#1461 = ORIENTED_EDGE ( 'NONE', *, *, #3230, .T. ) ;
#1462 = ORIENTED_EDGE ( 'NONE', *, *, #2455, .F. ) ;
#1463 = LINE ( 'NONE', #998, #1922 ) ;
#1464 = AXIS2_PLACEMENT_3D ( 'NONE', #2595, #3332, #2559 ) ;
#1465 = CARTESIAN_POINT ( 'NONE',  ( 18.83361786177189501, 0.7529036391581528376, 10.90000000000000036 ) ) ;
#1466 = ADVANCED_FACE ( 'NONE', ( #2776 ), #1190, .F. ) ;
#1467 = ORIENTED_EDGE ( 'NONE', *, *, #1077, .T. ) ;
#1468 = ADVANCED_FACE ( 'NONE', ( #3025 ), #1966, .F. ) ;
#1469 = CIRCLE ( 'NONE', #3246, 1.999999999999999556 ) ;
#1470 = VECTOR ( 'NONE', #983, 1000.000000000000000 ) ;
#1471 = LINE ( 'NONE', #1270, #2695 ) ;
#1472 = CARTESIAN_POINT ( 'NONE',  ( 4.663883377995690971, 6.500000000000001776, 27.60253455381900878 ) ) ;
#1473 = VERTEX_POINT ( 'NONE', #1672 ) ;
#1474 = FACE_OUTER_BOUND ( 'NONE', #1987, .T. ) ;
#1475 = VECTOR ( 'NONE', #1161, 1000.000000000000000 ) ;
#1476 = AXIS2_PLACEMENT_3D ( 'NONE', #1120, #860, #1937 ) ;
#1477 = VERTEX_POINT ( 'NONE', #1119 ) ;
#1478 = DIRECTION ( 'NONE',  ( 0.000000000000000000, 0.000000000000000000, -1.000000000000000000 ) ) ;
#1479 = EDGE_LOOP ( 'NONE', ( #1749, #1380, #1191, #1280, #3250, #2215, #2688, #1294 ) ) ;
#1480 = DIRECTION ( 'NONE',  ( 0.000000000000000000, 0.000000000000000000, 1.000000000000000000 ) ) ;
#1481 = CARTESIAN_POINT ( 'NONE',  ( -4.663883377995690971, 0.7529036391581562793, 7.599999999999997868 ) ) ;
#1482 = ADVANCED_FACE ( 'NONE', ( #2193 ), #3242, .F. ) ;
#1483 = ORIENTED_EDGE ( 'NONE', *, *, #2390, .T. ) ;
#1484 = CARTESIAN_POINT ( 'NONE',  ( 19.83361786177189501, 0.7529036391581562793, 5.399999999999998579 ) ) ;
#1485 = CARTESIAN_POINT ( 'NONE',  ( 19.18474130336028693, 4.618222011239899949, 27.60253455381900878 ) ) ;
#1486 = EDGE_LOOP ( 'NONE', ( #152, #2219, #1734, #2229 ) ) ;
#1487 = LINE ( 'NONE', #986, #1751 ) ;
#1488 = ADVANCED_FACE ( 'NONE', ( #2827 ), #3073, .T. ) ;
#1489 = VERTEX_POINT ( 'NONE', #2331 ) ;
#1490 = LINE ( 'NONE', #461, #2151 ) ;
#1491 = EDGE_LOOP ( 'NONE', ( #1223, #541, #1051, #474 ) ) ;
#1492 = ORIENTED_EDGE ( 'NONE', *, *, #873, .F. ) ;
#1493 = CARTESIAN_POINT ( 'NONE',  ( -5.663883377995690971, 6.500000000000001776, 10.90000000000000036 ) ) ;
#1494 = EDGE_CURVE ( 'NONE', #475, #2913, #1276, .T. ) ;
#1495 = EDGE_CURVE ( 'NONE', #1017, #2788, #1487, .T. ) ;
#1496 = FACE_OUTER_BOUND ( 'NONE', #2171, .T. ) ;
#1497 = CARTESIAN_POINT ( 'NONE',  ( -4.500000000000000000, 0.4999999999999970024, 2.000000000000000000 ) ) ;
#1498 = EDGE_CURVE ( 'NONE', #692, #1880, #435, .T. ) ;
#1499 = DIRECTION ( 'NONE',  ( 0.000000000000000000, 0.000000000000000000, 1.000000000000000000 ) ) ;
#1500 = CARTESIAN_POINT ( 'NONE',  ( -4.499999999999992895, -5.499999999999996447, 4.000000000000001776 ) ) ;
#1501 = ORIENTED_EDGE ( 'NONE', *, *, #186, .F. ) ;
#1502 = ADVANCED_FACE ( 'NONE', ( #2853 ), #3395, .T. ) ;
#1503 = CARTESIAN_POINT ( 'NONE',  ( 4.499999999999993783, -3.499999999999995115, 4.000000000000001776 ) ) ;
#1504 = ORIENTED_EDGE ( 'NONE', *, *, #2883, .F. ) ;
#1505 = CARTESIAN_POINT ( 'NONE',  ( -9.500000000000000000, -6.499999999999998224, 11.00000000000000000 ) ) ;
#1506 = EDGE_LOOP ( 'NONE', ( #1930, #1396, #3370, #1056 ) ) ;
#1507 = ORIENTED_EDGE ( 'NONE', *, *, #2926, .T. ) ;
#1508 = ORIENTED_EDGE ( 'NONE', *, *, #3278, .T. ) ;
#1509 = CARTESIAN_POINT ( 'NONE',  ( 4.499999999999994671, -5.499999999999994671, 4.000000000000001776 ) ) ;
#1510 = LINE ( 'NONE', #1252, #1418 ) ;
#1511 = EDGE_CURVE ( 'NONE', #879, #1473, #1002, .T. ) ;
#1512 = EDGE_CURVE ( 'NONE', #1265, #175, #1261, .T. ) ;
#1513 = CARTESIAN_POINT ( 'NONE',  ( -4.663883377995690971, 6.500000000000001776, 2.100000000000000977 ) ) ;
#1514 = CIRCLE ( 'NONE', #211, 1.000000000000000000 ) ;
#1515 = AXIS2_PLACEMENT_3D ( 'NONE', #2132, #1111, #2471 ) ;
#1516 = EDGE_CURVE ( 'NONE', #2476, #389, #2141, .T. ) ;
#1517 = ADVANCED_BREP_SHAPE_REPRESENTATION ( 'PCT-22X', ( #2531, #149, #2524, #2539, #2467, #3137 ), #2205 ) ;
#1518 = DIRECTION ( 'NONE',  ( 0.000000000000000000, 1.000000000000000000, 0.000000000000000000 ) ) ;
#1519 = CARTESIAN_POINT ( 'NONE',  ( 4.663883377995690971, 0.7529036391581528376, 27.60253455381900878 ) ) ;
#1520 = AXIS2_PLACEMENT_3D ( 'NONE', #2058, #1779, #1831 ) ;
#1521 = ORIENTED_EDGE ( 'NONE', *, *, #165, .F. ) ;
#1522 = VECTOR ( 'NONE', #859, 1000.000000000000000 ) ;
#1523 = DIRECTION ( 'NONE',  ( 1.000000000000000000, 0.000000000000000000, 0.000000000000000000 ) ) ;
#1524 = EDGE_LOOP ( 'NONE', ( #1007, #262 ) ) ;
#1525 = ADVANCED_FACE ( 'NONE', ( #1771 ), #3380, .F. ) ;
#1526 = CARTESIAN_POINT ( 'NONE',  ( -19.50000000000000000, 3.806999531835308037, 13.00000000000000000 ) ) ;
#1527 = CIRCLE ( 'NONE', #1082, 1.999999999999999556 ) ;
#1528 = CIRCLE ( 'NONE', #7, 1.999999999999999556 ) ;
#1529 = ORIENTED_EDGE ( 'NONE', *, *, #820, .T. ) ;
#1530 = ORIENTED_EDGE ( 'NONE', *, *, #3401, .F. ) ;
#1531 = ORIENTED_EDGE ( 'NONE', *, *, #661, .T. ) ;
#1532 = AXIS2_PLACEMENT_3D ( 'NONE', #1875, #1095, #3411 ) ;
#1533 = CARTESIAN_POINT ( 'NONE',  ( 4.499999999999992895, -1.499999999999995781, 4.000000000000001776 ) ) ;
#1534 = LINE ( 'NONE', #3372, #167 ) ;
#1535 = CARTESIAN_POINT ( 'NONE',  ( 4.663883377995690971, 0.7529036391581562793, 2.100000000000000977 ) ) ;
#1536 = AXIS2_PLACEMENT_3D ( 'NONE', #920, #2475, #1432 ) ;
#1537 = DIRECTION ( 'NONE',  ( 0.000000000000000000, 1.000000000000000000, 0.000000000000000000 ) ) ;
#1538 = LINE ( 'NONE', #2801, #2706 ) ;
#1539 = DIRECTION ( 'NONE',  ( -1.000000000000000000, 0.000000000000000000, 0.000000000000000000 ) ) ;
#1540 = VERTEX_POINT ( 'NONE', #2017 ) ;
#1541 = CARTESIAN_POINT ( 'NONE',  ( -18.83361786177189501, 1.752903639158156279, 27.60253455381900878 ) ) ;
#1542 = CARTESIAN_POINT ( 'NONE',  ( 9.500000000000001776, -7.240740740740736925, 2.000000000000000000 ) ) ;
#1543 = ORIENTED_EDGE ( 'NONE', *, *, #717, .F. ) ;
#1544 = ORIENTED_EDGE ( 'NONE', *, *, #3061, .F. ) ;
#1545 = ORIENTED_EDGE ( 'NONE', *, *, #2947, .F. ) ;
#1546 = CARTESIAN_POINT ( 'NONE',  ( -4.500000000000000000, 7.499999999999997335, 5.500000000000000000 ) ) ;
#1547 = CARTESIAN_POINT ( 'NONE',  ( 19.83361786177189501, 3.681892833670854515, 7.599999999999997868 ) ) ;
#1548 = CARTESIAN_POINT ( 'NONE',  ( 5.663883377995690971, 7.500000000000001776, 7.599999999999997868 ) ) ;
#1549 = EDGE_LOOP ( 'NONE', ( #856, #1467, #1704, #1504 ) ) ;
#1550 = ORIENTED_EDGE ( 'NONE', *, *, #3265, .T. ) ;
#1551 = CARTESIAN_POINT ( 'NONE',  ( 4.663883377995690971, 0.7529036391581562793, 5.399999999999998579 ) ) ;
#1552 = FACE_OUTER_BOUND ( 'NONE', #2140, .T. ) ;
#1553 = FACE_OUTER_BOUND ( 'NONE', #2360, .T. ) ;
#1554 = ORIENTED_EDGE ( 'NONE', *, *, #3462, .T. ) ;
#1555 = EDGE_CURVE ( 'NONE', #3313, #1600, #2574, .T. ) ;
#1556 = EDGE_CURVE ( 'NONE', #2638, #357, #172, .T. ) ;
#1557 = CARTESIAN_POINT ( 'NONE',  ( -4.663883377995690971, 7.500000000000001776, 7.599999999999997868 ) ) ;
#1558 = DIRECTION ( 'NONE',  ( -1.000000000000000000, 0.000000000000000000, -0.000000000000000000 ) ) ;
#1559 = ORIENTED_EDGE ( 'NONE', *, *, #1057, .T. ) ;
#1560 = ORIENTED_EDGE ( 'NONE', *, *, #1604, .T. ) ;
#1561 = DIRECTION ( 'NONE',  ( -1.000000000000000000, 0.000000000000000000, 0.000000000000000000 ) ) ;
#1562 = LINE ( 'NONE', #978, #3183 ) ;
#1563 = DIRECTION ( 'NONE',  ( -0.3511234415883909277, -0.9363291775690447682, 0.000000000000000000 ) ) ;
#1564 = DIRECTION ( 'NONE',  ( 0.000000000000000000, 0.000000000000000000, -1.000000000000000000 ) ) ;
#1565 = ORIENTED_EDGE ( 'NONE', *, *, #1658, .F. ) ;
#1566 = EDGE_CURVE ( 'NONE', #1701, #879, #937, .T. ) ;
#1567 = FACE_OUTER_BOUND ( 'NONE', #137, .T. ) ;
#1568 = CARTESIAN_POINT ( 'NONE',  ( 4.663883377995690971, 0.7529036391581528376, 7.599999999999997868 ) ) ;
#1569 = FACE_OUTER_BOUND ( 'NONE', #94, .T. ) ;
#1570 = VECTOR ( 'NONE', #2684, 1000.000000000000000 ) ;
#1571 = ORIENTED_EDGE ( 'NONE', *, *, #3345, .F. ) ;
#1572 = DIRECTION ( 'NONE',  ( 1.000000000000000000, 0.000000000000000000, 0.000000000000000000 ) ) ;
#1573 = AXIS2_PLACEMENT_3D ( 'NONE', #3262, #617, #353 ) ;
#1574 = CARTESIAN_POINT ( 'NONE',  ( 4.500000000000000000, 7.499999999999997335, 2.000000000000000000 ) ) ;
#1575 = EDGE_CURVE ( 'NONE', #633, #1858, #447, .T. ) ;
#1576 = ADVANCED_FACE ( 'NONE', ( #701 ), #2282, .T. ) ;
#1577 = ORIENTED_EDGE ( 'NONE', *, *, #642, .T. ) ;
#1578 = AXIS2_PLACEMENT_3D ( 'NONE', #2937, #3464, #521 ) ;
#1579 = VERTEX_POINT ( 'NONE', #2294 ) ;
#1580 = CARTESIAN_POINT ( 'NONE',  ( -4.499999999999994671, -1.499999999999997780, 4.000000000000001776 ) ) ;
#1581 = EDGE_LOOP ( 'NONE', ( #1841, #322, #2239, #210 ) ) ;
#1582 = DIRECTION ( 'NONE',  ( 0.000000000000000000, 1.000000000000000000, 0.000000000000000000 ) ) ;
#1583 = CIRCLE ( 'NONE', #2586, 9.555793662526186338 ) ;
#1584 = CIRCLE ( 'NONE', #227, 9.555793662526186338 ) ;
#1585 = AXIS2_PLACEMENT_3D ( 'NONE', #419, #718, #124 ) ;
#1586 = PERSON_AND_ORGANIZATION ( #2062, #2764 ) ;
#1587 = CARTESIAN_POINT ( 'NONE',  ( -18.85112344158839548, 4.743328709404351251, 0.000000000000000000 ) ) ;
#1588 = ORIENTED_EDGE ( 'NONE', *, *, #1943, .T. ) ;
#1589 = CIRCLE ( 'NONE', #1075, 9.555793662526186338 ) ;
#1590 = VERTEX_POINT ( 'NONE', #3346 ) ;
#1591 = VECTOR ( 'NONE', #2085, 1000.000000000000000 ) ;
#1592 = LINE ( 'NONE', #2115, #3076 ) ;
#1593 = DIRECTION ( 'NONE',  ( 0.000000000000000000, 0.000000000000000000, -1.000000000000000000 ) ) ;
#1594 = CARTESIAN_POINT ( 'NONE',  ( 19.50000000000000000, -1.499999999999991340, 8.999999999999998224 ) ) ;
#1595 = VERTEX_POINT ( 'NONE', #1757 ) ;
#1596 = ORIENTED_EDGE ( 'NONE', *, *, #2409, .T. ) ;
#1597 = LINE ( 'NONE', #3190, #1245 ) ;
#1598 = LINE ( 'NONE', #2699, #1186 ) ;
#1599 = ORIENTED_EDGE ( 'NONE', *, *, #708, .F. ) ;
#1600 = VERTEX_POINT ( 'NONE', #1783 ) ;
#1601 = LINE ( 'NONE', #905, #956 ) ;
#1602 = CARTESIAN_POINT ( 'NONE',  ( -18.83361786177189501, 1.752903639158156279, 7.599999999999998757 ) ) ;
#1603 = ADVANCED_FACE ( 'NONE', ( #2872 ), #953, .T. ) ;
#1604 = EDGE_CURVE ( 'NONE', #1971, #3049, #2372, .T. ) ;
#1605 = DATE_AND_TIME ( #3231, #2435 ) ;
#1606 = EDGE_LOOP ( 'NONE', ( #3156, #703, #156, #2275 ) ) ;
#1607 = DIRECTION ( 'NONE',  ( 0.000000000000000000, 0.000000000000000000, -1.000000000000000000 ) ) ;
#1608 = DIRECTION ( 'NONE',  ( -0.000000000000000000, 0.000000000000000000, 1.000000000000000000 ) ) ;
#1609 = DIRECTION ( 'NONE',  ( -1.000000000000000000, 0.000000000000000000, 1.156482317317871478E-16 ) ) ;
#1610 = DIRECTION ( 'NONE',  ( 1.000000000000000000, 2.891205793294675861E-16, 0.000000000000000000 ) ) ;
#1611 = DIRECTION ( 'NONE',  ( -1.000000000000000000, 0.000000000000000000, 0.000000000000000000 ) ) ;
#1612 = DIRECTION ( 'NONE',  ( 1.000000000000000000, 0.000000000000000000, 0.000000000000000000 ) ) ;
#1613 = ORIENTED_EDGE ( 'NONE', *, *, #1321, .F. ) ;
#1614 = LINE ( 'NONE', #2162, #267 ) ;
#1615 = CARTESIAN_POINT ( 'NONE',  ( -8.144736842105261942, -1.447368421052636522, 11.00000000000000000 ) ) ;
#1616 = CARTESIAN_POINT ( 'NONE',  ( -11.50000000000000000, 7.499999999999998224, 0.000000000000000000 ) ) ;
#1617 = DIRECTION ( 'NONE',  ( 1.000000000000000000, 0.000000000000000000, -1.156482317317871478E-16 ) ) ;
#1618 = ORIENTED_EDGE ( 'NONE', *, *, #1828, .T. ) ;
#1619 = ADVANCED_FACE ( 'NONE', ( #2665 ), #2369, .T. ) ;
#1620 = EDGE_LOOP ( 'NONE', ( #2551, #1565, #2006, #1114 ) ) ;
#1621 = CARTESIAN_POINT ( 'NONE',  ( -4.500000000000000000, 7.499999999999997335, 22.21954445729289063 ) ) ;
#1622 = DIRECTION ( 'NONE',  ( -0.000000000000000000, -0.000000000000000000, -1.000000000000000000 ) ) ;
#1623 = DIRECTION ( 'NONE',  ( 1.000000000000000000, 0.000000000000000000, 0.000000000000000000 ) ) ;
#1624 = CARTESIAN_POINT ( 'NONE',  ( -0.5852660300136417471, -7.901091405184173411, 0.000000000000000000 ) ) ;
#1625 = PLANE ( 'NONE',  #17 ) ;
#1626 = VECTOR ( 'NONE', #3456, 1000.000000000000000 ) ;
#1627 = ORIENTED_EDGE ( 'NONE', *, *, #1322, .F. ) ;
#1628 = VECTOR ( 'NONE', #659, 1000.000000000000000 ) ;
#1629 = PLANE ( 'NONE',  #3461 ) ;
#1630 = EDGE_CURVE ( 'NONE', #2902, #1009, #2405, .T. ) ;
#1631 = CARTESIAN_POINT ( 'NONE',  ( -17.50000000000000000, 0.4999999999999970024, 1.500000000000000444 ) ) ;
#1632 = ORIENTED_EDGE ( 'NONE', *, *, #1213, .T. ) ;
#1633 = DIRECTION ( 'NONE',  ( -1.000000000000000000, -2.312964634635743450E-16, 0.000000000000000000 ) ) ;
#1634 = AXIS2_PLACEMENT_3D ( 'NONE', #1199, #926, #3032 ) ;
#1635 = APPROVAL_DATE_TIME ( #548, #3445 ) ;
#1636 = CIRCLE ( 'NONE', #163, 2.000000000000000000 ) ;
#1637 = DIRECTION ( 'NONE',  ( 1.156482317317871478E-16, -0.000000000000000000, 1.000000000000000000 ) ) ;
#1638 = ORIENTED_EDGE ( 'NONE', *, *, #1094, .F. ) ;
#1639 = AXIS2_PLACEMENT_3D ( 'NONE', #368, #3276, #882 ) ;
#1640 = AXIS2_PLACEMENT_3D ( 'NONE', #416, #3363, #2029 ) ;
#1641 = EDGE_CURVE ( 'NONE', #1741, #3136, #2424, .T. ) ;
#1642 = CARTESIAN_POINT ( 'NONE',  ( 11.31866541822748928, 6.500000000000001776, 2.100000000000000977 ) ) ;
#1643 = APPROVAL_PERSON_ORGANIZATION ( #240, #445, #3164 ) ;
#1644 = DIRECTION ( 'NONE',  ( 0.000000000000000000, -1.000000000000000000, 0.000000000000000000 ) ) ;
#1645 = VECTOR ( 'NONE', #2363, 1000.000000000000000 ) ;
#1646 = FACE_OUTER_BOUND ( 'NONE', #330, .T. ) ;
#1647 = ORIENTED_EDGE ( 'NONE', *, *, #1773, .T. ) ;
#1648 = AXIS2_PLACEMENT_3D ( 'NONE', #2178, #2125, #29 ) ;
#1649 = ORIENTED_EDGE ( 'NONE', *, *, #2760, .T. ) ;
#1650 = EDGE_CURVE ( 'NONE', #2064, #3048, #2976, .T. ) ;
#1651 = CARTESIAN_POINT ( 'NONE',  ( -11.50000000000000000, 7.499999999999998224, 13.00000000000000000 ) ) ;
#1652 = CARTESIAN_POINT ( 'NONE',  ( 4.499999999999993783, -3.499999999999995115, 4.000000000000001776 ) ) ;
#1653 = VECTOR ( 'NONE', #798, 1000.000000000000000 ) ;
#1654 = ORIENTED_EDGE ( 'NONE', *, *, #1426, .F. ) ;
#1655 = DIRECTION ( 'NONE',  ( 0.000000000000000000, -1.000000000000000000, 0.000000000000000000 ) ) ;
#1656 = DIRECTION ( 'NONE',  ( 1.156482317317871725E-16, 0.000000000000000000, 1.000000000000000000 ) ) ;
#1657 = CARTESIAN_POINT ( 'NONE',  ( 11.31866541822748928, 6.500000000000001776, 10.90000000000000036 ) ) ;
#1658 = EDGE_CURVE ( 'NONE', #3049, #2683, #510, .T. ) ;
#1659 = DATE_AND_TIME ( #1336, #679 ) ;
#1660 = CARTESIAN_POINT ( 'NONE',  ( 8.144736842105267272, -1.447368421052632970, 1.499999999999997780 ) ) ;
#1661 = ORIENTED_EDGE ( 'NONE', *, *, #1516, .F. ) ;
#1662 = VERTEX_POINT ( 'NONE', #3224 ) ;
#1663 = ADVANCED_FACE ( 'NONE', ( #3418 ), #23, .T. ) ;
#1664 = PLANE ( 'NONE',  #3465 ) ;
#1665 = ORIENTED_EDGE ( 'NONE', *, *, #578, .F. ) ;
#1666 = PLANE ( 'NONE',  #2590 ) ;
#1667 = DIRECTION ( 'NONE',  ( -4.336808689942018722E-16, 1.000000000000000000, 0.000000000000000000 ) ) ;
#1668 = EDGE_CURVE ( 'NONE', #1910, #1992, #1597, .T. ) ;
#1669 = ORIENTED_EDGE ( 'NONE', *, *, #1104, .F. ) ;
#1670 = ADVANCED_FACE ( 'NONE', ( #2104 ), #1346, .F. ) ;
#1671 = CARTESIAN_POINT ( 'NONE',  ( -18.85112344158839193, 4.743328709404352139, 11.50000000000000178 ) ) ;
#1672 = CARTESIAN_POINT ( 'NONE',  ( -11.31866541822748928, 7.500000000000001776, 10.90000000000000036 ) ) ;
#1673 = ORIENTED_EDGE ( 'NONE', *, *, #1512, .T. ) ;
#1674 = DIRECTION ( 'NONE',  ( 0.000000000000000000, 1.000000000000000000, 0.000000000000000000 ) ) ;
#1675 = ORIENTED_EDGE ( 'NONE', *, *, #809, .T. ) ;
#1676 = CARTESIAN_POINT ( 'NONE',  ( -19.49999999999999645, -0.5000000000000072164, 1.500000000000001332 ) ) ;
#1677 = ORIENTED_EDGE ( 'NONE', *, *, #1686, .T. ) ;
#1678 = DIRECTION ( 'NONE',  ( -0.000000000000000000, -1.000000000000000000, -0.000000000000000000 ) ) ;
#1679 = DIRECTION ( 'NONE',  ( 1.156482317317871478E-16, -0.000000000000000000, 1.000000000000000000 ) ) ;
#1680 = VERTEX_POINT ( 'NONE', #205 ) ;
#1681 = ORIENTED_EDGE ( 'NONE', *, *, #1926, .F. ) ;
#1682 = CARTESIAN_POINT ( 'NONE',  ( 4.500000000000000000, 0.4999999999999970024, 11.00000000000000000 ) ) ;
#1683 = LINE ( 'NONE', #2523, #2877 ) ;
#1684 = CARTESIAN_POINT ( 'NONE',  ( -4.500000000000000000, 0.4999999999999970024, 11.00000000000000000 ) ) ;
#1685 = CARTESIAN_POINT ( 'NONE',  ( -4.499999999999993783, -3.499999999999996003, 8.999999999999998224 ) ) ;
#1686 = EDGE_CURVE ( 'NONE', #1340, #1198, #3189, .T. ) ;
#1687 = ADVANCED_FACE ( 'NONE', ( #8 ), #562, .T. ) ;
#1688 = CARTESIAN_POINT ( 'NONE',  ( -11.31866541822748928, 6.500000000000001776, 7.599999999999998757 ) ) ;
#1689 = AXIS2_PLACEMENT_3D ( 'NONE', #2344, #3071, #470 ) ;
#1690 = ORIENTED_EDGE ( 'NONE', *, *, #1125, .T. ) ;
#1691 = CARTESIAN_POINT ( 'NONE',  ( 6.000000000000007105, -7.500000000000001776, 0.000000000000000000 ) ) ;
#1692 = EDGE_CURVE ( 'NONE', #3284, #1882, #2944, .T. ) ;
#1693 = VECTOR ( 'NONE', #2845, 1000.000000000000000 ) ;
#1694 = VECTOR ( 'NONE', #2888, 1000.000000000000000 ) ;
#1695 = CARTESIAN_POINT ( 'NONE',  ( -4.500000000000000000, 0.4999999999999970024, 2.000000000000000000 ) ) ;
#1696 = LINE ( 'NONE', #1717, #503 ) ;
#1697 = VECTOR ( 'NONE', #1611, 1000.000000000000000 ) ;
#1698 = EDGE_CURVE ( 'NONE', #1680, #2020, #247, .T. ) ;
#1699 = CC_DESIGN_APPROVAL ( #3445, ( #3192 ) ) ;
#1700 = VECTOR ( 'NONE', #3425, 1000.000000000000000 ) ;
#1701 = VERTEX_POINT ( 'NONE', #1080 ) ;
#1702 = DIRECTION ( 'NONE',  ( -0.3511234415883914273, -0.9363291775690446572, 0.000000000000000000 ) ) ;
#1703 = CARTESIAN_POINT ( 'NONE',  ( -4.500000000000000000, 7.499999999999997335, 2.000000000000000000 ) ) ;
#1704 = ORIENTED_EDGE ( 'NONE', *, *, #423, .F. ) ;
#1705 = FACE_OUTER_BOUND ( 'NONE', #3033, .T. ) ;
#1706 = AXIS2_PLACEMENT_3D ( 'NONE', #1172, #2004, #2227 ) ;
#1707 = DIRECTION ( 'NONE',  ( 4.336808689942017736E-16, -1.000000000000000000, 0.000000000000000000 ) ) ;
#1708 = FACE_OUTER_BOUND ( 'NONE', #751, .T. ) ;
#1709 = EDGE_CURVE ( 'NONE', #352, #967, #3359, .T. ) ;
#1710 = VERTEX_POINT ( 'NONE', #3174 ) ;
#1711 = DIRECTION ( 'NONE',  ( -1.000000000000000000, 0.000000000000000000, 0.000000000000000000 ) ) ;
#1712 = FACE_OUTER_BOUND ( 'NONE', #813, .T. ) ;
#1713 = ADVANCED_FACE ( 'NONE', ( #1367 ), #487, .F. ) ;
#1714 = EDGE_CURVE ( 'NONE', #2913, #389, #2680, .T. ) ;
#1715 = CARTESIAN_POINT ( 'NONE',  ( -11.50000000000000000, 7.500000000000001776, 7.599999999999997868 ) ) ;
#1716 = EDGE_CURVE ( 'NONE', #1590, #590, #2388, .T. ) ;
#1717 = CARTESIAN_POINT ( 'NONE',  ( 11.66978885981588121, 7.436329177569046323, -14.60253455381901233 ) ) ;
#1718 = ORIENTED_EDGE ( 'NONE', *, *, #2693, .T. ) ;
#1719 = EDGE_LOOP ( 'NONE', ( #3015, #2099, #668, #2503 ) ) ;
#1720 = DIRECTION ( 'NONE',  ( 0.000000000000000000, 0.000000000000000000, 1.000000000000000000 ) ) ;
#1721 = CARTESIAN_POINT ( 'NONE',  ( -8.144736842105263719, -1.447368421052636522, 11.50000000000000000 ) ) ;
#1722 = CARTESIAN_POINT ( 'NONE',  ( 4.500000000000000000, 7.499999999999997335, 11.00000000000000000 ) ) ;
#1723 = CARTESIAN_POINT ( 'NONE',  ( 4.499999999999994671, -5.499999999999994671, 8.999999999999998224 ) ) ;
#1724 = ORIENTED_EDGE ( 'NONE', *, *, #1498, .F. ) ;
#1725 = EDGE_CURVE ( 'NONE', #2856, #2819, #2786, .T. ) ;
#1726 = DIRECTION ( 'NONE',  ( 1.156482317317871478E-16, -0.000000000000000000, 1.000000000000000000 ) ) ;
#1727 = ORIENTED_EDGE ( 'NONE', *, *, #1330, .T. ) ;
#1728 = DIRECTION ( 'NONE',  ( 1.156482317317871725E-16, 0.000000000000000000, 1.000000000000000000 ) ) ;
#1729 = CARTESIAN_POINT ( 'NONE',  ( -11.31866541822748928, 6.500000000000001776, 27.60253455381900878 ) ) ;
#1730 = CARTESIAN_POINT ( 'NONE',  ( -4.500000000000000000, 7.499999999999997335, 11.00000000000000000 ) ) ;
#1731 = EDGE_CURVE ( 'NONE', #744, #1473, #350, .T. ) ;
#1732 = EDGE_CURVE ( 'NONE', #3266, #1340, #331, .T. ) ;
#1733 = ORIENTED_EDGE ( 'NONE', *, *, #661, .F. ) ;
#1734 = ORIENTED_EDGE ( 'NONE', *, *, #2969, .F. ) ;
#1735 = CARTESIAN_POINT ( 'NONE',  ( -19.50000000000000000, 0.4999999999999970024, 11.00000000000000000 ) ) ;
#1736 = CARTESIAN_POINT ( 'NONE',  ( -11.31866541822748928, 6.500000000000001776, 2.100000000000000977 ) ) ;
#1737 = DIRECTION ( 'NONE',  ( 0.000000000000000000, -1.000000000000000000, 0.000000000000000000 ) ) ;
#1738 = LINE ( 'NONE', #1436, #277 ) ;
#1739 = ORIENTED_EDGE ( 'NONE', *, *, #602, .F. ) ;
#1740 = LINE ( 'NONE', #2777, #398 ) ;
#1741 = VERTEX_POINT ( 'NONE', #1115 ) ;
#1742 = VERTEX_POINT ( 'NONE', #581 ) ;
#1743 = DIRECTION ( 'NONE',  ( 0.07387168551531220206, -0.9972677544567090102, 0.000000000000000000 ) ) ;
#1744 = DIRECTION ( 'NONE',  ( 0.3511234415883909277, -0.9363291775690447682, 0.000000000000000000 ) ) ;
#1745 = CLOSED_SHELL ( 'NONE', ( #3448, #2814, #1482, #2240, #1670, #42, #702, #1663, #3426, #2549, #3286 ) ) ;
#1746 = AXIS2_PLACEMENT_3D ( 'NONE', #846, #1923, #2744 ) ;
#1747 = CARTESIAN_POINT ( 'NONE',  ( 4.500000000000000000, 0.4999999999999970024, 5.499999999999998224 ) ) ;
#1748 = AXIS2_PLACEMENT_3D ( 'NONE', #1425, #359, #3283 ) ;
#1749 = ORIENTED_EDGE ( 'NONE', *, *, #1994, .T. ) ;
#1750 = CARTESIAN_POINT ( 'NONE',  ( -17.50000000000000000, 0.4999999999999970024, 1.500000000000000444 ) ) ;
#1751 = VECTOR ( 'NONE', #1242, 1000.000000000000000 ) ;
#1752 = CARTESIAN_POINT ( 'NONE',  ( -19.50000000000000000, 0.4999999999999970024, 10.90000000000000036 ) ) ;
#1753 = ORIENTED_EDGE ( 'NONE', *, *, #1366, .T. ) ;
#1754 = CIRCLE ( 'NONE', #1070, 9.555793662526186338 ) ;
#1755 = VECTOR ( 'NONE', #919, 1000.000000000000000 ) ;
#1756 = CARTESIAN_POINT ( 'NONE',  ( -8.144736842105263719, -1.447368421052636522, 1.499999999999999556 ) ) ;
#1757 = CARTESIAN_POINT ( 'NONE',  ( 19.18474130336028693, 4.618222011239899949, 7.599999999999997868 ) ) ;
#1758 = EDGE_LOOP ( 'NONE', ( #2631, #3429, #649, #2077 ) ) ;
#1759 = CARTESIAN_POINT ( 'NONE',  ( -19.50000000000000000, 7.499999999999997335, 0.000000000000000000 ) ) ;
#1760 = AXIS2_PLACEMENT_3D ( 'NONE', #658, #1744, #2812 ) ;
#1761 = ORIENTED_EDGE ( 'NONE', *, *, #1859, .T. ) ;
#1762 = ORIENTED_EDGE ( 'NONE', *, *, #2862, .T. ) ;
#1763 = LINE ( 'NONE', #2143, #220 ) ;
#1764 = CARTESIAN_POINT ( 'NONE',  ( -4.663883377995690971, 7.500000000000001776, 2.100000000000000977 ) ) ;
#1765 = EDGE_CURVE ( 'NONE', #1590, #2328, #367, .T. ) ;
#1766 = DIRECTION ( 'NONE',  ( 0.000000000000000000, 0.000000000000000000, -1.000000000000000000 ) ) ;
#1767 = EDGE_CURVE ( 'NONE', #2819, #720, #2208, .T. ) ;
#1768 = FACE_OUTER_BOUND ( 'NONE', #1808, .T. ) ;
#1769 = FACE_OUTER_BOUND ( 'NONE', #589, .T. ) ;
#1770 = ORIENTED_EDGE ( 'NONE', *, *, #1494, .F. ) ;
#1771 = FACE_OUTER_BOUND ( 'NONE', #1581, .T. ) ;
#1772 = CARTESIAN_POINT ( 'NONE',  ( 9.500000000000000000, -6.499999999999993783, 2.000000000000000000 ) ) ;
#1773 = EDGE_CURVE ( 'NONE', #1931, #462, #3236, .T. ) ;
#1774 = ADVANCED_FACE ( 'NONE', ( #1960 ), #1666, .F. ) ;
#1775 = ORIENTED_EDGE ( 'NONE', *, *, #2799, .T. ) ;
#1776 = ORIENTED_EDGE ( 'NONE', *, *, #2455, .T. ) ;
#1777 = LINE ( 'NONE', #2634, #1693 ) ;
#1778 = LINE ( 'NONE', #494, #451 ) ;
#1779 = DIRECTION ( 'NONE',  ( -1.000000000000000000, -2.312964634635743450E-16, -0.000000000000000000 ) ) ;
#1780 = DIRECTION ( 'NONE',  ( 1.000000000000000000, 2.312964634635743450E-16, 0.000000000000000000 ) ) ;
#1781 = DIRECTION ( 'NONE',  ( 0.000000000000000000, 0.000000000000000000, -1.000000000000000000 ) ) ;
#1782 = EDGE_LOOP ( 'NONE', ( #2103, #185, #517, #2587, #2368, #2785, #2335, #1427 ) ) ;
#1783 = CARTESIAN_POINT ( 'NONE',  ( 19.50000000000000355, -6.499999999999992006, 1.999999999999999112 ) ) ;
#1784 = ORIENTED_EDGE ( 'NONE', *, *, #25, .T. ) ;
#1785 = CARTESIAN_POINT ( 'NONE',  ( 19.18474130336028693, 4.618222011239900837, 2.100000000000000977 ) ) ;
#1786 = ORIENTED_EDGE ( 'NONE', *, *, #2568, .F. ) ;
#1787 = EDGE_CURVE ( 'NONE', #1902, #674, #2510, .T. ) ;
#1788 = EDGE_LOOP ( 'NONE', ( #2893, #339, #918, #173, #2914, #1157 ) ) ;
#1789 = DIRECTION ( 'NONE',  ( 0.4061384660534475555, -0.9138115486202572635, 0.000000000000000000 ) ) ;
#1790 = LINE ( 'NONE', #2379, #3085 ) ;
#1791 = EDGE_CURVE ( 'NONE', #1105, #1600, #1394, .T. ) ;
#1792 = CARTESIAN_POINT ( 'NONE',  ( -5.663883377995690971, 7.500000000000001776, 10.90000000000000036 ) ) ;
#1793 = VERTEX_POINT ( 'NONE', #2474 ) ;
#1794 = AXIS2_PLACEMENT_3D ( 'NONE', #3227, #479, #1561 ) ;
#1795 = CIRCLE ( 'NONE', #1177, 1.000000000000000888 ) ;
#1796 = DIRECTION ( 'NONE',  ( 1.000000000000000000, 0.000000000000000000, 0.000000000000000000 ) ) ;
#1797 = DIRECTION ( 'NONE',  ( 1.000000000000000000, 3.469446951953586973E-15, 0.000000000000000000 ) ) ;
#1798 = AXIS2_PLACEMENT_3D ( 'NONE', #3374, #429, #197 ) ;
#1799 = EDGE_CURVE ( 'NONE', #3119, #2529, #2928, .T. ) ;
#1800 = ORIENTED_EDGE ( 'NONE', *, *, #3040, .T. ) ;
#1801 = VECTOR ( 'NONE', #725, 1000.000000000000000 ) ;
#1802 = DIRECTION ( 'NONE',  ( 1.000000000000000000, -0.000000000000000000, 0.000000000000000000 ) ) ;
#1803 = VERTEX_POINT ( 'NONE', #72 ) ;
#1804 = DIRECTION ( 'NONE',  ( 0.000000000000000000, 0.000000000000000000, 1.000000000000000000 ) ) ;
#1805 = VECTOR ( 'NONE', #738, 1000.000000000000114 ) ;
#1806 = AXIS2_PLACEMENT_3D ( 'NONE', #683, #1258, #948 ) ;
#1807 = ORIENTED_EDGE ( 'NONE', *, *, #1874, .T. ) ;
#1808 = EDGE_LOOP ( 'NONE', ( #97, #2336, #1337, #53 ) ) ;
#1809 = LOCAL_TIME ( 16, 32, 6.000000000000000000, #253 ) ;
#1810 = VECTOR ( 'NONE', #2624, 1000.000000000000000 ) ;
#1811 = DIRECTION ( 'NONE',  ( -0.000000000000000000, -0.000000000000000000, 1.000000000000000000 ) ) ;
#1812 = CARTESIAN_POINT ( 'NONE',  ( -19.18474130336028693, 4.618222011239901725, 27.60253455381900878 ) ) ;
#1813 = AXIS2_PLACEMENT_3D ( 'NONE', #804, #1388, #288 ) ;
#1814 = DIRECTION ( 'NONE',  ( -0.000000000000000000, 1.000000000000000000, -0.000000000000000000 ) ) ;
#1815 = VECTOR ( 'NONE', #3175, 1000.000000000000000 ) ;
#1816 = EDGE_CURVE ( 'NONE', #2347, #1540, #1414, .T. ) ;
#1817 = EDGE_CURVE ( 'NONE', #242, #3394, #2522, .T. ) ;
#1818 = ORIENTED_EDGE ( 'NONE', *, *, #67, .T. ) ;
#1819 = FACE_OUTER_BOUND ( 'NONE', #3, .T. ) ;
#1820 = LINE ( 'NONE', #202, #733 ) ;
#1821 = DIRECTION ( 'NONE',  ( -0.000000000000000000, 0.000000000000000000, 1.000000000000000000 ) ) ;
#1822 = VERTEX_POINT ( 'NONE', #1651 ) ;
#1823 = DIRECTION ( 'NONE',  ( -1.000000000000000000, 0.000000000000000000, 0.000000000000000000 ) ) ;
#1824 = FACE_OUTER_BOUND ( 'NONE', #316, .T. ) ;
#1825 = ORIENTED_EDGE ( 'NONE', *, *, #2507, .F. ) ;
#1826 = ORIENTED_EDGE ( 'NONE', *, *, #1231, .T. ) ;
#1827 = ORIENTED_EDGE ( 'NONE', *, *, #3322, .F. ) ;
#1828 = EDGE_CURVE ( 'NONE', #191, #1710, #1150, .T. ) ;
#1829 = DIRECTION ( 'NONE',  ( 0.9363291775690447682, 0.3511234415883909277, 0.000000000000000000 ) ) ;
#1830 = CARTESIAN_POINT ( 'NONE',  ( -5.663883377995690971, 6.500000000000001776, 5.399999999999998579 ) ) ;
#1831 = DIRECTION ( 'NONE',  ( 4.336808689942019708E-16, -1.000000000000000000, 0.000000000000000000 ) ) ;
#1832 = EDGE_LOOP ( 'NONE', ( #44, #1123 ) ) ;
#1833 = VERTEX_POINT ( 'NONE', #3007 ) ;
#1834 = ADVANCED_FACE ( 'NONE', ( #594 ), #2236, .F. ) ;
#1835 = CARTESIAN_POINT ( 'NONE',  ( -19.50000000000000000, 0.4999999999999970024, 11.50000000000000178 ) ) ;
#1836 = DIRECTION ( 'NONE',  ( 0.000000000000000000, 0.000000000000000000, -1.000000000000000000 ) ) ;
#1837 = CARTESIAN_POINT ( 'NONE',  ( -11.50000000000000000, 7.500000000000001776, 27.60253455381900878 ) ) ;
#1838 = ORIENTED_EDGE ( 'NONE', *, *, #1402, .F. ) ;
#1839 = DIRECTION ( 'NONE',  ( 1.000000000000000000, 0.000000000000000000, -1.134601908303326434E-16 ) ) ;
#1840 = DIRECTION ( 'NONE',  ( 1.000000000000000000, 2.312964634635743450E-16, 0.000000000000000000 ) ) ;
#1841 = ORIENTED_EDGE ( 'NONE', *, *, #623, .T. ) ;
#1842 = CARTESIAN_POINT ( 'NONE',  ( 0.000000000000000000, 6.594317533532897180, 11.00000000000000000 ) ) ;
#1843 = LINE ( 'NONE', #1319, #3301 ) ;
#1844 = CARTESIAN_POINT ( 'NONE',  ( 4.500000000000000000, 7.499999999999997335, 22.21954445729289063 ) ) ;
#1845 = LINE ( 'NONE', #1535, #2026 ) ;
#1846 = EDGE_LOOP ( 'NONE', ( #2342, #2616, #2532 ) ) ;
#1847 = ORIENTED_EDGE ( 'NONE', *, *, #1773, .F. ) ;
#1848 = CARTESIAN_POINT ( 'NONE',  ( 19.50000000000000355, -6.499999999999992006, 13.00000000000000000 ) ) ;
#1849 = CARTESIAN_POINT ( 'NONE',  ( 8.144736842105267272, -1.447368421052632970, 11.49999999999999822 ) ) ;
#1850 = DIRECTION ( 'NONE',  ( -0.000000000000000000, -0.000000000000000000, 1.000000000000000000 ) ) ;
#1851 = AXIS2_PLACEMENT_3D ( 'NONE', #2991, #1093, #1873 ) ;
#1852 = ADVANCED_FACE ( 'NONE', ( #611 ), #3275, .F. ) ;
#1853 = ORIENTED_EDGE ( 'NONE', *, *, #1716, .T. ) ;
#1854 = DIRECTION ( 'NONE',  ( 0.000000000000000000, -1.000000000000000000, -0.000000000000000000 ) ) ;
#1855 = VECTOR ( 'NONE', #2337, 1000.000000000000000 ) ;
#1856 = LINE ( 'NONE', #24, #902 ) ;
#1857 = ADVANCED_FACE ( 'NONE', ( #3042 ), #634, .F. ) ;
#1858 = VERTEX_POINT ( 'NONE', #1382 ) ;
#1859 = EDGE_CURVE ( 'NONE', #1473, #2358, #2985, .T. ) ;
#1860 = CIRCLE ( 'NONE', #608, 1.000000000000000888 ) ;
#1861 = FACE_OUTER_BOUND ( 'NONE', #2196, .T. ) ;
#1862 = LINE ( 'NONE', #2932, #3129 ) ;
#1863 = CARTESIAN_POINT ( 'NONE',  ( 3.000000000000006217, -5.499999999999999112, 13.00000000000000000 ) ) ;
#1864 = CIRCLE ( 'NONE', #3408, 1.000000000000000888 ) ;
#1865 = AXIS2_PLACEMENT_3D ( 'NONE', #3019, #2509, #2768 ) ;
#1866 = AXIS2_PLACEMENT_3D ( 'NONE', #1132, #2772, #1167 ) ;
#1867 = DIRECTION ( 'NONE',  ( 1.000000000000000000, 0.000000000000000000, 0.000000000000000000 ) ) ;
#1868 = DIRECTION ( 'NONE',  ( 0.000000000000000000, -0.000000000000000000, -1.000000000000000000 ) ) ;
#1869 = ORIENTED_EDGE ( 'NONE', *, *, #1165, .T. ) ;
#1870 = AXIS2_PLACEMENT_3D ( 'NONE', #3337, #3034, #627 ) ;
#1871 = ORIENTED_EDGE ( 'NONE', *, *, #320, .T. ) ;
#1872 = AXIS2_PLACEMENT_3D ( 'NONE', #1772, #420, #3382 ) ;
#1873 = DIRECTION ( 'NONE',  ( 0.000000000000000000, -0.000000000000000000, 1.000000000000000000 ) ) ;
#1874 = EDGE_CURVE ( 'NONE', #3335, #898, #1528, .T. ) ;
#1875 = CARTESIAN_POINT ( 'NONE',  ( -4.663883377995690971, 0.7529036391581562793, 27.60253455381900878 ) ) ;
#1876 = DIRECTION ( 'NONE',  ( 0.000000000000000000, 0.000000000000000000, 1.000000000000000000 ) ) ;
#1877 = ORIENTED_EDGE ( 'NONE', *, *, #2493, .F. ) ;
#1878 = DIRECTION ( 'NONE',  ( 1.000000000000000000, 0.000000000000000000, 0.000000000000000000 ) ) ;
#1879 = LINE ( 'NONE', #3225, #2252 ) ;
#1880 = VERTEX_POINT ( 'NONE', #2345 ) ;
#1881 = EDGE_LOOP ( 'NONE', ( #645, #2774, #1827, #1158 ) ) ;
#1882 = VERTEX_POINT ( 'NONE', #2542 ) ;
#1883 = DIRECTION ( 'NONE',  ( 4.336808689942019708E-16, -1.000000000000000000, 0.000000000000000000 ) ) ;
#1884 = ADVANCED_FACE ( 'NONE', ( #1768 ), #3086, .T. ) ;
#1885 = EDGE_LOOP ( 'NONE', ( #2558, #987, #110, #1010 ) ) ;
#1886 = EDGE_CURVE ( 'NONE', #2020, #2870, #1358, .T. ) ;
#1887 = CYLINDRICAL_SURFACE ( 'NONE', #2093, 1.000000000000000888 ) ;
#1888 = CYLINDRICAL_SURFACE ( 'NONE', #440, 9.555793662526186338 ) ;
#1889 = FACE_OUTER_BOUND ( 'NONE', #3159, .T. ) ;
#1890 = DIRECTION ( 'NONE',  ( -0.000000000000000000, -0.000000000000000000, 1.000000000000000000 ) ) ;
#1891 = DIRECTION ( 'NONE',  ( 1.000000000000000000, -0.000000000000000000, 0.000000000000000000 ) ) ;
#1892 = DIRECTION ( 'NONE',  ( -0.4061384660534475555, -0.9138115486202572635, 0.000000000000000000 ) ) ;
#1893 = DIRECTION ( 'NONE',  ( -0.000000000000000000, -0.000000000000000000, -1.000000000000000000 ) ) ;
#1894 = ORIENTED_EDGE ( 'NONE', *, *, #3090, .T. ) ;
#1895 = CARTESIAN_POINT ( 'NONE',  ( 4.499999999999993783, -3.499999999999994227, 8.999999999999998224 ) ) ;
#1896 = CARTESIAN_POINT ( 'NONE',  ( 8.144736842105267272, -1.447368421052632970, 1.499999999999997780 ) ) ;
#1897 = ORIENTED_EDGE ( 'NONE', *, *, #1142, .T. ) ;
#1898 = DIRECTION ( 'NONE',  ( -2.312964634635743450E-16, 1.000000000000000000, 0.000000000000000000 ) ) ;
#1899 = ADVANCED_FACE ( 'NONE', ( #2849 ), #3069, .F. ) ;
#1900 = DATE_TIME_ROLE ( 'creation_date' ) ;
#1901 = PLANE ( 'NONE',  #1578 ) ;
#1902 = VERTEX_POINT ( 'NONE', #168 ) ;
#1903 = LINE ( 'NONE', #2972, #1003 ) ;
#1904 = DIRECTION ( 'NONE',  ( 3.469446951953599200E-15, -1.000000000000000000, 0.000000000000000000 ) ) ;
#1905 = CARTESIAN_POINT ( 'NONE',  ( -8.144736842105263719, -1.447368421052636522, 1.499999999999999556 ) ) ;
#1906 = DIRECTION ( 'NONE',  ( 1.156482317317871725E-16, 0.000000000000000000, 1.000000000000000000 ) ) ;
#1907 = EDGE_CURVE ( 'NONE', #1278, #674, #1538, .T. ) ;
#1908 = CARTESIAN_POINT ( 'NONE',  ( 6.000000000000007105, -7.500000000000001776, 13.00000000000000000 ) ) ;
#1909 = CIRCLE ( 'NONE', #376, 9.555793662526186338 ) ;
#1910 = VERTEX_POINT ( 'NONE', #2611 ) ;
#1911 = VECTOR ( 'NONE', #2251, 1000.000000000000000 ) ;
#1912 = PLANE ( 'NONE',  #3343 ) ;
#1913 = CARTESIAN_POINT ( 'NONE',  ( -4.499999999999993783, -3.499999999999996891, 4.000000000000001776 ) ) ;
#1914 = ORIENTED_EDGE ( 'NONE', *, *, #3230, .F. ) ;
#1915 = DIRECTION ( 'NONE',  ( 1.000000000000000000, 0.000000000000000000, 0.000000000000000000 ) ) ;
#1916 = AXIS2_PLACEMENT_3D ( 'NONE', #1092, #2165, #3218 ) ;
#1917 = PERSON_AND_ORGANIZATION ( #2062, #2764 ) ;
#1918 = VECTOR ( 'NONE', #1936, 1000.000000000000114 ) ;
#1919 = CARTESIAN_POINT ( 'NONE',  ( 11.31866541822748928, 6.500000000000001776, 7.599999999999998757 ) ) ;
#1920 = VERTEX_POINT ( 'NONE', #2570 ) ;
#1921 = AXIS2_PLACEMENT_3D ( 'NONE', #3087, #969, #684 ) ;
#1922 = VECTOR ( 'NONE', #1499, 1000.000000000000000 ) ;
#1923 = DIRECTION ( 'NONE',  ( -0.3511234415883914273, -0.9363291775690446572, 0.000000000000000000 ) ) ;
#1924 = AXIS2_PLACEMENT_3D ( 'NONE', #486, #1876, #3413 ) ;
#1925 = VECTOR ( 'NONE', #695, 1000.000000000000000 ) ;
#1926 = EDGE_CURVE ( 'NONE', #2618, #1858, #698, .T. ) ;
#1927 = EDGE_CURVE ( 'NONE', #2809, #2020, #2589, .T. ) ;
#1928 = DIRECTION ( 'NONE',  ( -1.000000000000000000, 0.000000000000000000, 1.361522289963991720E-16 ) ) ;
#1929 = VECTOR ( 'NONE', #407, 1000.000000000000000 ) ;
#1930 = ORIENTED_EDGE ( 'NONE', *, *, #1343, .F. ) ;
#1931 = VERTEX_POINT ( 'NONE', #2835 ) ;
#1932 = CARTESIAN_POINT ( 'NONE',  ( -4.500000000000000000, 0.4999999999999970024, 7.499999999999996447 ) ) ;
#1933 = DIRECTION ( 'NONE',  ( -1.000000000000000000, 0.000000000000000000, -1.156482317317871478E-16 ) ) ;
#1934 = EDGE_LOOP ( 'NONE', ( #271, #2414, #2403, #1025 ) ) ;
#1935 = LINE ( 'NONE', #2998, #1000 ) ;
#1936 = DIRECTION ( 'NONE',  ( 0.9363291775690445462, 0.3511234415883915938, -0.000000000000000000 ) ) ;
#1937 = DIRECTION ( 'NONE',  ( 1.000000000000000000, 0.000000000000000000, 0.000000000000000000 ) ) ;
#1938 = EDGE_CURVE ( 'NONE', #64, #861, #2326, .T. ) ;
#1939 = ORIENTED_EDGE ( 'NONE', *, *, #1401, .T. ) ;
#1940 = CARTESIAN_POINT ( 'NONE',  ( 4.500000000000000000, 7.499999999999997335, 2.000000000000000000 ) ) ;
#1941 = DIRECTION ( 'NONE',  ( -0.000000000000000000, -0.000000000000000000, -1.000000000000000000 ) ) ;
#1942 = CARTESIAN_POINT ( 'NONE',  ( -4.663883377995690971, 0.7529036391581562793, -14.60253455381901233 ) ) ;
#1943 = EDGE_CURVE ( 'NONE', #3149, #992, #134, .T. ) ;
#1944 = EDGE_CURVE ( 'NONE', #2235, #296, #2059, .T. ) ;
#1945 = ORIENTED_EDGE ( 'NONE', *, *, #345, .F. ) ;
#1946 = DIRECTION ( 'NONE',  ( 0.9363291775690447682, -0.3511234415883909832, 0.000000000000000000 ) ) ;
#1947 = DIRECTION ( 'NONE',  ( -1.000000000000000000, 0.000000000000000000, 0.000000000000000000 ) ) ;
#1948 = EDGE_CURVE ( 'NONE', #1489, #633, #1463, .T. ) ;
#1949 = CARTESIAN_POINT ( 'NONE',  ( 4.663883377995690971, 7.500000000000001776, 5.399999999999998579 ) ) ;
#1950 = CARTESIAN_POINT ( 'NONE',  ( 17.50000000000000355, 0.4999999999999970024, 7.499999999999998224 ) ) ;
#1951 = LINE ( 'NONE', #2244, #512 ) ;
#1952 = EDGE_LOOP ( 'NONE', ( #2810, #3060, #2157, #2107 ) ) ;
#1953 = EDGE_LOOP ( 'NONE', ( #3128, #2851 ) ) ;
#1954 = DIRECTION ( 'NONE',  ( 1.000000000000000000, -8.673617379884027583E-16, 0.000000000000000000 ) ) ;
#1955 = ORIENTED_EDGE ( 'NONE', *, *, #2189, .F. ) ;
#1956 = EDGE_CURVE ( 'NONE', #1009, #1105, #2867, .T. ) ;
#1957 = LINE ( 'NONE', #3338, #2808 ) ;
#1958 = FACE_OUTER_BOUND ( 'NONE', #1141, .T. ) ;
#1959 = ORIENTED_EDGE ( 'NONE', *, *, #2049, .T. ) ;
#1960 = FACE_OUTER_BOUND ( 'NONE', #3452, .T. ) ;
#1961 = FACE_OUTER_BOUND ( 'NONE', #1506, .T. ) ;
#1962 = EDGE_CURVE ( 'NONE', #1579, #722, #2377, .T. ) ;
#1963 = ORIENTED_EDGE ( 'NONE', *, *, #2232, .T. ) ;
#1964 = CARTESIAN_POINT ( 'NONE',  ( 8.144736842105267272, -1.447368421052632970, 5.499999999999998224 ) ) ;
#1965 = ORIENTED_EDGE ( 'NONE', *, *, #3312, .F. ) ;
#1966 = PLANE ( 'NONE',  #2083 ) ;
#1967 = CARTESIAN_POINT ( 'NONE',  ( 6.000000000000007105, -7.499999999999997335, 11.00000000000000000 ) ) ;
#1968 = EDGE_CURVE ( 'NONE', #1340, #1370, #1221, .T. ) ;
#1969 = EDGE_CURVE ( 'NONE', #1741, #193, #647, .T. ) ;
#1970 = VECTOR ( 'NONE', #1127, 1000.000000000000000 ) ;
#1971 = VERTEX_POINT ( 'NONE', #120 ) ;
#1972 = CARTESIAN_POINT ( 'NONE',  ( -17.49999999999998579, 0.4999999999999970024, 11.50000000000000178 ) ) ;
#1973 = ORIENTED_EDGE ( 'NONE', *, *, #765, .T. ) ;
#1974 = FACE_OUTER_BOUND ( 'NONE', #309, .T. ) ;
#1975 = CIRCLE ( 'NONE', #2425, 1.000000000000000888 ) ;
#1976 = VECTOR ( 'NONE', #652, 1000.000000000000000 ) ;
#1977 = LINE ( 'NONE', #1497, #551 ) ;
#1978 = DIRECTION ( 'NONE',  ( 0.000000000000000000, 0.000000000000000000, 1.000000000000000000 ) ) ;
#1979 = VECTOR ( 'NONE', #2734, 1000.000000000000000 ) ;
#1980 = VECTOR ( 'NONE', #973, 1000.000000000000000 ) ;
#1981 = EDGE_CURVE ( 'NONE', #935, #158, #3329, .T. ) ;
#1982 = CIRCLE ( 'NONE', #2927, 1.000000000000000888 ) ;
#1983 = VECTOR ( 'NONE', #3386, 1000.000000000000000 ) ;
#1984 = DIRECTION ( 'NONE',  ( 1.000000000000000000, 0.000000000000000000, 0.000000000000000000 ) ) ;
#1985 = DIRECTION ( 'NONE',  ( -1.000000000000000000, 0.000000000000000000, 1.156482317317871478E-16 ) ) ;
#1986 = AXIS2_PLACEMENT_3D ( 'NONE', #1688, #92, #1991 ) ;
#1987 = EDGE_LOOP ( 'NONE', ( #463, #1718, #3029, #2637 ) ) ;
#1988 = CARTESIAN_POINT ( 'NONE',  ( 4.500000000000000000, 0.4999999999999970024, 7.499999999999998224 ) ) ;
#1989 = VECTOR ( 'NONE', #169, 1000.000000000000000 ) ;
#1990 = DIRECTION ( 'NONE',  ( -0.000000000000000000, -0.000000000000000000, 1.000000000000000000 ) ) ;
#1991 = DIRECTION ( 'NONE',  ( -1.000000000000000000, 0.000000000000000000, 0.000000000000000000 ) ) ;
#1992 = VERTEX_POINT ( 'NONE', #1750 ) ;
#1993 = ADVANCED_FACE ( 'NONE', ( #2821 ), #3341, .F. ) ;
#1994 = EDGE_CURVE ( 'NONE', #3438, #1205, #2133, .T. ) ;
#1995 = EDGE_LOOP ( 'NONE', ( #646, #1627, #1462, #2562 ) ) ;
#1996 = DIRECTION ( 'NONE',  ( -0.000000000000000000, -0.000000000000000000, 1.000000000000000000 ) ) ;
#1997 = CYLINDRICAL_SURFACE ( 'NONE', #2147, 1.000000000000000888 ) ;
#1998 = DIRECTION ( 'NONE',  ( 0.000000000000000000, 0.000000000000000000, -1.000000000000000000 ) ) ;
#1999 = VERTEX_POINT ( 'NONE', #2691 ) ;
#2000 = DIRECTION ( 'NONE',  ( 0.9363291775690445462, 0.3511234415883914828, -1.015170128481923729E-16 ) ) ;
#2001 = CARTESIAN_POINT ( 'NONE',  ( 19.83361786177189501, 3.681892833670855847, 2.100000000000000977 ) ) ;
#2002 = CARTESIAN_POINT ( 'NONE',  ( 0.000000000000000000, 0.000000000000000000, 0.000000000000000000 ) ) ;
#2003 = CARTESIAN_POINT ( 'NONE',  ( -19.83361786177189501, 0.7529036391581562793, 27.60253455381900878 ) ) ;
#2004 = DIRECTION ( 'NONE',  ( 0.000000000000000000, 0.000000000000000000, -1.000000000000000000 ) ) ;
#2005 = ORIENTED_EDGE ( 'NONE', *, *, #1767, .F. ) ;
#2006 = ORIENTED_EDGE ( 'NONE', *, *, #1604, .F. ) ;
#2007 = CARTESIAN_POINT ( 'NONE',  ( -4.500000000000000000, 7.499999999999997335, 11.00000000000000000 ) ) ;
#2008 = VERTEX_POINT ( 'NONE', #753 ) ;
#2009 = CARTESIAN_POINT ( 'NONE',  ( 4.499999999999994671, -5.499999999999994671, 8.999999999999998224 ) ) ;
#2010 = DIRECTION ( 'NONE',  ( -0.000000000000000000, -0.000000000000000000, 1.000000000000000000 ) ) ;
#2011 = DIRECTION ( 'NONE',  ( 0.000000000000000000, 0.000000000000000000, -1.000000000000000000 ) ) ;
#2012 = CARTESIAN_POINT ( 'NONE',  ( -5.663883377995690971, 6.500000000000001776, 2.100000000000000977 ) ) ;
#2013 = ORIENTED_EDGE ( 'NONE', *, *, #3345, .T. ) ;
#2014 = FACE_OUTER_BOUND ( 'NONE', #2920, .T. ) ;
#2015 = ORIENTED_EDGE ( 'NONE', *, *, #302, .T. ) ;
#2016 = EDGE_CURVE ( 'NONE', #3394, #2742, #770, .T. ) ;
#2017 = CARTESIAN_POINT ( 'NONE',  ( -17.50000000000000000, 0.4999999999999970024, 5.500000000000001776 ) ) ;
#2018 = ORIENTED_EDGE ( 'NONE', *, *, #1948, .T. ) ;
#2019 = CARTESIAN_POINT ( 'NONE',  ( 4.663883377995690971, 0.7529036391581562793, 2.100000000000000977 ) ) ;
#2020 = VERTEX_POINT ( 'NONE', #2101 ) ;
#2021 = LINE ( 'NONE', #1676, #2582 ) ;
#2022 = CYLINDRICAL_SURFACE ( 'NONE', #3138, 1.000000000000000888 ) ;
#2023 = AXIS2_PLACEMENT_3D ( 'NONE', #2789, #567, #3024 ) ;
#2024 = VECTOR ( 'NONE', #182, 1000.000000000000000 ) ;
#2025 = CARTESIAN_POINT ( 'NONE',  ( -19.50000000000000000, -6.500000000000000888, 0.000000000000000000 ) ) ;
#2026 = VECTOR ( 'NONE', #2881, 1000.000000000000000 ) ;
#2027 = ADVANCED_FACE ( 'NONE', ( #275 ), #2885, .T. ) ;
#2028 = ADVANCED_FACE ( 'NONE', ( #257 ), #1360, .F. ) ;
#2029 = DIRECTION ( 'NONE',  ( -4.336808689942018722E-16, 1.000000000000000000, 0.000000000000000000 ) ) ;
#2030 = VECTOR ( 'NONE', #3353, 1000.000000000000000 ) ;
#2031 = PLANE ( 'NONE',  #3303 ) ;
#2032 = EDGE_CURVE ( 'NONE', #706, #352, #223, .T. ) ;
#2033 = ORIENTED_EDGE ( 'NONE', *, *, #2904, .T. ) ;
#2034 = AXIS2_PLACEMENT_3D ( 'NONE', #1905, #225, #1055 ) ;
#2035 = VECTOR ( 'NONE', #853, 1000.000000000000000 ) ;
#2036 = DIRECTION ( 'NONE',  ( 1.000000000000000000, 2.312964634635743450E-16, 0.000000000000000000 ) ) ;
#2037 = ORIENTED_EDGE ( 'NONE', *, *, #2952, .F. ) ;
#2038 = FACE_OUTER_BOUND ( 'NONE', #2445, .T. ) ;
#2039 = AXIS2_PLACEMENT_3D ( 'NONE', #1022, #1836, #485 ) ;
#2040 = EDGE_LOOP ( 'NONE', ( #2675, #3176, #2074, #3282, #2840, #57, #318, #133 ) ) ;
#2041 = ORIENTED_EDGE ( 'NONE', *, *, #1083, .T. ) ;
#2042 = VECTOR ( 'NONE', #1277, 1000.000000000000000 ) ;
#2043 = EDGE_LOOP ( 'NONE', ( #749, #2131, #366, #1724 ) ) ;
#2044 = CARTESIAN_POINT ( 'NONE',  ( 18.50000000000000000, 3.806999531835308925, 13.00000000000000000 ) ) ;
#2045 = CARTESIAN_POINT ( 'NONE',  ( -11.66978885981588121, 7.436329177569046323, 10.90000000000000036 ) ) ;
#2046 = CYLINDRICAL_SURFACE ( 'NONE', #1520, 1.999999999999999112 ) ;
#2047 = DIRECTION ( 'NONE',  ( -0.000000000000000000, 0.000000000000000000, 1.000000000000000000 ) ) ;
#2048 = DIRECTION ( 'NONE',  ( 0.000000000000000000, 0.000000000000000000, 1.000000000000000000 ) ) ;
#2049 = EDGE_CURVE ( 'NONE', #772, #1446, #1589, .T. ) ;
#2050 = ORIENTED_EDGE ( 'NONE', *, *, #2501, .F. ) ;
#2051 = EDGE_CURVE ( 'NONE', #2683, #439, #909, .T. ) ;
#2052 = DIRECTION ( 'NONE',  ( 0.000000000000000000, 0.000000000000000000, -1.000000000000000000 ) ) ;
#2053 = CARTESIAN_POINT ( 'NONE',  ( -11.66978885981588121, 7.436329177569046323, 2.100000000000000977 ) ) ;
#2054 = ORIENTED_EDGE ( 'NONE', *, *, #2434, .T. ) ;
#2055 = ORIENTED_EDGE ( 'NONE', *, *, #1330, .F. ) ;
#2056 = CARTESIAN_POINT ( 'NONE',  ( -18.83361786177189501, 1.752903639158156279, 5.399999999999998579 ) ) ;
#2057 = CARTESIAN_POINT ( 'NONE',  ( -0.5852660300136417471, -7.901091405184173411, 0.000000000000000000 ) ) ;
#2058 = CARTESIAN_POINT ( 'NONE',  ( -4.499999999999993783, -3.499999999999996891, 4.000000000000001776 ) ) ;
#2059 = LINE ( 'NONE', #3113, #3412 ) ;
#2060 = CARTESIAN_POINT ( 'NONE',  ( -17.50000000000000000, 0.4999999999999970024, 11.50000000000000000 ) ) ;
#2061 = ORIENTED_EDGE ( 'NONE', *, *, #1968, .T. ) ;
#2062 = PERSON ( 'UNSPECIFIED', 'UNSPECIFIED', 'UNSPECIFIED', ('UNSPECIFIED'), ('UNSPECIFIED'), ('UNSPECIFIED') ) ;
#2063 = CARTESIAN_POINT ( 'NONE',  ( 4.663883377995690971, 0.7529036391581562793, -14.60253455381901233 ) ) ;
#2064 = VERTEX_POINT ( 'NONE', #2384 ) ;
#2065 = CARTESIAN_POINT ( 'NONE',  ( -9.500000000000000000, -6.499999999999998224, 11.00000000000000000 ) ) ;
#2066 = ORIENTED_EDGE ( 'NONE', *, *, #2681, .T. ) ;
#2067 = ORIENTED_EDGE ( 'NONE', *, *, #2049, .F. ) ;
#2068 = ORIENTED_EDGE ( 'NONE', *, *, #1556, .F. ) ;
#2069 = CARTESIAN_POINT ( 'NONE',  ( 4.500000000000000000, 0.4999999999999970024, 5.499999999999998224 ) ) ;
#2070 = ADVANCED_FACE ( 'NONE', ( #1552 ), #523, .F. ) ;
#2071 = EDGE_CURVE ( 'NONE', #760, #2714, #2871, .T. ) ;
#2072 = CARTESIAN_POINT ( 'NONE',  ( -5.999999999999975131, -7.500000000000001776, 13.00000000000000000 ) ) ;
#2073 = DIRECTION ( 'NONE',  ( -3.469446951953586973E-15, 1.000000000000000000, -0.000000000000000000 ) ) ;
#2074 = ORIENTED_EDGE ( 'NONE', *, *, #765, .F. ) ;
#2075 = VECTOR ( 'NONE', #2754, 1000.000000000000000 ) ;
#2076 = AXIS2_PLACEMENT_3D ( 'NONE', #522, #3184, #1072 ) ;
#2077 = ORIENTED_EDGE ( 'NONE', *, *, #2095, .T. ) ;
#2078 = CARTESIAN_POINT ( 'NONE',  ( 8.144736842105267272, -1.447368421052632970, 7.499999999999998224 ) ) ;
#2079 = DIRECTION ( 'NONE',  ( 0.000000000000000000, 0.000000000000000000, -1.000000000000000000 ) ) ;
#2080 = DIRECTION ( 'NONE',  ( 0.000000000000000000, 1.000000000000000000, 0.000000000000000000 ) ) ;
#2081 = ORIENTED_EDGE ( 'NONE', *, *, #981, .F. ) ;
#2082 = EDGE_CURVE ( 'NONE', #1710, #1822, #2640, .T. ) ;
#2083 = AXIS2_PLACEMENT_3D ( 'NONE', #2003, #3059, #336 ) ;
#2084 = CARTESIAN_POINT ( 'NONE',  ( -11.31866541822748928, 7.500000000000001776, 27.60253455381900878 ) ) ;
#2085 = DIRECTION ( 'NONE',  ( -1.000000000000000000, -2.312964634635743450E-16, -0.000000000000000000 ) ) ;
#2086 = VECTOR ( 'NONE', #121, 1000.000000000000000 ) ;
#2087 = ORIENTED_EDGE ( 'NONE', *, *, #1195, .T. ) ;
#2088 = ORIENTED_EDGE ( 'NONE', *, *, #2232, .F. ) ;
#2089 = VECTOR ( 'NONE', #2118, 1000.000000000000000 ) ;
#2090 = AXIS2_PLACEMENT_3D ( 'NONE', #2567, #1032, #2301 ) ;
#2091 = LINE ( 'NONE', #746, #2428 ) ;
#2092 = LINE ( 'NONE', #3111, #3249 ) ;
#2093 = AXIS2_PLACEMENT_3D ( 'NONE', #2727, #3215, #2983 ) ;
#2094 = EDGE_CURVE ( 'NONE', #1078, #579, #472, .T. ) ;
#2095 = EDGE_CURVE ( 'NONE', #2902, #2470, #1327, .T. ) ;
#2096 = CARTESIAN_POINT ( 'NONE',  ( 18.50000000000000000, 3.806999531835308925, 1.499999999999996225 ) ) ;
#2097 = VERTEX_POINT ( 'NONE', #2917 ) ;
#2098 = CIRCLE ( 'NONE', #1357, 1.999999999999999112 ) ;
#2099 = ORIENTED_EDGE ( 'NONE', *, *, #3362, .F. ) ;
#2100 = CARTESIAN_POINT ( 'NONE',  ( 11.50000000000000000, 7.500000000000001776, 7.599999999999997868 ) ) ;
#2101 = CARTESIAN_POINT ( 'NONE',  ( -18.83361786177189501, 0.7529036391581562793, 2.100000000000000977 ) ) ;
#2102 = CARTESIAN_POINT ( 'NONE',  ( -19.83361786177189501, 0.7529036391581562793, 2.100000000000000977 ) ) ;
#2103 = ORIENTED_EDGE ( 'NONE', *, *, #2671, .F. ) ;
#2104 = FACE_OUTER_BOUND ( 'NONE', #2954, .T. ) ;
#2105 = CARTESIAN_POINT ( 'NONE',  ( -4.500000000000000000, 7.499999999999997335, 7.499999999999996447 ) ) ;
#2106 = ORIENTED_EDGE ( 'NONE', *, *, #469, .F. ) ;
#2107 = ORIENTED_EDGE ( 'NONE', *, *, #3299, .T. ) ;
#2108 = FACE_OUTER_BOUND ( 'NONE', #3108, .T. ) ;
#2109 = CARTESIAN_POINT ( 'NONE',  ( 9.500000000000005329, -7.240740740740736925, 0.000000000000000000 ) ) ;
#2110 = APPROVAL_ROLE ( '' ) ;
#2111 = FACE_OUTER_BOUND ( 'NONE', #1438, .T. ) ;
#2112 = ORIENTED_EDGE ( 'NONE', *, *, #1194, .F. ) ;
#2113 = CC_DESIGN_PERSON_AND_ORGANIZATION_ASSIGNMENT ( #2451, #784, ( #1384 ) ) ;
#2114 = VERTEX_POINT ( 'NONE', #1568 ) ;
#2115 = CARTESIAN_POINT ( 'NONE',  ( 4.500000000000000000, 0.4999999999999970024, 11.00000000000000000 ) ) ;
#2116 = CARTESIAN_POINT ( 'NONE',  ( -11.50000000000000000, 7.499999999999998224, 0.000000000000000000 ) ) ;
#2117 = EDGE_CURVE ( 'NONE', #2742, #3089, #3307, .T. ) ;
#2118 = DIRECTION ( 'NONE',  ( 1.000000000000000000, 2.312964634635743450E-16, -0.000000000000000000 ) ) ;
#2119 = ORIENTED_EDGE ( 'NONE', *, *, #876, .T. ) ;
#2120 = DIRECTION ( 'NONE',  ( 0.000000000000000000, 0.000000000000000000, -1.000000000000000000 ) ) ;
#2121 = CARTESIAN_POINT ( 'NONE',  ( 5.663883377995690971, 7.500000000000001776, -14.60253455381901233 ) ) ;
#2122 = EDGE_LOOP ( 'NONE', ( #136, #3407, #3366, #1376 ) ) ;
#2123 = VERTEX_POINT ( 'NONE', #244 ) ;
#2124 = CARTESIAN_POINT ( 'NONE',  ( -19.83361786177189501, 1.752903639158156279, 27.60253455381900878 ) ) ;
#2125 = DIRECTION ( 'NONE',  ( 1.000000000000000000, 2.312964634635743450E-16, -0.000000000000000000 ) ) ;
#2126 = EDGE_CURVE ( 'NONE', #824, #1540, #2401, .T. ) ;
#2127 = COORDINATED_UNIVERSAL_TIME_OFFSET ( 6, 0, .BEHIND. ) ;
#2128 = DIRECTION ( 'NONE',  ( -0.9138115486202572635, -0.4061384660534475555, 0.000000000000000000 ) ) ;
#2129 = ORIENTED_EDGE ( 'NONE', *, *, #1322, .T. ) ;
#2130 = ORIENTED_EDGE ( 'NONE', *, *, #3401, .T. ) ;
#2131 = ORIENTED_EDGE ( 'NONE', *, *, #2220, .F. ) ;
#2132 = CARTESIAN_POINT ( 'NONE',  ( 18.83361786177189501, 3.681892833670854515, 10.90000000000000036 ) ) ;
#2133 = LINE ( 'NONE', #539, #2594 ) ;
#2134 = DIRECTION ( 'NONE',  ( -1.000000000000000000, 0.000000000000000000, 0.000000000000000000 ) ) ;
#2135 = AXIS2_PLACEMENT_3D ( 'NONE', #2816, #931, #2834 ) ;
#2136 = EDGE_CURVE ( 'NONE', #690, #1793, #1342, .T. ) ;
#2137 = CARTESIAN_POINT ( 'NONE',  ( -4.663883377995690971, 0.7529036391581562793, 2.100000000000000977 ) ) ;
#2138 = VECTOR ( 'NONE', #2073, 1000.000000000000000 ) ;
#2139 = LINE ( 'NONE', #3191, #222 ) ;
#2140 = EDGE_LOOP ( 'NONE', ( #1281, #2837 ) ) ;
#2141 = CIRCLE ( 'NONE', #612, 1.000000000000000000 ) ;
#2142 = CARTESIAN_POINT ( 'NONE',  ( 11.50000000000000000, 7.500000000000001776, 1.499999999999996891 ) ) ;
#2143 = CARTESIAN_POINT ( 'NONE',  ( 19.83361786177189501, 0.7529036391581528376, 10.90000000000000036 ) ) ;
#2144 = DIRECTION ( 'NONE',  ( 1.000000000000000000, 2.312964634635743450E-16, 0.000000000000000000 ) ) ;
#2145 = AXIS2_PLACEMENT_3D ( 'NONE', #2905, #230, #1878 ) ;
#2146 = VECTOR ( 'NONE', #1891, 1000.000000000000000 ) ;
#2147 = AXIS2_PLACEMENT_3D ( 'NONE', #1729, #2554, #2271 ) ;
#2148 = PERSON_AND_ORGANIZATION_ROLE ( 'design_supplier' ) ;
#2149 = ORIENTED_EDGE ( 'NONE', *, *, #3161, .T. ) ;
#2150 = DIRECTION ( 'NONE',  ( 0.000000000000000000, 0.000000000000000000, 1.000000000000000000 ) ) ;
#2151 = VECTOR ( 'NONE', #2874, 1000.000000000000000 ) ;
#2152 = ORIENTED_EDGE ( 'NONE', *, *, #3135, .F. ) ;
#2153 = VECTOR ( 'NONE', #157, 1000.000000000000000 ) ;
#2154 = DIRECTION ( 'NONE',  ( -0.5547001962252287033, -0.8320502943378439431, 0.000000000000000000 ) ) ;
#2155 = CARTESIAN_POINT ( 'NONE',  ( -4.499999999999993783, -3.499999999999996891, 4.000000000000001776 ) ) ;
#2156 = DIRECTION ( 'NONE',  ( 0.000000000000000000, 1.000000000000000000, 0.000000000000000000 ) ) ;
#2157 = ORIENTED_EDGE ( 'NONE', *, *, #1630, .T. ) ;
#2158 = CARTESIAN_POINT ( 'NONE',  ( -1.615384615384613420, -2.423076923076922906, 0.000000000000000000 ) ) ;
#2159 = FACE_OUTER_BOUND ( 'NONE', #3422, .T. ) ;
#2160 = CC_DESIGN_PERSON_AND_ORGANIZATION_ASSIGNMENT ( #1389, #306, ( #3192 ) ) ;
#2161 = ORIENTED_EDGE ( 'NONE', *, *, #2117, .F. ) ;
#2162 = CARTESIAN_POINT ( 'NONE',  ( 19.50000000000000000, 4.500000000000006217, 11.49999999999999645 ) ) ;
#2163 = DIRECTION ( 'NONE',  ( -0.000000000000000000, 0.000000000000000000, 1.000000000000000000 ) ) ;
#2164 = DIRECTION ( 'NONE',  ( 1.000000000000000000, 0.000000000000000000, 0.000000000000000000 ) ) ;
#2165 = DIRECTION ( 'NONE',  ( 1.000000000000000000, 2.312964634635743450E-16, -0.000000000000000000 ) ) ;
#2166 = VERTEX_POINT ( 'NONE', #2419 ) ;
#2167 = EDGE_CURVE ( 'NONE', #2358, #1742, #1820, .T. ) ;
#2168 = LINE ( 'NONE', #3004, #325 ) ;
#2169 = PLANE ( 'NONE',  #1760 ) ;
#2170 = CARTESIAN_POINT ( 'NONE',  ( 9.500000000000000000, -6.499999999999993783, 2.000000000000000000 ) ) ;
#2171 = EDGE_LOOP ( 'NONE', ( #348, #1826, #1632, #497, #1727, #3010, #2343, #807, #1963 ) ) ;
#2172 = ORIENTED_EDGE ( 'NONE', *, *, #2167, .F. ) ;
#2173 = DIRECTION ( 'NONE',  ( -0.000000000000000000, -0.000000000000000000, -1.000000000000000000 ) ) ;
#2174 = DIRECTION ( 'NONE',  ( 1.156482317317871725E-16, 0.000000000000000000, 1.000000000000000000 ) ) ;
#2175 = ORIENTED_EDGE ( 'NONE', *, *, #3388, .F. ) ;
#2176 = ORIENTED_EDGE ( 'NONE', *, *, #1498, .T. ) ;
#2177 = FACE_BOUND ( 'NONE', #2415, .T. ) ;
#2178 = CARTESIAN_POINT ( 'NONE',  ( 4.499999999999993783, -3.499999999999995115, 4.000000000000001776 ) ) ;
#2179 = EDGE_CURVE ( 'NONE', #74, #1045, #2248, .T. ) ;
#2180 = COORDINATED_UNIVERSAL_TIME_OFFSET ( 6, 0, .BEHIND. ) ;
#2181 = FACE_OUTER_BOUND ( 'NONE', #1350, .T. ) ;
#2182 = ORIENTED_EDGE ( 'NONE', *, *, #1142, .F. ) ;
#2183 = CARTESIAN_POINT ( 'NONE',  ( 5.663883377995690971, 7.500000000000001776, 2.100000000000000977 ) ) ;
#2184 =( LENGTH_UNIT ( ) NAMED_UNIT ( * ) SI_UNIT ( .MILLI., .METRE. ) );
#2185 = ORIENTED_EDGE ( 'NONE', *, *, #1791, .F. ) ;
#2186 = DIRECTION ( 'NONE',  ( -0.000000000000000000, -0.000000000000000000, 1.000000000000000000 ) ) ;
#2187 = DIRECTION ( 'NONE',  ( -0.000000000000000000, -0.000000000000000000, 1.000000000000000000 ) ) ;
#2188 = VECTOR ( 'NONE', #2192, 1000.000000000000114 ) ;
#2189 = EDGE_CURVE ( 'NONE', #2658, #2123, #826, .T. ) ;
#2190 = ORIENTED_EDGE ( 'NONE', *, *, #578, .T. ) ;
#2191 = UNCERTAINTY_MEASURE_WITH_UNIT (LENGTH_MEASURE( 1.000000000000000082E-05 ), #2184, 'distance_accuracy_value', 'NONE');
#2192 = DIRECTION ( 'NONE',  ( 0.9363291775690445462, 0.3511234415883915938, -0.000000000000000000 ) ) ;
#2193 = FACE_OUTER_BOUND ( 'NONE', #493, .T. ) ;
#2194 = LINE ( 'NONE', #1616, #343 ) ;
#2195 = AXIS2_PLACEMENT_3D ( 'NONE', #657, #1743, #2286 ) ;
#2196 = EDGE_LOOP ( 'NONE', ( #574, #1897, #3369, #2979, #2054, #1669, #145, #2356, #1559 ) ) ;
#2197 = AXIS2_PLACEMENT_3D ( 'NONE', #781, #3199, #251 ) ;
#2198 = PLANE ( 'NONE',  #897 ) ;
#2199 = ORIENTED_EDGE ( 'NONE', *, *, #273, .F. ) ;
#2200 = ADVANCED_FACE ( 'NONE', ( #1378 ), #1997, .T. ) ;
#2201 = EDGE_LOOP ( 'NONE', ( #991, #1776, #1613, #3421, #2312, #788, #3063, #2190, #3290 ) ) ;
#2202 = VECTOR ( 'NONE', #9, 1000.000000000000000 ) ;
#2203 = AXIS2_PLACEMENT_3D ( 'NONE', #3453, #1099, #830 ) ;
#2204 = PLANE ( 'NONE',  #1746 ) ;
#2205 =( GEOMETRIC_REPRESENTATION_CONTEXT ( 3 ) GLOBAL_UNCERTAINTY_ASSIGNED_CONTEXT ( ( #2191 ) ) GLOBAL_UNIT_ASSIGNED_CONTEXT ( ( #2184, #1379, #3427 ) ) REPRESENTATION_CONTEXT ( 'NONE', 'WORKASPACE' ) );
#2206 = AXIS2_PLACEMENT_3D ( 'NONE', #183, #2079, #1238 ) ;
#2207 = CARTESIAN_POINT ( 'NONE',  ( -11.31866541822748928, 7.500000000000001776, -14.60253455381901233 ) ) ;
#2208 = LINE ( 'NONE', #2750, #676 ) ;
#2209 = DIRECTION ( 'NONE',  ( 4.336808689942017736E-16, -1.000000000000000000, 0.000000000000000000 ) ) ;
#2210 = DIRECTION ( 'NONE',  ( -1.156482317317871478E-16, 0.000000000000000000, -1.000000000000000000 ) ) ;
#2211 = CARTESIAN_POINT ( 'NONE',  ( -19.83361786177189501, 0.7529036391581562793, -14.60253455381901233 ) ) ;
#2212 = LINE ( 'NONE', #872, #2598 ) ;
#2213 = ORIENTED_EDGE ( 'NONE', *, *, #1365, .T. ) ;
#2214 = FACE_OUTER_BOUND ( 'NONE', #11, .T. ) ;
#2215 = ORIENTED_EDGE ( 'NONE', *, *, #2961, .F. ) ;
#2216 = ADVANCED_FACE ( 'NONE', ( #2456 ), #374, .T. ) ;
#2217 = DIRECTION ( 'NONE',  ( 1.000000000000000000, -0.000000000000000000, 0.000000000000000000 ) ) ;
#2218 = CARTESIAN_POINT ( 'NONE',  ( -8.144736842105263719, -1.447368421052636522, 2.000000000000000444 ) ) ;
#2219 = ORIENTED_EDGE ( 'NONE', *, *, #2422, .F. ) ;
#2220 = EDGE_CURVE ( 'NONE', #349, #2123, #554, .T. ) ;
#2221 = EDGE_CURVE ( 'NONE', #957, #2328, #2833, .T. ) ;
#2222 = CARTESIAN_POINT ( 'NONE',  ( -19.50000000000000000, 4.499999999999999112, 11.50000000000000178 ) ) ;
#2223 = FACE_OUTER_BOUND ( 'NONE', #2599, .T. ) ;
#2224 = VERTEX_POINT ( 'NONE', #928 ) ;
#2225 = CARTESIAN_POINT ( 'NONE',  ( 11.66978885981588121, 7.436329177569046323, 5.399999999999998579 ) ) ;
#2226 = CARTESIAN_POINT ( 'NONE',  ( -19.18474130336028693, 4.618222011239900837, 10.90000000000000036 ) ) ;
#2227 = DIRECTION ( 'NONE',  ( -1.000000000000000000, 0.000000000000000000, 0.000000000000000000 ) ) ;
#2228 = VERTEX_POINT ( 'NONE', #2009 ) ;
#2229 = ORIENTED_EDGE ( 'NONE', *, *, #662, .F. ) ;
#2230 = CARTESIAN_POINT ( 'NONE',  ( -19.50000000000000000, -1.500000000000000000, 8.999999999999998224 ) ) ;
#2231 = CARTESIAN_POINT ( 'NONE',  ( 19.50000000000000000, 0.5000000000000056621, 1.499999999999996225 ) ) ;
#2232 = EDGE_CURVE ( 'NONE', #2224, #2553, #3306, .T. ) ;
#2233 = DIRECTION ( 'NONE',  ( 0.9363291775690445462, 0.3511234415883916493, 0.000000000000000000 ) ) ;
#2234 = DIRECTION ( 'NONE',  ( 1.000000000000000000, 0.000000000000000000, 0.000000000000000000 ) ) ;
#2235 = VERTEX_POINT ( 'NONE', #3065 ) ;
#2236 = PLANE ( 'NONE',  #338 ) ;
#2237 = CYLINDRICAL_SURFACE ( 'NONE', #390, 2.000000000000000000 ) ;
#2238 = EDGE_CURVE ( 'NONE', #755, #3266, #2717, .T. ) ;
#2239 = ORIENTED_EDGE ( 'NONE', *, *, #773, .F. ) ;
#2240 = ADVANCED_FACE ( 'NONE', ( #295 ), #2169, .F. ) ;
#2241 = DIRECTION ( 'NONE',  ( 0.000000000000000000, -0.000000000000000000, -1.000000000000000000 ) ) ;
#2242 = LINE ( 'NONE', #2526, #1302 ) ;
#2243 = VECTOR ( 'NONE', #2375, 1000.000000000000114 ) ;
#2244 = CARTESIAN_POINT ( 'NONE',  ( 4.500000000000000000, 0.4999999999999970024, 7.499999999999998224 ) ) ;
#2245 = VECTOR ( 'NONE', #921, 1000.000000000000114 ) ;
#2246 = ORIENTED_EDGE ( 'NONE', *, *, #1299, .F. ) ;
#2247 = CARTESIAN_POINT ( 'NONE',  ( -11.66978885981588121, 7.436329177569046323, 5.399999999999998579 ) ) ;
#2248 = LINE ( 'NONE', #2231, #2767 ) ;
#2249 = AXIS2_PLACEMENT_3D ( 'NONE', #1122, #1069, #2150 ) ;
#2250 = VECTOR ( 'NONE', #3013, 1000.000000000000000 ) ;
#2251 = DIRECTION ( 'NONE',  ( -0.9972677544567090102, 0.07387168551531167471, 0.000000000000000000 ) ) ;
#2252 = VECTOR ( 'NONE', #2723, 1000.000000000000000 ) ;
#2253 = AXIS2_PLACEMENT_3D ( 'NONE', #3020, #54, #2496 ) ;
#2254 = ORIENTED_EDGE ( 'NONE', *, *, #2507, .T. ) ;
#2255 = CC_DESIGN_SECURITY_CLASSIFICATION ( #620, ( #3192 ) ) ;
#2256 = VECTOR ( 'NONE', #2309, 1000.000000000000000 ) ;
#2257 = ORIENTED_EDGE ( 'NONE', *, *, #717, .T. ) ;
#2258 = DIRECTION ( 'NONE',  ( 1.000000000000000000, 0.000000000000000000, 0.000000000000000000 ) ) ;
#2259 = CARTESIAN_POINT ( 'NONE',  ( 11.66978885981588121, 7.436329177569046323, 10.90000000000000036 ) ) ;
#2260 = VECTOR ( 'NONE', #1143, 1000.000000000000000 ) ;
#2261 = CARTESIAN_POINT ( 'NONE',  ( -1.615384615384613420, -2.423076923076922906, 13.00000000000000000 ) ) ;
#2262 = CIRCLE ( 'NONE', #739, 1.000000000000000888 ) ;
#2263 = CARTESIAN_POINT ( 'NONE',  ( 19.50000000000000000, 3.806999531835309369, 13.00000000000000000 ) ) ;
#2264 = ADVANCED_FACE ( 'NONE', ( #914 ), #2022, .T. ) ;
#2265 = DIRECTION ( 'NONE',  ( -1.000000000000000000, -0.000000000000000000, -0.000000000000000000 ) ) ;
#2266 = ORIENTED_EDGE ( 'NONE', *, *, #1714, .F. ) ;
#2267 = ORIENTED_EDGE ( 'NONE', *, *, #104, .F. ) ;
#2268 = ORIENTED_EDGE ( 'NONE', *, *, #849, .T. ) ;
#2269 = CARTESIAN_POINT ( 'NONE',  ( -2.999999999999999556, -5.500000000000001776, 0.000000000000000000 ) ) ;
#2270 = ORIENTED_EDGE ( 'NONE', *, *, #469, .T. ) ;
#2271 = DIRECTION ( 'NONE',  ( -1.000000000000000000, 0.000000000000000000, 0.000000000000000000 ) ) ;
#2272 = EDGE_CURVE ( 'NONE', #1457, #906, #2931, .T. ) ;
#2273 = LINE ( 'NONE', #1481, #436 ) ;
#2274 = EDGE_CURVE ( 'NONE', #475, #171, #80, .T. ) ;
#2275 = ORIENTED_EDGE ( 'NONE', *, *, #1948, .F. ) ;
#2276 = ORIENTED_EDGE ( 'NONE', *, *, #863, .T. ) ;
#2277 = CARTESIAN_POINT ( 'NONE',  ( 17.49999999999998934, 0.4999999999999970024, 1.499999999999996225 ) ) ;
#2278 = CARTESIAN_POINT ( 'NONE',  ( 19.50000000000000355, -0.5000000000000055511, 11.49999999999999645 ) ) ;
#2279 = ORIENTED_EDGE ( 'NONE', *, *, #2892, .T. ) ;
#2280 = EDGE_CURVE ( 'NONE', #1181, #1822, #641, .T. ) ;
#2281 = CARTESIAN_POINT ( 'NONE',  ( 4.663883377995690971, 0.7529036391581528376, 7.599999999999997868 ) ) ;
#2282 = PLANE ( 'NONE',  #1015 ) ;
#2283 = PLANE ( 'NONE',  #3420 ) ;
#2284 = ORIENTED_EDGE ( 'NONE', *, *, #2482, .T. ) ;
#2285 = ORIENTED_EDGE ( 'NONE', *, *, #2585, .F. ) ;
#2286 = DIRECTION ( 'NONE',  ( 0.9972677544567090102, 0.07387168551531220206, 0.000000000000000000 ) ) ;
#2287 = PLANE ( 'NONE',  #1870 ) ;
#2288 = ADVANCED_FACE ( 'NONE', ( #1974 ), #2287, .F. ) ;
#2289 = ADVANCED_FACE ( 'NONE', ( #1712 ), #1440, .T. ) ;
#2290 = LINE ( 'NONE', #397, #2302 ) ;
#2291 = DIRECTION ( 'NONE',  ( -0.000000000000000000, -0.000000000000000000, -1.000000000000000000 ) ) ;
#2292 = DIRECTION ( 'NONE',  ( 0.000000000000000000, -0.000000000000000000, 1.000000000000000000 ) ) ;
#2293 = ORIENTED_EDGE ( 'NONE', *, *, #2760, .F. ) ;
#2294 = CARTESIAN_POINT ( 'NONE',  ( 4.663883377995690971, 6.500000000000001776, 7.599999999999997868 ) ) ;
#2295 = ORIENTED_EDGE ( 'NONE', *, *, #1566, .T. ) ;
#2296 = ADVANCED_FACE ( 'NONE', ( #1496 ), #144, .T. ) ;
#2297 = DIRECTION ( 'NONE',  ( -1.000000000000000000, 0.000000000000000000, 0.000000000000000000 ) ) ;
#2298 = VERTEX_POINT ( 'NONE', #2620 ) ;
#2299 = ORIENTED_EDGE ( 'NONE', *, *, #1731, .T. ) ;
#2300 = DIRECTION ( 'NONE',  ( 1.000000000000000000, 0.000000000000000000, 0.000000000000000000 ) ) ;
#2301 = DIRECTION ( 'NONE',  ( 1.000000000000000000, 0.000000000000000000, 0.000000000000000000 ) ) ;
#2302 = VECTOR ( 'NONE', #2010, 1000.000000000000000 ) ;
#2303 = ORIENTED_EDGE ( 'NONE', *, *, #3061, .T. ) ;
#2304 = AXIS2_PLACEMENT_3D ( 'NONE', #3371, #2619, #480 ) ;
#2305 = PLANE ( 'NONE',  #1066 ) ;
#2306 = EDGE_CURVE ( 'NONE', #1452, #2676, #2354, .T. ) ;
#2307 = ADVANCED_FACE ( 'NONE', ( #481 ), #994, .F. ) ;
#2308 = VECTOR ( 'NONE', #1266, 1000.000000000000000 ) ;
#2309 = DIRECTION ( 'NONE',  ( 0.000000000000000000, 0.000000000000000000, -1.000000000000000000 ) ) ;
#2310 = VECTOR ( 'NONE', #3116, 1000.000000000000000 ) ;
#2311 = CARTESIAN_POINT ( 'NONE',  ( 18.83361786177189501, 3.681892833670855847, 5.399999999999998579 ) ) ;
#2312 = ORIENTED_EDGE ( 'NONE', *, *, #556, .F. ) ;
#2313 = AXIS2_PLACEMENT_3D ( 'NONE', #1541, #2614, #3091 ) ;
#2314 = DIRECTION ( 'NONE',  ( 0.000000000000000000, 0.000000000000000000, -1.000000000000000000 ) ) ;
#2315 = ORIENTED_EDGE ( 'NONE', *, *, #2272, .T. ) ;
#2316 = CARTESIAN_POINT ( 'NONE',  ( -19.50000000000000000, 0.4999999999999970024, 11.00000000000000000 ) ) ;
#2317 = AXIS2_PLACEMENT_3D ( 'NONE', #21, #737, #3206 ) ;
#2318 = ORIENTED_EDGE ( 'NONE', *, *, #1236, .F. ) ;
#2319 = EDGE_CURVE ( 'NONE', #1370, #755, #2847, .T. ) ;
#2320 = VECTOR ( 'NONE', #477, 1000.000000000000000 ) ;
#2321 = ORIENTED_EDGE ( 'NONE', *, *, #2082, .T. ) ;
#2322 = DIRECTION ( 'NONE',  ( 1.000000000000000000, 0.000000000000000000, 0.000000000000000000 ) ) ;
#2323 = DIRECTION ( 'NONE',  ( -1.000000000000000000, 0.000000000000000000, 0.000000000000000000 ) ) ;
#2324 = CARTESIAN_POINT ( 'NONE',  ( 19.50000000000000000, 7.499999999999997335, 0.000000000000000000 ) ) ;
#2325 = CC_DESIGN_DATE_AND_TIME_ASSIGNMENT ( #1605, #839, ( #620 ) ) ;
#2326 = LINE ( 'NONE', #430, #2541 ) ;
#2327 = DIRECTION ( 'NONE',  ( 0.000000000000000000, -0.000000000000000000, 1.000000000000000000 ) ) ;
#2328 = VERTEX_POINT ( 'NONE', #2072 ) ;
#2329 = EDGE_CURVE ( 'NONE', #957, #2470, #2606, .T. ) ;
#2330 = EDGE_CURVE ( 'NONE', #2724, #2166, #2635, .T. ) ;
#2331 = CARTESIAN_POINT ( 'NONE',  ( 18.83361786177189501, 0.7529036391581562793, 2.100000000000000977 ) ) ;
#2332 = EDGE_LOOP ( 'NONE', ( #2088, #1753, #2015, #713 ) ) ;
#2333 = PRODUCT ( 'PCT-22X', 'PCT-22X', '', ( #1374 ) ) ;
#2334 = LINE ( 'NONE', #691, #2713 ) ;
#2335 = ORIENTED_EDGE ( 'NONE', *, *, #1956, .T. ) ;
#2336 = ORIENTED_EDGE ( 'NONE', *, *, #2126, .T. ) ;
#2337 = DIRECTION ( 'NONE',  ( 1.000000000000000000, -0.000000000000000000, -1.156482317317871478E-16 ) ) ;
#2338 = CARTESIAN_POINT ( 'NONE',  ( -11.50000000000000000, 7.499999999999997335, 5.500000000000001776 ) ) ;
#2339 = CARTESIAN_POINT ( 'NONE',  ( 9.500000000000000000, -6.499999999999993783, 2.000000000000000000 ) ) ;
#2340 = ORIENTED_EDGE ( 'NONE', *, *, #3312, .T. ) ;
#2341 = EDGE_CURVE ( 'NONE', #2870, #160, #1778, .T. ) ;
#2342 = ORIENTED_EDGE ( 'NONE', *, *, #2707, .F. ) ;
#2343 = ORIENTED_EDGE ( 'NONE', *, *, #2398, .T. ) ;
#2344 = CARTESIAN_POINT ( 'NONE',  ( -18.50000000000000000, 3.806999531835308481, 0.000000000000000000 ) ) ;
#2345 = CARTESIAN_POINT ( 'NONE',  ( -4.663883377995690971, 6.500000000000001776, 5.399999999999998579 ) ) ;
#2346 = DIRECTION ( 'NONE',  ( 0.000000000000000000, -1.000000000000000000, 0.000000000000000000 ) ) ;
#2347 = VERTEX_POINT ( 'NONE', #2338 ) ;
#2348 = DIRECTION ( 'NONE',  ( 1.000000000000000000, 2.312964634635743450E-16, -0.000000000000000000 ) ) ;
#2349 = PLANE ( 'NONE',  #966 ) ;
#2350 = EDGE_CURVE ( 'NONE', #1662, #2673, #979, .T. ) ;
#2351 = ORIENTED_EDGE ( 'NONE', *, *, #85, .F. ) ;
#2352 = ORIENTED_EDGE ( 'NONE', *, *, #1943, .F. ) ;
#2353 = LINE ( 'NONE', #143, #1183 ) ;
#2354 = LINE ( 'NONE', #1844, #3417 ) ;
#2355 = LINE ( 'NONE', #748, #1126 ) ;
#2356 = ORIENTED_EDGE ( 'NONE', *, *, #3265, .F. ) ;
#2357 = AXIS2_PLACEMENT_3D ( 'NONE', #59, #2210, #3045 ) ;
#2358 = VERTEX_POINT ( 'NONE', #2045 ) ;
#2359 = AXIS2_PLACEMENT_3D ( 'NONE', #650, #1341, #790 ) ;
#2360 = EDGE_LOOP ( 'NONE', ( #1577, #1784, #1647, #329 ) ) ;
#2361 = EDGE_CURVE ( 'NONE', #2008, #1265, #2820, .T. ) ;
#2362 = DIRECTION ( 'NONE',  ( 0.000000000000000000, 1.000000000000000000, 0.000000000000000000 ) ) ;
#2363 = DIRECTION ( 'NONE',  ( 0.000000000000000000, -0.000000000000000000, -1.000000000000000000 ) ) ;
#2364 = DIRECTION ( 'NONE',  ( -1.000000000000000000, -2.312964634635743450E-16, 0.000000000000000000 ) ) ;
#2365 = AXIS2_PLACEMENT_3D ( 'NONE', #3267, #1728, #1159 ) ;
#2366 = ORIENTED_EDGE ( 'NONE', *, *, #3462, .F. ) ;
#2367 = CIRCLE ( 'NONE', #672, 1.000000000000000000 ) ;
#2368 = ORIENTED_EDGE ( 'NONE', *, *, #82, .F. ) ;
#2369 = CYLINDRICAL_SURFACE ( 'NONE', #3247, 9.555793662526186338 ) ;
#2370 = CARTESIAN_POINT ( 'NONE',  ( -4.663883377995690971, 0.7529036391581562793, -14.60253455381901233 ) ) ;
#2371 = VECTOR ( 'NONE', #699, 1000.000000000000000 ) ;
#2372 = CIRCLE ( 'NONE', #2488, 1.000000000000000000 ) ;
#2373 = ORIENTED_EDGE ( 'NONE', *, *, #2136, .T. ) ;
#2374 = ORIENTED_EDGE ( 'NONE', *, *, #571, .T. ) ;
#2375 = DIRECTION ( 'NONE',  ( -0.8944271909999162995, -0.4472135954999569840, 1.034389230519697666E-16 ) ) ;
#2376 = LOCAL_TIME ( 16, 32, 6.000000000000000000, #2180 ) ;
#2377 = CIRCLE ( 'NONE', #2206, 1.000000000000000000 ) ;
#2378 = FACE_OUTER_BOUND ( 'NONE', #204, .T. ) ;
#2379 = CARTESIAN_POINT ( 'NONE',  ( 4.663883377995690971, 0.7529036391581528376, 27.60253455381900878 ) ) ;
#2380 = AXIS2_PLACEMENT_3D ( 'NONE', #2316, #174, #988 ) ;
#2381 = CARTESIAN_POINT ( 'NONE',  ( -17.50000000000000000, 0.4999999999999970024, 2.000000000000000000 ) ) ;
#2382 = EDGE_LOOP ( 'NONE', ( #1677, #2747, #2067, #1332 ) ) ;
#2383 = DIRECTION ( 'NONE',  ( 0.000000000000000000, 1.000000000000000000, 0.000000000000000000 ) ) ;
#2384 = CARTESIAN_POINT ( 'NONE',  ( -19.50000000000000000, 3.806999531835308037, 1.500000000000001332 ) ) ;
#2385 = FACE_OUTER_BOUND ( 'NONE', #1934, .T. ) ;
#2386 = EDGE_CURVE ( 'NONE', #1489, #2638, #1510, .T. ) ;
#2387 = EDGE_LOOP ( 'NONE', ( #3323, #985, #3055, #2938 ) ) ;
#2388 = LINE ( 'NONE', #1624, #3083 ) ;
#2389 = LINE ( 'NONE', #3437, #1815 ) ;
#2390 = EDGE_CURVE ( 'NONE', #385, #352, #465, .T. ) ;
#2391 = ORIENTED_EDGE ( 'NONE', *, *, #1393, .F. ) ;
#2392 = ORIENTED_EDGE ( 'NONE', *, *, #1299, .T. ) ;
#2393 = LINE ( 'NONE', #1318, #3398 ) ;
#2394 = DIRECTION ( 'NONE',  ( -0.000000000000000000, -1.000000000000000000, -0.000000000000000000 ) ) ;
#2395 = DIRECTION ( 'NONE',  ( 1.000000000000000000, 0.000000000000000000, 0.000000000000000000 ) ) ;
#2396 = LINE ( 'NONE', #291, #332 ) ;
#2397 = EDGE_CURVE ( 'NONE', #583, #459, #3097, .T. ) ;
#2398 = EDGE_CURVE ( 'NONE', #1662, #2097, #1534, .T. ) ;
#2399 = ORIENTED_EDGE ( 'NONE', *, *, #1445, .T. ) ;
#2400 = LINE ( 'NONE', #2281, #495 ) ;
#2401 = LINE ( 'NONE', #1287, #1810 ) ;
#2402 = CYLINDRICAL_SURFACE ( 'NONE', #1924, 1.000000000000000888 ) ;
#2403 = ORIENTED_EDGE ( 'NONE', *, *, #2604, .F. ) ;
#2404 = ADVANCED_FACE ( 'NONE', ( #1230 ), #3123, .F. ) ;
#2405 = LINE ( 'NONE', #2158, #62 ) ;
#2406 = DIRECTION ( 'NONE',  ( -1.000000000000000000, 0.000000000000000000, 0.000000000000000000 ) ) ;
#2407 = ORIENTED_EDGE ( 'NONE', *, *, #3388, .T. ) ;
#2408 = ORIENTED_EDGE ( 'NONE', *, *, #2329, .T. ) ;
#2409 = EDGE_CURVE ( 'NONE', #1166, #655, #2092, .T. ) ;
#2410 = FACE_OUTER_BOUND ( 'NONE', #2495, .T. ) ;
#2411 = CARTESIAN_POINT ( 'NONE',  ( -4.499999999999992895, -5.499999999999996447, 8.999999999999998224 ) ) ;
#2412 = DIRECTION ( 'NONE',  ( 0.000000000000000000, 0.000000000000000000, 1.000000000000000000 ) ) ;
#2413 = CARTESIAN_POINT ( 'NONE',  ( -19.83361786177189501, 3.681892833670855847, 10.90000000000000036 ) ) ;
#2414 = ORIENTED_EDGE ( 'NONE', *, *, #2422, .T. ) ;
#2415 = EDGE_LOOP ( 'NONE', ( #1521, #410 ) ) ;
#2416 = EDGE_CURVE ( 'NONE', #2517, #1035, #215, .T. ) ;
#2417 = CARTESIAN_POINT ( 'NONE',  ( -9.500000000000000000, -6.499999999999998224, 11.00000000000000000 ) ) ;
#2418 = EDGE_CURVE ( 'NONE', #2553, #2114, #1790, .T. ) ;
#2419 = CARTESIAN_POINT ( 'NONE',  ( 9.500000000000001776, -7.240740740740736925, 11.00000000000000000 ) ) ;
#2420 = DIRECTION ( 'NONE',  ( 0.000000000000000000, -1.000000000000000000, 0.000000000000000000 ) ) ;
#2421 = CIRCLE ( 'NONE', #3351, 9.555793662526186338 ) ;
#2422 = EDGE_CURVE ( 'NONE', #796, #1457, #3403, .T. ) ;
#2423 = VERTEX_POINT ( 'NONE', #1547 ) ;
#2424 = LINE ( 'NONE', #2442, #851 ) ;
#2425 = AXIS2_PLACEMENT_3D ( 'NONE', #1919, #1607, #18 ) ;
#2426 = CARTESIAN_POINT ( 'NONE',  ( 4.663883377995690971, 7.500000000000001776, 2.100000000000000977 ) ) ;
#2427 = ORIENTED_EDGE ( 'NONE', *, *, #2904, .F. ) ;
#2428 = VECTOR ( 'NONE', #1829, 1000.000000000000114 ) ;
#2429 = ORIENTED_EDGE ( 'NONE', *, *, #1716, .F. ) ;
#2430 = DIRECTION ( 'NONE',  ( 1.156482317317871725E-16, 0.000000000000000000, 1.000000000000000000 ) ) ;
#2431 = CYLINDRICAL_SURFACE ( 'NONE', #455, 1.000000000000000000 ) ;
#2432 = AXIS2_PLACEMENT_3D ( 'NONE', #1272, #1781, #1539 ) ;
#2433 = VECTOR ( 'NONE', #2120, 1000.000000000000000 ) ;
#2434 = EDGE_CURVE ( 'NONE', #1880, #349, #1420, .T. ) ;
#2435 = LOCAL_TIME ( 16, 32, 6.000000000000000000, #1107 ) ;
#2436 = AXIS2_PLACEMENT_3D ( 'NONE', #3154, #3432, #1609 ) ;
#2437 = CARTESIAN_POINT ( 'NONE',  ( -4.663883377995690971, 6.500000000000001776, 27.60253455381900878 ) ) ;
#2438 = AXIS2_PLACEMENT_3D ( 'NONE', #2625, #402, #2292 ) ;
#2439 = LINE ( 'NONE', #20, #842 ) ;
#2440 = DIRECTION ( 'NONE',  ( 0.000000000000000000, 0.000000000000000000, 1.000000000000000000 ) ) ;
#2441 = CARTESIAN_POINT ( 'NONE',  ( -11.50000000000000000, 7.500000000000001776, 5.399999999999998579 ) ) ;
#2442 = CARTESIAN_POINT ( 'NONE',  ( -17.50000000000000000, 0.4999999999999970024, 1.500000000000000444 ) ) ;
#2443 = CARTESIAN_POINT ( 'NONE',  ( 19.50000000000000000, -3.499999999999991118, 8.999999999999998224 ) ) ;
#2444 = EDGE_CURVE ( 'NONE', #2347, #720, #2194, .T. ) ;
#2445 = EDGE_LOOP ( 'NONE', ( #265, #801, #2453 ) ) ;
#2446 = ADVANCED_FACE ( 'NONE', ( #3200 ), #1048, .F. ) ;
#2447 = DIRECTION ( 'NONE',  ( 0.000000000000000000, -0.000000000000000000, 1.000000000000000000 ) ) ;
#2448 = FACE_OUTER_BOUND ( 'NONE', #1719, .T. ) ;
#2449 = DIRECTION ( 'NONE',  ( -0.000000000000000000, -0.000000000000000000, 1.000000000000000000 ) ) ;
#2450 = ADVANCED_FACE ( 'NONE', ( #1106 ), #2431, .F. ) ;
#2451 = PERSON_AND_ORGANIZATION ( #2062, #2764 ) ;
#2452 = FACE_OUTER_BOUND ( 'NONE', #3375, .T. ) ;
#2453 = ORIENTED_EDGE ( 'NONE', *, *, #759, .F. ) ;
#2454 = CARTESIAN_POINT ( 'NONE',  ( -4.500000000000000000, 0.4999999999999970024, 5.500000000000000000 ) ) ;
#2455 = EDGE_CURVE ( 'NONE', #1793, #1169, #1364, .T. ) ;
#2456 = FACE_OUTER_BOUND ( 'NONE', #1443, .T. ) ;
#2457 = ORIENTED_EDGE ( 'NONE', *, *, #2861, .T. ) ;
#2458 = ORIENTED_EDGE ( 'NONE', *, *, #885, .F. ) ;
#2459 = CARTESIAN_POINT ( 'NONE',  ( -11.31866541822748928, 6.500000000000001776, 10.90000000000000036 ) ) ;
#2460 = CARTESIAN_POINT ( 'NONE',  ( 11.31866541822748928, 6.500000000000001776, 27.60253455381900878 ) ) ;
#2461 = VERTEX_POINT ( 'NONE', #3441 ) ;
#2462 = PLANE ( 'NONE',  #100 ) ;
#2463 = DIRECTION ( 'NONE',  ( -1.000000000000000000, -2.312964634635743450E-16, 0.000000000000000000 ) ) ;
#2464 = EDGE_CURVE ( 'NONE', #1600, #3384, #3229, .T. ) ;
#2465 = ADVANCED_FACE ( 'NONE', ( #2965 ), #266, .F. ) ;
#2466 = FACE_OUTER_BOUND ( 'NONE', #3383, .T. ) ;
#2467 = MANIFOLD_SOLID_BREP ( 'Redondeo16', #1234 ) ;
#2468 = ORIENTED_EDGE ( 'NONE', *, *, #2238, .F. ) ;
#2469 = CARTESIAN_POINT ( 'NONE',  ( -11.31866541822748928, 7.500000000000001776, 7.599999999999997868 ) ) ;
#2470 = VERTEX_POINT ( 'NONE', #1863 ) ;
#2471 = DIRECTION ( 'NONE',  ( 1.000000000000000000, 0.000000000000000000, 0.000000000000000000 ) ) ;
#2472 = ADVANCED_FACE ( 'NONE', ( #2704 ), #1887, .T. ) ;
#2473 = ORIENTED_EDGE ( 'NONE', *, *, #1630, .F. ) ;
#2474 = CARTESIAN_POINT ( 'NONE',  ( -18.83361786177189501, 0.7529036391581562793, 7.599999999999997868 ) ) ;
#2475 = DIRECTION ( 'NONE',  ( -0.000000000000000000, 0.000000000000000000, 1.000000000000000000 ) ) ;
#2476 = VERTEX_POINT ( 'NONE', #1352 ) ;
#2477 = VECTOR ( 'NONE', #2362, 1000.000000000000000 ) ;
#2478 = CARTESIAN_POINT ( 'NONE',  ( -19.83361786177189501, 1.752903639158156279, 5.399999999999998579 ) ) ;
#2479 = DIRECTION ( 'NONE',  ( -0.000000000000000000, 1.000000000000000000, -0.000000000000000000 ) ) ;
#2480 = CARTESIAN_POINT ( 'NONE',  ( -0.5852660300136417471, -7.901091405184173411, 13.00000000000000000 ) ) ;
#2481 = AXIS2_PLACEMENT_3D ( 'NONE', #891, #2533, #1478 ) ;
#2482 = EDGE_CURVE ( 'NONE', #507, #3006, #519, .T. ) ;
#2483 = EDGE_LOOP ( 'NONE', ( #81, #78, #3451, #880, #1945 ) ) ;
#2484 = VECTOR ( 'NONE', #3178, 1000.000000000000000 ) ;
#2485 = DIRECTION ( 'NONE',  ( 0.000000000000000000, 0.000000000000000000, -1.000000000000000000 ) ) ;
#2486 = EDGE_LOOP ( 'NONE', ( #1877, #2648, #2468, #1403 ) ) ;
#2487 = VECTOR ( 'NONE', #1850, 1000.000000000000000 ) ;
#2488 = AXIS2_PLACEMENT_3D ( 'NONE', #189, #1042, #1572 ) ;
#2489 = EDGE_CURVE ( 'NONE', #389, #119, #837, .T. ) ;
#2490 = DIRECTION ( 'NONE',  ( 0.3511234415883916493, -0.9363291775690445462, 0.000000000000000000 ) ) ;
#2491 = VECTOR ( 'NONE', #393, 1000.000000000000000 ) ;
#2492 = DIRECTION ( 'NONE',  ( -1.000000000000000000, 0.000000000000000000, 0.000000000000000000 ) ) ;
#2493 = EDGE_CURVE ( 'NONE', #192, #1452, #1065, .T. ) ;
#2494 = AXIS2_PLACEMENT_3D ( 'NONE', #1602, #2670, #1335 ) ;
#2495 = EDGE_LOOP ( 'NONE', ( #587, #1673, #3340, #2152 ) ) ;
#2496 = DIRECTION ( 'NONE',  ( 1.000000000000000000, -2.602085213965208275E-15, 0.000000000000000000 ) ) ;
#2497 = PLANE ( 'NONE',  #112 ) ;
#2498 = ORIENTED_EDGE ( 'NONE', *, *, #71, .F. ) ;
#2499 = PLANE ( 'NONE',  #270 ) ;
#2500 = CARTESIAN_POINT ( 'NONE',  ( -4.663883377995690971, 0.7529036391581562793, 5.399999999999998579 ) ) ;
#2501 = EDGE_CURVE ( 'NONE', #2097, #2224, #66, .T. ) ;
#2502 = CARTESIAN_POINT ( 'NONE',  ( -4.663883377995690971, 0.7529036391581562793, 10.90000000000000036 ) ) ;
#2503 = ORIENTED_EDGE ( 'NONE', *, *, #2926, .F. ) ;
#2504 = ORIENTED_EDGE ( 'NONE', *, *, #2094, .F. ) ;
#2505 = CARTESIAN_POINT ( 'NONE',  ( 11.50000000000000000, 7.499999999999998224, 0.000000000000000000 ) ) ;
#2506 = LINE ( 'NONE', #1219, #1911 ) ;
#2507 = EDGE_CURVE ( 'NONE', #655, #579, #3253, .T. ) ;
#2508 = EDGE_CURVE ( 'NONE', #3094, #1662, #232, .T. ) ;
#2509 = DIRECTION ( 'NONE',  ( 0.000000000000000000, 0.000000000000000000, 1.000000000000000000 ) ) ;
#2510 = LINE ( 'NONE', #314, #1304 ) ;
#2511 = FACE_OUTER_BOUND ( 'NONE', #198, .T. ) ;
#2512 = ORIENTED_EDGE ( 'NONE', *, *, #239, .F. ) ;
#2513 = DIRECTION ( 'NONE',  ( -0.000000000000000000, 0.000000000000000000, 1.000000000000000000 ) ) ;
#2514 = LINE ( 'NONE', #1472, #2815 ) ;
#2515 = DIRECTION ( 'NONE',  ( -1.000000000000000000, -2.312964634635743450E-16, 0.000000000000000000 ) ) ;
#2516 = ORIENTED_EDGE ( 'NONE', *, *, #2934, .F. ) ;
#2517 = VERTEX_POINT ( 'NONE', #1373 ) ;
#2518 = LINE ( 'NONE', #1972, #2863 ) ;
#2519 = DIRECTION ( 'NONE',  ( 1.000000000000000000, 0.000000000000000000, 0.000000000000000000 ) ) ;
#2520 = CARTESIAN_POINT ( 'NONE',  ( 18.50000000000000000, 3.806999531835308925, 11.49999999999999645 ) ) ;
#2521 = ORIENTED_EDGE ( 'NONE', *, *, #2179, .F. ) ;
#2522 = LINE ( 'NONE', #867, #505 ) ;
#2523 = CARTESIAN_POINT ( 'NONE',  ( 11.50000000000000000, 7.500000000000001776, 1.499999999999996891 ) ) ;
#2524 = MANIFOLD_SOLID_BREP ( 'Redondeo15', #1060 ) ;
#2525 = LINE ( 'NONE', #1949, #1455 ) ;
#2526 = CARTESIAN_POINT ( 'NONE',  ( 4.500000000000000000, 0.4999999999999970024, 2.000000000000000000 ) ) ;
#2527 = VECTOR ( 'NONE', #3012, 1000.000000000000000 ) ;
#2528 = CYLINDRICAL_SURFACE ( 'NONE', #14, 2.000000000000000000 ) ;
#2529 = VERTEX_POINT ( 'NONE', #819 ) ;
#2530 = AXIS2_PLACEMENT_3D ( 'NONE', #1326, #2383, #2639 ) ;
#2531 = MANIFOLD_SOLID_BREP ( 'Redondeo13', #2746 ) ;
#2532 = ORIENTED_EDGE ( 'NONE', *, *, #651, .F. ) ;
#2533 = DIRECTION ( 'NONE',  ( 1.000000000000000000, 0.000000000000000000, 0.000000000000000000 ) ) ;
#2534 = DIRECTION ( 'NONE',  ( -0.000000000000000000, -1.000000000000000000, -0.000000000000000000 ) ) ;
#2535 = VECTOR ( 'NONE', #218, 1000.000000000000000 ) ;
#2536 = ADVANCED_FACE ( 'NONE', ( #16 ), #1090, .T. ) ;
#2537 = VECTOR ( 'NONE', #178, 1000.000000000000000 ) ;
#2538 = DIRECTION ( 'NONE',  ( 0.000000000000000000, 0.000000000000000000, -1.000000000000000000 ) ) ;
#2539 = MANIFOLD_SOLID_BREP ( 'Redondeo14', #1745 ) ;
#2540 = CIRCLE ( 'NONE', #1921, 1.000000000000000888 ) ;
#2541 = VECTOR ( 'NONE', #3392, 1000.000000000000227 ) ;
#2542 = CARTESIAN_POINT ( 'NONE',  ( 19.83361786177189501, 1.752903639158152727, 7.599999999999997868 ) ) ;
#2543 = PLANE ( 'NONE',  #2601 ) ;
#2544 = AXIS2_PLACEMENT_3D ( 'NONE', #305, #238, #2164 ) ;
#2545 = ORIENTED_EDGE ( 'NONE', *, *, #3378, .T. ) ;
#2546 = LINE ( 'NONE', #667, #2477 ) ;
#2547 = CARTESIAN_POINT ( 'NONE',  ( -4.663883377995690971, 0.7529036391581562793, 27.60253455381900878 ) ) ;
#2548 = PLANE ( 'NONE',  #682 ) ;
#2549 = ADVANCED_FACE ( 'NONE', ( #2466 ), #41, .T. ) ;
#2550 = ADVANCED_FACE ( 'NONE', ( #1320, #337, #1708 ), #2548, .F. ) ;
#2551 = ORIENTED_EDGE ( 'NONE', *, *, #2051, .F. ) ;
#2552 = LINE ( 'NONE', #2505, #3355 ) ;
#2553 = VERTEX_POINT ( 'NONE', #3047 ) ;
#2554 = DIRECTION ( 'NONE',  ( 0.000000000000000000, 0.000000000000000000, -1.000000000000000000 ) ) ;
#2555 = LINE ( 'NONE', #1695, #1628 ) ;
#2556 = DIRECTION ( 'NONE',  ( 0.000000000000000000, -0.000000000000000000, 1.000000000000000000 ) ) ;
#2557 = LINE ( 'NONE', #2850, #3410 ) ;
#2558 = ORIENTED_EDGE ( 'NONE', *, *, #947, .F. ) ;
#2559 = DIRECTION ( 'NONE',  ( 1.000000000000000000, 0.000000000000000000, -0.000000000000000000 ) ) ;
#2560 = VERTEX_POINT ( 'NONE', #2502 ) ;
#2561 = CARTESIAN_POINT ( 'NONE',  ( 4.500000000000000000, 0.4999999999999970024, 2.100000000000000089 ) ) ;
#2562 = ORIENTED_EDGE ( 'NONE', *, *, #2136, .F. ) ;
#2563 = ADVANCED_FACE ( 'NONE', ( #1474 ), #2756, .F. ) ;
#2564 = EDGE_CURVE ( 'NONE', #1710, #3136, #568, .T. ) ;
#2565 = EDGE_LOOP ( 'NONE', ( #2617, #3044, #1044, #2172 ) ) ;
#2566 = LINE ( 'NONE', #2579, #2030 ) ;
#2567 = CARTESIAN_POINT ( 'NONE',  ( -19.50000000000000000, 0.4999999999999970024, 10.90000000000000036 ) ) ;
#2568 = EDGE_CURVE ( 'NONE', #755, #1452, #1951, .T. ) ;
#2569 = FACE_OUTER_BOUND ( 'NONE', #2929, .T. ) ;
#2570 = CARTESIAN_POINT ( 'NONE',  ( -19.50000000000000000, -5.500000000000000000, 4.000000000000001776 ) ) ;
#2571 = LINE ( 'NONE', #1500, #1989 ) ;
#2572 = ADVANCED_FACE ( 'NONE', ( #600 ), #2528, .F. ) ;
#2573 = ORIENTED_EDGE ( 'NONE', *, *, #809, .F. ) ;
#2574 = LINE ( 'NONE', #154, #391 ) ;
#2575 = ORIENTED_EDGE ( 'NONE', *, *, #2564, .F. ) ;
#2576 = DIRECTION ( 'NONE',  ( 0.000000000000000000, 0.000000000000000000, -1.000000000000000000 ) ) ;
#2577 = ORIENTED_EDGE ( 'NONE', *, *, #1969, .T. ) ;
#2578 = ORIENTED_EDGE ( 'NONE', *, *, #3373, .T. ) ;
#2579 = CARTESIAN_POINT ( 'NONE',  ( 4.500000000000000000, 0.4999999999999970024, 5.499999999999998224 ) ) ;
#2580 = DIRECTION ( 'NONE',  ( -2.312964634635742957E-16, 1.000000000000000000, -0.000000000000000000 ) ) ;
#2581 = AXIS2_PLACEMENT_3D ( 'NONE', #2002, #3331, #1286 ) ;
#2582 = VECTOR ( 'NONE', #2741, 1000.000000000000000 ) ;
#2583 = DIRECTION ( 'NONE',  ( -4.336808689942018722E-16, 1.000000000000000000, 0.000000000000000000 ) ) ;
#2584 = EDGE_CURVE ( 'NONE', #1742, #879, #1255, .T. ) ;
#2585 = EDGE_CURVE ( 'NONE', #722, #2097, #1422, .T. ) ;
#2586 = AXIS2_PLACEMENT_3D ( 'NONE', #1615, #1372, #2685 ) ;
#2587 = ORIENTED_EDGE ( 'NONE', *, *, #1133, .T. ) ;
#2588 = AXIS2_PLACEMENT_3D ( 'NONE', #2460, #511, #543 ) ;
#2589 = LINE ( 'NONE', #1271, #113 ) ;
#2590 = AXIS2_PLACEMENT_3D ( 'NONE', #2733, #1447, #1431 ) ;
#2591 = DIRECTION ( 'NONE',  ( 1.000000000000000000, 0.000000000000000000, 0.000000000000000000 ) ) ;
#2592 = ORIENTED_EDGE ( 'NONE', *, *, #1698, .F. ) ;
#2593 = CC_DESIGN_APPROVAL ( #800, ( #620 ) ) ;
#2594 = VECTOR ( 'NONE', #1890, 1000.000000000000000 ) ;
#2595 = CARTESIAN_POINT ( 'NONE',  ( 0.000000000000000000, 0.000000000000000000, 5.399999999999998579 ) ) ;
#2596 = ORIENTED_EDGE ( 'NONE', *, *, #207, .T. ) ;
#2597 = PLANE ( 'NONE',  #2380 ) ;
#2598 = VECTOR ( 'NONE', #2265, 1000.000000000000000 ) ;
#2599 = EDGE_LOOP ( 'NONE', ( #2521, #1675, #2828, #758, #1973 ) ) ;
#2600 = EDGE_LOOP ( 'NONE', ( #2457, #1363, #2592, #2270 ) ) ;
#2601 = AXIS2_PLACEMENT_3D ( 'NONE', #1721, #2787, #648 ) ;
#2602 = ORIENTED_EDGE ( 'NONE', *, *, #2947, .T. ) ;
#2603 = ORIENTED_EDGE ( 'NONE', *, *, #146, .F. ) ;
#2604 = EDGE_CURVE ( 'NONE', #2358, #1457, #371, .T. ) ;
#2605 = LINE ( 'NONE', #426, #2537 ) ;
#2606 = LINE ( 'NONE', #427, #1925 ) ;
#2607 = LINE ( 'NONE', #2339, #2138 ) ;
#2608 = ORIENTED_EDGE ( 'NONE', *, *, #2386, .F. ) ;
#2609 = EDGE_CURVE ( 'NONE', #2673, #722, #2212, .T. ) ;
#2610 = LINE ( 'NONE', #2884, #2024 ) ;
#2611 = CARTESIAN_POINT ( 'NONE',  ( -19.50000000000000000, -0.5000000000000072164, 1.500000000000001332 ) ) ;
#2612 = FACE_OUTER_BOUND ( 'NONE', #1240, .T. ) ;
#2613 = ORIENTED_EDGE ( 'NONE', *, *, #2319, .T. ) ;
#2614 = DIRECTION ( 'NONE',  ( 0.000000000000000000, -0.000000000000000000, -1.000000000000000000 ) ) ;
#2615 = DIRECTION ( 'NONE',  ( 0.000000000000000000, 0.000000000000000000, -1.000000000000000000 ) ) ;
#2616 = ORIENTED_EDGE ( 'NONE', *, *, #1907, .T. ) ;
#2617 = ORIENTED_EDGE ( 'NONE', *, *, #1859, .F. ) ;
#2618 = VERTEX_POINT ( 'NONE', #3318 ) ;
#2619 = DIRECTION ( 'NONE',  ( -1.000000000000000000, 0.000000000000000000, 0.000000000000000000 ) ) ;
#2620 = CARTESIAN_POINT ( 'NONE',  ( -19.49999999999999645, -0.5000000000000072164, 11.50000000000000178 ) ) ;
#2621 = PLANE ( 'NONE',  #1798 ) ;
#2622 = EDGE_LOOP ( 'NONE', ( #48, #3430, #3235, #2689 ) ) ;
#2623 = LINE ( 'NONE', #1311, #3347 ) ;
#2624 = DIRECTION ( 'NONE',  ( 0.000000000000000000, 0.000000000000000000, 1.000000000000000000 ) ) ;
#2625 = CARTESIAN_POINT ( 'NONE',  ( 0.000000000000000000, 0.4999999999999970024, 0.000000000000000000 ) ) ;
#2626 = PRODUCT_RELATED_PRODUCT_CATEGORY ( 'detail', '', ( #2333 ) ) ;
#2627 = EDGE_LOOP ( 'NONE', ( #2055, #874, #128, #1461 ) ) ;
#2628 = ORIENTED_EDGE ( 'NONE', *, *, #82, .T. ) ;
#2629 = CARTESIAN_POINT ( 'NONE',  ( -4.663883377995690971, 7.500000000000001776, -14.60253455381901233 ) ) ;
#2630 = FACE_OUTER_BOUND ( 'NONE', #2600, .T. ) ;
#2631 = ORIENTED_EDGE ( 'NONE', *, *, #2329, .F. ) ;
#2632 = ORIENTED_EDGE ( 'NONE', *, *, #2126, .F. ) ;
#2633 = LINE ( 'NONE', #250, #2243 ) ;
#2634 = CARTESIAN_POINT ( 'NONE',  ( -4.663883377995690971, 7.500000000000001776, 5.399999999999998579 ) ) ;
#2635 = LINE ( 'NONE', #2109, #680 ) ;
#2636 = CARTESIAN_POINT ( 'NONE',  ( 18.85112344158839193, 4.743328709404353027, 0.000000000000000000 ) ) ;
#2637 = ORIENTED_EDGE ( 'NONE', *, *, #12, .T. ) ;
#2638 = VERTEX_POINT ( 'NONE', #2019 ) ;
#2639 = DIRECTION ( 'NONE',  ( 0.000000000000000000, -0.000000000000000000, 1.000000000000000000 ) ) ;
#2640 = LINE ( 'NONE', #2116, #2709 ) ;
#2641 = LINE ( 'NONE', #1328, #2649 ) ;
#2642 = VECTOR ( 'NONE', #1990, 1000.000000000000000 ) ;
#2643 = DIRECTION ( 'NONE',  ( 0.000000000000000000, 0.000000000000000000, 1.000000000000000000 ) ) ;
#2644 = CARTESIAN_POINT ( 'NONE',  ( 11.50000000000000000, 7.499999999999998224, 0.000000000000000000 ) ) ;
#2645 = AXIS2_PLACEMENT_3D ( 'NONE', #2629, #1854, #1026 ) ;
#2646 = ORIENTED_EDGE ( 'NONE', *, *, #2719, .F. ) ;
#2647 = ORIENTED_EDGE ( 'NONE', *, *, #207, .F. ) ;
#2648 = ORIENTED_EDGE ( 'NONE', *, *, #364, .F. ) ;
#2649 = VECTOR ( 'NONE', #1362, 1000.000000000000114 ) ;
#2650 = VECTOR ( 'NONE', #456, 1000.000000000000000 ) ;
#2651 = CARTESIAN_POINT ( 'NONE',  ( -9.500000000000000000, -6.499999999999998224, 2.000000000000000888 ) ) ;
#2652 = ADVANCED_FACE ( 'NONE', ( #1156 ), #923, .T. ) ;
#2653 = EDGE_CURVE ( 'NONE', #3384, #2166, #3281, .T. ) ;
#2654 = DIRECTION ( 'NONE',  ( -1.000000000000000000, 0.000000000000000000, 0.000000000000000000 ) ) ;
#2655 = CIRCLE ( 'NONE', #2989, 1.000000000000000888 ) ;
#2656 = PERSON_AND_ORGANIZATION_ROLE ( 'design_owner' ) ;
#2657 = CYLINDRICAL_SURFACE ( 'NONE', #1916, 1.999999999999999556 ) ;
#2658 = VERTEX_POINT ( 'NONE', #888 ) ;
#2659 = ORIENTED_EDGE ( 'NONE', *, *, #623, .F. ) ;
#2660 = CARTESIAN_POINT ( 'NONE',  ( 0.4061384660534461677, 5.680505984912640471, 2.000000000000000000 ) ) ;
#2661 = DIRECTION ( 'NONE',  ( -1.000000000000000000, 0.000000000000000000, 0.000000000000000000 ) ) ;
#2662 = LINE ( 'NONE', #878, #1018 ) ;
#2663 = ORIENTED_EDGE ( 'NONE', *, *, #1057, .F. ) ;
#2664 = EDGE_CURVE ( 'NONE', #1144, #690, #2655, .T. ) ;
#2665 = FACE_OUTER_BOUND ( 'NONE', #188, .T. ) ;
#2666 = DIRECTION ( 'NONE',  ( 1.000000000000000000, 2.312964634635743450E-16, 0.000000000000000000 ) ) ;
#2667 = ORIENTED_EDGE ( 'NONE', *, *, #2238, .T. ) ;
#2668 = DIRECTION ( 'NONE',  ( 0.9363291775690446572, -0.3511234415883910942, -1.015170128481923852E-16 ) ) ;
#2669 = DIRECTION ( 'NONE',  ( 1.000000000000000000, 0.000000000000000000, 0.000000000000000000 ) ) ;
#2670 = DIRECTION ( 'NONE',  ( 0.000000000000000000, 0.000000000000000000, -1.000000000000000000 ) ) ;
#2671 = EDGE_CURVE ( 'NONE', #2724, #1600, #1740, .T. ) ;
#2672 = ADVANCED_FACE ( 'NONE', ( #388 ), #2283, .T. ) ;
#2673 = VERTEX_POINT ( 'NONE', #356 ) ;
#2674 = FACE_OUTER_BOUND ( 'NONE', #996, .T. ) ;
#2675 = ORIENTED_EDGE ( 'NONE', *, *, #3272, .F. ) ;
#2676 = VERTEX_POINT ( 'NONE', #1437 ) ;
#2677 = FACE_OUTER_BOUND ( 'NONE', #32, .T. ) ;
#2678 = CARTESIAN_POINT ( 'NONE',  ( 3.000000000000006217, -5.499999999999999112, 0.000000000000000000 ) ) ;
#2679 = LINE ( 'NONE', #2942, #2487 ) ;
#2680 = LINE ( 'NONE', #2959, #961 ) ;
#2681 = EDGE_CURVE ( 'NONE', #2328, #300, #321, .T. ) ;
#2682 = CYLINDRICAL_SURFACE ( 'NONE', #2588, 1.000000000000000888 ) ;
#2683 = VERTEX_POINT ( 'NONE', #3264 ) ;
#2684 = DIRECTION ( 'NONE',  ( 0.000000000000000000, 1.000000000000000000, 0.000000000000000000 ) ) ;
#2685 = DIRECTION ( 'NONE',  ( 1.000000000000000000, 0.000000000000000000, 0.000000000000000000 ) ) ;
#2686 = DIRECTION ( 'NONE',  ( 0.000000000000000000, 0.000000000000000000, 1.000000000000000000 ) ) ;
#2687 = LINE ( 'NONE', #2437, #2977 ) ;
#2688 = ORIENTED_EDGE ( 'NONE', *, *, #1052, .F. ) ;
#2689 = ORIENTED_EDGE ( 'NONE', *, *, #1692, .F. ) ;
#2690 = LINE ( 'NONE', #2454, #2752 ) ;
#2691 = CARTESIAN_POINT ( 'NONE',  ( 11.66978885981588121, 7.436329177569046323, 2.100000000000000977 ) ) ;
#2692 = ADVANCED_FACE ( 'NONE', ( #2038 ), #3105, .F. ) ;
#2693 = EDGE_CURVE ( 'NONE', #3089, #2618, #2334, .T. ) ;
#2694 = CARTESIAN_POINT ( 'NONE',  ( 17.50000000000000000, 0.5000000000000038858, 5.499999999999998224 ) ) ;
#2695 = VECTOR ( 'NONE', #1737, 1000.000000000000000 ) ;
#2696 = CARTESIAN_POINT ( 'NONE',  ( -19.50000000000000000, 3.806999531835308037, 13.00000000000000000 ) ) ;
#2697 = CIRCLE ( 'NONE', #1408, 1.000000000000000888 ) ;
#2698 = PRODUCT_DEFINITION_SHAPE ( 'NONE', 'NONE',  #1384 ) ;
#2699 = CARTESIAN_POINT ( 'NONE',  ( -19.18474130336028693, 4.618222011239901725, -14.60253455381901233 ) ) ;
#2700 = VERTEX_POINT ( 'NONE', #140 ) ;
#2701 = VECTOR ( 'NONE', #304, 1000.000000000000000 ) ;
#2702 = LINE ( 'NONE', #545, #433 ) ;
#2703 = LINE ( 'NONE', #2726, #2701 ) ;
#2704 = FACE_OUTER_BOUND ( 'NONE', #1005, .T. ) ;
#2705 = AXIS2_PLACEMENT_3D ( 'NONE', #3292, #3021, #1985 ) ;
#2706 = VECTOR ( 'NONE', #663, 1000.000000000000000 ) ;
#2707 = EDGE_CURVE ( 'NONE', #1278, #1215, #1490, .T. ) ;
#2708 = AXIS2_PLACEMENT_3D ( 'NONE', #1837, #3207, #3171 ) ;
#2709 = VECTOR ( 'NONE', #3447, 1000.000000000000000 ) ;
#2710 = SECURITY_CLASSIFICATION_LEVEL ( 'unclassified' ) ;
#2711 = DIRECTION ( 'NONE',  ( 0.000000000000000000, -1.000000000000000000, 0.000000000000000000 ) ) ;
#2712 = ORIENTED_EDGE ( 'NONE', *, *, #3373, .F. ) ;
#2713 = VECTOR ( 'NONE', #1804, 1000.000000000000000 ) ;
#2714 = VERTEX_POINT ( 'NONE', #1526 ) ;
#2715 = AXIS2_PLACEMENT_3D ( 'NONE', #1519, #2156, #557 ) ;
#2716 = PLANE ( 'NONE',  #3182 ) ;
#2717 = LINE ( 'NONE', #2780, #2986 ) ;
#2718 = CARTESIAN_POINT ( 'NONE',  ( 4.499999999999992895, -1.499999999999994893, 8.999999999999998224 ) ) ;
#2719 = EDGE_CURVE ( 'NONE', #296, #1902, #206, .T. ) ;
#2720 = EDGE_CURVE ( 'NONE', #357, #3049, #3118, .T. ) ;
#2721 = EDGE_LOOP ( 'NONE', ( #1355, #889, #1618, #3348, #292 ) ) ;
#2722 = DIRECTION ( 'NONE',  ( 0.9363291775690446572, -0.3511234415883914273, 0.000000000000000000 ) ) ;
#2723 = DIRECTION ( 'NONE',  ( 1.000000000000000000, -0.000000000000000000, -1.156482317317871478E-16 ) ) ;
#2724 = VERTEX_POINT ( 'NONE', #1542 ) ;
#2725 = CARTESIAN_POINT ( 'NONE',  ( -0.4061384660534469448, 5.680505984912641360, 2.000000000000001776 ) ) ;
#2726 = CARTESIAN_POINT ( 'NONE',  ( -19.50000000000000000, -6.500000000000000888, 0.000000000000000000 ) ) ;
#2727 = CARTESIAN_POINT ( 'NONE',  ( 18.50000000000000000, 3.806999531835308925, 13.00000000000000000 ) ) ;
#2728 = SHAPE_DEFINITION_REPRESENTATION ( #2698, #1517 ) ;
#2729 = DIRECTION ( 'NONE',  ( 1.000000000000000000, 0.000000000000000000, -1.134601908303326434E-16 ) ) ;
#2730 = ORIENTED_EDGE ( 'NONE', *, *, #1067, .T. ) ;
#2731 = ORIENTED_EDGE ( 'NONE', *, *, #1406, .T. ) ;
#2732 = DIRECTION ( 'NONE',  ( 1.000000000000000000, 0.000000000000000000, 0.000000000000000000 ) ) ;
#2733 = CARTESIAN_POINT ( 'NONE',  ( 4.500000000000000000, 0.4999999999999970024, 2.000000000000000000 ) ) ;
#2734 = DIRECTION ( 'NONE',  ( -1.000000000000000000, -0.000000000000000000, -0.000000000000000000 ) ) ;
#2735 = ORIENTED_EDGE ( 'NONE', *, *, #1444, .F. ) ;
#2736 = CARTESIAN_POINT ( 'NONE',  ( -4.500000000000000000, 0.4999999999999970024, 2.000000000000000000 ) ) ;
#2737 = CARTESIAN_POINT ( 'NONE',  ( 17.50000000000000000, 0.5000000000000038858, 1.499999999999996891 ) ) ;
#2738 = DIRECTION ( 'NONE',  ( -1.000000000000000000, 0.000000000000000000, -0.000000000000000000 ) ) ;
#2739 = EDGE_CURVE ( 'NONE', #690, #2560, #2855, .T. ) ;
#2740 = ORIENTED_EDGE ( 'NONE', *, *, #2798, .F. ) ;
#2741 = DIRECTION ( 'NONE',  ( 0.000000000000000000, 0.000000000000000000, -1.000000000000000000 ) ) ;
#2742 = VERTEX_POINT ( 'NONE', #1785 ) ;
#2743 = ADVANCED_FACE ( 'NONE', ( #190 ), #2349, .T. ) ;
#2744 = DIRECTION ( 'NONE',  ( 0.9363291775690446572, -0.3511234415883914273, 0.000000000000000000 ) ) ;
#2745 = FACE_OUTER_BOUND ( 'NONE', #1620, .T. ) ;
#2746 = CLOSED_SHELL ( 'NONE', ( #939, #697, #1235, #3003, #311, #1884, #2550, #1214, #2028, #1852, #832, #199, #2781, #2288, #1774, #3106, #246, #1834, #1300, #883, #263, #516, #489, #1687, #377, #235, #844, #408, #3256, #2404, #1037, #2692, #1857, #2748, #3213, #452, #1466, #2216, #2465, #33, #394, #1188, #1713, #2572, #1024, #687, #2070, #2446, #1576, #1899, #3052, #1307, #1525, #3173, #98, #422, #3151, #1248, #2027, #1456, #917, #3026, #2289, #1619, #3067, #1028, #3269, #750, #2970, #2450, #1257, #299, #2472, #1085 ) ) ;
#2747 = ORIENTED_EDGE ( 'NONE', *, *, #147, .T. ) ;
#2748 = ADVANCED_FACE ( 'NONE', ( #3092 ), #704, .F. ) ;
#2749 = ORIENTED_EDGE ( 'NONE', *, *, #2739, .F. ) ;
#2750 = CARTESIAN_POINT ( 'NONE',  ( -4.500000000000000000, 7.499999999999997335, 7.499999999999996447 ) ) ;
#2751 = DIRECTION ( 'NONE',  ( -1.000000000000000000, -2.312964634635743450E-16, -0.000000000000000000 ) ) ;
#2752 = VECTOR ( 'NONE', #34, 1000.000000000000000 ) ;
#2753 = VECTOR ( 'NONE', #148, 1000.000000000000000 ) ;
#2754 = DIRECTION ( 'NONE',  ( 1.156482317317871725E-16, 0.000000000000000000, 1.000000000000000000 ) ) ;
#2755 = DIRECTION ( 'NONE',  ( -1.000000000000000000, 0.000000000000000000, -0.000000000000000000 ) ) ;
#2756 = PLANE ( 'NONE',  #3088 ) ;
#2757 = EDGE_CURVE ( 'NONE', #296, #1278, #743, .T. ) ;
#2758 = VECTOR ( 'NONE', #1210, 1000.000000000000000 ) ;
#2759 = ORIENTED_EDGE ( 'NONE', *, *, #2952, .T. ) ;
#2760 = EDGE_CURVE ( 'NONE', #992, #724, #3142, .T. ) ;
#2761 = ORIENTED_EDGE ( 'NONE', *, *, #2693, .F. ) ;
#2762 = VECTOR ( 'NONE', #797, 1000.000000000000000 ) ;
#2763 = CARTESIAN_POINT ( 'NONE',  ( -19.83361786177189501, 3.681892833670856291, 2.100000000000000977 ) ) ;
#2764 = ORGANIZATION ( 'UNSPECIFIED', 'UNSPECIFIED', '' ) ;
#2765 = VECTOR ( 'NONE', #2995, 1000.000000000000000 ) ;
#2766 = DIRECTION ( 'NONE',  ( -0.9363291775690447682, -0.3511234415883909832, 0.000000000000000000 ) ) ;
#2767 = VECTOR ( 'NONE', #2534, 1000.000000000000000 ) ;
#2768 = DIRECTION ( 'NONE',  ( 1.000000000000000000, 0.000000000000000000, 0.000000000000000000 ) ) ;
#2769 = VECTOR ( 'NONE', #3368, 1000.000000000000000 ) ;
#2770 = ORIENTED_EDGE ( 'NONE', *, *, #971, .T. ) ;
#2771 = ORIENTED_EDGE ( 'NONE', *, *, #1575, .T. ) ;
#2772 = DIRECTION ( 'NONE',  ( 1.156482317317871478E-16, 0.000000000000000000, 1.000000000000000000 ) ) ;
#2773 = FACE_OUTER_BOUND ( 'NONE', #1430, .T. ) ;
#2774 = ORIENTED_EDGE ( 'NONE', *, *, #3339, .T. ) ;
#2775 = DIRECTION ( 'NONE',  ( -1.000000000000000000, 0.000000000000000000, -0.000000000000000000 ) ) ;
#2776 = FACE_OUTER_BOUND ( 'NONE', #1846, .T. ) ;
#2777 = CARTESIAN_POINT ( 'NONE',  ( 6.000000000000007105, -7.499999999999997335, 2.000000000000000000 ) ) ;
#2778 = ORIENTED_EDGE ( 'NONE', *, *, #1077, .F. ) ;
#2779 = CARTESIAN_POINT ( 'NONE',  ( -4.663883377995690971, 0.7529036391581562793, 5.399999999999998579 ) ) ;
#2780 = CARTESIAN_POINT ( 'NONE',  ( 4.500000000000000000, 0.4999999999999970024, 7.499999999999998224 ) ) ;
#2781 = ADVANCED_FACE ( 'NONE', ( #1824 ), #2597, .F. ) ;
#2782 = CARTESIAN_POINT ( 'NONE',  ( -5.663883377995690971, 6.500000000000001776, 7.599999999999998757 ) ) ;
#2783 = FACE_OUTER_BOUND ( 'NONE', #2622, .T. ) ;
#2784 = ORIENTED_EDGE ( 'NONE', *, *, #1709, .T. ) ;
#2785 = ORIENTED_EDGE ( 'NONE', *, *, #3299, .F. ) ;
#2786 = LINE ( 'NONE', #1932, #3304 ) ;
#2787 = DIRECTION ( 'NONE',  ( 1.156482317317871478E-16, -0.000000000000000000, 1.000000000000000000 ) ) ;
#2788 = VERTEX_POINT ( 'NONE', #2053 ) ;
#2789 = CARTESIAN_POINT ( 'NONE',  ( -19.50000000000000000, -3.500000000000000444, 4.000000000000001776 ) ) ;
#2790 = ORIENTED_EDGE ( 'NONE', *, *, #2604, .T. ) ;
#2791 = LINE ( 'NONE', #2547, #58 ) ;
#2792 = DIRECTION ( 'NONE',  ( 0.000000000000000000, 0.000000000000000000, 1.000000000000000000 ) ) ;
#2793 = ORIENTED_EDGE ( 'NONE', *, *, #68, .F. ) ;
#2794 = DIRECTION ( 'NONE',  ( -0.000000000000000000, -0.000000000000000000, -1.000000000000000000 ) ) ;
#2795 = DIRECTION ( 'NONE',  ( 1.156482317317871725E-16, 0.000000000000000000, 1.000000000000000000 ) ) ;
#2796 = CARTESIAN_POINT ( 'NONE',  ( 11.31866541822748928, 6.500000000000001776, -14.60253455381901233 ) ) ;
#2797 = EDGE_LOOP ( 'NONE', ( #437, #1225, #1531, #1162 ) ) ;
#2798 = EDGE_CURVE ( 'NONE', #692, #1680, #721, .T. ) ;
#2799 = EDGE_CURVE ( 'NONE', #1181, #967, #1004, .T. ) ;
#2800 = ORIENTED_EDGE ( 'NONE', *, *, #2350, .T. ) ;
#2801 = CARTESIAN_POINT ( 'NONE',  ( -9.500000000000000000, -6.499999999999998224, 2.000000000000000888 ) ) ;
#2802 = LINE ( 'NONE', #73, #1979 ) ;
#2803 = DIRECTION ( 'NONE',  ( 0.000000000000000000, -1.000000000000000000, 0.000000000000000000 ) ) ;
#2804 = LINE ( 'NONE', #91, #2642 ) ;
#2805 = AXIS2_PLACEMENT_3D ( 'NONE', #1895, #335, #870 ) ;
#2806 = EDGE_LOOP ( 'NONE', ( #2930, #1529, #2427, #3074 ) ) ;
#2807 = DIRECTION ( 'NONE',  ( 0.9972677544567090102, 0.07387168551531220206, 0.000000000000000000 ) ) ;
#2808 = VECTOR ( 'NONE', #1146, 1000.000000000000000 ) ;
#2809 = VERTEX_POINT ( 'NONE', #1244 ) ;
#2810 = ORIENTED_EDGE ( 'NONE', *, *, #255, .F. ) ;
#2811 = CARTESIAN_POINT ( 'NONE',  ( 19.50000000000000355, -0.5000000000000055511, 1.499999999999996225 ) ) ;
#2812 = DIRECTION ( 'NONE',  ( 0.9363291775690447682, 0.3511234415883909277, 0.000000000000000000 ) ) ;
#2813 = VECTOR ( 'NONE', #2912, 1000.000000000000000 ) ;
#2814 = ADVANCED_FACE ( 'NONE', ( #2630 ), #1293, .F. ) ;
#2815 = VECTOR ( 'NONE', #3297, 1000.000000000000000 ) ;
#2816 = CARTESIAN_POINT ( 'NONE',  ( -4.499999999999993783, -3.499999999999996891, 4.000000000000001776 ) ) ;
#2817 = CIRCLE ( 'NONE', #1303, 1.999999999999999556 ) ;
#2818 = VECTOR ( 'NONE', #2173, 1000.000000000000000 ) ;
#2819 = VERTEX_POINT ( 'NONE', #2105 ) ;
#2820 = CIRCLE ( 'NONE', #228, 1.999999999999999112 ) ;
#2821 = FACE_OUTER_BOUND ( 'NONE', #1275, .T. ) ;
#2822 = PLANE ( 'NONE',  #2438 ) ;
#2823 = EDGE_CURVE ( 'NONE', #3048, #590, #3158, .T. ) ;
#2824 = ORIENTED_EDGE ( 'NONE', *, *, #2416, .T. ) ;
#2825 = EDGE_CURVE ( 'NONE', #1340, #772, #2829, .T. ) ;
#2826 = DIRECTION ( 'NONE',  ( 1.000000000000000000, 0.000000000000000000, -1.134601908303326434E-16 ) ) ;
#2827 = FACE_OUTER_BOUND ( 'NONE', #836, .T. ) ;
#2828 = ORIENTED_EDGE ( 'NONE', *, *, #1938, .F. ) ;
#2829 = LINE ( 'NONE', #975, #3201 ) ;
#2830 = VERTEX_POINT ( 'NONE', #831 ) ;
#2831 = ORIENTED_EDGE ( 'NONE', *, *, #2016, .F. ) ;
#2832 = CARTESIAN_POINT ( 'NONE',  ( 11.50000000000000000, 7.499999999999998224, 13.00000000000000000 ) ) ;
#2833 = LINE ( 'NONE', #116, #1193 ) ;
#2834 = DIRECTION ( 'NONE',  ( -4.336808689942019708E-16, 1.000000000000000000, 0.000000000000000000 ) ) ;
#2835 = CARTESIAN_POINT ( 'NONE',  ( 17.50000000000000355, 0.4999999999999970024, 2.000000000000000000 ) ) ;
#2836 = PLANE ( 'NONE',  #3144 ) ;
#2837 = ORIENTED_EDGE ( 'NONE', *, *, #555, .T. ) ;
#2838 = DIRECTION ( 'NONE',  ( -2.312964634635743450E-16, 1.000000000000000000, 0.000000000000000000 ) ) ;
#2839 = CC_DESIGN_PERSON_AND_ORGANIZATION_ASSIGNMENT ( #520, #30, ( #620 ) ) ;
#2840 = ORIENTED_EDGE ( 'NONE', *, *, #25, .F. ) ;
#2841 = DIRECTION ( 'NONE',  ( 0.000000000000000000, 0.000000000000000000, -1.000000000000000000 ) ) ;
#2842 = VERTEX_POINT ( 'NONE', #1059 ) ;
#2843 = ORIENTED_EDGE ( 'NONE', *, *, #176, .T. ) ;
#2844 = VERTEX_POINT ( 'NONE', #563 ) ;
#2845 = DIRECTION ( 'NONE',  ( 1.000000000000000000, -0.000000000000000000, -0.000000000000000000 ) ) ;
#2846 = ADVANCED_FACE ( 'NONE', ( #2159 ), #2682, .T. ) ;
#2847 = LINE ( 'NONE', #3163, #1983 ) ;
#2848 = LINE ( 'NONE', #3098, #272 ) ;
#2849 = FACE_OUTER_BOUND ( 'NONE', #3041, .T. ) ;
#2850 = CARTESIAN_POINT ( 'NONE',  ( -19.50000000000000000, 7.499999999999997335, 13.00000000000000000 ) ) ;
#2851 = ORIENTED_EDGE ( 'NONE', *, *, #2852, .T. ) ;
#2852 = EDGE_CURVE ( 'NONE', #1166, #1078, #2817, .T. ) ;
#2853 = FACE_OUTER_BOUND ( 'NONE', #660, .T. ) ;
#2854 = ORIENTED_EDGE ( 'NONE', *, *, #3300, .T. ) ;
#2855 = LINE ( 'NONE', #438, #1929 ) ;
#2856 = VERTEX_POINT ( 'NONE', #1383 ) ;
#2857 = ORIENTED_EDGE ( 'NONE', *, *, #147, .F. ) ;
#2858 = CARTESIAN_POINT ( 'NONE',  ( -8.144736842105263719, -1.447368421052636522, 7.499999999999996447 ) ) ;
#2859 = DIRECTION ( 'NONE',  ( -0.000000000000000000, -0.000000000000000000, -1.000000000000000000 ) ) ;
#2860 = CIRCLE ( 'NONE', #3404, 1.000000000000000000 ) ;
#2861 = EDGE_CURVE ( 'NONE', #958, #2809, #757, .T. ) ;
#2862 = EDGE_CURVE ( 'NONE', #439, #1971, #1100, .T. ) ;
#2863 = VECTOR ( 'NONE', #342, 1000.000000000000000 ) ;
#2864 = DIRECTION ( 'NONE',  ( 0.000000000000000000, 0.000000000000000000, -1.000000000000000000 ) ) ;
#2865 = CIRCLE ( 'NONE', #900, 2.000000000000000000 ) ;
#2866 = AXIS2_PLACEMENT_3D ( 'NONE', #595, #1134, #333 ) ;
#2867 = LINE ( 'NONE', #150, #2650 ) ;
#2868 = VECTOR ( 'NONE', #1224, 1000.000000000000000 ) ;
#2869 = LINE ( 'NONE', #457, #2371 ) ;
#2870 = VERTEX_POINT ( 'NONE', #1116 ) ;
#2871 = CIRCLE ( 'NONE', #2317, 1.000000000000000888 ) ;
#2872 = FACE_OUTER_BOUND ( 'NONE', #1995, .T. ) ;
#2873 = ORIENTED_EDGE ( 'NONE', *, *, #2319, .F. ) ;
#2874 = DIRECTION ( 'NONE',  ( 3.469446951953599200E-15, -1.000000000000000000, 0.000000000000000000 ) ) ;
#2875 = VECTOR ( 'NONE', #1012, 1000.000000000000000 ) ;
#2876 = ORIENTED_EDGE ( 'NONE', *, *, #1256, .F. ) ;
#2877 = VECTOR ( 'NONE', #1168, 1000.000000000000000 ) ;
#2878 = ORIENTED_EDGE ( 'NONE', *, *, #537, .F. ) ;
#2879 = FACE_OUTER_BOUND ( 'NONE', #142, .T. ) ;
#2880 = CARTESIAN_POINT ( 'NONE',  ( -4.499999999999993783, -3.499999999999996891, 4.000000000000001776 ) ) ;
#2881 = DIRECTION ( 'NONE',  ( 0.000000000000000000, 1.000000000000000000, 0.000000000000000000 ) ) ;
#2882 = ORIENTED_EDGE ( 'NONE', *, *, #1445, .F. ) ;
#2883 = EDGE_CURVE ( 'NONE', #1540, #935, #1879, .T. ) ;
#2884 = CARTESIAN_POINT ( 'NONE',  ( 4.500000000000000000, 7.499999999999997335, 11.00000000000000000 ) ) ;
#2885 = PLANE ( 'NONE',  #2436 ) ;
#2886 = FACE_OUTER_BOUND ( 'NONE', #1881, .T. ) ;
#2887 = ORIENTED_EDGE ( 'NONE', *, *, #432, .T. ) ;
#2888 = DIRECTION ( 'NONE',  ( -1.000000000000000000, -2.312964634635743450E-16, -0.000000000000000000 ) ) ;
#2889 = EDGE_CURVE ( 'NONE', #1803, #3268, #298, .T. ) ;
#2890 = CARTESIAN_POINT ( 'NONE',  ( 11.50000000000000000, 7.499999999999998224, 13.00000000000000000 ) ) ;
#2891 = EDGE_LOOP ( 'NONE', ( #3344, #2112, #3455, #787 ) ) ;
#2892 = EDGE_CURVE ( 'NONE', #967, #2461, #777, .T. ) ;
#2893 = ORIENTED_EDGE ( 'NONE', *, *, #1714, .T. ) ;
#2894 = DIRECTION ( 'NONE',  ( 1.156482317317871478E-16, 0.000000000000000000, -1.000000000000000000 ) ) ;
#2895 = DIRECTION ( 'NONE',  ( 0.000000000000000000, -0.000000000000000000, 1.000000000000000000 ) ) ;
#2896 = EDGE_CURVE ( 'NONE', #194, #1710, #1856, .T. ) ;
#2897 = DIRECTION ( 'NONE',  ( -1.000000000000000000, -3.469446951953611033E-15, 2.168404344971006896E-16 ) ) ;
#2898 = EDGE_LOOP ( 'NONE', ( #1232, #3210, #3121, #3217 ) ) ;
#2899 = CARTESIAN_POINT ( 'NONE',  ( -19.50000000000000000, 7.499999999999997335, 13.00000000000000000 ) ) ;
#2900 = CARTESIAN_POINT ( 'NONE',  ( -11.50000000000000000, 7.499999999999998224, 0.000000000000000000 ) ) ;
#2901 = CARTESIAN_POINT ( 'NONE',  ( 18.83361786177189501, 1.752903639158152727, 7.599999999999998757 ) ) ;
#2902 = VERTEX_POINT ( 'NONE', #2960 ) ;
#2903 = ADVANCED_FACE ( 'NONE', ( #1315 ), #1625, .F. ) ;
#2904 = EDGE_CURVE ( 'NONE', #38, #3119, #3209, .T. ) ;
#2905 = CARTESIAN_POINT ( 'NONE',  ( 18.50000000000000000, 3.806999531835308925, 13.00000000000000000 ) ) ;
#2906 = CARTESIAN_POINT ( 'NONE',  ( -4.663883377995690971, 7.500000000000001776, 27.60253455381900878 ) ) ;
#2907 = ORIENTED_EDGE ( 'NONE', *, *, #866, .F. ) ;
#2908 = DIRECTION ( 'NONE',  ( 0.000000000000000000, -0.000000000000000000, -1.000000000000000000 ) ) ;
#2909 = CARTESIAN_POINT ( 'NONE',  ( 18.83361786177189501, 1.752903639158152727, 10.90000000000000036 ) ) ;
#2910 = DIRECTION ( 'NONE',  ( -0.000000000000000000, -0.000000000000000000, -1.000000000000000000 ) ) ;
#2911 = ORIENTED_EDGE ( 'NONE', *, *, #3167, .T. ) ;
#2912 = DIRECTION ( 'NONE',  ( -2.312964634635742957E-16, 1.000000000000000000, -0.000000000000000000 ) ) ;
#2913 = VERTEX_POINT ( 'NONE', #1574 ) ;
#2914 = ORIENTED_EDGE ( 'NONE', *, *, #2306, .T. ) ;
#2915 = AXIS2_PLACEMENT_3D ( 'NONE', #3233, #3254, #2732 ) ;
#2916 = DIRECTION ( 'NONE',  ( 1.156482317317871478E-16, -0.000000000000000000, 1.000000000000000000 ) ) ;
#2917 = CARTESIAN_POINT ( 'NONE',  ( 5.663883377995690971, 7.500000000000001776, 10.90000000000000036 ) ) ;
#2918 = CARTESIAN_POINT ( 'NONE',  ( 4.663883377995690971, 0.7529036391581528376, 10.90000000000000036 ) ) ;
#2919 = VECTOR ( 'NONE', #1996, 1000.000000000000000 ) ;
#2920 = EDGE_LOOP ( 'NONE', ( #308, #816, #478, #93 ) ) ;
#2921 = AXIS2_PLACEMENT_3D ( 'NONE', #3263, #3280, #2755 ) ;
#2922 = EDGE_LOOP ( 'NONE', ( #1098, #130, #603 ) ) ;
#2923 = DIRECTION ( 'NONE',  ( 0.8320502943378439431, -0.5547001962252287033, 0.000000000000000000 ) ) ;
#2924 = LINE ( 'NONE', #1081, #628 ) ;
#2925 = EDGE_CURVE ( 'NONE', #1215, #2235, #2389, .T. ) ;
#2926 = EDGE_CURVE ( 'NONE', #2676, #1803, #2924, .T. ) ;
#2927 = AXIS2_PLACEMENT_3D ( 'NONE', #865, #1679, #70 ) ;
#2928 = CIRCLE ( 'NONE', #2253, 1.000000000000000888 ) ;
#2929 = EDGE_LOOP ( 'NONE', ( #233, #1424, #2498, #1290, #2081, #1385, #2632, #209 ) ) ;
#2930 = ORIENTED_EDGE ( 'NONE', *, *, #1938, .T. ) ;
#2931 = CIRCLE ( 'NONE', #3036, 1.000000000000000888 ) ;
#2932 = CARTESIAN_POINT ( 'NONE',  ( 11.50000000000000000, 7.500000000000001776, 10.90000000000000036 ) ) ;
#2933 = DIRECTION ( 'NONE',  ( 1.000000000000000000, 0.000000000000000000, 0.000000000000000000 ) ) ;
#2934 = EDGE_CURVE ( 'NONE', #724, #3219, #1598, .T. ) ;
#2935 = AXIS2_PLACEMENT_3D ( 'NONE', #955, #2841, #1263 ) ;
#2936 = PERSON_AND_ORGANIZATION ( #2062, #2764 ) ;
#2937 = CARTESIAN_POINT ( 'NONE',  ( 1.615384615384616085, -2.423076923076926015, 0.000000000000000000 ) ) ;
#2938 = ORIENTED_EDGE ( 'NONE', *, *, #165, .T. ) ;
#2939 = EDGE_CURVE ( 'NONE', #898, #3335, #1469, .T. ) ;
#2940 = DIRECTION ( 'NONE',  ( 0.000000000000000000, 0.000000000000000000, -1.000000000000000000 ) ) ;
#2941 = DIRECTION ( 'NONE',  ( 0.3511234415883916493, -0.9363291775690445462, 0.000000000000000000 ) ) ;
#2942 = CARTESIAN_POINT ( 'NONE',  ( 6.000000000000007105, -7.500000000000001776, 0.000000000000000000 ) ) ;
#2943 = VERTEX_POINT ( 'NONE', #1908 ) ;
#2944 = LINE ( 'NONE', #279, #2433 ) ;
#2945 = CARTESIAN_POINT ( 'NONE',  ( -4.663883377995690971, 0.7529036391581562793, 5.399999999999998579 ) ) ;
#2946 = ORIENTED_EDGE ( 'NONE', *, *, #1256, .T. ) ;
#2947 = EDGE_CURVE ( 'NONE', #1833, #1931, #1754, .T. ) ;
#2948 = ORIENTED_EDGE ( 'NONE', *, *, #1817, .F. ) ;
#2949 = DIRECTION ( 'NONE',  ( 0.000000000000000000, -1.000000000000000000, 0.000000000000000000 ) ) ;
#2950 = CARTESIAN_POINT ( 'NONE',  ( 19.50000000000000000, -3.499999999999992006, 4.000000000000001776 ) ) ;
#2951 = EDGE_CURVE ( 'NONE', #2114, #890, #2139, .T. ) ;
#2952 = EDGE_CURVE ( 'NONE', #439, #1356, #1347, .T. ) ;
#2953 = FACE_OUTER_BOUND ( 'NONE', #1549, .T. ) ;
#2954 = EDGE_LOOP ( 'NONE', ( #1955, #2130, #526, #942 ) ) ;
#2955 = DIRECTION ( 'NONE',  ( 1.000000000000000000, 0.000000000000000000, 0.000000000000000000 ) ) ;
#2956 = DIRECTION ( 'NONE',  ( 0.9363291775690445462, 0.3511234415883916493, 0.000000000000000000 ) ) ;
#2957 = CARTESIAN_POINT ( 'NONE',  ( 19.83361786177189501, 1.752903639158152727, 10.90000000000000036 ) ) ;
#2958 = ORIENTED_EDGE ( 'NONE', *, *, #602, .T. ) ;
#2959 = CARTESIAN_POINT ( 'NONE',  ( 4.500000000000000000, 7.499999999999997335, 2.000000000000000000 ) ) ;
#2960 = CARTESIAN_POINT ( 'NONE',  ( 3.000000000000006217, -5.499999999999999112, 0.000000000000000000 ) ) ;
#2961 = EDGE_CURVE ( 'NONE', #64, #1833, #1683, .T. ) ;
#2962 = ORIENTED_EDGE ( 'NONE', *, *, #1344, .F. ) ;
#2963 = CARTESIAN_POINT ( 'NONE',  ( 17.50000000000000000, 0.5000000000000038858, 1.499999999999996891 ) ) ;
#2964 = FACE_OUTER_BOUND ( 'NONE', #1885, .T. ) ;
#2965 = FACE_OUTER_BOUND ( 'NONE', #467, .T. ) ;
#2966 = CALENDAR_DATE ( 2022, 24, 1 ) ;
#2967 = CARTESIAN_POINT ( 'NONE',  ( 4.663883377995690971, 7.500000000000001776, 27.60253455381900878 ) ) ;
#2968 = ORIENTED_EDGE ( 'NONE', *, *, #518, .T. ) ;
#2969 = EDGE_CURVE ( 'NONE', #705, #796, #1369, .T. ) ;
#2970 = ADVANCED_FACE ( 'NONE', ( #3259 ), #2497, .T. ) ;
#2971 = CLOSED_SHELL ( 'NONE', ( #972, #3255, #1087, #709, #843, #1008, #2296, #685, #2846, #3402, #1502 ) ) ;
#2972 = CARTESIAN_POINT ( 'NONE',  ( 19.50000000000000000, 0.5000000000000056621, 11.49999999999999645 ) ) ;
#2973 = DIRECTION ( 'NONE',  ( 0.000000000000000000, 0.000000000000000000, 1.000000000000000000 ) ) ;
#2974 = DIRECTION ( 'NONE',  ( 1.000000000000000000, -0.000000000000000000, 0.000000000000000000 ) ) ;
#2975 = CIRCLE ( 'NONE', #2915, 1.000000000000000888 ) ;
#2976 = LINE ( 'NONE', #2696, #2762 ) ;
#2977 = VECTOR ( 'NONE', #2988, 1000.000000000000000 ) ;
#2978 = DIRECTION ( 'NONE',  ( 0.000000000000000000, 0.000000000000000000, -1.000000000000000000 ) ) ;
#2979 = ORIENTED_EDGE ( 'NONE', *, *, #1365, .F. ) ;
#2980 = AXIS2_PLACEMENT_3D ( 'NONE', #1896, #1656, #28 ) ;
#2981 = DIRECTION ( 'NONE',  ( -0.000000000000000000, 0.000000000000000000, 1.000000000000000000 ) ) ;
#2982 = FACE_OUTER_BOUND ( 'NONE', #2382, .T. ) ;
#2983 = DIRECTION ( 'NONE',  ( 1.000000000000000000, 0.000000000000000000, 0.000000000000000000 ) ) ;
#2984 = VECTOR ( 'NONE', #280, 1000.000000000000000 ) ;
#2985 = CIRCLE ( 'NONE', #3031, 1.000000000000000888 ) ;
#2986 = VECTOR ( 'NONE', #2973, 1000.000000000000000 ) ;
#2987 = APPROVAL_STATUS ( 'not_yet_approved' ) ;
#2988 = DIRECTION ( 'NONE',  ( -0.000000000000000000, -0.000000000000000000, 1.000000000000000000 ) ) ;
#2989 = AXIS2_PLACEMENT_3D ( 'NONE', #3027, #619, #653 ) ;
#2990 = ORIENTED_EDGE ( 'NONE', *, *, #1799, .T. ) ;
#2991 = CARTESIAN_POINT ( 'NONE',  ( 4.663883377995690971, 0.7529036391581562793, -14.60253455381901233 ) ) ;
#2992 = DIRECTION ( 'NONE',  ( 0.000000000000000000, 0.000000000000000000, -1.000000000000000000 ) ) ;
#2993 = ORIENTED_EDGE ( 'NONE', *, *, #453, .T. ) ;
#2994 = ORIENTED_EDGE ( 'NONE', *, *, #930, .T. ) ;
#2995 = DIRECTION ( 'NONE',  ( -1.000000000000000000, 0.000000000000000000, 0.000000000000000000 ) ) ;
#2996 = CARTESIAN_POINT ( 'NONE',  ( -19.50000000000000000, -3.500000000000000444, 4.000000000000001776 ) ) ;
#2997 = VERTEX_POINT ( 'NONE', #1465 ) ;
#2998 = CARTESIAN_POINT ( 'NONE',  ( 11.50000000000000000, 7.499999999999998224, 0.000000000000000000 ) ) ;
#2999 = DIRECTION ( 'NONE',  ( 1.000000000000000000, 2.312964634635743450E-16, -0.000000000000000000 ) ) ;
#3000 = CARTESIAN_POINT ( 'NONE',  ( -9.500000000000000000, -6.499999999999998224, 11.00000000000000000 ) ) ;
#3001 = ORIENTED_EDGE ( 'NONE', *, *, #2719, .T. ) ;
#3002 = DIRECTION ( 'NONE',  ( 1.000000000000000000, 2.891205793294675368E-16, 0.000000000000000000 ) ) ;
#3003 = ADVANCED_FACE ( 'NONE', ( #1961 ), #2237, .F. ) ;
#3004 = CARTESIAN_POINT ( 'NONE',  ( -17.50000000000000000, 0.4999999999999970024, 1.500000000000000444 ) ) ;
#3005 = CARTESIAN_POINT ( 'NONE',  ( 18.83361786177189501, 1.752903639158152727, 27.60253455381900878 ) ) ;
#3006 = VERTEX_POINT ( 'NONE', #868 ) ;
#3007 = CARTESIAN_POINT ( 'NONE',  ( 11.50000000000000000, 7.500000000000001776, 2.000000000000000000 ) ) ;
#3008 = CARTESIAN_POINT ( 'NONE',  ( 4.663883377995690971, 6.500000000000001776, 5.399999999999998579 ) ) ;
#3009 = EDGE_CURVE ( 'NONE', #175, #1920, #2098, .T. ) ;
#3010 = ORIENTED_EDGE ( 'NONE', *, *, #2508, .T. ) ;
#3011 = EDGE_CURVE ( 'NONE', #2788, #2658, #6, .T. ) ;
#3012 = DIRECTION ( 'NONE',  ( -0.000000000000000000, -0.000000000000000000, -1.000000000000000000 ) ) ;
#3013 = DIRECTION ( 'NONE',  ( 0.000000000000000000, 0.000000000000000000, 1.000000000000000000 ) ) ;
#3014 = DIRECTION ( 'NONE',  ( -1.000000000000000000, -2.312964634635743450E-16, -0.000000000000000000 ) ) ;
#3015 = ORIENTED_EDGE ( 'NONE', *, *, #2306, .F. ) ;
#3016 = DIRECTION ( 'NONE',  ( 0.000000000000000000, -0.000000000000000000, -1.000000000000000000 ) ) ;
#3017 = ORIENTED_EDGE ( 'NONE', *, *, #1176, .F. ) ;
#3018 = FACE_OUTER_BOUND ( 'NONE', #1264, .T. ) ;
#3019 = CARTESIAN_POINT ( 'NONE',  ( -11.31866541822748928, 6.500000000000001776, -14.60253455381901233 ) ) ;
#3020 = CARTESIAN_POINT ( 'NONE',  ( 18.50000000000000000, 3.806999531835308925, 0.000000000000000000 ) ) ;
#3021 = DIRECTION ( 'NONE',  ( -1.156482317317871478E-16, 0.000000000000000000, -1.000000000000000000 ) ) ;
#3022 = VECTOR ( 'NONE', #1537, 1000.000000000000000 ) ;
#3023 = AXIS2_PLACEMENT_3D ( 'NONE', #767, #466, #731 ) ;
#3024 = DIRECTION ( 'NONE',  ( 0.000000000000000000, 1.000000000000000000, 0.000000000000000000 ) ) ;
#3025 = FACE_OUTER_BOUND ( 'NONE', #970, .T. ) ;
#3026 = ADVANCED_FACE ( 'NONE', ( #2223 ), #3057, .F. ) ;
#3027 = CARTESIAN_POINT ( 'NONE',  ( -18.83361786177189501, 1.752903639158156279, 10.90000000000000036 ) ) ;
#3028 = AXIS2_PLACEMENT_3D ( 'NONE', #476, #1523, #138 ) ;
#3029 = ORIENTED_EDGE ( 'NONE', *, *, #1926, .T. ) ;
#3030 = AXIS2_PLACEMENT_3D ( 'NONE', #1736, #380, #1947 ) ;
#3031 = AXIS2_PLACEMENT_3D ( 'NONE', #2459, #2047, #1796 ) ;
#3032 = DIRECTION ( 'NONE',  ( -1.000000000000000000, 0.000000000000000000, -0.000000000000000000 ) ) ;
#3033 = EDGE_LOOP ( 'NONE', ( #1939, #3017, #360, #421 ) ) ;
#3034 = DIRECTION ( 'NONE',  ( 1.156482317317871478E-16, 0.000000000000000000, -1.000000000000000000 ) ) ;
#3035 = APPROVAL_PERSON_ORGANIZATION ( #3463, #3445, #2110 ) ;
#3036 = AXIS2_PLACEMENT_3D ( 'NONE', #3051, #1218, #2519 ) ;
#3037 = CYLINDRICAL_SURFACE ( 'NONE', #845, 1.000000000000000000 ) ;
#3038 = VECTOR ( 'NONE', #2449, 1000.000000000000000 ) ;
#3039 = CARTESIAN_POINT ( 'NONE',  ( -2.999999999999999556, -5.500000000000001776, 0.000000000000000000 ) ) ;
#3040 = EDGE_CURVE ( 'NONE', #2856, #2842, #901, .T. ) ;
#3041 = EDGE_LOOP ( 'NONE', ( #1654, #2647, #2013, #1807 ) ) ;
#3042 = FACE_OUTER_BOUND ( 'NONE', #2922, .T. ) ;
#3043 = CARTESIAN_POINT ( 'NONE',  ( -4.500000000000000000, 0.4999999999999970024, 7.499999999999996447 ) ) ;
#3044 = ORIENTED_EDGE ( 'NONE', *, *, #1511, .F. ) ;
#3045 = DIRECTION ( 'NONE',  ( -1.000000000000000000, 0.000000000000000000, 1.156482317317871478E-16 ) ) ;
#3046 = LINE ( 'NONE', #2263, #2250 ) ;
#3047 = CARTESIAN_POINT ( 'NONE',  ( 4.663883377995690971, 0.7529036391581528376, 10.90000000000000036 ) ) ;
#3048 = VERTEX_POINT ( 'NONE', #1417 ) ;
#3049 = VERTEX_POINT ( 'NONE', #3008 ) ;
#3050 = LINE ( 'NONE', #65, #55 ) ;
#3051 = CARTESIAN_POINT ( 'NONE',  ( -18.83361786177189501, 3.681892833670855847, 10.90000000000000036 ) ) ;
#3052 = ADVANCED_FACE ( 'NONE', ( #2773 ), #582, .T. ) ;
#3053 = DIRECTION ( 'NONE',  ( -1.000000000000000000, 0.000000000000000000, 0.000000000000000000 ) ) ;
#3054 = ORIENTED_EDGE ( 'NONE', *, *, #2032, .F. ) ;
#3055 = ORIENTED_EDGE ( 'NONE', *, *, #3135, .T. ) ;
#3056 = DIRECTION ( 'NONE',  ( -0.000000000000000000, 0.000000000000000000, 1.000000000000000000 ) ) ;
#3057 = PLANE ( 'NONE',  #2705 ) ;
#3058 = PLANE ( 'NONE',  #2359 ) ;
#3059 = DIRECTION ( 'NONE',  ( 1.000000000000000000, 0.000000000000000000, 0.000000000000000000 ) ) ;
#3060 = ORIENTED_EDGE ( 'NONE', *, *, #2095, .F. ) ;
#3061 = EDGE_CURVE ( 'NONE', #633, #357, #2802, .T. ) ;
#3062 = CARTESIAN_POINT ( 'NONE',  ( 5.663883377995690971, 7.500000000000001776, 27.60253455381900878 ) ) ;
#3063 = ORIENTED_EDGE ( 'NONE', *, *, #1566, .F. ) ;
#3064 = PLANE ( 'NONE',  #2195 ) ;
#3065 = CARTESIAN_POINT ( 'NONE',  ( -9.499999999999998224, -7.240740740740740478, 11.00000000000000000 ) ) ;
#3066 = CARTESIAN_POINT ( 'NONE',  ( -19.50000000000000000, 4.499999999999999112, 1.500000000000001332 ) ) ;
#3067 = ADVANCED_FACE ( 'NONE', ( #854 ), #2543, .F. ) ;
#3068 = ORIENTED_EDGE ( 'NONE', *, *, #411, .T. ) ;
#3069 = CYLINDRICAL_SURFACE ( 'NONE', #1640, 1.999999999999999556 ) ;
#3070 = PLANE ( 'NONE',  #1014 ) ;
#3071 = DIRECTION ( 'NONE',  ( 0.000000000000000000, 0.000000000000000000, 1.000000000000000000 ) ) ;
#3072 = EDGE_LOOP ( 'NONE', ( #3223, #26, #2266, #1770 ) ) ;
#3073 = PLANE ( 'NONE',  #1464 ) ;
#3074 = ORIENTED_EDGE ( 'NONE', *, *, #1052, .T. ) ;
#3075 = DIRECTION ( 'NONE',  ( 0.000000000000000000, 0.000000000000000000, -1.000000000000000000 ) ) ;
#3076 = VECTOR ( 'NONE', #3168, 1000.000000000000000 ) ;
#3077 = ORIENTED_EDGE ( 'NONE', *, *, #774, .F. ) ;
#3078 = DIRECTION ( 'NONE',  ( 0.000000000000000000, -9.637352644315595243E-17, 1.000000000000000000 ) ) ;
#3079 = DIRECTION ( 'NONE',  ( -1.000000000000000000, -3.469446951953599200E-15, 0.000000000000000000 ) ) ;
#3080 = VECTOR ( 'NONE', #2128, 1000.000000000000000 ) ;
#3081 = AXIS2_PLACEMENT_3D ( 'NONE', #1913, #15, #1883 ) ;
#3082 = CARTESIAN_POINT ( 'NONE',  ( -4.499999999999994671, -1.499999999999996669, 8.999999999999998224 ) ) ;
#3083 = VECTOR ( 'NONE', #3436, 1000.000000000000000 ) ;
#3084 = EDGE_CURVE ( 'NONE', #2228, #614, #446, .T. ) ;
#3085 = VECTOR ( 'NONE', #2859, 1000.000000000000000 ) ;
#3086 = PLANE ( 'NONE',  #903 ) ;
#3087 = CARTESIAN_POINT ( 'NONE',  ( -11.31866541822748928, 6.500000000000001776, 5.399999999999998579 ) ) ;
#3088 = AXIS2_PLACEMENT_3D ( 'NONE', #3334, #61, #2792 ) ;
#3089 = VERTEX_POINT ( 'NONE', #2001 ) ;
#3090 = EDGE_CURVE ( 'NONE', #2476, #475, #613, .T. ) ;
#3091 = DIRECTION ( 'NONE',  ( -1.000000000000000000, 0.000000000000000000, 0.000000000000000000 ) ) ;
#3092 = FACE_OUTER_BOUND ( 'NONE', #2891, .T. ) ;
#3093 = ORIENTED_EDGE ( 'NONE', *, *, #947, .T. ) ;
#3094 = VERTEX_POINT ( 'NONE', #2259 ) ;
#3095 = ORIENTED_EDGE ( 'NONE', *, *, #1650, .T. ) ;
#3096 = PLANE ( 'NONE',  #2304 ) ;
#3097 = LINE ( 'NONE', #3147, #396 ) ;
#3098 = CARTESIAN_POINT ( 'NONE',  ( -4.500000000000000000, 7.499999999999997335, 5.500000000000000000 ) ) ;
#3099 = EDGE_CURVE ( 'NONE', #1078, #1166, #1527, .T. ) ;
#3100 = DIRECTION ( 'NONE',  ( -0.000000000000000000, -1.000000000000000000, -0.000000000000000000 ) ) ;
#3101 = CARTESIAN_POINT ( 'NONE',  ( -19.18474130336028693, 4.618222011239900837, 5.399999999999998579 ) ) ;
#3102 = ORIENTED_EDGE ( 'NONE', *, *, #1709, .F. ) ;
#3103 = DIRECTION ( 'NONE',  ( -1.000000000000000000, 0.000000000000000000, 0.000000000000000000 ) ) ;
#3104 = ORIENTED_EDGE ( 'NONE', *, *, #3214, .T. ) ;
#3105 = PLANE ( 'NONE',  #2935 ) ;
#3106 = ADVANCED_FACE ( 'NONE', ( #315 ), #3315, .F. ) ;
#3107 = ADVANCED_FACE ( 'NONE', ( #2511 ), #417, .T. ) ;
#3108 = EDGE_LOOP ( 'NONE', ( #2257, #1733, #3350, #3145 ) ) ;
#3109 = ORIENTED_EDGE ( 'NONE', *, *, #1799, .F. ) ;
#3110 = DIRECTION ( 'NONE',  ( -1.000000000000000000, 0.000000000000000000, -9.076815266426611469E-17 ) ) ;
#3111 = CARTESIAN_POINT ( 'NONE',  ( 4.499999999999994671, -5.499999999999994671, 4.000000000000001776 ) ) ;
#3112 = CARTESIAN_POINT ( 'NONE',  ( -18.85112344158839548, 4.743328709404351251, 13.00000000000000000 ) ) ;
#3113 = CARTESIAN_POINT ( 'NONE',  ( -9.500000000000000000, -6.499999999999998224, 11.00000000000000000 ) ) ;
#3114 = CARTESIAN_POINT ( 'NONE',  ( 0.000000000000000000, 0.4999999999999970024, 0.000000000000000000 ) ) ;
#3115 = VERTEX_POINT ( 'NONE', #3364 ) ;
#3116 = DIRECTION ( 'NONE',  ( 0.000000000000000000, 0.000000000000000000, 1.000000000000000000 ) ) ;
#3117 = ORIENTED_EDGE ( 'NONE', *, *, #2681, .F. ) ;
#3118 = LINE ( 'NONE', #3141, #2042 ) ;
#3119 = VERTEX_POINT ( 'NONE', #1222 ) ;
#3120 = VECTOR ( 'NONE', #886, 1000.000000000000000 ) ;
#3121 = ORIENTED_EDGE ( 'NONE', *, *, #2094, .T. ) ;
#3122 = CARTESIAN_POINT ( 'NONE',  ( -19.83361786177189501, 1.752903639158156279, 10.90000000000000036 ) ) ;
#3123 = PLANE ( 'NONE',  #855 ) ;
#3124 = VECTOR ( 'NONE', #1441, 1000.000000000000000 ) ;
#3125 = AXIS2_PLACEMENT_3D ( 'NONE', #323, #3016, #1954 ) ;
#3126 = CARTESIAN_POINT ( 'NONE',  ( -4.500000000000000000, 0.4999999999999970024, 11.00000000000000000 ) ) ;
#3127 = ORIENTED_EDGE ( 'NONE', *, *, #989, .F. ) ;
#3128 = ORIENTED_EDGE ( 'NONE', *, *, #3099, .T. ) ;
#3129 = VECTOR ( 'NONE', #515, 1000.000000000000114 ) ;
#3130 = DIRECTION ( 'NONE',  ( 0.000000000000000000, -1.000000000000000000, 0.000000000000000000 ) ) ;
#3131 = VECTOR ( 'NONE', #1933, 1000.000000000000000 ) ;
#3132 = CARTESIAN_POINT ( 'NONE',  ( 19.50000000000000000, 3.806999531835309369, 13.00000000000000000 ) ) ;
#3133 = AXIS2_PLACEMENT_3D ( 'NONE', #3157, #814, #1058 ) ;
#3134 = CARTESIAN_POINT ( 'NONE',  ( -19.83361786177189501, 3.681892833670856291, 5.399999999999998579 ) ) ;
#3135 = EDGE_CURVE ( 'NONE', #2008, #1920, #2571, .T. ) ;
#3136 = VERTEX_POINT ( 'NONE', #2060 ) ;
#3137 = AXIS2_PLACEMENT_3D ( 'NONE', #496, #2412, #1867 ) ;
#3138 = AXIS2_PLACEMENT_3D ( 'NONE', #3221, #1480, #131 ) ;
#3139 = EDGE_LOOP ( 'NONE', ( #1800, #1306, #2577, #525 ) ) ;
#3140 = CARTESIAN_POINT ( 'NONE',  ( 18.83361786177189501, 3.681892833670854515, 27.60253455381900878 ) ) ;
#3141 = CARTESIAN_POINT ( 'NONE',  ( 4.663883377995690971, 0.7529036391581562793, 5.399999999999998579 ) ) ;
#3142 = CIRCLE ( 'NONE', #622, 1.000000000000000888 ) ;
#3143 = ORIENTED_EDGE ( 'NONE', *, *, #1817, .T. ) ;
#3144 = AXIS2_PLACEMENT_3D ( 'NONE', #3393, #1797, #1239 ) ;
#3145 = ORIENTED_EDGE ( 'NONE', *, *, #423, .T. ) ;
#3146 = CARTESIAN_POINT ( 'NONE',  ( 9.500000000000000000, -6.499999999999994671, 11.00000000000000000 ) ) ;
#3147 = CARTESIAN_POINT ( 'NONE',  ( -4.663883377995690971, 0.7529036391581562793, 7.599999999999997868 ) ) ;
#3148 = CARTESIAN_POINT ( 'NONE',  ( -19.18474130336028693, 4.618222011239900837, 2.100000000000000977 ) ) ;
#3149 = VERTEX_POINT ( 'NONE', #3134 ) ;
#3150 = ADVANCED_FACE ( 'NONE', ( #664 ), #2031, .T. ) ;
#3151 = ADVANCED_FACE ( 'NONE', ( #1553 ), #2822, .T. ) ;
#3152 = ORIENTED_EDGE ( 'NONE', *, *, #1406, .F. ) ;
#3153 = PLANE ( 'NONE',  #1458 ) ;
#3154 = CARTESIAN_POINT ( 'NONE',  ( 8.144736842105267272, -1.447368421052632970, 11.49999999999999822 ) ) ;
#3155 = PLANE ( 'NONE',  #2708 ) ;
#3156 = ORIENTED_EDGE ( 'NONE', *, *, #946, .F. ) ;
#3157 = CARTESIAN_POINT ( 'NONE',  ( 0.000000000000000000, 0.000000000000000000, 13.00000000000000000 ) ) ;
#3158 = LINE ( 'NONE', #1759, #2769 ) ;
#3159 = EDGE_LOOP ( 'NONE', ( #2646, #1208, #2458 ) ) ;
#3160 = LINE ( 'NONE', #1333, #1626 ) ;
#3161 = EDGE_CURVE ( 'NONE', #1999, #2742, #3330, .T. ) ;
#3162 = PLANE ( 'NONE',  #3187 ) ;
#3163 = CARTESIAN_POINT ( 'NONE',  ( 4.500000000000000000, 0.4999999999999970024, 7.499999999999998224 ) ) ;
#3164 = APPROVAL_ROLE ( '' ) ;
#3165 = DIRECTION ( 'NONE',  ( 1.000000000000000000, 2.312964634635743450E-16, -0.000000000000000000 ) ) ;
#3166 = ORIENTED_EDGE ( 'NONE', *, *, #1692, .T. ) ;
#3167 = EDGE_CURVE ( 'NONE', #2123, #692, #915, .T. ) ;
#3168 = DIRECTION ( 'NONE',  ( -0.000000000000000000, 1.000000000000000000, -0.000000000000000000 ) ) ;
#3169 = EDGE_CURVE ( 'NONE', #1045, #213, #984, .T. ) ;
#3170 = DIRECTION ( 'NONE',  ( 1.000000000000000000, 2.312964634635743450E-16, -0.000000000000000000 ) ) ;
#3171 = DIRECTION ( 'NONE',  ( 0.9363291775690447682, 0.3511234415883909277, 0.000000000000000000 ) ) ;
#3172 = ORIENTED_EDGE ( 'NONE', *, *, #2925, .F. ) ;
#3173 = ADVANCED_FACE ( 'NONE', ( #1259 ), #3070, .T. ) ;
#3174 = CARTESIAN_POINT ( 'NONE',  ( -11.50000000000000000, 7.499999999999997335, 11.50000000000000000 ) ) ;
#3175 = DIRECTION ( 'NONE',  ( 0.000000000000000000, 0.000000000000000000, 1.000000000000000000 ) ) ;
#3176 = ORIENTED_EDGE ( 'NONE', *, *, #3169, .F. ) ;
#3177 = EDGE_LOOP ( 'NONE', ( #1117, #1152, #1786, #2873 ) ) ;
#3178 = DIRECTION ( 'NONE',  ( -0.000000000000000000, -0.000000000000000000, 1.000000000000000000 ) ) ;
#3179 = CARTESIAN_POINT ( 'NONE',  ( 19.50000000000000000, -6.499999999999991118, 2.000000000000000000 ) ) ;
#3180 = APPROVAL_DATE_TIME ( #3216, #445 ) ;
#3181 = CARTESIAN_POINT ( 'NONE',  ( -0.5852660300136417471, -7.901091405184173411, 11.00000000000000000 ) ) ;
#3182 = AXIS2_PLACEMENT_3D ( 'NONE', #294, #2490, #2233 ) ;
#3183 = VECTOR ( 'NONE', #993, 1000.000000000000227 ) ;
#3184 = DIRECTION ( 'NONE',  ( -1.000000000000000000, 0.000000000000000000, 0.000000000000000000 ) ) ;
#3185 = DIRECTION ( 'NONE',  ( 1.000000000000000000, 2.312964634635743450E-16, -0.000000000000000000 ) ) ;
#3186 = CARTESIAN_POINT ( 'NONE',  ( 4.663883377995690971, 0.7529036391581562793, -14.60253455381901233 ) ) ;
#3187 = AXIS2_PLACEMENT_3D ( 'NONE', #835, #762, #569 ) ;
#3188 = ORIENTED_EDGE ( 'NONE', *, *, #301, .F. ) ;
#3189 = CIRCLE ( 'NONE', #2203, 9.555793662526184562 ) ;
#3190 = CARTESIAN_POINT ( 'NONE',  ( -17.49999999999998579, 0.4999999999999970579, 1.500000000000000666 ) ) ;
#3191 = CARTESIAN_POINT ( 'NONE',  ( 4.663883377995690971, 0.7529036391581528376, 7.599999999999997868 ) ) ;
#3192 = PRODUCT_DEFINITION_FORMATION_WITH_SPECIFIED_SOURCE ( 'ANY', '', #2333, .NOT_KNOWN. ) ;
#3193 = AXIS2_PLACEMENT_3D ( 'NONE', #1454, #3079, #1904 ) ;
#3194 = EDGE_CURVE ( 'NONE', #2830, #1595, #184, .T. ) ;
#3195 = ORIENTED_EDGE ( 'NONE', *, *, #3361, .T. ) ;
#3196 = EDGE_CURVE ( 'NONE', #2714, #300, #2557, .T. ) ;
#3197 = CARTESIAN_POINT ( 'NONE',  ( -4.663883377995690971, 0.7529036391581562793, 10.90000000000000036 ) ) ;
#3198 = VECTOR ( 'NONE', #893, 1000.000000000000000 ) ;
#3199 = DIRECTION ( 'NONE',  ( 1.000000000000000000, 2.312964634635743450E-16, -0.000000000000000000 ) ) ;
#3200 = FACE_OUTER_BOUND ( 'NONE', #2898, .T. ) ;
#3201 = VECTOR ( 'NONE', #2174, 1000.000000000000000 ) ;
#3202 = APPROVAL_DATE_TIME ( #1659, #800 ) ;
#3203 = PLANE ( 'NONE',  #1460 ) ;
#3204 = LINE ( 'NONE', #1621, #1062 ) ;
#3205 = EDGE_CURVE ( 'NONE', #1477, #1017, #2540, .T. ) ;
#3206 = DIRECTION ( 'NONE',  ( 1.000000000000000000, 0.000000000000000000, 0.000000000000000000 ) ) ;
#3207 = DIRECTION ( 'NONE',  ( 0.3511234415883909277, -0.9363291775690447682, 0.000000000000000000 ) ) ;
#3208 = CARTESIAN_POINT ( 'NONE',  ( -4.500000000000000000, 7.499999999999997335, 22.21954445729289063 ) ) ;
#3209 = LINE ( 'NONE', #2644, #2984 ) ;
#3210 = ORIENTED_EDGE ( 'NONE', *, *, #3099, .F. ) ;
#3211 = CARTESIAN_POINT ( 'NONE',  ( 17.49999999999998934, 0.4999999999999970024, 1.499999999999996225 ) ) ;
#3212 = CYLINDRICAL_SURFACE ( 'NONE', #2980, 9.555793662526186338 ) ;
#3213 = ADVANCED_FACE ( 'NONE', ( #1769 ), #2836, .T. ) ;
#3214 = EDGE_CURVE ( 'NONE', #2618, #3394, #2262, .T. ) ;
#3215 = DIRECTION ( 'NONE',  ( 0.000000000000000000, 0.000000000000000000, 1.000000000000000000 ) ) ;
#3216 = DATE_AND_TIME ( #1091, #1249 ) ;
#3217 = ORIENTED_EDGE ( 'NONE', *, *, #1444, .T. ) ;
#3218 = DIRECTION ( 'NONE',  ( -4.336808689942018722E-16, 1.000000000000000000, 0.000000000000000000 ) ) ;
#3219 = VERTEX_POINT ( 'NONE', #3101 ) ;
#3220 = CARTESIAN_POINT ( 'NONE',  ( -4.500000000000000000, 7.499999999999997335, 2.000000000000000000 ) ) ;
#3221 = CARTESIAN_POINT ( 'NONE',  ( 18.83361786177189501, 1.752903639158156279, -14.60253455381901233 ) ) ;
#3222 = CARTESIAN_POINT ( 'NONE',  ( 1.590163186312071329E-15, -5.500000000000000000, 0.000000000000000000 ) ) ;
#3223 = ORIENTED_EDGE ( 'NONE', *, *, #3090, .F. ) ;
#3224 = CARTESIAN_POINT ( 'NONE',  ( 11.31866541822748928, 7.500000000000001776, 10.90000000000000036 ) ) ;
#3225 = CARTESIAN_POINT ( 'NONE',  ( -4.500000000000000000, 0.4999999999999970024, 5.500000000000000000 ) ) ;
#3226 = ORIENTED_EDGE ( 'NONE', *, *, #1036, .T. ) ;
#3227 = CARTESIAN_POINT ( 'NONE',  ( 18.83361786177189501, 3.681892833670854515, 7.599999999999998757 ) ) ;
#3228 = DIRECTION ( 'NONE',  ( 0.000000000000000000, -0.000000000000000000, -1.000000000000000000 ) ) ;
#3229 = LINE ( 'NONE', #3179, #1020 ) ;
#3230 = EDGE_CURVE ( 'NONE', #313, #3094, #2869, .T. ) ;
#3231 = CALENDAR_DATE ( 2022, 24, 1 ) ;
#3232 = DIRECTION ( 'NONE',  ( 0.000000000000000000, -1.000000000000000000, 0.000000000000000000 ) ) ;
#3233 = CARTESIAN_POINT ( 'NONE',  ( 11.31866541822748928, 6.500000000000001776, 5.399999999999998579 ) ) ;
#3234 = ORIENTED_EDGE ( 'NONE', *, *, #1927, .F. ) ;
#3235 = ORIENTED_EDGE ( 'NONE', *, *, #3300, .F. ) ;
#3236 = LINE ( 'NONE', #1416, #2035 ) ;
#3237 = CIRCLE ( 'NONE', #217, 2.000000000000000000 ) ;
#3238 = DIRECTION ( 'NONE',  ( 0.000000000000000000, 0.000000000000000000, -1.000000000000000000 ) ) ;
#3239 = ORIENTED_EDGE ( 'NONE', *, *, #428, .F. ) ;
#3240 = VECTOR ( 'NONE', #2999, 1000.000000000000000 ) ;
#3241 = CARTESIAN_POINT ( 'NONE',  ( -11.50000000000000000, 7.499999999999997335, 2.000000000000001332 ) ) ;
#3242 = PLANE ( 'NONE',  #558 ) ;
#3243 = ORIENTED_EDGE ( 'NONE', *, *, #1511, .T. ) ;
#3244 = ADVANCED_FACE ( 'NONE', ( #2612 ), #203, .F. ) ;
#3245 = CARTESIAN_POINT ( 'NONE',  ( 4.500000000000000000, 7.499999999999997335, 22.21954445729289063 ) ) ;
#3246 = AXIS2_PLACEMENT_3D ( 'NONE', #2443, #2666, #248 ) ;
#3247 = AXIS2_PLACEMENT_3D ( 'NONE', #1314, #259, #1839 ) ;
#3248 = AXIS2_PLACEMENT_3D ( 'NONE', #1096, #2364, #2420 ) ;
#3249 = VECTOR ( 'NONE', #179, 1000.000000000000000 ) ;
#3250 = ORIENTED_EDGE ( 'NONE', *, *, #849, .F. ) ;
#3251 = LINE ( 'NONE', #862, #3080 ) ;
#3252 = ORIENTED_EDGE ( 'NONE', *, *, #2341, .T. ) ;
#3253 = CIRCLE ( 'NONE', #1079, 1.999999999999999556 ) ;
#3254 = DIRECTION ( 'NONE',  ( 0.000000000000000000, 0.000000000000000000, 1.000000000000000000 ) ) ;
#3255 = ADVANCED_FACE ( 'NONE', ( #2886 ), #934, .F. ) ;
#3256 = ADVANCED_FACE ( 'NONE', ( #1345 ), #794, .T. ) ;
#3257 = DIRECTION ( 'NONE',  ( 0.000000000000000000, 0.000000000000000000, 1.000000000000000000 ) ) ;
#3258 = CARTESIAN_POINT ( 'NONE',  ( -5.999999999999975131, -7.500000000000001776, 0.000000000000000000 ) ) ;
#3259 = FACE_OUTER_BOUND ( 'NONE', #2040, .T. ) ;
#3260 = ORIENTED_EDGE ( 'NONE', *, *, #2798, .T. ) ;
#3261 = DESIGN_CONTEXT ( 'detailed design', #1086, 'design' ) ;
#3262 = CARTESIAN_POINT ( 'NONE',  ( -18.50000000000000000, 3.806999531835308481, 11.50000000000000178 ) ) ;
#3263 = CARTESIAN_POINT ( 'NONE',  ( -9.500000000000000000, -6.499999999999998224, 2.000000000000000888 ) ) ;
#3264 = CARTESIAN_POINT ( 'NONE',  ( 4.663883377995690971, 6.500000000000001776, 2.100000000000000977 ) ) ;
#3265 = EDGE_CURVE ( 'NONE', #3219, #1017, #771, .T. ) ;
#3266 = VERTEX_POINT ( 'NONE', #3450 ) ;
#3267 = CARTESIAN_POINT ( 'NONE',  ( -8.144736842105263719, -1.447368421052636522, 1.499999999999999556 ) ) ;
#3268 = VERTEX_POINT ( 'NONE', #2 ) ;
#3269 = ADVANCED_FACE ( 'NONE', ( #1288 ), #827, .T. ) ;
#3270 = DIRECTION ( 'NONE',  ( -0.000000000000000000, 1.000000000000000000, -0.000000000000000000 ) ) ;
#3271 = LINE ( 'NONE', #327, #960 ) ;
#3272 = EDGE_CURVE ( 'NONE', #213, #772, #2641, .T. ) ;
#3273 = ADVANCED_FACE ( 'NONE', ( #1646 ), #1076, .F. ) ;
#3274 = ORIENTED_EDGE ( 'NONE', *, *, #2892, .F. ) ;
#3275 = PLANE ( 'NONE',  #1250 ) ;
#3276 = DIRECTION ( 'NONE',  ( 1.000000000000000000, 2.312964634635743450E-16, 0.000000000000000000 ) ) ;
#3277 = ORIENTED_EDGE ( 'NONE', *, *, #1556, .T. ) ;
#3278 = EDGE_CURVE ( 'NONE', #3006, #974, #1308, .T. ) ;
#3279 = DIRECTION ( 'NONE',  ( 1.000000000000000000, 0.000000000000000000, 0.000000000000000000 ) ) ;
#3280 = DIRECTION ( 'NONE',  ( 0.000000000000000000, 0.000000000000000000, -1.000000000000000000 ) ) ;
#3281 = LINE ( 'NONE', #1967, #170 ) ;
#3282 = ORIENTED_EDGE ( 'NONE', *, *, #104, .T. ) ;
#3283 = DIRECTION ( 'NONE',  ( 2.312964634635743450E-16, -1.000000000000000000, 0.000000000000000000 ) ) ;
#3284 = VERTEX_POINT ( 'NONE', #2957 ) ;
#3285 = CARTESIAN_POINT ( 'NONE',  ( -19.50000000000000000, 7.499999999999997335, 13.00000000000000000 ) ) ;
#3286 = ADVANCED_FACE ( 'NONE', ( #1569 ), #2402, .T. ) ;
#3287 = FACE_OUTER_BOUND ( 'NONE', #3390, .T. ) ;
#3288 = LINE ( 'NONE', #896, #1073 ) ;
#3289 = CIRCLE ( 'NONE', #1794, 1.000000000000000888 ) ;
#3290 = ORIENTED_EDGE ( 'NONE', *, *, #2397, .F. ) ;
#3291 = CARTESIAN_POINT ( 'NONE',  ( 4.500000000000000000, 0.4999999999999970024, 11.00000000000000000 ) ) ;
#3292 = CARTESIAN_POINT ( 'NONE',  ( 8.144736842105267272, -1.447368421052632970, 1.499999999999997780 ) ) ;
#3293 = VECTOR ( 'NONE', #117, 1000.000000000000114 ) ;
#3294 = EDGE_LOOP ( 'NONE', ( #1121, #3093, #2843, #778, #2033, #2990, #1599, #122, #2473, #1492, #829, #1853 ) ) ;
#3295 = VECTOR ( 'NONE', #549, 1000.000000000000000 ) ;
#3296 = FACE_OUTER_BOUND ( 'NONE', #3177, .T. ) ;
#3297 = DIRECTION ( 'NONE',  ( 0.000000000000000000, 0.000000000000000000, -1.000000000000000000 ) ) ;
#3298 = DIRECTION ( 'NONE',  ( -0.000000000000000000, 1.000000000000000000, -0.000000000000000000 ) ) ;
#3299 = EDGE_CURVE ( 'NONE', #1009, #2943, #2679, .T. ) ;
#3300 = EDGE_CURVE ( 'NONE', #1882, #890, #1135, .T. ) ;
#3301 = VECTOR ( 'NONE', #2394, 1000.000000000000000 ) ;
#3302 = ORIENTED_EDGE ( 'NONE', *, *, #1886, .F. ) ;
#3303 = AXIS2_PLACEMENT_3D ( 'NONE', #1752, #1821, #2591 ) ;
#3304 = VECTOR ( 'NONE', #899, 1000.000000000000000 ) ;
#3305 = FACE_OUTER_BOUND ( 'NONE', #1832, .T. ) ;
#3306 = LINE ( 'NONE', #414, #964 ) ;
#3307 = CIRCLE ( 'NONE', #508, 1.000000000000000888 ) ;
#3308 = CARTESIAN_POINT ( 'NONE',  ( -19.83361786177189501, 3.681892833670855847, 27.60253455381900878 ) ) ;
#3309 = AXIS2_PLACEMENT_3D ( 'NONE', #940, #1726, #907 ) ;
#3310 = VECTOR ( 'NONE', #231, 1000.000000000000000 ) ;
#3311 = EDGE_LOOP ( 'NONE', ( #1871, #3095, #941, #2968, #454, #2392, #1325, #632, #378, #2730 ) ) ;
#3312 = EDGE_CURVE ( 'NONE', #194, #1035, #524, .T. ) ;
#3313 = VERTEX_POINT ( 'NONE', #2170 ) ;
#3314 = DIRECTION ( 'NONE',  ( -1.000000000000000000, 0.000000000000000000, -1.156482317317871478E-16 ) ) ;
#3315 = PLANE ( 'NONE',  #1536 ) ;
#3316 = CARTESIAN_POINT ( 'NONE',  ( 4.500000000000000000, 0.4999999999999970024, 5.499999999999998224 ) ) ;
#3317 = DIRECTION ( 'NONE',  ( 1.000000000000000000, 2.312964634635743450E-16, 0.000000000000000000 ) ) ;
#3318 = CARTESIAN_POINT ( 'NONE',  ( 19.83361786177189501, 3.681892833670855847, 5.399999999999998579 ) ) ;
#3319 = VERTEX_POINT ( 'NONE', #2694 ) ;
#3320 = EDGE_LOOP ( 'NONE', ( #153, #624, #1550, #3379 ) ) ;
#3321 = ADVANCED_FACE ( 'NONE', ( #2385 ), #3155, .F. ) ;
#3322 = EDGE_CURVE ( 'NONE', #2553, #2997, #812, .T. ) ;
#3323 = ORIENTED_EDGE ( 'NONE', *, *, #1512, .F. ) ;
#3324 = LINE ( 'NONE', #1145, #1179 ) ;
#3325 = DIRECTION ( 'NONE',  ( -0.8320502943378438321, -0.5547001962252288143, 0.000000000000000000 ) ) ;
#3326 = LINE ( 'NONE', #3066, #3293 ) ;
#3327 = ORIENTED_EDGE ( 'NONE', *, *, #4, .F. ) ;
#3328 = ORIENTED_EDGE ( 'NONE', *, *, #2032, .T. ) ;
#3329 = LINE ( 'NONE', #1206, #63 ) ;
#3330 = LINE ( 'NONE', #715, #1805 ) ;
#3331 = DIRECTION ( 'NONE',  ( -0.000000000000000000, 0.000000000000000000, 1.000000000000000000 ) ) ;
#3332 = DIRECTION ( 'NONE',  ( 0.000000000000000000, 0.000000000000000000, 1.000000000000000000 ) ) ;
#3333 = ORIENTED_EDGE ( 'NONE', *, *, #255, .T. ) ;
#3334 = CARTESIAN_POINT ( 'NONE',  ( 19.83361786177189501, 0.7529036391581562793, -14.60253455381901233 ) ) ;
#3335 = VERTEX_POINT ( 'NONE', #1594 ) ;
#3336 = FACE_OUTER_BOUND ( 'NONE', #2332, .T. ) ;
#3337 = CARTESIAN_POINT ( 'NONE',  ( -4.500000000000000000, 0.4999999999999970024, 7.499999999999996447 ) ) ;
#3338 = CARTESIAN_POINT ( 'NONE',  ( -4.500000000000000000, 7.499999999999997335, 22.21954445729289063 ) ) ;
#3339 = EDGE_CURVE ( 'NONE', #890, #2997, #3433, .T. ) ;
#3340 = ORIENTED_EDGE ( 'NONE', *, *, #3009, .T. ) ;
#3341 = PLANE ( 'NONE',  #1532 ) ;
#3342 = DIRECTION ( 'NONE',  ( 0.000000000000000000, 0.000000000000000000, -1.000000000000000000 ) ) ;
#3343 = AXIS2_PLACEMENT_3D ( 'NONE', #514, #2447, #212 ) ;
#3344 = ORIENTED_EDGE ( 'NONE', *, *, #2464, .T. ) ;
#3345 = EDGE_CURVE ( 'NONE', #614, #3335, #276, .T. ) ;
#3346 = CARTESIAN_POINT ( 'NONE',  ( -6.000000000000005329, -7.500000000000002665, 0.000000000000000000 ) ) ;
#3347 = VECTOR ( 'NONE', #1038, 1000.000000000000000 ) ;
#3348 = ORIENTED_EDGE ( 'NONE', *, *, #2564, .T. ) ;
#3349 = CARTESIAN_POINT ( 'NONE',  ( -4.663883377995690971, 0.7529036391581562793, 2.100000000000000977 ) ) ;
#3350 = ORIENTED_EDGE ( 'NONE', *, *, #1981, .F. ) ;
#3351 = AXIS2_PLACEMENT_3D ( 'NONE', #1756, #2916, #2826 ) ;
#3352 = ORIENTED_EDGE ( 'NONE', *, *, #2280, .T. ) ;
#3353 = DIRECTION ( 'NONE',  ( -0.000000000000000000, 1.000000000000000000, -0.000000000000000000 ) ) ;
#3354 = DIRECTION ( 'NONE',  ( -1.000000000000000000, -2.312964634635743450E-16, 0.000000000000000000 ) ) ;
#3355 = VECTOR ( 'NONE', #1174, 1000.000000000000000 ) ;
#3356 = AXIS2_PLACEMENT_3D ( 'NONE', #1229, #1789, #1282 ) ;
#3357 = CARTESIAN_POINT ( 'NONE',  ( -4.500000000000000000, 0.4999999999999970024, 11.00000000000000000 ) ) ;
#3358 = AXIS2_PLACEMENT_3D ( 'NONE', #2901, #1313, #2134 ) ;
#3359 = CIRCLE ( 'NONE', #2145, 1.000000000000000888 ) ;
#3360 = VECTOR ( 'NONE', #2440, 1000.000000000000000 ) ;
#3361 = EDGE_CURVE ( 'NONE', #2870, #992, #1023, .T. ) ;
#3362 = EDGE_CURVE ( 'NONE', #3268, #1452, #2662, .T. ) ;
#3363 = DIRECTION ( 'NONE',  ( 1.000000000000000000, 2.312964634635743450E-16, -0.000000000000000000 ) ) ;
#3364 = CARTESIAN_POINT ( 'NONE',  ( 19.83361786177189501, 3.681892833670854515, 10.90000000000000036 ) ) ;
#3365 = VECTOR ( 'NONE', #252, 1000.000000000000000 ) ;
#3366 = ORIENTED_EDGE ( 'NONE', *, *, #601, .T. ) ;
#3367 = DIRECTION ( 'NONE',  ( -0.000000000000000000, 0.000000000000000000, 1.000000000000000000 ) ) ;
#3368 = DIRECTION ( 'NONE',  ( 2.312964634635742957E-16, -1.000000000000000000, 0.000000000000000000 ) ) ;
#3369 = ORIENTED_EDGE ( 'NONE', *, *, #2861, .F. ) ;
#3370 = ORIENTED_EDGE ( 'NONE', *, *, #1236, .T. ) ;
#3371 = CARTESIAN_POINT ( 'NONE',  ( 19.83361786177189501, 0.7529036391581528376, 27.60253455381900878 ) ) ;
#3372 = CARTESIAN_POINT ( 'NONE',  ( 4.663883377995690971, 7.500000000000001776, 10.90000000000000036 ) ) ;
#3373 = EDGE_CURVE ( 'NONE', #1999, #242, #1696, .T. ) ;
#3374 = CARTESIAN_POINT ( 'NONE',  ( -17.49999999999998579, 0.4999999999999970024, 0.000000000000000000 ) ) ;
#3375 = EDGE_LOOP ( 'NONE', ( #341, #2800, #1113, #626 ) ) ;
#3376 = CARTESIAN_POINT ( 'NONE',  ( -19.83361786177189501, 3.681892833670856291, -14.60253455381901233 ) ) ;
#3377 = DIRECTION ( 'NONE',  ( 1.000000000000000000, 0.000000000000000000, 0.000000000000000000 ) ) ;
#3378 = EDGE_CURVE ( 'NONE', #824, #171, #1584, .T. ) ;
#3379 = ORIENTED_EDGE ( 'NONE', *, *, #1495, .T. ) ;
#3380 = PLANE ( 'NONE',  #3028 ) ;
#3381 = ORIENTED_EDGE ( 'NONE', *, *, #345, .T. ) ;
#3382 = DIRECTION ( 'NONE',  ( -1.000000000000000000, -2.312964634635743450E-16, 0.000000000000000000 ) ) ;
#3383 = EDGE_LOOP ( 'NONE', ( #3302, #3234, #2182, #1415 ) ) ;
#3384 = VERTEX_POINT ( 'NONE', #1410 ) ;
#3385 = DIRECTION ( 'NONE',  ( 1.000000000000000000, 0.000000000000000000, 0.000000000000000000 ) ) ;
#3386 = DIRECTION ( 'NONE',  ( -1.000000000000000000, -0.000000000000000000, -0.000000000000000000 ) ) ;
#3387 = CARTESIAN_POINT ( 'NONE',  ( 17.50000000000000000, 0.5000000000000038858, 11.49999999999999645 ) ) ;
#3388 = EDGE_CURVE ( 'NONE', #1882, #2423, #3271, .T. ) ;
#3389 = EDGE_LOOP ( 'NONE', ( #550, #656, #1894, #1543, #1269, #2659 ) ) ;
#3390 = EDGE_LOOP ( 'NONE', ( #1348, #2603, #732, #2712 ) ) ;
#3391 = LINE ( 'NONE', #123, #719 ) ;
#3392 = DIRECTION ( 'NONE',  ( 0.9363291775690446572, -0.3511234415883910942, -1.015170128481923852E-16 ) ) ;
#3393 = CARTESIAN_POINT ( 'NONE',  ( 9.499999999999978684, 6.534125092845912384E-14, 0.000000000000000000 ) ) ;
#3394 = VERTEX_POINT ( 'NONE', #365 ) ;
#3395 = CYLINDRICAL_SURFACE ( 'NONE', #785, 1.000000000000000888 ) ;
#3396 = CARTESIAN_POINT ( 'NONE',  ( -18.83361786177189501, 3.681892833670856291, 2.100000000000000977 ) ) ;
#3397 = ORIENTED_EDGE ( 'NONE', *, *, #146, .T. ) ;
#3398 = VECTOR ( 'NONE', #834, 1000.000000000000000 ) ;
#3399 = VERTEX_POINT ( 'NONE', #847 ) ;
#3400 = CARTESIAN_POINT ( 'NONE',  ( 9.500000000000000000, -6.499999999999993783, 2.000000000000000000 ) ) ;
#3401 = EDGE_CURVE ( 'NONE', #2658, #1477, #35, .T. ) ;
#3402 = ADVANCED_FACE ( 'NONE', ( #2783 ), #1112, .T. ) ;
#3403 = LINE ( 'NONE', #1812, #2875 ) ;
#3404 = AXIS2_PLACEMENT_3D ( 'NONE', #2782, #2538, #1178 ) ;
#3405 = CIRCLE ( 'NONE', #498, 1.000000000000000888 ) ;
#3406 = DIRECTION ( 'NONE',  ( 0.8944271909999166326, -0.4472135954999564289, -1.034389230519698036E-16 ) ) ;
#3407 = ORIENTED_EDGE ( 'NONE', *, *, #363, .T. ) ;
#3408 = AXIS2_PLACEMENT_3D ( 'NONE', #2909, #2163, #2669 ) ;
#3409 = CARTESIAN_POINT ( 'NONE',  ( -9.500000000000000000, -6.499999999999998224, 11.00000000000000000 ) ) ;
#3410 = VECTOR ( 'NONE', #135, 1000.000000000000000 ) ;
#3411 = DIRECTION ( 'NONE',  ( 0.000000000000000000, 0.000000000000000000, 1.000000000000000000 ) ) ;
#3412 = VECTOR ( 'NONE', #714, 1000.000000000000000 ) ;
#3413 = DIRECTION ( 'NONE',  ( 1.000000000000000000, 0.000000000000000000, 0.000000000000000000 ) ) ;
#3414 = ORIENTED_EDGE ( 'NONE', *, *, #409, .T. ) ;
#3415 = EDGE_CURVE ( 'NONE', #2844, #2064, #1982, .T. ) ;
#3416 = VECTOR ( 'NONE', #506, 1000.000000000000000 ) ;
#3417 = VECTOR ( 'NONE', #2910, 1000.000000000000000 ) ;
#3418 = FACE_OUTER_BOUND ( 'NONE', #2043, .T. ) ;
#3419 = DIRECTION ( 'NONE',  ( 0.000000000000000000, 1.000000000000000000, 0.000000000000000000 ) ) ;
#3420 = AXIS2_PLACEMENT_3D ( 'NONE', #1399, #3075, #2738 ) ;
#3421 = ORIENTED_EDGE ( 'NONE', *, *, #2969, .T. ) ;
#3422 = EDGE_LOOP ( 'NONE', ( #490, #1914, #2907, #828 ) ) ;
#3423 = CARTESIAN_POINT ( 'NONE',  ( 11.50000000000000000, 7.499999999999997335, 0.000000000000000000 ) ) ;
#3424 = LINE ( 'NONE', #2069, #1801 ) ;
#3425 = DIRECTION ( 'NONE',  ( 0.000000000000000000, 0.000000000000000000, -1.000000000000000000 ) ) ;
#3426 = ADVANCED_FACE ( 'NONE', ( #1958 ), #607, .T. ) ;
#3427 =( NAMED_UNIT ( * ) SI_UNIT ( $, .STERADIAN. ) SOLID_ANGLE_UNIT ( ) );
#3428 = CARTESIAN_POINT ( 'NONE',  ( -11.50000000000000000, 7.499999999999997335, 7.499999999999994671 ) ) ;
#3429 = ORIENTED_EDGE ( 'NONE', *, *, #1036, .F. ) ;
#3430 = ORIENTED_EDGE ( 'NONE', *, *, #3339, .F. ) ;
#3431 = CYLINDRICAL_SURFACE ( 'NONE', #1689, 1.000000000000000888 ) ;
#3432 = DIRECTION ( 'NONE',  ( -1.156482317317871478E-16, 0.000000000000000000, -1.000000000000000000 ) ) ;
#3433 = LINE ( 'NONE', #754, #166 ) ;
#3434 = VERTEX_POINT ( 'NONE', #1148 ) ;
#3435 = EDGE_LOOP ( 'NONE', ( #2735, #1825 ) ) ;
#3436 = DIRECTION ( 'NONE',  ( -0.9972677544567090102, 0.07387168551531167471, 0.000000000000000000 ) ) ;
#3437 = CARTESIAN_POINT ( 'NONE',  ( -9.499999999999994671, -7.240740740740740478, 0.000000000000000000 ) ) ;
#3438 = VERTEX_POINT ( 'NONE', #1392 ) ;
#3439 = CARTESIAN_POINT ( 'NONE',  ( 0.000000000000000000, 0.000000000000000000, 11.00000000000000000 ) ) ;
#3440 = LINE ( 'NONE', #2124, #2484 ) ;
#3441 = CARTESIAN_POINT ( 'NONE',  ( 18.85112344158839548, 4.743328709404359245, 11.49999999999999645 ) ) ;
#3442 = APPLICATION_PROTOCOL_DEFINITION ( 'international standard', 'config_control_design', 1994, #46 ) ;
#3443 = FACE_OUTER_BOUND ( 'NONE', #491, .T. ) ;
#3444 = VERTEX_POINT ( 'NONE', #3039 ) ;
#3445 = APPROVAL ( #821, 'UNSPECIFIED' ) ;
#3446 = FACE_OUTER_BOUND ( 'NONE', #3072, .T. ) ;
#3447 = DIRECTION ( 'NONE',  ( -0.000000000000000000, -0.000000000000000000, 1.000000000000000000 ) ) ;
#3448 = ADVANCED_FACE ( 'NONE', ( #1442 ), #576, .F. ) ;
#3449 = ADVANCED_FACE ( 'NONE', ( #2745 ), #84, .T. ) ;
#3450 = CARTESIAN_POINT ( 'NONE',  ( 4.500000000000000000, 0.4999999999999970024, 11.00000000000000000 ) ) ;
#3451 = ORIENTED_EDGE ( 'NONE', *, *, #320, .F. ) ;
#3452 = EDGE_LOOP ( 'NONE', ( #1545, #2268, #1838, #1847 ) ) ;
#3453 = CARTESIAN_POINT ( 'NONE',  ( 8.144736842105269048, -1.447368421052632970, 11.00000000000000000 ) ) ;
#3454 = DIRECTION ( 'NONE',  ( -1.000000000000000000, 0.000000000000000000, 0.000000000000000000 ) ) ;
#3455 = ORIENTED_EDGE ( 'NONE', *, *, #1195, .F. ) ;
#3456 = DIRECTION ( 'NONE',  ( 0.9972677544567090102, 0.07387168551531218819, 0.000000000000000000 ) ) ;
#3457 = ORIENTED_EDGE ( 'NONE', *, *, #1725, .T. ) ;
#3458 = CARTESIAN_POINT ( 'NONE',  ( -9.499999999999998224, -7.240740740740740478, 2.000000000000000888 ) ) ;
#3459 = ORIENTED_EDGE ( 'NONE', *, *, #355, .T. ) ;
#3460 = CARTESIAN_POINT ( 'NONE',  ( 0.4061384660534469448, 5.680505984912641360, 11.00000000000000000 ) ) ;
#3461 = AXIS2_PLACEMENT_3D ( 'NONE', #3439, #817, #761 ) ;
#3462 = EDGE_CURVE ( 'NONE', #1446, #1181, #3288, .T. ) ;
#3463 = PERSON_AND_ORGANIZATION ( #2062, #2764 ) ;
#3464 = DIRECTION ( 'NONE',  ( -0.5547001962252289253, 0.8320502943378439431, 0.000000000000000000 ) ) ;
#3465 = AXIS2_PLACEMENT_3D ( 'NONE', #2417, #1608, #2955 ) ;
#3466 = VECTOR ( 'NONE', #1814, 1000.000000000000000 ) ;
#3467 = PLANE ( 'NONE',  #605 ) ;
ENDSEC;
END-ISO-10303-21;
