ISO-10303-21;
HEADER;
/* Generated by software containing ST-Developer
 * from STEP Tools, Inc. (www.steptools.com) 
 */

FILE_DESCRIPTION(
/* description */ (''),
/* implementation_level */ '2;1');

FILE_NAME(
/* name */ 'ESP32_CAM v3.1.step',
/* time_stamp */ '2024-01-19T19:07:00+01:00',
/* author */ (''),
/* organization */ (''),
/* preprocessor_version */ 'ST-DEVELOPER v20',
/* originating_system */ 'Autodesk Translation Framework v12.14.0.127',

/* authorisation */ '');

FILE_SCHEMA (('AUTOMOTIVE_DESIGN { 1 0 10303 214 3 1 1 }'));
ENDSEC;

DATA;
#10=MECHANICAL_DESIGN_GEOMETRIC_PRESENTATION_REPRESENTATION('',(#29,#30,
#31),#6997);
#11=ITEM_DEFINED_TRANSFORMATION($,$,#4377,#4661);
#12=ITEM_DEFINED_TRANSFORMATION($,$,#4446,#4662);
#13=ITEM_DEFINED_TRANSFORMATION($,$,#4504,#4663);
#14=(
REPRESENTATION_RELATIONSHIP($,$,#7014,#7013)
REPRESENTATION_RELATIONSHIP_WITH_TRANSFORMATION(#11)
SHAPE_REPRESENTATION_RELATIONSHIP()
);
#15=(
REPRESENTATION_RELATIONSHIP($,$,#7015,#7013)
REPRESENTATION_RELATIONSHIP_WITH_TRANSFORMATION(#12)
SHAPE_REPRESENTATION_RELATIONSHIP()
);
#16=(
REPRESENTATION_RELATIONSHIP($,$,#7016,#7013)
REPRESENTATION_RELATIONSHIP_WITH_TRANSFORMATION(#13)
SHAPE_REPRESENTATION_RELATIONSHIP()
);
#17=CONTEXT_DEPENDENT_SHAPE_REPRESENTATION(#14,#7010);
#18=CONTEXT_DEPENDENT_SHAPE_REPRESENTATION(#15,#7011);
#19=CONTEXT_DEPENDENT_SHAPE_REPRESENTATION(#16,#7012);
#20=NEXT_ASSEMBLY_USAGE_OCCURRENCE('Klammer:1','Klammer:1','Klammer:1',
#7018,#7019,'Klammer:1');
#21=NEXT_ASSEMBLY_USAGE_OCCURRENCE('Geh\X\E4use:1','Geh\X\E4use:1',
'Geh\X\E4use:1',#7018,#7020,'Geh\X\E4use:1');
#22=NEXT_ASSEMBLY_USAGE_OCCURRENCE('Deckel:1','Deckel:1','Deckel:1',#7018,
#7021,'Deckel:1');
#23=SHAPE_REPRESENTATION_RELATIONSHIP('SRR','None',#7014,#26);
#24=SHAPE_REPRESENTATION_RELATIONSHIP('SRR','None',#7015,#27);
#25=SHAPE_REPRESENTATION_RELATIONSHIP('SRR','None',#7016,#28);
#26=ADVANCED_BREP_SHAPE_REPRESENTATION('',(#32),#6994);
#27=ADVANCED_BREP_SHAPE_REPRESENTATION('',(#33),#6995);
#28=ADVANCED_BREP_SHAPE_REPRESENTATION('',(#34),#6996);
#29=STYLED_ITEM('',(#7039),#32);
#30=STYLED_ITEM('',(#7039),#33);
#31=STYLED_ITEM('',(#7040),#34);
#32=MANIFOLD_SOLID_BREP('Klammer',#4339);
#33=MANIFOLD_SOLID_BREP('Geh\X\E4use',#4340);
#34=MANIFOLD_SOLID_BREP('Deckel',#4341);
#35=SPHERICAL_SURFACE('',#4411,0.5);
#36=SPHERICAL_SURFACE('',#4413,0.5);
#37=SPHERICAL_SURFACE('',#4415,0.5);
#38=SPHERICAL_SURFACE('',#4417,0.5);
#39=SPHERICAL_SURFACE('',#4419,0.5);
#40=SPHERICAL_SURFACE('',#4421,0.5);
#41=SPHERICAL_SURFACE('',#4423,0.5);
#42=SPHERICAL_SURFACE('',#4425,0.5);
#43=SPHERICAL_SURFACE('',#4427,0.5);
#44=SPHERICAL_SURFACE('',#4429,0.5);
#45=CYLINDRICAL_SURFACE('',#4383,1.5);
#46=CYLINDRICAL_SURFACE('',#4387,1.5);
#47=CYLINDRICAL_SURFACE('',#4389,2.5);
#48=CYLINDRICAL_SURFACE('',#4392,2.5);
#49=CYLINDRICAL_SURFACE('',#4431,5.5);
#50=CYLINDRICAL_SURFACE('',#4434,5.5);
#51=CYLINDRICAL_SURFACE('',#4450,3.5);
#52=CYLINDRICAL_SURFACE('',#4458,2.5);
#53=CYLINDRICAL_SURFACE('',#4460,2.5);
#54=CYLINDRICAL_SURFACE('',#4462,2.5);
#55=CYLINDRICAL_SURFACE('',#4464,2.5);
#56=CYLINDRICAL_SURFACE('',#4471,2.25);
#57=CYLINDRICAL_SURFACE('',#4475,2.25);
#58=CYLINDRICAL_SURFACE('',#4480,1.35);
#59=CYLINDRICAL_SURFACE('',#4505,2.5);
#60=CYLINDRICAL_SURFACE('',#4508,2.5);
#61=CYLINDRICAL_SURFACE('',#4511,2.5);
#62=CYLINDRICAL_SURFACE('',#4514,2.5);
#63=FACE_BOUND('',#530,.T.);
#64=FACE_BOUND('',#531,.T.);
#65=FACE_BOUND('',#538,.T.);
#66=FACE_BOUND('',#539,.T.);
#67=FACE_BOUND('',#540,.T.);
#68=FACE_BOUND('',#541,.T.);
#69=FACE_BOUND('',#542,.T.);
#70=FACE_BOUND('',#543,.T.);
#71=FACE_BOUND('',#545,.T.);
#72=FACE_BOUND('',#546,.T.);
#73=FACE_BOUND('',#547,.T.);
#74=FACE_BOUND('',#548,.T.);
#75=FACE_BOUND('',#549,.T.);
#76=FACE_BOUND('',#550,.T.);
#77=FACE_BOUND('',#572,.T.);
#78=FACE_BOUND('',#573,.T.);
#79=FACE_BOUND('',#577,.T.);
#80=FACE_BOUND('',#579,.T.);
#81=FACE_BOUND('',#586,.T.);
#82=FACE_BOUND('',#588,.T.);
#83=FACE_BOUND('',#589,.T.);
#84=FACE_BOUND('',#598,.T.);
#85=FACE_BOUND('',#618,.T.);
#86=FACE_BOUND('',#626,.T.);
#87=FACE_BOUND('',#627,.T.);
#88=FACE_BOUND('',#628,.T.);
#89=FACE_BOUND('',#629,.T.);
#90=FACE_BOUND('',#630,.T.);
#91=FACE_BOUND('',#631,.T.);
#92=FACE_BOUND('',#632,.T.);
#93=FACE_BOUND('',#633,.T.);
#94=FACE_BOUND('',#634,.T.);
#95=FACE_BOUND('',#635,.T.);
#96=FACE_BOUND('',#636,.T.);
#97=FACE_BOUND('',#637,.T.);
#98=FACE_BOUND('',#638,.T.);
#99=FACE_BOUND('',#639,.T.);
#100=FACE_BOUND('',#640,.T.);
#101=FACE_BOUND('',#641,.T.);
#102=FACE_BOUND('',#642,.T.);
#103=FACE_BOUND('',#643,.T.);
#104=FACE_BOUND('',#644,.T.);
#105=FACE_BOUND('',#645,.T.);
#106=FACE_BOUND('',#782,.T.);
#107=FACE_BOUND('',#786,.T.);
#108=FACE_BOUND('',#790,.T.);
#109=FACE_BOUND('',#791,.T.);
#110=FACE_BOUND('',#792,.T.);
#111=FACE_BOUND('',#793,.T.);
#112=FACE_BOUND('',#794,.T.);
#113=FACE_BOUND('',#795,.T.);
#114=FACE_BOUND('',#796,.T.);
#115=FACE_BOUND('',#797,.T.);
#116=FACE_BOUND('',#798,.T.);
#117=FACE_BOUND('',#799,.T.);
#118=FACE_BOUND('',#800,.T.);
#119=FACE_BOUND('',#801,.T.);
#120=FACE_BOUND('',#802,.T.);
#121=FACE_BOUND('',#803,.T.);
#122=FACE_BOUND('',#804,.T.);
#123=FACE_BOUND('',#805,.T.);
#124=FACE_BOUND('',#806,.T.);
#125=FACE_BOUND('',#807,.T.);
#126=FACE_BOUND('',#808,.T.);
#127=FACE_BOUND('',#809,.T.);
#128=PLANE('',#4381);
#129=PLANE('',#4395);
#130=PLANE('',#4403);
#131=PLANE('',#4433);
#132=PLANE('',#4436);
#133=PLANE('',#4437);
#134=PLANE('',#4440);
#135=PLANE('',#4443);
#136=PLANE('',#4444);
#137=PLANE('',#4445);
#138=PLANE('',#4452);
#139=PLANE('',#4453);
#140=PLANE('',#4466);
#141=PLANE('',#4467);
#142=PLANE('',#4469);
#143=PLANE('',#4474);
#144=PLANE('',#4477);
#145=PLANE('',#4482);
#146=PLANE('',#4483);
#147=PLANE('',#4484);
#148=PLANE('',#4485);
#149=PLANE('',#4486);
#150=PLANE('',#4487);
#151=PLANE('',#4488);
#152=PLANE('',#4489);
#153=PLANE('',#4490);
#154=PLANE('',#4491);
#155=PLANE('',#4492);
#156=PLANE('',#4493);
#157=PLANE('',#4494);
#158=PLANE('',#4495);
#159=PLANE('',#4496);
#160=PLANE('',#4497);
#161=PLANE('',#4498);
#162=PLANE('',#4499);
#163=PLANE('',#4500);
#164=PLANE('',#4501);
#165=PLANE('',#4502);
#166=PLANE('',#4503);
#167=PLANE('',#4517);
#168=PLANE('',#4518);
#169=PLANE('',#4519);
#170=PLANE('',#4520);
#171=PLANE('',#4521);
#172=PLANE('',#4522);
#173=PLANE('',#4523);
#174=PLANE('',#4524);
#175=PLANE('',#4525);
#176=PLANE('',#4526);
#177=PLANE('',#4527);
#178=PLANE('',#4528);
#179=PLANE('',#4529);
#180=PLANE('',#4530);
#181=PLANE('',#4531);
#182=PLANE('',#4532);
#183=PLANE('',#4533);
#184=PLANE('',#4534);
#185=PLANE('',#4535);
#186=PLANE('',#4536);
#187=PLANE('',#4537);
#188=PLANE('',#4538);
#189=PLANE('',#4539);
#190=PLANE('',#4540);
#191=PLANE('',#4541);
#192=PLANE('',#4542);
#193=PLANE('',#4543);
#194=PLANE('',#4544);
#195=PLANE('',#4545);
#196=PLANE('',#4546);
#197=PLANE('',#4547);
#198=PLANE('',#4548);
#199=PLANE('',#4549);
#200=PLANE('',#4550);
#201=PLANE('',#4551);
#202=PLANE('',#4552);
#203=PLANE('',#4553);
#204=PLANE('',#4554);
#205=PLANE('',#4555);
#206=PLANE('',#4556);
#207=PLANE('',#4557);
#208=PLANE('',#4558);
#209=PLANE('',#4559);
#210=PLANE('',#4560);
#211=PLANE('',#4561);
#212=PLANE('',#4562);
#213=PLANE('',#4563);
#214=PLANE('',#4564);
#215=PLANE('',#4565);
#216=PLANE('',#4566);
#217=PLANE('',#4567);
#218=PLANE('',#4568);
#219=PLANE('',#4569);
#220=PLANE('',#4570);
#221=PLANE('',#4571);
#222=PLANE('',#4572);
#223=PLANE('',#4573);
#224=PLANE('',#4574);
#225=PLANE('',#4575);
#226=PLANE('',#4576);
#227=PLANE('',#4577);
#228=PLANE('',#4578);
#229=PLANE('',#4579);
#230=PLANE('',#4580);
#231=PLANE('',#4581);
#232=PLANE('',#4582);
#233=PLANE('',#4583);
#234=PLANE('',#4584);
#235=PLANE('',#4585);
#236=PLANE('',#4586);
#237=PLANE('',#4587);
#238=PLANE('',#4588);
#239=PLANE('',#4589);
#240=PLANE('',#4590);
#241=PLANE('',#4591);
#242=PLANE('',#4592);
#243=PLANE('',#4593);
#244=PLANE('',#4594);
#245=PLANE('',#4595);
#246=PLANE('',#4596);
#247=PLANE('',#4597);
#248=PLANE('',#4598);
#249=PLANE('',#4599);
#250=PLANE('',#4600);
#251=PLANE('',#4601);
#252=PLANE('',#4602);
#253=PLANE('',#4603);
#254=PLANE('',#4604);
#255=PLANE('',#4605);
#256=PLANE('',#4606);
#257=PLANE('',#4607);
#258=PLANE('',#4608);
#259=PLANE('',#4609);
#260=PLANE('',#4610);
#261=PLANE('',#4611);
#262=PLANE('',#4612);
#263=PLANE('',#4613);
#264=PLANE('',#4614);
#265=PLANE('',#4615);
#266=PLANE('',#4616);
#267=PLANE('',#4617);
#268=PLANE('',#4618);
#269=PLANE('',#4619);
#270=PLANE('',#4620);
#271=PLANE('',#4621);
#272=PLANE('',#4622);
#273=PLANE('',#4623);
#274=PLANE('',#4624);
#275=PLANE('',#4625);
#276=PLANE('',#4626);
#277=PLANE('',#4627);
#278=PLANE('',#4628);
#279=PLANE('',#4629);
#280=PLANE('',#4630);
#281=PLANE('',#4631);
#282=PLANE('',#4632);
#283=PLANE('',#4633);
#284=PLANE('',#4634);
#285=PLANE('',#4635);
#286=PLANE('',#4636);
#287=PLANE('',#4637);
#288=PLANE('',#4638);
#289=PLANE('',#4639);
#290=PLANE('',#4640);
#291=PLANE('',#4641);
#292=PLANE('',#4642);
#293=PLANE('',#4643);
#294=PLANE('',#4644);
#295=PLANE('',#4645);
#296=PLANE('',#4646);
#297=PLANE('',#4647);
#298=PLANE('',#4648);
#299=PLANE('',#4649);
#300=PLANE('',#4650);
#301=PLANE('',#4651);
#302=PLANE('',#4652);
#303=PLANE('',#4653);
#304=PLANE('',#4654);
#305=PLANE('',#4655);
#306=PLANE('',#4656);
#307=PLANE('',#4657);
#308=PLANE('',#4658);
#309=PLANE('',#4659);
#310=PLANE('',#4660);
#311=FACE_OUTER_BOUND('',#528,.T.);
#312=FACE_OUTER_BOUND('',#529,.T.);
#313=FACE_OUTER_BOUND('',#532,.T.);
#314=FACE_OUTER_BOUND('',#533,.T.);
#315=FACE_OUTER_BOUND('',#534,.T.);
#316=FACE_OUTER_BOUND('',#535,.T.);
#317=FACE_OUTER_BOUND('',#536,.T.);
#318=FACE_OUTER_BOUND('',#537,.T.);
#319=FACE_OUTER_BOUND('',#544,.T.);
#320=FACE_OUTER_BOUND('',#551,.T.);
#321=FACE_OUTER_BOUND('',#552,.T.);
#322=FACE_OUTER_BOUND('',#553,.T.);
#323=FACE_OUTER_BOUND('',#554,.T.);
#324=FACE_OUTER_BOUND('',#555,.T.);
#325=FACE_OUTER_BOUND('',#556,.T.);
#326=FACE_OUTER_BOUND('',#557,.T.);
#327=FACE_OUTER_BOUND('',#558,.T.);
#328=FACE_OUTER_BOUND('',#559,.T.);
#329=FACE_OUTER_BOUND('',#560,.T.);
#330=FACE_OUTER_BOUND('',#561,.T.);
#331=FACE_OUTER_BOUND('',#562,.T.);
#332=FACE_OUTER_BOUND('',#563,.T.);
#333=FACE_OUTER_BOUND('',#564,.T.);
#334=FACE_OUTER_BOUND('',#565,.T.);
#335=FACE_OUTER_BOUND('',#566,.T.);
#336=FACE_OUTER_BOUND('',#567,.T.);
#337=FACE_OUTER_BOUND('',#568,.T.);
#338=FACE_OUTER_BOUND('',#569,.T.);
#339=FACE_OUTER_BOUND('',#570,.T.);
#340=FACE_OUTER_BOUND('',#571,.T.);
#341=FACE_OUTER_BOUND('',#574,.T.);
#342=FACE_OUTER_BOUND('',#575,.T.);
#343=FACE_OUTER_BOUND('',#576,.T.);
#344=FACE_OUTER_BOUND('',#578,.T.);
#345=FACE_OUTER_BOUND('',#580,.T.);
#346=FACE_OUTER_BOUND('',#581,.T.);
#347=FACE_OUTER_BOUND('',#582,.T.);
#348=FACE_OUTER_BOUND('',#583,.T.);
#349=FACE_OUTER_BOUND('',#584,.T.);
#350=FACE_OUTER_BOUND('',#585,.T.);
#351=FACE_OUTER_BOUND('',#587,.T.);
#352=FACE_OUTER_BOUND('',#590,.T.);
#353=FACE_OUTER_BOUND('',#591,.T.);
#354=FACE_OUTER_BOUND('',#592,.T.);
#355=FACE_OUTER_BOUND('',#593,.T.);
#356=FACE_OUTER_BOUND('',#594,.T.);
#357=FACE_OUTER_BOUND('',#595,.T.);
#358=FACE_OUTER_BOUND('',#596,.T.);
#359=FACE_OUTER_BOUND('',#597,.T.);
#360=FACE_OUTER_BOUND('',#599,.T.);
#361=FACE_OUTER_BOUND('',#600,.T.);
#362=FACE_OUTER_BOUND('',#601,.T.);
#363=FACE_OUTER_BOUND('',#602,.T.);
#364=FACE_OUTER_BOUND('',#603,.T.);
#365=FACE_OUTER_BOUND('',#604,.T.);
#366=FACE_OUTER_BOUND('',#605,.T.);
#367=FACE_OUTER_BOUND('',#606,.T.);
#368=FACE_OUTER_BOUND('',#607,.T.);
#369=FACE_OUTER_BOUND('',#608,.T.);
#370=FACE_OUTER_BOUND('',#609,.T.);
#371=FACE_OUTER_BOUND('',#610,.T.);
#372=FACE_OUTER_BOUND('',#611,.T.);
#373=FACE_OUTER_BOUND('',#612,.T.);
#374=FACE_OUTER_BOUND('',#613,.T.);
#375=FACE_OUTER_BOUND('',#614,.T.);
#376=FACE_OUTER_BOUND('',#615,.T.);
#377=FACE_OUTER_BOUND('',#616,.T.);
#378=FACE_OUTER_BOUND('',#617,.T.);
#379=FACE_OUTER_BOUND('',#619,.T.);
#380=FACE_OUTER_BOUND('',#620,.T.);
#381=FACE_OUTER_BOUND('',#621,.T.);
#382=FACE_OUTER_BOUND('',#622,.T.);
#383=FACE_OUTER_BOUND('',#623,.T.);
#384=FACE_OUTER_BOUND('',#624,.T.);
#385=FACE_OUTER_BOUND('',#625,.T.);
#386=FACE_OUTER_BOUND('',#646,.T.);
#387=FACE_OUTER_BOUND('',#647,.T.);
#388=FACE_OUTER_BOUND('',#648,.T.);
#389=FACE_OUTER_BOUND('',#649,.T.);
#390=FACE_OUTER_BOUND('',#650,.T.);
#391=FACE_OUTER_BOUND('',#651,.T.);
#392=FACE_OUTER_BOUND('',#652,.T.);
#393=FACE_OUTER_BOUND('',#653,.T.);
#394=FACE_OUTER_BOUND('',#654,.T.);
#395=FACE_OUTER_BOUND('',#655,.T.);
#396=FACE_OUTER_BOUND('',#656,.T.);
#397=FACE_OUTER_BOUND('',#657,.T.);
#398=FACE_OUTER_BOUND('',#658,.T.);
#399=FACE_OUTER_BOUND('',#659,.T.);
#400=FACE_OUTER_BOUND('',#660,.T.);
#401=FACE_OUTER_BOUND('',#661,.T.);
#402=FACE_OUTER_BOUND('',#662,.T.);
#403=FACE_OUTER_BOUND('',#663,.T.);
#404=FACE_OUTER_BOUND('',#664,.T.);
#405=FACE_OUTER_BOUND('',#665,.T.);
#406=FACE_OUTER_BOUND('',#666,.T.);
#407=FACE_OUTER_BOUND('',#667,.T.);
#408=FACE_OUTER_BOUND('',#668,.T.);
#409=FACE_OUTER_BOUND('',#669,.T.);
#410=FACE_OUTER_BOUND('',#670,.T.);
#411=FACE_OUTER_BOUND('',#671,.T.);
#412=FACE_OUTER_BOUND('',#672,.T.);
#413=FACE_OUTER_BOUND('',#673,.T.);
#414=FACE_OUTER_BOUND('',#674,.T.);
#415=FACE_OUTER_BOUND('',#675,.T.);
#416=FACE_OUTER_BOUND('',#676,.T.);
#417=FACE_OUTER_BOUND('',#677,.T.);
#418=FACE_OUTER_BOUND('',#678,.T.);
#419=FACE_OUTER_BOUND('',#679,.T.);
#420=FACE_OUTER_BOUND('',#680,.T.);
#421=FACE_OUTER_BOUND('',#681,.T.);
#422=FACE_OUTER_BOUND('',#682,.T.);
#423=FACE_OUTER_BOUND('',#683,.T.);
#424=FACE_OUTER_BOUND('',#684,.T.);
#425=FACE_OUTER_BOUND('',#685,.T.);
#426=FACE_OUTER_BOUND('',#686,.T.);
#427=FACE_OUTER_BOUND('',#687,.T.);
#428=FACE_OUTER_BOUND('',#688,.T.);
#429=FACE_OUTER_BOUND('',#689,.T.);
#430=FACE_OUTER_BOUND('',#690,.T.);
#431=FACE_OUTER_BOUND('',#691,.T.);
#432=FACE_OUTER_BOUND('',#692,.T.);
#433=FACE_OUTER_BOUND('',#693,.T.);
#434=FACE_OUTER_BOUND('',#694,.T.);
#435=FACE_OUTER_BOUND('',#695,.T.);
#436=FACE_OUTER_BOUND('',#696,.T.);
#437=FACE_OUTER_BOUND('',#697,.T.);
#438=FACE_OUTER_BOUND('',#698,.T.);
#439=FACE_OUTER_BOUND('',#699,.T.);
#440=FACE_OUTER_BOUND('',#700,.T.);
#441=FACE_OUTER_BOUND('',#701,.T.);
#442=FACE_OUTER_BOUND('',#702,.T.);
#443=FACE_OUTER_BOUND('',#703,.T.);
#444=FACE_OUTER_BOUND('',#704,.T.);
#445=FACE_OUTER_BOUND('',#705,.T.);
#446=FACE_OUTER_BOUND('',#706,.T.);
#447=FACE_OUTER_BOUND('',#707,.T.);
#448=FACE_OUTER_BOUND('',#708,.T.);
#449=FACE_OUTER_BOUND('',#709,.T.);
#450=FACE_OUTER_BOUND('',#710,.T.);
#451=FACE_OUTER_BOUND('',#711,.T.);
#452=FACE_OUTER_BOUND('',#712,.T.);
#453=FACE_OUTER_BOUND('',#713,.T.);
#454=FACE_OUTER_BOUND('',#714,.T.);
#455=FACE_OUTER_BOUND('',#715,.T.);
#456=FACE_OUTER_BOUND('',#716,.T.);
#457=FACE_OUTER_BOUND('',#717,.T.);
#458=FACE_OUTER_BOUND('',#718,.T.);
#459=FACE_OUTER_BOUND('',#719,.T.);
#460=FACE_OUTER_BOUND('',#720,.T.);
#461=FACE_OUTER_BOUND('',#721,.T.);
#462=FACE_OUTER_BOUND('',#722,.T.);
#463=FACE_OUTER_BOUND('',#723,.T.);
#464=FACE_OUTER_BOUND('',#724,.T.);
#465=FACE_OUTER_BOUND('',#725,.T.);
#466=FACE_OUTER_BOUND('',#726,.T.);
#467=FACE_OUTER_BOUND('',#727,.T.);
#468=FACE_OUTER_BOUND('',#728,.T.);
#469=FACE_OUTER_BOUND('',#729,.T.);
#470=FACE_OUTER_BOUND('',#730,.T.);
#471=FACE_OUTER_BOUND('',#731,.T.);
#472=FACE_OUTER_BOUND('',#732,.T.);
#473=FACE_OUTER_BOUND('',#733,.T.);
#474=FACE_OUTER_BOUND('',#734,.T.);
#475=FACE_OUTER_BOUND('',#735,.T.);
#476=FACE_OUTER_BOUND('',#736,.T.);
#477=FACE_OUTER_BOUND('',#737,.T.);
#478=FACE_OUTER_BOUND('',#738,.T.);
#479=FACE_OUTER_BOUND('',#739,.T.);
#480=FACE_OUTER_BOUND('',#740,.T.);
#481=FACE_OUTER_BOUND('',#741,.T.);
#482=FACE_OUTER_BOUND('',#742,.T.);
#483=FACE_OUTER_BOUND('',#743,.T.);
#484=FACE_OUTER_BOUND('',#744,.T.);
#485=FACE_OUTER_BOUND('',#745,.T.);
#486=FACE_OUTER_BOUND('',#746,.T.);
#487=FACE_OUTER_BOUND('',#747,.T.);
#488=FACE_OUTER_BOUND('',#748,.T.);
#489=FACE_OUTER_BOUND('',#749,.T.);
#490=FACE_OUTER_BOUND('',#750,.T.);
#491=FACE_OUTER_BOUND('',#751,.T.);
#492=FACE_OUTER_BOUND('',#752,.T.);
#493=FACE_OUTER_BOUND('',#753,.T.);
#494=FACE_OUTER_BOUND('',#754,.T.);
#495=FACE_OUTER_BOUND('',#755,.T.);
#496=FACE_OUTER_BOUND('',#756,.T.);
#497=FACE_OUTER_BOUND('',#757,.T.);
#498=FACE_OUTER_BOUND('',#758,.T.);
#499=FACE_OUTER_BOUND('',#759,.T.);
#500=FACE_OUTER_BOUND('',#760,.T.);
#501=FACE_OUTER_BOUND('',#761,.T.);
#502=FACE_OUTER_BOUND('',#762,.T.);
#503=FACE_OUTER_BOUND('',#763,.T.);
#504=FACE_OUTER_BOUND('',#764,.T.);
#505=FACE_OUTER_BOUND('',#765,.T.);
#506=FACE_OUTER_BOUND('',#766,.T.);
#507=FACE_OUTER_BOUND('',#767,.T.);
#508=FACE_OUTER_BOUND('',#768,.T.);
#509=FACE_OUTER_BOUND('',#769,.T.);
#510=FACE_OUTER_BOUND('',#770,.T.);
#511=FACE_OUTER_BOUND('',#771,.T.);
#512=FACE_OUTER_BOUND('',#772,.T.);
#513=FACE_OUTER_BOUND('',#773,.T.);
#514=FACE_OUTER_BOUND('',#774,.T.);
#515=FACE_OUTER_BOUND('',#775,.T.);
#516=FACE_OUTER_BOUND('',#776,.T.);
#517=FACE_OUTER_BOUND('',#777,.T.);
#518=FACE_OUTER_BOUND('',#778,.T.);
#519=FACE_OUTER_BOUND('',#779,.T.);
#520=FACE_OUTER_BOUND('',#780,.T.);
#521=FACE_OUTER_BOUND('',#781,.T.);
#522=FACE_OUTER_BOUND('',#783,.T.);
#523=FACE_OUTER_BOUND('',#784,.T.);
#524=FACE_OUTER_BOUND('',#785,.T.);
#525=FACE_OUTER_BOUND('',#787,.T.);
#526=FACE_OUTER_BOUND('',#788,.T.);
#527=FACE_OUTER_BOUND('',#789,.T.);
#528=EDGE_LOOP('',(#2928,#2929,#2930,#2931));
#529=EDGE_LOOP('',(#2932,#2933,#2934,#2935));
#530=EDGE_LOOP('',(#2936));
#531=EDGE_LOOP('',(#2937));
#532=EDGE_LOOP('',(#2938,#2939,#2940,#2941));
#533=EDGE_LOOP('',(#2942,#2943,#2944,#2945));
#534=EDGE_LOOP('',(#2946,#2947,#2948,#2949));
#535=EDGE_LOOP('',(#2950,#2951,#2952,#2953));
#536=EDGE_LOOP('',(#2954,#2955,#2956,#2957));
#537=EDGE_LOOP('',(#2958,#2959,#2960,#2961));
#538=EDGE_LOOP('',(#2962));
#539=EDGE_LOOP('',(#2963));
#540=EDGE_LOOP('',(#2964));
#541=EDGE_LOOP('',(#2965));
#542=EDGE_LOOP('',(#2966));
#543=EDGE_LOOP('',(#2967));
#544=EDGE_LOOP('',(#2968,#2969,#2970,#2971));
#545=EDGE_LOOP('',(#2972));
#546=EDGE_LOOP('',(#2973));
#547=EDGE_LOOP('',(#2974));
#548=EDGE_LOOP('',(#2975));
#549=EDGE_LOOP('',(#2976));
#550=EDGE_LOOP('',(#2977));
#551=EDGE_LOOP('',(#2978,#2979,#2980));
#552=EDGE_LOOP('',(#2981,#2982,#2983));
#553=EDGE_LOOP('',(#2984,#2985,#2986));
#554=EDGE_LOOP('',(#2987,#2988,#2989));
#555=EDGE_LOOP('',(#2990,#2991,#2992));
#556=EDGE_LOOP('',(#2993,#2994,#2995));
#557=EDGE_LOOP('',(#2996,#2997,#2998));
#558=EDGE_LOOP('',(#2999,#3000,#3001));
#559=EDGE_LOOP('',(#3002,#3003,#3004));
#560=EDGE_LOOP('',(#3005,#3006,#3007));
#561=EDGE_LOOP('',(#3008,#3009,#3010,#3011));
#562=EDGE_LOOP('',(#3012,#3013,#3014,#3015,#3016,#3017,#3018,#3019,#3020,
#3021));
#563=EDGE_LOOP('',(#3022,#3023,#3024,#3025));
#564=EDGE_LOOP('',(#3026,#3027,#3028,#3029,#3030,#3031,#3032,#3033,#3034,
#3035));
#565=EDGE_LOOP('',(#3036,#3037,#3038,#3039));
#566=EDGE_LOOP('',(#3040,#3041,#3042,#3043));
#567=EDGE_LOOP('',(#3044));
#568=EDGE_LOOP('',(#3045,#3046,#3047,#3048));
#569=EDGE_LOOP('',(#3049));
#570=EDGE_LOOP('',(#3050,#3051,#3052,#3053));
#571=EDGE_LOOP('',(#3054,#3055,#3056,#3057));
#572=EDGE_LOOP('',(#3058));
#573=EDGE_LOOP('',(#3059));
#574=EDGE_LOOP('',(#3060,#3061,#3062,#3063));
#575=EDGE_LOOP('',(#3064,#3065,#3066,#3067));
#576=EDGE_LOOP('',(#3068,#3069,#3070,#3071,#3072,#3073,#3074,#3075,#3076,
#3077,#3078,#3079,#3080,#3081,#3082,#3083));
#577=EDGE_LOOP('',(#3084));
#578=EDGE_LOOP('',(#3085,#3086,#3087,#3088,#3089,#3090,#3091,#3092));
#579=EDGE_LOOP('',(#3093,#3094,#3095,#3096));
#580=EDGE_LOOP('',(#3097,#3098,#3099,#3100));
#581=EDGE_LOOP('',(#3101,#3102,#3103,#3104));
#582=EDGE_LOOP('',(#3105,#3106,#3107,#3108));
#583=EDGE_LOOP('',(#3109,#3110,#3111,#3112));
#584=EDGE_LOOP('',(#3113,#3114,#3115,#3116));
#585=EDGE_LOOP('',(#3117,#3118,#3119,#3120));
#586=EDGE_LOOP('',(#3121));
#587=EDGE_LOOP('',(#3122,#3123,#3124,#3125,#3126,#3127,#3128,#3129));
#588=EDGE_LOOP('',(#3130));
#589=EDGE_LOOP('',(#3131));
#590=EDGE_LOOP('',(#3132,#3133,#3134,#3135));
#591=EDGE_LOOP('',(#3136));
#592=EDGE_LOOP('',(#3137,#3138,#3139,#3140));
#593=EDGE_LOOP('',(#3141));
#594=EDGE_LOOP('',(#3142,#3143,#3144,#3145));
#595=EDGE_LOOP('',(#3146,#3147,#3148,#3149));
#596=EDGE_LOOP('',(#3150,#3151,#3152,#3153));
#597=EDGE_LOOP('',(#3154,#3155,#3156,#3157));
#598=EDGE_LOOP('',(#3158));
#599=EDGE_LOOP('',(#3159,#3160,#3161,#3162));
#600=EDGE_LOOP('',(#3163,#3164,#3165,#3166));
#601=EDGE_LOOP('',(#3167,#3168,#3169,#3170,#3171,#3172,#3173,#3174,#3175,
#3176,#3177,#3178));
#602=EDGE_LOOP('',(#3179,#3180,#3181,#3182,#3183,#3184,#3185,#3186));
#603=EDGE_LOOP('',(#3187,#3188,#3189,#3190));
#604=EDGE_LOOP('',(#3191,#3192,#3193,#3194));
#605=EDGE_LOOP('',(#3195,#3196,#3197,#3198));
#606=EDGE_LOOP('',(#3199,#3200,#3201,#3202));
#607=EDGE_LOOP('',(#3203,#3204,#3205,#3206));
#608=EDGE_LOOP('',(#3207,#3208,#3209,#3210));
#609=EDGE_LOOP('',(#3211,#3212,#3213,#3214));
#610=EDGE_LOOP('',(#3215,#3216,#3217,#3218));
#611=EDGE_LOOP('',(#3219,#3220,#3221,#3222,#3223,#3224,#3225,#3226));
#612=EDGE_LOOP('',(#3227,#3228,#3229,#3230));
#613=EDGE_LOOP('',(#3231,#3232,#3233,#3234));
#614=EDGE_LOOP('',(#3235,#3236,#3237,#3238));
#615=EDGE_LOOP('',(#3239,#3240,#3241,#3242));
#616=EDGE_LOOP('',(#3243,#3244,#3245,#3246,#3247,#3248,#3249,#3250));
#617=EDGE_LOOP('',(#3251,#3252,#3253,#3254));
#618=EDGE_LOOP('',(#3255));
#619=EDGE_LOOP('',(#3256,#3257,#3258,#3259));
#620=EDGE_LOOP('',(#3260,#3261,#3262,#3263));
#621=EDGE_LOOP('',(#3264,#3265,#3266,#3267));
#622=EDGE_LOOP('',(#3268,#3269,#3270,#3271));
#623=EDGE_LOOP('',(#3272,#3273,#3274,#3275));
#624=EDGE_LOOP('',(#3276,#3277,#3278,#3279));
#625=EDGE_LOOP('',(#3280,#3281,#3282,#3283,#3284,#3285,#3286,#3287));
#626=EDGE_LOOP('',(#3288,#3289,#3290,#3291,#3292,#3293));
#627=EDGE_LOOP('',(#3294,#3295,#3296,#3297,#3298,#3299));
#628=EDGE_LOOP('',(#3300,#3301,#3302,#3303,#3304,#3305));
#629=EDGE_LOOP('',(#3306,#3307,#3308,#3309,#3310,#3311));
#630=EDGE_LOOP('',(#3312,#3313,#3314,#3315,#3316,#3317));
#631=EDGE_LOOP('',(#3318,#3319,#3320,#3321,#3322,#3323));
#632=EDGE_LOOP('',(#3324,#3325,#3326,#3327,#3328,#3329));
#633=EDGE_LOOP('',(#3330,#3331,#3332,#3333,#3334,#3335));
#634=EDGE_LOOP('',(#3336,#3337,#3338,#3339,#3340,#3341));
#635=EDGE_LOOP('',(#3342,#3343,#3344,#3345,#3346,#3347));
#636=EDGE_LOOP('',(#3348,#3349,#3350,#3351,#3352,#3353));
#637=EDGE_LOOP('',(#3354,#3355,#3356,#3357,#3358,#3359));
#638=EDGE_LOOP('',(#3360,#3361,#3362,#3363,#3364,#3365));
#639=EDGE_LOOP('',(#3366,#3367,#3368,#3369,#3370,#3371));
#640=EDGE_LOOP('',(#3372,#3373,#3374,#3375,#3376,#3377));
#641=EDGE_LOOP('',(#3378,#3379,#3380,#3381,#3382,#3383));
#642=EDGE_LOOP('',(#3384,#3385,#3386,#3387,#3388,#3389));
#643=EDGE_LOOP('',(#3390,#3391,#3392,#3393,#3394,#3395));
#644=EDGE_LOOP('',(#3396,#3397,#3398,#3399,#3400,#3401));
#645=EDGE_LOOP('',(#3402,#3403,#3404,#3405,#3406,#3407));
#646=EDGE_LOOP('',(#3408,#3409,#3410,#3411));
#647=EDGE_LOOP('',(#3412,#3413,#3414,#3415));
#648=EDGE_LOOP('',(#3416,#3417,#3418,#3419));
#649=EDGE_LOOP('',(#3420,#3421,#3422,#3423));
#650=EDGE_LOOP('',(#3424,#3425,#3426,#3427));
#651=EDGE_LOOP('',(#3428,#3429,#3430,#3431));
#652=EDGE_LOOP('',(#3432,#3433,#3434,#3435));
#653=EDGE_LOOP('',(#3436,#3437,#3438,#3439));
#654=EDGE_LOOP('',(#3440,#3441,#3442,#3443));
#655=EDGE_LOOP('',(#3444,#3445,#3446,#3447));
#656=EDGE_LOOP('',(#3448,#3449,#3450,#3451));
#657=EDGE_LOOP('',(#3452,#3453,#3454,#3455));
#658=EDGE_LOOP('',(#3456,#3457,#3458,#3459));
#659=EDGE_LOOP('',(#3460,#3461,#3462,#3463));
#660=EDGE_LOOP('',(#3464,#3465,#3466,#3467));
#661=EDGE_LOOP('',(#3468,#3469,#3470,#3471));
#662=EDGE_LOOP('',(#3472,#3473,#3474,#3475));
#663=EDGE_LOOP('',(#3476,#3477,#3478,#3479));
#664=EDGE_LOOP('',(#3480,#3481,#3482,#3483));
#665=EDGE_LOOP('',(#3484,#3485,#3486,#3487));
#666=EDGE_LOOP('',(#3488,#3489,#3490,#3491));
#667=EDGE_LOOP('',(#3492,#3493,#3494,#3495));
#668=EDGE_LOOP('',(#3496,#3497,#3498,#3499));
#669=EDGE_LOOP('',(#3500,#3501,#3502,#3503));
#670=EDGE_LOOP('',(#3504,#3505,#3506,#3507));
#671=EDGE_LOOP('',(#3508,#3509,#3510,#3511));
#672=EDGE_LOOP('',(#3512,#3513,#3514,#3515));
#673=EDGE_LOOP('',(#3516,#3517,#3518,#3519));
#674=EDGE_LOOP('',(#3520,#3521,#3522,#3523));
#675=EDGE_LOOP('',(#3524,#3525,#3526,#3527));
#676=EDGE_LOOP('',(#3528,#3529,#3530,#3531));
#677=EDGE_LOOP('',(#3532,#3533,#3534,#3535));
#678=EDGE_LOOP('',(#3536,#3537,#3538,#3539));
#679=EDGE_LOOP('',(#3540,#3541,#3542,#3543));
#680=EDGE_LOOP('',(#3544,#3545,#3546,#3547));
#681=EDGE_LOOP('',(#3548,#3549,#3550,#3551));
#682=EDGE_LOOP('',(#3552,#3553,#3554,#3555));
#683=EDGE_LOOP('',(#3556,#3557,#3558,#3559));
#684=EDGE_LOOP('',(#3560,#3561,#3562,#3563));
#685=EDGE_LOOP('',(#3564,#3565,#3566,#3567));
#686=EDGE_LOOP('',(#3568,#3569,#3570,#3571));
#687=EDGE_LOOP('',(#3572,#3573,#3574,#3575));
#688=EDGE_LOOP('',(#3576,#3577,#3578,#3579));
#689=EDGE_LOOP('',(#3580,#3581,#3582,#3583));
#690=EDGE_LOOP('',(#3584,#3585,#3586,#3587));
#691=EDGE_LOOP('',(#3588,#3589,#3590,#3591));
#692=EDGE_LOOP('',(#3592,#3593,#3594,#3595));
#693=EDGE_LOOP('',(#3596,#3597,#3598,#3599));
#694=EDGE_LOOP('',(#3600,#3601,#3602,#3603));
#695=EDGE_LOOP('',(#3604,#3605,#3606,#3607));
#696=EDGE_LOOP('',(#3608,#3609,#3610,#3611));
#697=EDGE_LOOP('',(#3612,#3613,#3614,#3615));
#698=EDGE_LOOP('',(#3616,#3617,#3618,#3619));
#699=EDGE_LOOP('',(#3620,#3621,#3622,#3623));
#700=EDGE_LOOP('',(#3624,#3625,#3626,#3627));
#701=EDGE_LOOP('',(#3628,#3629,#3630,#3631));
#702=EDGE_LOOP('',(#3632,#3633,#3634,#3635));
#703=EDGE_LOOP('',(#3636,#3637,#3638,#3639));
#704=EDGE_LOOP('',(#3640,#3641,#3642,#3643));
#705=EDGE_LOOP('',(#3644,#3645,#3646,#3647));
#706=EDGE_LOOP('',(#3648,#3649,#3650,#3651));
#707=EDGE_LOOP('',(#3652,#3653,#3654,#3655));
#708=EDGE_LOOP('',(#3656,#3657,#3658,#3659));
#709=EDGE_LOOP('',(#3660,#3661,#3662,#3663));
#710=EDGE_LOOP('',(#3664,#3665,#3666,#3667));
#711=EDGE_LOOP('',(#3668,#3669,#3670,#3671));
#712=EDGE_LOOP('',(#3672,#3673,#3674,#3675));
#713=EDGE_LOOP('',(#3676,#3677,#3678,#3679));
#714=EDGE_LOOP('',(#3680,#3681,#3682,#3683));
#715=EDGE_LOOP('',(#3684,#3685,#3686,#3687));
#716=EDGE_LOOP('',(#3688,#3689,#3690,#3691));
#717=EDGE_LOOP('',(#3692,#3693,#3694,#3695));
#718=EDGE_LOOP('',(#3696,#3697,#3698,#3699));
#719=EDGE_LOOP('',(#3700,#3701,#3702,#3703));
#720=EDGE_LOOP('',(#3704,#3705,#3706,#3707));
#721=EDGE_LOOP('',(#3708,#3709,#3710,#3711));
#722=EDGE_LOOP('',(#3712,#3713,#3714,#3715));
#723=EDGE_LOOP('',(#3716,#3717,#3718,#3719));
#724=EDGE_LOOP('',(#3720,#3721,#3722,#3723));
#725=EDGE_LOOP('',(#3724,#3725,#3726,#3727));
#726=EDGE_LOOP('',(#3728,#3729,#3730,#3731));
#727=EDGE_LOOP('',(#3732,#3733,#3734,#3735));
#728=EDGE_LOOP('',(#3736,#3737,#3738,#3739));
#729=EDGE_LOOP('',(#3740,#3741,#3742,#3743));
#730=EDGE_LOOP('',(#3744,#3745,#3746,#3747));
#731=EDGE_LOOP('',(#3748,#3749,#3750,#3751));
#732=EDGE_LOOP('',(#3752,#3753,#3754,#3755));
#733=EDGE_LOOP('',(#3756,#3757,#3758,#3759));
#734=EDGE_LOOP('',(#3760,#3761,#3762,#3763));
#735=EDGE_LOOP('',(#3764,#3765,#3766,#3767));
#736=EDGE_LOOP('',(#3768,#3769,#3770,#3771));
#737=EDGE_LOOP('',(#3772,#3773,#3774,#3775));
#738=EDGE_LOOP('',(#3776,#3777,#3778,#3779));
#739=EDGE_LOOP('',(#3780,#3781,#3782,#3783));
#740=EDGE_LOOP('',(#3784,#3785,#3786,#3787));
#741=EDGE_LOOP('',(#3788,#3789,#3790,#3791));
#742=EDGE_LOOP('',(#3792,#3793,#3794,#3795));
#743=EDGE_LOOP('',(#3796,#3797,#3798,#3799));
#744=EDGE_LOOP('',(#3800,#3801,#3802,#3803));
#745=EDGE_LOOP('',(#3804,#3805,#3806,#3807));
#746=EDGE_LOOP('',(#3808,#3809,#3810,#3811));
#747=EDGE_LOOP('',(#3812,#3813,#3814,#3815));
#748=EDGE_LOOP('',(#3816,#3817,#3818,#3819));
#749=EDGE_LOOP('',(#3820,#3821,#3822,#3823));
#750=EDGE_LOOP('',(#3824,#3825,#3826,#3827));
#751=EDGE_LOOP('',(#3828,#3829,#3830,#3831));
#752=EDGE_LOOP('',(#3832,#3833,#3834,#3835));
#753=EDGE_LOOP('',(#3836,#3837,#3838,#3839));
#754=EDGE_LOOP('',(#3840,#3841,#3842,#3843));
#755=EDGE_LOOP('',(#3844,#3845,#3846,#3847));
#756=EDGE_LOOP('',(#3848,#3849,#3850,#3851));
#757=EDGE_LOOP('',(#3852,#3853,#3854,#3855));
#758=EDGE_LOOP('',(#3856,#3857,#3858,#3859));
#759=EDGE_LOOP('',(#3860,#3861,#3862,#3863));
#760=EDGE_LOOP('',(#3864,#3865,#3866,#3867));
#761=EDGE_LOOP('',(#3868,#3869,#3870,#3871));
#762=EDGE_LOOP('',(#3872,#3873,#3874,#3875));
#763=EDGE_LOOP('',(#3876,#3877,#3878,#3879));
#764=EDGE_LOOP('',(#3880,#3881,#3882,#3883));
#765=EDGE_LOOP('',(#3884,#3885,#3886,#3887));
#766=EDGE_LOOP('',(#3888,#3889,#3890,#3891));
#767=EDGE_LOOP('',(#3892,#3893,#3894,#3895));
#768=EDGE_LOOP('',(#3896,#3897,#3898,#3899));
#769=EDGE_LOOP('',(#3900,#3901,#3902,#3903));
#770=EDGE_LOOP('',(#3904,#3905,#3906,#3907));
#771=EDGE_LOOP('',(#3908,#3909,#3910,#3911));
#772=EDGE_LOOP('',(#3912,#3913,#3914,#3915));
#773=EDGE_LOOP('',(#3916,#3917,#3918,#3919));
#774=EDGE_LOOP('',(#3920,#3921,#3922,#3923));
#775=EDGE_LOOP('',(#3924,#3925,#3926,#3927));
#776=EDGE_LOOP('',(#3928,#3929,#3930,#3931,#3932,#3933));
#777=EDGE_LOOP('',(#3934,#3935,#3936,#3937));
#778=EDGE_LOOP('',(#3938,#3939,#3940,#3941,#3942,#3943));
#779=EDGE_LOOP('',(#3944,#3945,#3946,#3947));
#780=EDGE_LOOP('',(#3948,#3949,#3950,#3951,#3952,#3953));
#781=EDGE_LOOP('',(#3954,#3955,#3956,#3957));
#782=EDGE_LOOP('',(#3958,#3959,#3960,#3961));
#783=EDGE_LOOP('',(#3962,#3963,#3964,#3965));
#784=EDGE_LOOP('',(#3966,#3967,#3968,#3969,#3970,#3971));
#785=EDGE_LOOP('',(#3972,#3973,#3974,#3975,#3976,#3977,#3978,#3979));
#786=EDGE_LOOP('',(#3980,#3981,#3982,#3983));
#787=EDGE_LOOP('',(#3984,#3985,#3986,#3987));
#788=EDGE_LOOP('',(#3988,#3989,#3990,#3991));
#789=EDGE_LOOP('',(#3992,#3993,#3994,#3995));
#790=EDGE_LOOP('',(#3996,#3997,#3998,#3999,#4000,#4001));
#791=EDGE_LOOP('',(#4002,#4003,#4004,#4005,#4006,#4007));
#792=EDGE_LOOP('',(#4008,#4009,#4010,#4011,#4012,#4013));
#793=EDGE_LOOP('',(#4014,#4015,#4016,#4017,#4018,#4019));
#794=EDGE_LOOP('',(#4020,#4021,#4022,#4023,#4024,#4025));
#795=EDGE_LOOP('',(#4026,#4027,#4028,#4029,#4030,#4031));
#796=EDGE_LOOP('',(#4032,#4033,#4034,#4035,#4036,#4037));
#797=EDGE_LOOP('',(#4038,#4039,#4040,#4041,#4042,#4043));
#798=EDGE_LOOP('',(#4044,#4045,#4046,#4047,#4048,#4049));
#799=EDGE_LOOP('',(#4050,#4051,#4052,#4053,#4054,#4055));
#800=EDGE_LOOP('',(#4056,#4057,#4058,#4059,#4060,#4061));
#801=EDGE_LOOP('',(#4062,#4063,#4064,#4065,#4066,#4067));
#802=EDGE_LOOP('',(#4068,#4069,#4070,#4071,#4072,#4073));
#803=EDGE_LOOP('',(#4074,#4075,#4076,#4077,#4078,#4079));
#804=EDGE_LOOP('',(#4080,#4081,#4082,#4083,#4084,#4085));
#805=EDGE_LOOP('',(#4086,#4087,#4088,#4089,#4090,#4091));
#806=EDGE_LOOP('',(#4092,#4093,#4094,#4095,#4096,#4097));
#807=EDGE_LOOP('',(#4098,#4099,#4100,#4101,#4102,#4103));
#808=EDGE_LOOP('',(#4104,#4105,#4106,#4107,#4108,#4109));
#809=EDGE_LOOP('',(#4110,#4111,#4112,#4113,#4114,#4115));
#810=LINE('',#5776,#1340);
#811=LINE('',#5781,#1341);
#812=LINE('',#5783,#1342);
#813=LINE('',#5785,#1343);
#814=LINE('',#5786,#1344);
#815=LINE('',#5791,#1345);
#816=LINE('',#5795,#1346);
#817=LINE('',#5799,#1347);
#818=LINE('',#5806,#1348);
#819=LINE('',#5812,#1349);
#820=LINE('',#5815,#1350);
#821=LINE('',#5818,#1351);
#822=LINE('',#5833,#1352);
#823=LINE('',#5836,#1353);
#824=LINE('',#5883,#1354);
#825=LINE('',#5884,#1355);
#826=LINE('',#5887,#1356);
#827=LINE('',#5889,#1357);
#828=LINE('',#5891,#1358);
#829=LINE('',#5892,#1359);
#830=LINE('',#5896,#1360);
#831=LINE('',#5899,#1361);
#832=LINE('',#5901,#1362);
#833=LINE('',#5902,#1363);
#834=LINE('',#5904,#1364);
#835=LINE('',#5907,#1365);
#836=LINE('',#5912,#1366);
#837=LINE('',#5916,#1367);
#838=LINE('',#5923,#1368);
#839=LINE('',#5928,#1369);
#840=LINE('',#5932,#1370);
#841=LINE('',#5934,#1371);
#842=LINE('',#5936,#1372);
#843=LINE('',#5938,#1373);
#844=LINE('',#5940,#1374);
#845=LINE('',#5942,#1375);
#846=LINE('',#5944,#1376);
#847=LINE('',#5946,#1377);
#848=LINE('',#5948,#1378);
#849=LINE('',#5950,#1379);
#850=LINE('',#5952,#1380);
#851=LINE('',#5954,#1381);
#852=LINE('',#5956,#1382);
#853=LINE('',#5958,#1383);
#854=LINE('',#5960,#1384);
#855=LINE('',#5961,#1385);
#856=LINE('',#5967,#1386);
#857=LINE('',#5971,#1387);
#858=LINE('',#5975,#1388);
#859=LINE('',#5978,#1389);
#860=LINE('',#5981,#1390);
#861=LINE('',#5983,#1391);
#862=LINE('',#5985,#1392);
#863=LINE('',#5986,#1393);
#864=LINE('',#5991,#1394);
#865=LINE('',#5992,#1395);
#866=LINE('',#5997,#1396);
#867=LINE('',#5998,#1397);
#868=LINE('',#6003,#1398);
#869=LINE('',#6004,#1399);
#870=LINE('',#6009,#1400);
#871=LINE('',#6010,#1401);
#872=LINE('',#6012,#1402);
#873=LINE('',#6014,#1403);
#874=LINE('',#6018,#1404);
#875=LINE('',#6019,#1405);
#876=LINE('',#6026,#1406);
#877=LINE('',#6031,#1407);
#878=LINE('',#6037,#1408);
#879=LINE('',#6041,#1409);
#880=LINE('',#6044,#1410);
#881=LINE('',#6046,#1411);
#882=LINE('',#6047,#1412);
#883=LINE('',#6050,#1413);
#884=LINE('',#6052,#1414);
#885=LINE('',#6053,#1415);
#886=LINE('',#6055,#1416);
#887=LINE('',#6057,#1417);
#888=LINE('',#6060,#1418);
#889=LINE('',#6062,#1419);
#890=LINE('',#6063,#1420);
#891=LINE('',#6065,#1421);
#892=LINE('',#6067,#1422);
#893=LINE('',#6068,#1423);
#894=LINE('',#6071,#1424);
#895=LINE('',#6073,#1425);
#896=LINE('',#6074,#1426);
#897=LINE('',#6076,#1427);
#898=LINE('',#6078,#1428);
#899=LINE('',#6079,#1429);
#900=LINE('',#6082,#1430);
#901=LINE('',#6083,#1431);
#902=LINE('',#6086,#1432);
#903=LINE('',#6087,#1433);
#904=LINE('',#6090,#1434);
#905=LINE('',#6091,#1435);
#906=LINE('',#6094,#1436);
#907=LINE('',#6095,#1437);
#908=LINE('',#6097,#1438);
#909=LINE('',#6100,#1439);
#910=LINE('',#6101,#1440);
#911=LINE('',#6104,#1441);
#912=LINE('',#6105,#1442);
#913=LINE('',#6107,#1443);
#914=LINE('',#6110,#1444);
#915=LINE('',#6111,#1445);
#916=LINE('',#6114,#1446);
#917=LINE('',#6115,#1447);
#918=LINE('',#6117,#1448);
#919=LINE('',#6120,#1449);
#920=LINE('',#6130,#1450);
#921=LINE('',#6133,#1451);
#922=LINE('',#6139,#1452);
#923=LINE('',#6142,#1453);
#924=LINE('',#6148,#1454);
#925=LINE('',#6151,#1455);
#926=LINE('',#6157,#1456);
#927=LINE('',#6160,#1457);
#928=LINE('',#6162,#1458);
#929=LINE('',#6163,#1459);
#930=LINE('',#6165,#1460);
#931=LINE('',#6166,#1461);
#932=LINE('',#6167,#1462);
#933=LINE('',#6170,#1463);
#934=LINE('',#6172,#1464);
#935=LINE('',#6174,#1465);
#936=LINE('',#6176,#1466);
#937=LINE('',#6178,#1467);
#938=LINE('',#6179,#1468);
#939=LINE('',#6182,#1469);
#940=LINE('',#6184,#1470);
#941=LINE('',#6186,#1471);
#942=LINE('',#6188,#1472);
#943=LINE('',#6190,#1473);
#944=LINE('',#6191,#1474);
#945=LINE('',#6194,#1475);
#946=LINE('',#6196,#1476);
#947=LINE('',#6198,#1477);
#948=LINE('',#6200,#1478);
#949=LINE('',#6202,#1479);
#950=LINE('',#6203,#1480);
#951=LINE('',#6206,#1481);
#952=LINE('',#6208,#1482);
#953=LINE('',#6210,#1483);
#954=LINE('',#6212,#1484);
#955=LINE('',#6214,#1485);
#956=LINE('',#6215,#1486);
#957=LINE('',#6218,#1487);
#958=LINE('',#6220,#1488);
#959=LINE('',#6222,#1489);
#960=LINE('',#6224,#1490);
#961=LINE('',#6226,#1491);
#962=LINE('',#6227,#1492);
#963=LINE('',#6230,#1493);
#964=LINE('',#6232,#1494);
#965=LINE('',#6234,#1495);
#966=LINE('',#6236,#1496);
#967=LINE('',#6238,#1497);
#968=LINE('',#6239,#1498);
#969=LINE('',#6242,#1499);
#970=LINE('',#6244,#1500);
#971=LINE('',#6246,#1501);
#972=LINE('',#6248,#1502);
#973=LINE('',#6250,#1503);
#974=LINE('',#6251,#1504);
#975=LINE('',#6254,#1505);
#976=LINE('',#6256,#1506);
#977=LINE('',#6258,#1507);
#978=LINE('',#6260,#1508);
#979=LINE('',#6262,#1509);
#980=LINE('',#6263,#1510);
#981=LINE('',#6266,#1511);
#982=LINE('',#6268,#1512);
#983=LINE('',#6270,#1513);
#984=LINE('',#6272,#1514);
#985=LINE('',#6274,#1515);
#986=LINE('',#6275,#1516);
#987=LINE('',#6278,#1517);
#988=LINE('',#6280,#1518);
#989=LINE('',#6282,#1519);
#990=LINE('',#6284,#1520);
#991=LINE('',#6286,#1521);
#992=LINE('',#6287,#1522);
#993=LINE('',#6290,#1523);
#994=LINE('',#6292,#1524);
#995=LINE('',#6294,#1525);
#996=LINE('',#6296,#1526);
#997=LINE('',#6298,#1527);
#998=LINE('',#6299,#1528);
#999=LINE('',#6302,#1529);
#1000=LINE('',#6304,#1530);
#1001=LINE('',#6306,#1531);
#1002=LINE('',#6308,#1532);
#1003=LINE('',#6310,#1533);
#1004=LINE('',#6311,#1534);
#1005=LINE('',#6314,#1535);
#1006=LINE('',#6316,#1536);
#1007=LINE('',#6318,#1537);
#1008=LINE('',#6320,#1538);
#1009=LINE('',#6322,#1539);
#1010=LINE('',#6323,#1540);
#1011=LINE('',#6326,#1541);
#1012=LINE('',#6328,#1542);
#1013=LINE('',#6330,#1543);
#1014=LINE('',#6332,#1544);
#1015=LINE('',#6334,#1545);
#1016=LINE('',#6335,#1546);
#1017=LINE('',#6338,#1547);
#1018=LINE('',#6340,#1548);
#1019=LINE('',#6342,#1549);
#1020=LINE('',#6344,#1550);
#1021=LINE('',#6346,#1551);
#1022=LINE('',#6347,#1552);
#1023=LINE('',#6350,#1553);
#1024=LINE('',#6352,#1554);
#1025=LINE('',#6354,#1555);
#1026=LINE('',#6356,#1556);
#1027=LINE('',#6358,#1557);
#1028=LINE('',#6359,#1558);
#1029=LINE('',#6362,#1559);
#1030=LINE('',#6364,#1560);
#1031=LINE('',#6366,#1561);
#1032=LINE('',#6368,#1562);
#1033=LINE('',#6370,#1563);
#1034=LINE('',#6371,#1564);
#1035=LINE('',#6374,#1565);
#1036=LINE('',#6376,#1566);
#1037=LINE('',#6378,#1567);
#1038=LINE('',#6380,#1568);
#1039=LINE('',#6382,#1569);
#1040=LINE('',#6383,#1570);
#1041=LINE('',#6386,#1571);
#1042=LINE('',#6388,#1572);
#1043=LINE('',#6390,#1573);
#1044=LINE('',#6392,#1574);
#1045=LINE('',#6394,#1575);
#1046=LINE('',#6395,#1576);
#1047=LINE('',#6398,#1577);
#1048=LINE('',#6400,#1578);
#1049=LINE('',#6402,#1579);
#1050=LINE('',#6404,#1580);
#1051=LINE('',#6406,#1581);
#1052=LINE('',#6407,#1582);
#1053=LINE('',#6409,#1583);
#1054=LINE('',#6413,#1584);
#1055=LINE('',#6414,#1585);
#1056=LINE('',#6415,#1586);
#1057=LINE('',#6418,#1587);
#1058=LINE('',#6419,#1588);
#1059=LINE('',#6422,#1589);
#1060=LINE('',#6423,#1590);
#1061=LINE('',#6426,#1591);
#1062=LINE('',#6427,#1592);
#1063=LINE('',#6430,#1593);
#1064=LINE('',#6431,#1594);
#1065=LINE('',#6433,#1595);
#1066=LINE('',#6437,#1596);
#1067=LINE('',#6438,#1597);
#1068=LINE('',#6439,#1598);
#1069=LINE('',#6442,#1599);
#1070=LINE('',#6443,#1600);
#1071=LINE('',#6446,#1601);
#1072=LINE('',#6447,#1602);
#1073=LINE('',#6450,#1603);
#1074=LINE('',#6451,#1604);
#1075=LINE('',#6454,#1605);
#1076=LINE('',#6455,#1606);
#1077=LINE('',#6457,#1607);
#1078=LINE('',#6461,#1608);
#1079=LINE('',#6462,#1609);
#1080=LINE('',#6463,#1610);
#1081=LINE('',#6466,#1611);
#1082=LINE('',#6467,#1612);
#1083=LINE('',#6470,#1613);
#1084=LINE('',#6471,#1614);
#1085=LINE('',#6474,#1615);
#1086=LINE('',#6475,#1616);
#1087=LINE('',#6478,#1617);
#1088=LINE('',#6479,#1618);
#1089=LINE('',#6481,#1619);
#1090=LINE('',#6485,#1620);
#1091=LINE('',#6486,#1621);
#1092=LINE('',#6487,#1622);
#1093=LINE('',#6490,#1623);
#1094=LINE('',#6491,#1624);
#1095=LINE('',#6494,#1625);
#1096=LINE('',#6495,#1626);
#1097=LINE('',#6498,#1627);
#1098=LINE('',#6499,#1628);
#1099=LINE('',#6502,#1629);
#1100=LINE('',#6503,#1630);
#1101=LINE('',#6505,#1631);
#1102=LINE('',#6509,#1632);
#1103=LINE('',#6510,#1633);
#1104=LINE('',#6511,#1634);
#1105=LINE('',#6514,#1635);
#1106=LINE('',#6515,#1636);
#1107=LINE('',#6518,#1637);
#1108=LINE('',#6519,#1638);
#1109=LINE('',#6522,#1639);
#1110=LINE('',#6523,#1640);
#1111=LINE('',#6526,#1641);
#1112=LINE('',#6527,#1642);
#1113=LINE('',#6529,#1643);
#1114=LINE('',#6533,#1644);
#1115=LINE('',#6534,#1645);
#1116=LINE('',#6535,#1646);
#1117=LINE('',#6538,#1647);
#1118=LINE('',#6539,#1648);
#1119=LINE('',#6542,#1649);
#1120=LINE('',#6543,#1650);
#1121=LINE('',#6546,#1651);
#1122=LINE('',#6547,#1652);
#1123=LINE('',#6550,#1653);
#1124=LINE('',#6551,#1654);
#1125=LINE('',#6553,#1655);
#1126=LINE('',#6557,#1656);
#1127=LINE('',#6558,#1657);
#1128=LINE('',#6559,#1658);
#1129=LINE('',#6562,#1659);
#1130=LINE('',#6563,#1660);
#1131=LINE('',#6566,#1661);
#1132=LINE('',#6567,#1662);
#1133=LINE('',#6570,#1663);
#1134=LINE('',#6571,#1664);
#1135=LINE('',#6574,#1665);
#1136=LINE('',#6575,#1666);
#1137=LINE('',#6577,#1667);
#1138=LINE('',#6581,#1668);
#1139=LINE('',#6582,#1669);
#1140=LINE('',#6583,#1670);
#1141=LINE('',#6586,#1671);
#1142=LINE('',#6587,#1672);
#1143=LINE('',#6590,#1673);
#1144=LINE('',#6591,#1674);
#1145=LINE('',#6594,#1675);
#1146=LINE('',#6595,#1676);
#1147=LINE('',#6598,#1677);
#1148=LINE('',#6599,#1678);
#1149=LINE('',#6601,#1679);
#1150=LINE('',#6605,#1680);
#1151=LINE('',#6606,#1681);
#1152=LINE('',#6607,#1682);
#1153=LINE('',#6610,#1683);
#1154=LINE('',#6611,#1684);
#1155=LINE('',#6614,#1685);
#1156=LINE('',#6615,#1686);
#1157=LINE('',#6618,#1687);
#1158=LINE('',#6619,#1688);
#1159=LINE('',#6622,#1689);
#1160=LINE('',#6623,#1690);
#1161=LINE('',#6625,#1691);
#1162=LINE('',#6629,#1692);
#1163=LINE('',#6630,#1693);
#1164=LINE('',#6631,#1694);
#1165=LINE('',#6634,#1695);
#1166=LINE('',#6635,#1696);
#1167=LINE('',#6638,#1697);
#1168=LINE('',#6639,#1698);
#1169=LINE('',#6642,#1699);
#1170=LINE('',#6643,#1700);
#1171=LINE('',#6646,#1701);
#1172=LINE('',#6647,#1702);
#1173=LINE('',#6649,#1703);
#1174=LINE('',#6653,#1704);
#1175=LINE('',#6654,#1705);
#1176=LINE('',#6655,#1706);
#1177=LINE('',#6658,#1707);
#1178=LINE('',#6659,#1708);
#1179=LINE('',#6662,#1709);
#1180=LINE('',#6663,#1710);
#1181=LINE('',#6666,#1711);
#1182=LINE('',#6667,#1712);
#1183=LINE('',#6670,#1713);
#1184=LINE('',#6671,#1714);
#1185=LINE('',#6673,#1715);
#1186=LINE('',#6677,#1716);
#1187=LINE('',#6678,#1717);
#1188=LINE('',#6679,#1718);
#1189=LINE('',#6682,#1719);
#1190=LINE('',#6683,#1720);
#1191=LINE('',#6686,#1721);
#1192=LINE('',#6687,#1722);
#1193=LINE('',#6690,#1723);
#1194=LINE('',#6691,#1724);
#1195=LINE('',#6694,#1725);
#1196=LINE('',#6695,#1726);
#1197=LINE('',#6697,#1727);
#1198=LINE('',#6701,#1728);
#1199=LINE('',#6702,#1729);
#1200=LINE('',#6703,#1730);
#1201=LINE('',#6706,#1731);
#1202=LINE('',#6707,#1732);
#1203=LINE('',#6710,#1733);
#1204=LINE('',#6711,#1734);
#1205=LINE('',#6714,#1735);
#1206=LINE('',#6715,#1736);
#1207=LINE('',#6718,#1737);
#1208=LINE('',#6719,#1738);
#1209=LINE('',#6721,#1739);
#1210=LINE('',#6725,#1740);
#1211=LINE('',#6726,#1741);
#1212=LINE('',#6727,#1742);
#1213=LINE('',#6730,#1743);
#1214=LINE('',#6731,#1744);
#1215=LINE('',#6734,#1745);
#1216=LINE('',#6735,#1746);
#1217=LINE('',#6738,#1747);
#1218=LINE('',#6739,#1748);
#1219=LINE('',#6742,#1749);
#1220=LINE('',#6743,#1750);
#1221=LINE('',#6745,#1751);
#1222=LINE('',#6749,#1752);
#1223=LINE('',#6750,#1753);
#1224=LINE('',#6751,#1754);
#1225=LINE('',#6754,#1755);
#1226=LINE('',#6755,#1756);
#1227=LINE('',#6758,#1757);
#1228=LINE('',#6759,#1758);
#1229=LINE('',#6762,#1759);
#1230=LINE('',#6763,#1760);
#1231=LINE('',#6766,#1761);
#1232=LINE('',#6767,#1762);
#1233=LINE('',#6769,#1763);
#1234=LINE('',#6773,#1764);
#1235=LINE('',#6774,#1765);
#1236=LINE('',#6775,#1766);
#1237=LINE('',#6778,#1767);
#1238=LINE('',#6779,#1768);
#1239=LINE('',#6782,#1769);
#1240=LINE('',#6783,#1770);
#1241=LINE('',#6786,#1771);
#1242=LINE('',#6787,#1772);
#1243=LINE('',#6790,#1773);
#1244=LINE('',#6791,#1774);
#1245=LINE('',#6793,#1775);
#1246=LINE('',#6797,#1776);
#1247=LINE('',#6798,#1777);
#1248=LINE('',#6799,#1778);
#1249=LINE('',#6802,#1779);
#1250=LINE('',#6803,#1780);
#1251=LINE('',#6806,#1781);
#1252=LINE('',#6807,#1782);
#1253=LINE('',#6810,#1783);
#1254=LINE('',#6811,#1784);
#1255=LINE('',#6814,#1785);
#1256=LINE('',#6815,#1786);
#1257=LINE('',#6817,#1787);
#1258=LINE('',#6821,#1788);
#1259=LINE('',#6822,#1789);
#1260=LINE('',#6823,#1790);
#1261=LINE('',#6826,#1791);
#1262=LINE('',#6827,#1792);
#1263=LINE('',#6830,#1793);
#1264=LINE('',#6831,#1794);
#1265=LINE('',#6834,#1795);
#1266=LINE('',#6835,#1796);
#1267=LINE('',#6838,#1797);
#1268=LINE('',#6839,#1798);
#1269=LINE('',#6841,#1799);
#1270=LINE('',#6845,#1800);
#1271=LINE('',#6846,#1801);
#1272=LINE('',#6847,#1802);
#1273=LINE('',#6850,#1803);
#1274=LINE('',#6851,#1804);
#1275=LINE('',#6854,#1805);
#1276=LINE('',#6855,#1806);
#1277=LINE('',#6858,#1807);
#1278=LINE('',#6859,#1808);
#1279=LINE('',#6862,#1809);
#1280=LINE('',#6863,#1810);
#1281=LINE('',#6865,#1811);
#1282=LINE('',#6869,#1812);
#1283=LINE('',#6870,#1813);
#1284=LINE('',#6871,#1814);
#1285=LINE('',#6874,#1815);
#1286=LINE('',#6875,#1816);
#1287=LINE('',#6878,#1817);
#1288=LINE('',#6879,#1818);
#1289=LINE('',#6882,#1819);
#1290=LINE('',#6883,#1820);
#1291=LINE('',#6886,#1821);
#1292=LINE('',#6887,#1822);
#1293=LINE('',#6889,#1823);
#1294=LINE('',#6893,#1824);
#1295=LINE('',#6895,#1825);
#1296=LINE('',#6897,#1826);
#1297=LINE('',#6898,#1827);
#1298=LINE('',#6901,#1828);
#1299=LINE('',#6903,#1829);
#1300=LINE('',#6904,#1830);
#1301=LINE('',#6907,#1831);
#1302=LINE('',#6909,#1832);
#1303=LINE('',#6910,#1833);
#1304=LINE('',#6914,#1834);
#1305=LINE('',#6915,#1835);
#1306=LINE('',#6916,#1836);
#1307=LINE('',#6918,#1837);
#1308=LINE('',#6919,#1838);
#1309=LINE('',#6922,#1839);
#1310=LINE('',#6924,#1840);
#1311=LINE('',#6925,#1841);
#1312=LINE('',#6927,#1842);
#1313=LINE('',#6929,#1843);
#1314=LINE('',#6933,#1844);
#1315=LINE('',#6935,#1845);
#1316=LINE('',#6937,#1846);
#1317=LINE('',#6938,#1847);
#1318=LINE('',#6941,#1848);
#1319=LINE('',#6943,#1849);
#1320=LINE('',#6945,#1850);
#1321=LINE('',#6947,#1851);
#1322=LINE('',#6948,#1852);
#1323=LINE('',#6951,#1853);
#1324=LINE('',#6953,#1854);
#1325=LINE('',#6954,#1855);
#1326=LINE('',#6956,#1856);
#1327=LINE('',#6958,#1857);
#1328=LINE('',#6960,#1858);
#1329=LINE('',#6961,#1859);
#1330=LINE('',#6964,#1860);
#1331=LINE('',#6966,#1861);
#1332=LINE('',#6967,#1862);
#1333=LINE('',#6970,#1863);
#1334=LINE('',#6971,#1864);
#1335=LINE('',#6975,#1865);
#1336=LINE('',#6976,#1866);
#1337=LINE('',#6978,#1867);
#1338=LINE('',#6980,#1868);
#1339=LINE('',#6981,#1869);
#1340=VECTOR('',#4672,2.5);
#1341=VECTOR('',#4677,10.);
#1342=VECTOR('',#4678,10.);
#1343=VECTOR('',#4679,10.);
#1344=VECTOR('',#4680,10.);
#1345=VECTOR('',#4685,1.5);
#1346=VECTOR('',#4690,2.5);
#1347=VECTOR('',#4695,1.5);
#1348=VECTOR('',#4704,10.);
#1349=VECTOR('',#4711,10.);
#1350=VECTOR('',#4714,10.);
#1351=VECTOR('',#4717,10.);
#1352=VECTOR('',#4732,10.);
#1353=VECTOR('',#4735,10.);
#1354=VECTOR('',#4792,10.);
#1355=VECTOR('',#4793,10.);
#1356=VECTOR('',#4796,10.);
#1357=VECTOR('',#4797,10.);
#1358=VECTOR('',#4798,10.);
#1359=VECTOR('',#4799,10.);
#1360=VECTOR('',#4804,10.);
#1361=VECTOR('',#4807,10.);
#1362=VECTOR('',#4808,10.);
#1363=VECTOR('',#4809,10.);
#1364=VECTOR('',#4812,10.);
#1365=VECTOR('',#4815,2.13);
#1366=VECTOR('',#4822,2.13);
#1367=VECTOR('',#4829,10.);
#1368=VECTOR('',#4838,4.);
#1369=VECTOR('',#4845,3.5);
#1370=VECTOR('',#4848,10.);
#1371=VECTOR('',#4849,10.);
#1372=VECTOR('',#4850,10.);
#1373=VECTOR('',#4851,10.);
#1374=VECTOR('',#4852,10.);
#1375=VECTOR('',#4853,10.);
#1376=VECTOR('',#4854,10.);
#1377=VECTOR('',#4855,10.);
#1378=VECTOR('',#4856,10.);
#1379=VECTOR('',#4857,10.);
#1380=VECTOR('',#4858,10.);
#1381=VECTOR('',#4859,10.);
#1382=VECTOR('',#4860,10.);
#1383=VECTOR('',#4861,10.);
#1384=VECTOR('',#4862,10.);
#1385=VECTOR('',#4863,10.);
#1386=VECTOR('',#4868,10.);
#1387=VECTOR('',#4871,10.);
#1388=VECTOR('',#4874,10.);
#1389=VECTOR('',#4877,10.);
#1390=VECTOR('',#4878,10.);
#1391=VECTOR('',#4879,10.);
#1392=VECTOR('',#4880,10.);
#1393=VECTOR('',#4881,10.);
#1394=VECTOR('',#4886,10.);
#1395=VECTOR('',#4887,10.);
#1396=VECTOR('',#4892,10.);
#1397=VECTOR('',#4893,10.);
#1398=VECTOR('',#4898,10.);
#1399=VECTOR('',#4899,10.);
#1400=VECTOR('',#4904,10.);
#1401=VECTOR('',#4905,10.);
#1402=VECTOR('',#4908,10.);
#1403=VECTOR('',#4911,10.);
#1404=VECTOR('',#4916,10.);
#1405=VECTOR('',#4917,10.);
#1406=VECTOR('',#4924,2.25);
#1407=VECTOR('',#4931,2.25);
#1408=VECTOR('',#4940,2.35);
#1409=VECTOR('',#4945,1.35);
#1410=VECTOR('',#4948,10.);
#1411=VECTOR('',#4949,10.);
#1412=VECTOR('',#4950,10.);
#1413=VECTOR('',#4953,10.);
#1414=VECTOR('',#4954,10.);
#1415=VECTOR('',#4955,10.);
#1416=VECTOR('',#4958,10.);
#1417=VECTOR('',#4961,10.);
#1418=VECTOR('',#4964,10.);
#1419=VECTOR('',#4965,10.);
#1420=VECTOR('',#4966,10.);
#1421=VECTOR('',#4967,10.);
#1422=VECTOR('',#4968,10.);
#1423=VECTOR('',#4969,10.);
#1424=VECTOR('',#4972,10.);
#1425=VECTOR('',#4973,10.);
#1426=VECTOR('',#4974,10.);
#1427=VECTOR('',#4975,10.);
#1428=VECTOR('',#4976,10.);
#1429=VECTOR('',#4977,10.);
#1430=VECTOR('',#4980,10.);
#1431=VECTOR('',#4981,10.);
#1432=VECTOR('',#4984,10.);
#1433=VECTOR('',#4985,10.);
#1434=VECTOR('',#4988,10.);
#1435=VECTOR('',#4989,10.);
#1436=VECTOR('',#4992,10.);
#1437=VECTOR('',#4993,10.);
#1438=VECTOR('',#4996,10.);
#1439=VECTOR('',#4999,10.);
#1440=VECTOR('',#5000,10.);
#1441=VECTOR('',#5003,10.);
#1442=VECTOR('',#5004,10.);
#1443=VECTOR('',#5007,10.);
#1444=VECTOR('',#5010,10.);
#1445=VECTOR('',#5011,10.);
#1446=VECTOR('',#5014,10.);
#1447=VECTOR('',#5015,10.);
#1448=VECTOR('',#5018,10.);
#1449=VECTOR('',#5023,10.);
#1450=VECTOR('',#5036,10.);
#1451=VECTOR('',#5039,10.);
#1452=VECTOR('',#5044,10.);
#1453=VECTOR('',#5047,10.);
#1454=VECTOR('',#5052,10.);
#1455=VECTOR('',#5055,10.);
#1456=VECTOR('',#5060,10.);
#1457=VECTOR('',#5063,10.);
#1458=VECTOR('',#5066,10.);
#1459=VECTOR('',#5067,10.);
#1460=VECTOR('',#5070,10.);
#1461=VECTOR('',#5071,10.);
#1462=VECTOR('',#5072,10.);
#1463=VECTOR('',#5073,10.);
#1464=VECTOR('',#5074,10.);
#1465=VECTOR('',#5075,10.);
#1466=VECTOR('',#5076,10.);
#1467=VECTOR('',#5077,10.);
#1468=VECTOR('',#5078,10.);
#1469=VECTOR('',#5079,10.);
#1470=VECTOR('',#5080,10.);
#1471=VECTOR('',#5081,10.);
#1472=VECTOR('',#5082,10.);
#1473=VECTOR('',#5083,10.);
#1474=VECTOR('',#5084,10.);
#1475=VECTOR('',#5085,10.);
#1476=VECTOR('',#5086,10.);
#1477=VECTOR('',#5087,9.99999999999999);
#1478=VECTOR('',#5088,10.);
#1479=VECTOR('',#5089,10.);
#1480=VECTOR('',#5090,10.);
#1481=VECTOR('',#5091,10.);
#1482=VECTOR('',#5092,10.);
#1483=VECTOR('',#5093,9.99999999999999);
#1484=VECTOR('',#5094,10.);
#1485=VECTOR('',#5095,10.);
#1486=VECTOR('',#5096,10.);
#1487=VECTOR('',#5097,10.);
#1488=VECTOR('',#5098,10.);
#1489=VECTOR('',#5099,10.);
#1490=VECTOR('',#5100,10.);
#1491=VECTOR('',#5101,10.);
#1492=VECTOR('',#5102,10.);
#1493=VECTOR('',#5103,10.);
#1494=VECTOR('',#5104,10.);
#1495=VECTOR('',#5105,10.);
#1496=VECTOR('',#5106,10.);
#1497=VECTOR('',#5107,10.);
#1498=VECTOR('',#5108,10.);
#1499=VECTOR('',#5109,10.);
#1500=VECTOR('',#5110,10.);
#1501=VECTOR('',#5111,10.);
#1502=VECTOR('',#5112,10.);
#1503=VECTOR('',#5113,10.);
#1504=VECTOR('',#5114,10.);
#1505=VECTOR('',#5115,10.);
#1506=VECTOR('',#5116,10.);
#1507=VECTOR('',#5117,10.);
#1508=VECTOR('',#5118,10.);
#1509=VECTOR('',#5119,10.);
#1510=VECTOR('',#5120,10.);
#1511=VECTOR('',#5121,10.);
#1512=VECTOR('',#5122,10.);
#1513=VECTOR('',#5123,9.99999999999999);
#1514=VECTOR('',#5124,10.);
#1515=VECTOR('',#5125,10.);
#1516=VECTOR('',#5126,10.);
#1517=VECTOR('',#5127,10.);
#1518=VECTOR('',#5128,10.);
#1519=VECTOR('',#5129,10.);
#1520=VECTOR('',#5130,10.);
#1521=VECTOR('',#5131,10.);
#1522=VECTOR('',#5132,10.);
#1523=VECTOR('',#5133,10.);
#1524=VECTOR('',#5134,10.);
#1525=VECTOR('',#5135,10.);
#1526=VECTOR('',#5136,10.);
#1527=VECTOR('',#5137,10.);
#1528=VECTOR('',#5138,10.);
#1529=VECTOR('',#5139,10.);
#1530=VECTOR('',#5140,10.);
#1531=VECTOR('',#5141,9.99999999999999);
#1532=VECTOR('',#5142,10.);
#1533=VECTOR('',#5143,10.);
#1534=VECTOR('',#5144,10.);
#1535=VECTOR('',#5145,10.);
#1536=VECTOR('',#5146,10.);
#1537=VECTOR('',#5147,9.99999999999999);
#1538=VECTOR('',#5148,10.);
#1539=VECTOR('',#5149,10.);
#1540=VECTOR('',#5150,10.);
#1541=VECTOR('',#5151,10.);
#1542=VECTOR('',#5152,10.);
#1543=VECTOR('',#5153,10.);
#1544=VECTOR('',#5154,10.);
#1545=VECTOR('',#5155,10.);
#1546=VECTOR('',#5156,10.);
#1547=VECTOR('',#5157,10.);
#1548=VECTOR('',#5158,10.);
#1549=VECTOR('',#5159,10.);
#1550=VECTOR('',#5160,10.);
#1551=VECTOR('',#5161,10.);
#1552=VECTOR('',#5162,10.);
#1553=VECTOR('',#5163,10.);
#1554=VECTOR('',#5164,10.);
#1555=VECTOR('',#5165,10.);
#1556=VECTOR('',#5166,10.);
#1557=VECTOR('',#5167,10.);
#1558=VECTOR('',#5168,10.);
#1559=VECTOR('',#5169,10.);
#1560=VECTOR('',#5170,10.);
#1561=VECTOR('',#5171,10.);
#1562=VECTOR('',#5172,10.);
#1563=VECTOR('',#5173,10.);
#1564=VECTOR('',#5174,10.);
#1565=VECTOR('',#5175,10.);
#1566=VECTOR('',#5176,10.);
#1567=VECTOR('',#5177,10.);
#1568=VECTOR('',#5178,10.);
#1569=VECTOR('',#5179,10.);
#1570=VECTOR('',#5180,10.);
#1571=VECTOR('',#5181,10.);
#1572=VECTOR('',#5182,10.);
#1573=VECTOR('',#5183,9.99999999999999);
#1574=VECTOR('',#5184,10.);
#1575=VECTOR('',#5185,10.);
#1576=VECTOR('',#5186,10.);
#1577=VECTOR('',#5187,10.);
#1578=VECTOR('',#5188,10.);
#1579=VECTOR('',#5189,10.);
#1580=VECTOR('',#5190,10.);
#1581=VECTOR('',#5191,9.99999999999999);
#1582=VECTOR('',#5192,10.);
#1583=VECTOR('',#5195,10.);
#1584=VECTOR('',#5198,10.);
#1585=VECTOR('',#5199,10.);
#1586=VECTOR('',#5200,10.);
#1587=VECTOR('',#5203,10.);
#1588=VECTOR('',#5204,10.);
#1589=VECTOR('',#5207,9.99999999999999);
#1590=VECTOR('',#5208,10.);
#1591=VECTOR('',#5211,10.);
#1592=VECTOR('',#5212,10.);
#1593=VECTOR('',#5215,10.);
#1594=VECTOR('',#5216,10.);
#1595=VECTOR('',#5219,10.);
#1596=VECTOR('',#5222,10.);
#1597=VECTOR('',#5223,10.);
#1598=VECTOR('',#5224,10.);
#1599=VECTOR('',#5227,10.);
#1600=VECTOR('',#5228,10.);
#1601=VECTOR('',#5231,10.);
#1602=VECTOR('',#5232,10.);
#1603=VECTOR('',#5235,10.);
#1604=VECTOR('',#5236,10.);
#1605=VECTOR('',#5239,9.99999999999999);
#1606=VECTOR('',#5240,10.);
#1607=VECTOR('',#5243,10.);
#1608=VECTOR('',#5246,10.);
#1609=VECTOR('',#5247,10.);
#1610=VECTOR('',#5248,10.);
#1611=VECTOR('',#5251,10.);
#1612=VECTOR('',#5252,10.);
#1613=VECTOR('',#5255,10.);
#1614=VECTOR('',#5256,10.);
#1615=VECTOR('',#5259,10.);
#1616=VECTOR('',#5260,10.);
#1617=VECTOR('',#5263,10.);
#1618=VECTOR('',#5264,10.);
#1619=VECTOR('',#5267,10.);
#1620=VECTOR('',#5270,10.);
#1621=VECTOR('',#5271,10.);
#1622=VECTOR('',#5272,10.);
#1623=VECTOR('',#5275,10.);
#1624=VECTOR('',#5276,10.);
#1625=VECTOR('',#5279,10.);
#1626=VECTOR('',#5280,10.);
#1627=VECTOR('',#5283,10.);
#1628=VECTOR('',#5284,10.);
#1629=VECTOR('',#5287,10.);
#1630=VECTOR('',#5288,10.);
#1631=VECTOR('',#5291,10.);
#1632=VECTOR('',#5294,10.);
#1633=VECTOR('',#5295,10.);
#1634=VECTOR('',#5296,10.);
#1635=VECTOR('',#5299,10.);
#1636=VECTOR('',#5300,10.);
#1637=VECTOR('',#5303,10.);
#1638=VECTOR('',#5304,10.);
#1639=VECTOR('',#5307,10.);
#1640=VECTOR('',#5308,10.);
#1641=VECTOR('',#5311,10.);
#1642=VECTOR('',#5312,10.);
#1643=VECTOR('',#5315,10.);
#1644=VECTOR('',#5318,10.);
#1645=VECTOR('',#5319,10.);
#1646=VECTOR('',#5320,10.);
#1647=VECTOR('',#5323,10.);
#1648=VECTOR('',#5324,10.);
#1649=VECTOR('',#5327,10.);
#1650=VECTOR('',#5328,10.);
#1651=VECTOR('',#5331,10.);
#1652=VECTOR('',#5332,10.);
#1653=VECTOR('',#5335,10.);
#1654=VECTOR('',#5336,10.);
#1655=VECTOR('',#5339,10.);
#1656=VECTOR('',#5342,10.);
#1657=VECTOR('',#5343,10.);
#1658=VECTOR('',#5344,10.);
#1659=VECTOR('',#5347,10.);
#1660=VECTOR('',#5348,10.);
#1661=VECTOR('',#5351,10.);
#1662=VECTOR('',#5352,10.);
#1663=VECTOR('',#5355,10.);
#1664=VECTOR('',#5356,10.);
#1665=VECTOR('',#5359,10.);
#1666=VECTOR('',#5360,10.);
#1667=VECTOR('',#5363,10.);
#1668=VECTOR('',#5366,10.);
#1669=VECTOR('',#5367,10.);
#1670=VECTOR('',#5368,10.);
#1671=VECTOR('',#5371,10.);
#1672=VECTOR('',#5372,10.);
#1673=VECTOR('',#5375,10.);
#1674=VECTOR('',#5376,10.);
#1675=VECTOR('',#5379,10.);
#1676=VECTOR('',#5380,10.);
#1677=VECTOR('',#5383,9.99999999999999);
#1678=VECTOR('',#5384,10.);
#1679=VECTOR('',#5387,10.);
#1680=VECTOR('',#5390,10.);
#1681=VECTOR('',#5391,10.);
#1682=VECTOR('',#5392,10.);
#1683=VECTOR('',#5395,10.);
#1684=VECTOR('',#5396,10.);
#1685=VECTOR('',#5399,10.);
#1686=VECTOR('',#5400,10.);
#1687=VECTOR('',#5403,10.);
#1688=VECTOR('',#5404,10.);
#1689=VECTOR('',#5407,9.99999999999999);
#1690=VECTOR('',#5408,10.);
#1691=VECTOR('',#5411,10.);
#1692=VECTOR('',#5414,10.);
#1693=VECTOR('',#5415,10.);
#1694=VECTOR('',#5416,10.);
#1695=VECTOR('',#5419,10.);
#1696=VECTOR('',#5420,10.);
#1697=VECTOR('',#5423,10.);
#1698=VECTOR('',#5424,10.);
#1699=VECTOR('',#5427,10.);
#1700=VECTOR('',#5428,10.);
#1701=VECTOR('',#5431,10.);
#1702=VECTOR('',#5432,10.);
#1703=VECTOR('',#5435,10.);
#1704=VECTOR('',#5438,10.);
#1705=VECTOR('',#5439,10.);
#1706=VECTOR('',#5440,10.);
#1707=VECTOR('',#5443,10.);
#1708=VECTOR('',#5444,10.);
#1709=VECTOR('',#5447,10.);
#1710=VECTOR('',#5448,10.);
#1711=VECTOR('',#5451,10.);
#1712=VECTOR('',#5452,10.);
#1713=VECTOR('',#5455,10.);
#1714=VECTOR('',#5456,10.);
#1715=VECTOR('',#5459,10.);
#1716=VECTOR('',#5462,10.);
#1717=VECTOR('',#5463,10.);
#1718=VECTOR('',#5464,10.);
#1719=VECTOR('',#5467,10.);
#1720=VECTOR('',#5468,10.);
#1721=VECTOR('',#5471,10.);
#1722=VECTOR('',#5472,10.);
#1723=VECTOR('',#5475,10.);
#1724=VECTOR('',#5476,10.);
#1725=VECTOR('',#5479,9.99999999999999);
#1726=VECTOR('',#5480,10.);
#1727=VECTOR('',#5483,10.);
#1728=VECTOR('',#5486,10.);
#1729=VECTOR('',#5487,10.);
#1730=VECTOR('',#5488,10.);
#1731=VECTOR('',#5491,10.);
#1732=VECTOR('',#5492,10.);
#1733=VECTOR('',#5495,10.);
#1734=VECTOR('',#5496,10.);
#1735=VECTOR('',#5499,10.);
#1736=VECTOR('',#5500,10.);
#1737=VECTOR('',#5503,10.);
#1738=VECTOR('',#5504,10.);
#1739=VECTOR('',#5507,10.);
#1740=VECTOR('',#5510,10.);
#1741=VECTOR('',#5511,10.);
#1742=VECTOR('',#5512,10.);
#1743=VECTOR('',#5515,10.);
#1744=VECTOR('',#5516,10.);
#1745=VECTOR('',#5519,10.);
#1746=VECTOR('',#5520,10.);
#1747=VECTOR('',#5523,10.);
#1748=VECTOR('',#5524,10.);
#1749=VECTOR('',#5527,10.);
#1750=VECTOR('',#5528,10.);
#1751=VECTOR('',#5531,10.);
#1752=VECTOR('',#5534,10.);
#1753=VECTOR('',#5535,10.);
#1754=VECTOR('',#5536,10.);
#1755=VECTOR('',#5539,10.);
#1756=VECTOR('',#5540,10.);
#1757=VECTOR('',#5543,10.);
#1758=VECTOR('',#5544,10.);
#1759=VECTOR('',#5547,10.);
#1760=VECTOR('',#5548,10.);
#1761=VECTOR('',#5551,10.);
#1762=VECTOR('',#5552,10.);
#1763=VECTOR('',#5555,10.);
#1764=VECTOR('',#5558,10.);
#1765=VECTOR('',#5559,10.);
#1766=VECTOR('',#5560,10.);
#1767=VECTOR('',#5563,10.);
#1768=VECTOR('',#5564,10.);
#1769=VECTOR('',#5567,10.);
#1770=VECTOR('',#5568,10.);
#1771=VECTOR('',#5571,10.);
#1772=VECTOR('',#5572,10.);
#1773=VECTOR('',#5575,10.);
#1774=VECTOR('',#5576,10.);
#1775=VECTOR('',#5579,10.);
#1776=VECTOR('',#5582,10.);
#1777=VECTOR('',#5583,10.);
#1778=VECTOR('',#5584,10.);
#1779=VECTOR('',#5587,10.);
#1780=VECTOR('',#5588,10.);
#1781=VECTOR('',#5591,10.);
#1782=VECTOR('',#5592,10.);
#1783=VECTOR('',#5595,10.);
#1784=VECTOR('',#5596,10.);
#1785=VECTOR('',#5599,9.99999999999999);
#1786=VECTOR('',#5600,10.);
#1787=VECTOR('',#5603,10.);
#1788=VECTOR('',#5606,10.);
#1789=VECTOR('',#5607,10.);
#1790=VECTOR('',#5608,10.);
#1791=VECTOR('',#5611,10.);
#1792=VECTOR('',#5612,10.);
#1793=VECTOR('',#5615,10.);
#1794=VECTOR('',#5616,10.);
#1795=VECTOR('',#5619,10.);
#1796=VECTOR('',#5620,10.);
#1797=VECTOR('',#5623,9.99999999999999);
#1798=VECTOR('',#5624,10.);
#1799=VECTOR('',#5627,10.);
#1800=VECTOR('',#5630,10.);
#1801=VECTOR('',#5631,10.);
#1802=VECTOR('',#5632,10.);
#1803=VECTOR('',#5635,10.);
#1804=VECTOR('',#5636,10.);
#1805=VECTOR('',#5639,10.);
#1806=VECTOR('',#5640,10.);
#1807=VECTOR('',#5643,10.);
#1808=VECTOR('',#5644,10.);
#1809=VECTOR('',#5647,10.);
#1810=VECTOR('',#5648,10.);
#1811=VECTOR('',#5651,10.);
#1812=VECTOR('',#5654,10.);
#1813=VECTOR('',#5655,10.);
#1814=VECTOR('',#5656,10.);
#1815=VECTOR('',#5659,10.);
#1816=VECTOR('',#5660,10.);
#1817=VECTOR('',#5663,10.);
#1818=VECTOR('',#5664,10.);
#1819=VECTOR('',#5667,10.);
#1820=VECTOR('',#5668,10.);
#1821=VECTOR('',#5671,10.);
#1822=VECTOR('',#5672,10.);
#1823=VECTOR('',#5675,10.);
#1824=VECTOR('',#5678,10.);
#1825=VECTOR('',#5679,10.);
#1826=VECTOR('',#5680,10.);
#1827=VECTOR('',#5681,10.);
#1828=VECTOR('',#5684,10.);
#1829=VECTOR('',#5685,10.);
#1830=VECTOR('',#5686,10.);
#1831=VECTOR('',#5689,10.);
#1832=VECTOR('',#5690,10.);
#1833=VECTOR('',#5691,10.);
#1834=VECTOR('',#5694,10.);
#1835=VECTOR('',#5695,10.);
#1836=VECTOR('',#5696,10.);
#1837=VECTOR('',#5699,10.);
#1838=VECTOR('',#5700,10.);
#1839=VECTOR('',#5703,10.);
#1840=VECTOR('',#5704,10.);
#1841=VECTOR('',#5705,10.);
#1842=VECTOR('',#5708,10.);
#1843=VECTOR('',#5711,10.);
#1844=VECTOR('',#5714,10.);
#1845=VECTOR('',#5715,10.);
#1846=VECTOR('',#5716,10.);
#1847=VECTOR('',#5717,10.);
#1848=VECTOR('',#5720,10.);
#1849=VECTOR('',#5721,10.);
#1850=VECTOR('',#5722,10.);
#1851=VECTOR('',#5723,10.);
#1852=VECTOR('',#5724,10.);
#1853=VECTOR('',#5727,10.);
#1854=VECTOR('',#5728,10.);
#1855=VECTOR('',#5729,10.);
#1856=VECTOR('',#5732,10.);
#1857=VECTOR('',#5733,10.);
#1858=VECTOR('',#5734,10.);
#1859=VECTOR('',#5735,10.);
#1860=VECTOR('',#5738,10.);
#1861=VECTOR('',#5739,10.);
#1862=VECTOR('',#5740,10.);
#1863=VECTOR('',#5743,10.);
#1864=VECTOR('',#5744,10.);
#1865=VECTOR('',#5749,10.);
#1866=VECTOR('',#5750,10.);
#1867=VECTOR('',#5753,10.);
#1868=VECTOR('',#5756,10.);
#1869=VECTOR('',#5757,10.);
#1870=CIRCLE('',#4379,3.50000000000001);
#1871=CIRCLE('',#4380,1.5);
#1872=CIRCLE('',#4382,3.50000000000001);
#1873=CIRCLE('',#4384,1.5);
#1874=CIRCLE('',#4386,1.5);
#1875=CIRCLE('',#4388,1.5);
#1876=CIRCLE('',#4390,2.5);
#1877=CIRCLE('',#4391,2.5);
#1878=CIRCLE('',#4393,2.5);
#1879=CIRCLE('',#4394,2.5);
#1880=CIRCLE('',#4396,5.5);
#1881=CIRCLE('',#4397,2.18);
#1882=CIRCLE('',#4398,0.5);
#1883=CIRCLE('',#4399,0.5);
#1884=CIRCLE('',#4400,0.5);
#1885=CIRCLE('',#4401,0.5);
#1886=CIRCLE('',#4402,0.5);
#1887=CIRCLE('',#4404,5.5);
#1888=CIRCLE('',#4405,0.5);
#1889=CIRCLE('',#4406,0.5);
#1890=CIRCLE('',#4407,0.5);
#1891=CIRCLE('',#4408,0.5);
#1892=CIRCLE('',#4409,0.5);
#1893=CIRCLE('',#4410,2.18);
#1894=CIRCLE('',#4412,0.499999999999998);
#1895=CIRCLE('',#4414,0.499999999999998);
#1896=CIRCLE('',#4416,0.499999999999998);
#1897=CIRCLE('',#4418,0.499999999999998);
#1898=CIRCLE('',#4420,0.499999999999998);
#1899=CIRCLE('',#4422,0.499999999999998);
#1900=CIRCLE('',#4424,0.499999999999998);
#1901=CIRCLE('',#4426,0.499999999999998);
#1902=CIRCLE('',#4428,0.499999999999998);
#1903=CIRCLE('',#4430,0.499999999999998);
#1904=CIRCLE('',#4432,5.5);
#1905=CIRCLE('',#4435,5.5);
#1906=CIRCLE('',#4439,2.08);
#1907=CIRCLE('',#4442,2.08);
#1908=CIRCLE('',#4448,4.5);
#1909=CIRCLE('',#4449,3.5);
#1910=CIRCLE('',#4451,3.5);
#1911=CIRCLE('',#4454,2.5);
#1912=CIRCLE('',#4455,2.5);
#1913=CIRCLE('',#4456,2.5);
#1914=CIRCLE('',#4457,2.5);
#1915=CIRCLE('',#4459,2.5);
#1916=CIRCLE('',#4461,2.5);
#1917=CIRCLE('',#4463,2.5);
#1918=CIRCLE('',#4465,2.5);
#1919=CIRCLE('',#4468,2.25);
#1920=CIRCLE('',#4470,3.35);
#1921=CIRCLE('',#4472,2.25);
#1922=CIRCLE('',#4473,2.25);
#1923=CIRCLE('',#4476,2.25);
#1924=CIRCLE('',#4479,1.35);
#1925=CIRCLE('',#4481,1.35);
#1926=CIRCLE('',#4506,2.5);
#1927=CIRCLE('',#4507,2.5);
#1928=CIRCLE('',#4509,2.5);
#1929=CIRCLE('',#4510,2.5);
#1930=CIRCLE('',#4512,2.5);
#1931=CIRCLE('',#4513,2.5);
#1932=CIRCLE('',#4515,2.5);
#1933=CIRCLE('',#4516,2.5);
#1934=VERTEX_POINT('',#5773);
#1935=VERTEX_POINT('',#5775);
#1936=VERTEX_POINT('',#5779);
#1937=VERTEX_POINT('',#5780);
#1938=VERTEX_POINT('',#5782);
#1939=VERTEX_POINT('',#5784);
#1940=VERTEX_POINT('',#5787);
#1941=VERTEX_POINT('',#5790);
#1942=VERTEX_POINT('',#5794);
#1943=VERTEX_POINT('',#5798);
#1944=VERTEX_POINT('',#5802);
#1945=VERTEX_POINT('',#5804);
#1946=VERTEX_POINT('',#5808);
#1947=VERTEX_POINT('',#5810);
#1948=VERTEX_POINT('',#5814);
#1949=VERTEX_POINT('',#5816);
#1950=VERTEX_POINT('',#5819);
#1951=VERTEX_POINT('',#5821);
#1952=VERTEX_POINT('',#5823);
#1953=VERTEX_POINT('',#5825);
#1954=VERTEX_POINT('',#5827);
#1955=VERTEX_POINT('',#5829);
#1956=VERTEX_POINT('',#5832);
#1957=VERTEX_POINT('',#5834);
#1958=VERTEX_POINT('',#5837);
#1959=VERTEX_POINT('',#5839);
#1960=VERTEX_POINT('',#5841);
#1961=VERTEX_POINT('',#5843);
#1962=VERTEX_POINT('',#5845);
#1963=VERTEX_POINT('',#5847);
#1964=VERTEX_POINT('',#5850);
#1965=VERTEX_POINT('',#5853);
#1966=VERTEX_POINT('',#5856);
#1967=VERTEX_POINT('',#5859);
#1968=VERTEX_POINT('',#5862);
#1969=VERTEX_POINT('',#5865);
#1970=VERTEX_POINT('',#5868);
#1971=VERTEX_POINT('',#5871);
#1972=VERTEX_POINT('',#5874);
#1973=VERTEX_POINT('',#5877);
#1974=VERTEX_POINT('',#5880);
#1975=VERTEX_POINT('',#5881);
#1976=VERTEX_POINT('',#5886);
#1977=VERTEX_POINT('',#5888);
#1978=VERTEX_POINT('',#5890);
#1979=VERTEX_POINT('',#5894);
#1980=VERTEX_POINT('',#5898);
#1981=VERTEX_POINT('',#5900);
#1982=VERTEX_POINT('',#5906);
#1983=VERTEX_POINT('',#5911);
#1984=VERTEX_POINT('',#5920);
#1985=VERTEX_POINT('',#5922);
#1986=VERTEX_POINT('',#5926);
#1987=VERTEX_POINT('',#5930);
#1988=VERTEX_POINT('',#5931);
#1989=VERTEX_POINT('',#5933);
#1990=VERTEX_POINT('',#5935);
#1991=VERTEX_POINT('',#5937);
#1992=VERTEX_POINT('',#5939);
#1993=VERTEX_POINT('',#5941);
#1994=VERTEX_POINT('',#5943);
#1995=VERTEX_POINT('',#5945);
#1996=VERTEX_POINT('',#5947);
#1997=VERTEX_POINT('',#5949);
#1998=VERTEX_POINT('',#5951);
#1999=VERTEX_POINT('',#5953);
#2000=VERTEX_POINT('',#5955);
#2001=VERTEX_POINT('',#5957);
#2002=VERTEX_POINT('',#5959);
#2003=VERTEX_POINT('',#5963);
#2004=VERTEX_POINT('',#5964);
#2005=VERTEX_POINT('',#5966);
#2006=VERTEX_POINT('',#5968);
#2007=VERTEX_POINT('',#5970);
#2008=VERTEX_POINT('',#5972);
#2009=VERTEX_POINT('',#5974);
#2010=VERTEX_POINT('',#5976);
#2011=VERTEX_POINT('',#5979);
#2012=VERTEX_POINT('',#5980);
#2013=VERTEX_POINT('',#5982);
#2014=VERTEX_POINT('',#5984);
#2015=VERTEX_POINT('',#5988);
#2016=VERTEX_POINT('',#5989);
#2017=VERTEX_POINT('',#5994);
#2018=VERTEX_POINT('',#5995);
#2019=VERTEX_POINT('',#6000);
#2020=VERTEX_POINT('',#6001);
#2021=VERTEX_POINT('',#6006);
#2022=VERTEX_POINT('',#6007);
#2023=VERTEX_POINT('',#6015);
#2024=VERTEX_POINT('',#6020);
#2025=VERTEX_POINT('',#6023);
#2026=VERTEX_POINT('',#6025);
#2027=VERTEX_POINT('',#6030);
#2028=VERTEX_POINT('',#6035);
#2029=VERTEX_POINT('',#6039);
#2030=VERTEX_POINT('',#6043);
#2031=VERTEX_POINT('',#6045);
#2032=VERTEX_POINT('',#6049);
#2033=VERTEX_POINT('',#6051);
#2034=VERTEX_POINT('',#6059);
#2035=VERTEX_POINT('',#6061);
#2036=VERTEX_POINT('',#6064);
#2037=VERTEX_POINT('',#6066);
#2038=VERTEX_POINT('',#6070);
#2039=VERTEX_POINT('',#6072);
#2040=VERTEX_POINT('',#6075);
#2041=VERTEX_POINT('',#6077);
#2042=VERTEX_POINT('',#6081);
#2043=VERTEX_POINT('',#6085);
#2044=VERTEX_POINT('',#6089);
#2045=VERTEX_POINT('',#6093);
#2046=VERTEX_POINT('',#6099);
#2047=VERTEX_POINT('',#6103);
#2048=VERTEX_POINT('',#6109);
#2049=VERTEX_POINT('',#6113);
#2050=VERTEX_POINT('',#6126);
#2051=VERTEX_POINT('',#6127);
#2052=VERTEX_POINT('',#6129);
#2053=VERTEX_POINT('',#6131);
#2054=VERTEX_POINT('',#6135);
#2055=VERTEX_POINT('',#6136);
#2056=VERTEX_POINT('',#6138);
#2057=VERTEX_POINT('',#6140);
#2058=VERTEX_POINT('',#6144);
#2059=VERTEX_POINT('',#6145);
#2060=VERTEX_POINT('',#6147);
#2061=VERTEX_POINT('',#6149);
#2062=VERTEX_POINT('',#6153);
#2063=VERTEX_POINT('',#6154);
#2064=VERTEX_POINT('',#6156);
#2065=VERTEX_POINT('',#6158);
#2066=VERTEX_POINT('',#6168);
#2067=VERTEX_POINT('',#6169);
#2068=VERTEX_POINT('',#6171);
#2069=VERTEX_POINT('',#6173);
#2070=VERTEX_POINT('',#6175);
#2071=VERTEX_POINT('',#6177);
#2072=VERTEX_POINT('',#6180);
#2073=VERTEX_POINT('',#6181);
#2074=VERTEX_POINT('',#6183);
#2075=VERTEX_POINT('',#6185);
#2076=VERTEX_POINT('',#6187);
#2077=VERTEX_POINT('',#6189);
#2078=VERTEX_POINT('',#6192);
#2079=VERTEX_POINT('',#6193);
#2080=VERTEX_POINT('',#6195);
#2081=VERTEX_POINT('',#6197);
#2082=VERTEX_POINT('',#6199);
#2083=VERTEX_POINT('',#6201);
#2084=VERTEX_POINT('',#6204);
#2085=VERTEX_POINT('',#6205);
#2086=VERTEX_POINT('',#6207);
#2087=VERTEX_POINT('',#6209);
#2088=VERTEX_POINT('',#6211);
#2089=VERTEX_POINT('',#6213);
#2090=VERTEX_POINT('',#6216);
#2091=VERTEX_POINT('',#6217);
#2092=VERTEX_POINT('',#6219);
#2093=VERTEX_POINT('',#6221);
#2094=VERTEX_POINT('',#6223);
#2095=VERTEX_POINT('',#6225);
#2096=VERTEX_POINT('',#6228);
#2097=VERTEX_POINT('',#6229);
#2098=VERTEX_POINT('',#6231);
#2099=VERTEX_POINT('',#6233);
#2100=VERTEX_POINT('',#6235);
#2101=VERTEX_POINT('',#6237);
#2102=VERTEX_POINT('',#6240);
#2103=VERTEX_POINT('',#6241);
#2104=VERTEX_POINT('',#6243);
#2105=VERTEX_POINT('',#6245);
#2106=VERTEX_POINT('',#6247);
#2107=VERTEX_POINT('',#6249);
#2108=VERTEX_POINT('',#6252);
#2109=VERTEX_POINT('',#6253);
#2110=VERTEX_POINT('',#6255);
#2111=VERTEX_POINT('',#6257);
#2112=VERTEX_POINT('',#6259);
#2113=VERTEX_POINT('',#6261);
#2114=VERTEX_POINT('',#6264);
#2115=VERTEX_POINT('',#6265);
#2116=VERTEX_POINT('',#6267);
#2117=VERTEX_POINT('',#6269);
#2118=VERTEX_POINT('',#6271);
#2119=VERTEX_POINT('',#6273);
#2120=VERTEX_POINT('',#6276);
#2121=VERTEX_POINT('',#6277);
#2122=VERTEX_POINT('',#6279);
#2123=VERTEX_POINT('',#6281);
#2124=VERTEX_POINT('',#6283);
#2125=VERTEX_POINT('',#6285);
#2126=VERTEX_POINT('',#6288);
#2127=VERTEX_POINT('',#6289);
#2128=VERTEX_POINT('',#6291);
#2129=VERTEX_POINT('',#6293);
#2130=VERTEX_POINT('',#6295);
#2131=VERTEX_POINT('',#6297);
#2132=VERTEX_POINT('',#6300);
#2133=VERTEX_POINT('',#6301);
#2134=VERTEX_POINT('',#6303);
#2135=VERTEX_POINT('',#6305);
#2136=VERTEX_POINT('',#6307);
#2137=VERTEX_POINT('',#6309);
#2138=VERTEX_POINT('',#6312);
#2139=VERTEX_POINT('',#6313);
#2140=VERTEX_POINT('',#6315);
#2141=VERTEX_POINT('',#6317);
#2142=VERTEX_POINT('',#6319);
#2143=VERTEX_POINT('',#6321);
#2144=VERTEX_POINT('',#6324);
#2145=VERTEX_POINT('',#6325);
#2146=VERTEX_POINT('',#6327);
#2147=VERTEX_POINT('',#6329);
#2148=VERTEX_POINT('',#6331);
#2149=VERTEX_POINT('',#6333);
#2150=VERTEX_POINT('',#6336);
#2151=VERTEX_POINT('',#6337);
#2152=VERTEX_POINT('',#6339);
#2153=VERTEX_POINT('',#6341);
#2154=VERTEX_POINT('',#6343);
#2155=VERTEX_POINT('',#6345);
#2156=VERTEX_POINT('',#6348);
#2157=VERTEX_POINT('',#6349);
#2158=VERTEX_POINT('',#6351);
#2159=VERTEX_POINT('',#6353);
#2160=VERTEX_POINT('',#6355);
#2161=VERTEX_POINT('',#6357);
#2162=VERTEX_POINT('',#6360);
#2163=VERTEX_POINT('',#6361);
#2164=VERTEX_POINT('',#6363);
#2165=VERTEX_POINT('',#6365);
#2166=VERTEX_POINT('',#6367);
#2167=VERTEX_POINT('',#6369);
#2168=VERTEX_POINT('',#6372);
#2169=VERTEX_POINT('',#6373);
#2170=VERTEX_POINT('',#6375);
#2171=VERTEX_POINT('',#6377);
#2172=VERTEX_POINT('',#6379);
#2173=VERTEX_POINT('',#6381);
#2174=VERTEX_POINT('',#6384);
#2175=VERTEX_POINT('',#6385);
#2176=VERTEX_POINT('',#6387);
#2177=VERTEX_POINT('',#6389);
#2178=VERTEX_POINT('',#6391);
#2179=VERTEX_POINT('',#6393);
#2180=VERTEX_POINT('',#6396);
#2181=VERTEX_POINT('',#6397);
#2182=VERTEX_POINT('',#6399);
#2183=VERTEX_POINT('',#6401);
#2184=VERTEX_POINT('',#6403);
#2185=VERTEX_POINT('',#6405);
#2186=VERTEX_POINT('',#6411);
#2187=VERTEX_POINT('',#6412);
#2188=VERTEX_POINT('',#6417);
#2189=VERTEX_POINT('',#6421);
#2190=VERTEX_POINT('',#6425);
#2191=VERTEX_POINT('',#6429);
#2192=VERTEX_POINT('',#6435);
#2193=VERTEX_POINT('',#6436);
#2194=VERTEX_POINT('',#6441);
#2195=VERTEX_POINT('',#6445);
#2196=VERTEX_POINT('',#6449);
#2197=VERTEX_POINT('',#6453);
#2198=VERTEX_POINT('',#6459);
#2199=VERTEX_POINT('',#6460);
#2200=VERTEX_POINT('',#6465);
#2201=VERTEX_POINT('',#6469);
#2202=VERTEX_POINT('',#6473);
#2203=VERTEX_POINT('',#6477);
#2204=VERTEX_POINT('',#6483);
#2205=VERTEX_POINT('',#6484);
#2206=VERTEX_POINT('',#6489);
#2207=VERTEX_POINT('',#6493);
#2208=VERTEX_POINT('',#6497);
#2209=VERTEX_POINT('',#6501);
#2210=VERTEX_POINT('',#6507);
#2211=VERTEX_POINT('',#6508);
#2212=VERTEX_POINT('',#6513);
#2213=VERTEX_POINT('',#6517);
#2214=VERTEX_POINT('',#6521);
#2215=VERTEX_POINT('',#6525);
#2216=VERTEX_POINT('',#6531);
#2217=VERTEX_POINT('',#6532);
#2218=VERTEX_POINT('',#6537);
#2219=VERTEX_POINT('',#6541);
#2220=VERTEX_POINT('',#6545);
#2221=VERTEX_POINT('',#6549);
#2222=VERTEX_POINT('',#6555);
#2223=VERTEX_POINT('',#6556);
#2224=VERTEX_POINT('',#6561);
#2225=VERTEX_POINT('',#6565);
#2226=VERTEX_POINT('',#6569);
#2227=VERTEX_POINT('',#6573);
#2228=VERTEX_POINT('',#6579);
#2229=VERTEX_POINT('',#6580);
#2230=VERTEX_POINT('',#6585);
#2231=VERTEX_POINT('',#6589);
#2232=VERTEX_POINT('',#6593);
#2233=VERTEX_POINT('',#6597);
#2234=VERTEX_POINT('',#6603);
#2235=VERTEX_POINT('',#6604);
#2236=VERTEX_POINT('',#6609);
#2237=VERTEX_POINT('',#6613);
#2238=VERTEX_POINT('',#6617);
#2239=VERTEX_POINT('',#6621);
#2240=VERTEX_POINT('',#6627);
#2241=VERTEX_POINT('',#6628);
#2242=VERTEX_POINT('',#6633);
#2243=VERTEX_POINT('',#6637);
#2244=VERTEX_POINT('',#6641);
#2245=VERTEX_POINT('',#6645);
#2246=VERTEX_POINT('',#6651);
#2247=VERTEX_POINT('',#6652);
#2248=VERTEX_POINT('',#6657);
#2249=VERTEX_POINT('',#6661);
#2250=VERTEX_POINT('',#6665);
#2251=VERTEX_POINT('',#6669);
#2252=VERTEX_POINT('',#6675);
#2253=VERTEX_POINT('',#6676);
#2254=VERTEX_POINT('',#6681);
#2255=VERTEX_POINT('',#6685);
#2256=VERTEX_POINT('',#6689);
#2257=VERTEX_POINT('',#6693);
#2258=VERTEX_POINT('',#6699);
#2259=VERTEX_POINT('',#6700);
#2260=VERTEX_POINT('',#6705);
#2261=VERTEX_POINT('',#6709);
#2262=VERTEX_POINT('',#6713);
#2263=VERTEX_POINT('',#6717);
#2264=VERTEX_POINT('',#6723);
#2265=VERTEX_POINT('',#6724);
#2266=VERTEX_POINT('',#6729);
#2267=VERTEX_POINT('',#6733);
#2268=VERTEX_POINT('',#6737);
#2269=VERTEX_POINT('',#6741);
#2270=VERTEX_POINT('',#6747);
#2271=VERTEX_POINT('',#6748);
#2272=VERTEX_POINT('',#6753);
#2273=VERTEX_POINT('',#6757);
#2274=VERTEX_POINT('',#6761);
#2275=VERTEX_POINT('',#6765);
#2276=VERTEX_POINT('',#6771);
#2277=VERTEX_POINT('',#6772);
#2278=VERTEX_POINT('',#6777);
#2279=VERTEX_POINT('',#6781);
#2280=VERTEX_POINT('',#6785);
#2281=VERTEX_POINT('',#6789);
#2282=VERTEX_POINT('',#6795);
#2283=VERTEX_POINT('',#6796);
#2284=VERTEX_POINT('',#6801);
#2285=VERTEX_POINT('',#6805);
#2286=VERTEX_POINT('',#6809);
#2287=VERTEX_POINT('',#6813);
#2288=VERTEX_POINT('',#6819);
#2289=VERTEX_POINT('',#6820);
#2290=VERTEX_POINT('',#6825);
#2291=VERTEX_POINT('',#6829);
#2292=VERTEX_POINT('',#6833);
#2293=VERTEX_POINT('',#6837);
#2294=VERTEX_POINT('',#6843);
#2295=VERTEX_POINT('',#6844);
#2296=VERTEX_POINT('',#6849);
#2297=VERTEX_POINT('',#6853);
#2298=VERTEX_POINT('',#6857);
#2299=VERTEX_POINT('',#6861);
#2300=VERTEX_POINT('',#6867);
#2301=VERTEX_POINT('',#6868);
#2302=VERTEX_POINT('',#6873);
#2303=VERTEX_POINT('',#6877);
#2304=VERTEX_POINT('',#6881);
#2305=VERTEX_POINT('',#6885);
#2306=VERTEX_POINT('',#6891);
#2307=VERTEX_POINT('',#6892);
#2308=VERTEX_POINT('',#6894);
#2309=VERTEX_POINT('',#6896);
#2310=VERTEX_POINT('',#6900);
#2311=VERTEX_POINT('',#6902);
#2312=VERTEX_POINT('',#6906);
#2313=VERTEX_POINT('',#6908);
#2314=VERTEX_POINT('',#6912);
#2315=VERTEX_POINT('',#6913);
#2316=VERTEX_POINT('',#6921);
#2317=VERTEX_POINT('',#6923);
#2318=VERTEX_POINT('',#6931);
#2319=VERTEX_POINT('',#6932);
#2320=VERTEX_POINT('',#6934);
#2321=VERTEX_POINT('',#6936);
#2322=VERTEX_POINT('',#6940);
#2323=VERTEX_POINT('',#6942);
#2324=VERTEX_POINT('',#6944);
#2325=VERTEX_POINT('',#6946);
#2326=VERTEX_POINT('',#6950);
#2327=VERTEX_POINT('',#6952);
#2328=VERTEX_POINT('',#6957);
#2329=VERTEX_POINT('',#6959);
#2330=VERTEX_POINT('',#6963);
#2331=VERTEX_POINT('',#6965);
#2332=VERTEX_POINT('',#6969);
#2333=VERTEX_POINT('',#6974);
#2334=EDGE_CURVE('',#1934,#1934,#1870,.T.);
#2335=EDGE_CURVE('',#1934,#1935,#810,.T.);
#2336=EDGE_CURVE('',#1935,#1935,#1871,.T.);
#2337=EDGE_CURVE('',#1936,#1937,#811,.T.);
#2338=EDGE_CURVE('',#1938,#1936,#812,.T.);
#2339=EDGE_CURVE('',#1939,#1938,#813,.T.);
#2340=EDGE_CURVE('',#1937,#1939,#814,.F.);
#2341=EDGE_CURVE('',#1940,#1940,#1872,.T.);
#2342=EDGE_CURVE('',#1935,#1941,#815,.T.);
#2343=EDGE_CURVE('',#1941,#1941,#1873,.T.);
#2344=EDGE_CURVE('',#1940,#1942,#816,.T.);
#2345=EDGE_CURVE('',#1942,#1942,#1874,.T.);
#2346=EDGE_CURVE('',#1942,#1943,#817,.T.);
#2347=EDGE_CURVE('',#1943,#1943,#1875,.T.);
#2348=EDGE_CURVE('',#1944,#1936,#1876,.T.);
#2349=EDGE_CURVE('',#1937,#1945,#1877,.T.);
#2350=EDGE_CURVE('',#1945,#1944,#818,.T.);
#2351=EDGE_CURVE('',#1946,#1939,#1878,.T.);
#2352=EDGE_CURVE('',#1938,#1947,#1879,.T.);
#2353=EDGE_CURVE('',#1947,#1946,#819,.T.);
#2354=EDGE_CURVE('',#1948,#1947,#820,.T.);
#2355=EDGE_CURVE('',#1949,#1948,#1880,.T.);
#2356=EDGE_CURVE('',#1946,#1949,#821,.T.);
#2357=EDGE_CURVE('',#1950,#1950,#1881,.T.);
#2358=EDGE_CURVE('',#1951,#1951,#1882,.T.);
#2359=EDGE_CURVE('',#1952,#1952,#1883,.T.);
#2360=EDGE_CURVE('',#1953,#1953,#1884,.T.);
#2361=EDGE_CURVE('',#1954,#1954,#1885,.T.);
#2362=EDGE_CURVE('',#1955,#1955,#1886,.T.);
#2363=EDGE_CURVE('',#1956,#1945,#822,.T.);
#2364=EDGE_CURVE('',#1957,#1956,#1887,.T.);
#2365=EDGE_CURVE('',#1944,#1957,#823,.T.);
#2366=EDGE_CURVE('',#1958,#1958,#1888,.T.);
#2367=EDGE_CURVE('',#1959,#1959,#1889,.T.);
#2368=EDGE_CURVE('',#1960,#1960,#1890,.T.);
#2369=EDGE_CURVE('',#1961,#1961,#1891,.T.);
#2370=EDGE_CURVE('',#1962,#1962,#1892,.T.);
#2371=EDGE_CURVE('',#1963,#1963,#1893,.T.);
#2372=EDGE_CURVE('',#1958,#1964,#1894,.T.);
#2373=EDGE_CURVE('',#1959,#1965,#1895,.T.);
#2374=EDGE_CURVE('',#1960,#1966,#1896,.T.);
#2375=EDGE_CURVE('',#1961,#1967,#1897,.T.);
#2376=EDGE_CURVE('',#1962,#1968,#1898,.T.);
#2377=EDGE_CURVE('',#1969,#1955,#1899,.T.);
#2378=EDGE_CURVE('',#1970,#1953,#1900,.T.);
#2379=EDGE_CURVE('',#1971,#1951,#1901,.T.);
#2380=EDGE_CURVE('',#1972,#1952,#1902,.T.);
#2381=EDGE_CURVE('',#1973,#1954,#1903,.T.);
#2382=EDGE_CURVE('',#1974,#1975,#1904,.T.);
#2383=EDGE_CURVE('',#1975,#1957,#824,.T.);
#2384=EDGE_CURVE('',#1956,#1974,#825,.T.);
#2385=EDGE_CURVE('',#1975,#1976,#826,.T.);
#2386=EDGE_CURVE('',#1976,#1977,#827,.T.);
#2387=EDGE_CURVE('',#1977,#1978,#828,.T.);
#2388=EDGE_CURVE('',#1948,#1978,#829,.T.);
#2389=EDGE_CURVE('',#1978,#1979,#1905,.T.);
#2390=EDGE_CURVE('',#1979,#1949,#830,.T.);
#2391=EDGE_CURVE('',#1979,#1980,#831,.T.);
#2392=EDGE_CURVE('',#1980,#1981,#832,.F.);
#2393=EDGE_CURVE('',#1981,#1974,#833,.T.);
#2394=EDGE_CURVE('',#1977,#1980,#834,.F.);
#2395=EDGE_CURVE('',#1950,#1982,#835,.T.);
#2396=EDGE_CURVE('',#1982,#1982,#1906,.T.);
#2397=EDGE_CURVE('',#1963,#1983,#836,.T.);
#2398=EDGE_CURVE('',#1983,#1983,#1907,.T.);
#2399=EDGE_CURVE('',#1976,#1981,#837,.T.);
#2400=EDGE_CURVE('',#1984,#1984,#1908,.T.);
#2401=EDGE_CURVE('',#1984,#1985,#838,.T.);
#2402=EDGE_CURVE('',#1985,#1985,#1909,.T.);
#2403=EDGE_CURVE('',#1986,#1986,#1910,.T.);
#2404=EDGE_CURVE('',#1986,#1985,#839,.T.);
#2405=EDGE_CURVE('',#1987,#1988,#840,.T.);
#2406=EDGE_CURVE('',#1988,#1989,#841,.T.);
#2407=EDGE_CURVE('',#1989,#1990,#842,.T.);
#2408=EDGE_CURVE('',#1990,#1991,#843,.T.);
#2409=EDGE_CURVE('',#1991,#1992,#844,.T.);
#2410=EDGE_CURVE('',#1993,#1992,#845,.T.);
#2411=EDGE_CURVE('',#1994,#1993,#846,.T.);
#2412=EDGE_CURVE('',#1994,#1995,#847,.T.);
#2413=EDGE_CURVE('',#1995,#1996,#848,.T.);
#2414=EDGE_CURVE('',#1996,#1997,#849,.T.);
#2415=EDGE_CURVE('',#1997,#1998,#850,.T.);
#2416=EDGE_CURVE('',#1998,#1999,#851,.T.);
#2417=EDGE_CURVE('',#1999,#2000,#852,.T.);
#2418=EDGE_CURVE('',#2000,#2001,#853,.T.);
#2419=EDGE_CURVE('',#2001,#2002,#854,.T.);
#2420=EDGE_CURVE('',#2002,#1987,#855,.T.);
#2421=EDGE_CURVE('',#2003,#2004,#1911,.T.);
#2422=EDGE_CURVE('',#2004,#2005,#856,.T.);
#2423=EDGE_CURVE('',#2005,#2006,#1912,.T.);
#2424=EDGE_CURVE('',#2006,#2007,#857,.T.);
#2425=EDGE_CURVE('',#2007,#2008,#1913,.T.);
#2426=EDGE_CURVE('',#2008,#2009,#858,.T.);
#2427=EDGE_CURVE('',#2009,#2010,#1914,.T.);
#2428=EDGE_CURVE('',#2010,#2003,#859,.T.);
#2429=EDGE_CURVE('',#2011,#2012,#860,.T.);
#2430=EDGE_CURVE('',#2012,#2013,#861,.T.);
#2431=EDGE_CURVE('',#2013,#2014,#862,.T.);
#2432=EDGE_CURVE('',#2014,#2011,#863,.T.);
#2433=EDGE_CURVE('',#2015,#2016,#1915,.T.);
#2434=EDGE_CURVE('',#2004,#2015,#864,.T.);
#2435=EDGE_CURVE('',#2003,#2016,#865,.T.);
#2436=EDGE_CURVE('',#2017,#2018,#1916,.T.);
#2437=EDGE_CURVE('',#2010,#2017,#866,.T.);
#2438=EDGE_CURVE('',#2009,#2018,#867,.T.);
#2439=EDGE_CURVE('',#2019,#2020,#1917,.T.);
#2440=EDGE_CURVE('',#2006,#2019,#868,.T.);
#2441=EDGE_CURVE('',#2005,#2020,#869,.T.);
#2442=EDGE_CURVE('',#2021,#2022,#1918,.T.);
#2443=EDGE_CURVE('',#2008,#2021,#870,.T.);
#2444=EDGE_CURVE('',#2007,#2022,#871,.T.);
#2445=EDGE_CURVE('',#2016,#2017,#872,.T.);
#2446=EDGE_CURVE('',#2018,#2021,#873,.T.);
#2447=EDGE_CURVE('',#2023,#2023,#1919,.T.);
#2448=EDGE_CURVE('',#2022,#2019,#874,.T.);
#2449=EDGE_CURVE('',#2020,#2015,#875,.T.);
#2450=EDGE_CURVE('',#2024,#2024,#1920,.T.);
#2451=EDGE_CURVE('',#2025,#2025,#1921,.T.);
#2452=EDGE_CURVE('',#2025,#2026,#876,.T.);
#2453=EDGE_CURVE('',#2026,#2026,#1922,.T.);
#2454=EDGE_CURVE('',#2023,#2027,#877,.T.);
#2455=EDGE_CURVE('',#2027,#2027,#1923,.T.);
#2456=EDGE_CURVE('',#2028,#2028,#1924,.T.);
#2457=EDGE_CURVE('',#2028,#2024,#878,.T.);
#2458=EDGE_CURVE('',#2029,#2029,#1925,.T.);
#2459=EDGE_CURVE('',#2029,#2028,#879,.T.);
#2460=EDGE_CURVE('',#2002,#2030,#880,.T.);
#2461=EDGE_CURVE('',#2030,#2031,#881,.T.);
#2462=EDGE_CURVE('',#2031,#1987,#882,.T.);
#2463=EDGE_CURVE('',#2030,#2032,#883,.T.);
#2464=EDGE_CURVE('',#2033,#2032,#884,.T.);
#2465=EDGE_CURVE('',#2033,#2031,#885,.T.);
#2466=EDGE_CURVE('',#2032,#2001,#886,.T.);
#2467=EDGE_CURVE('',#1988,#2033,#887,.T.);
#2468=EDGE_CURVE('',#2000,#2034,#888,.T.);
#2469=EDGE_CURVE('',#2034,#2035,#889,.T.);
#2470=EDGE_CURVE('',#2035,#2012,#890,.T.);
#2471=EDGE_CURVE('',#2036,#2011,#891,.T.);
#2472=EDGE_CURVE('',#2036,#2037,#892,.T.);
#2473=EDGE_CURVE('',#2037,#1989,#893,.T.);
#2474=EDGE_CURVE('',#2038,#1994,#894,.T.);
#2475=EDGE_CURVE('',#2038,#2039,#895,.T.);
#2476=EDGE_CURVE('',#2039,#2014,#896,.T.);
#2477=EDGE_CURVE('',#2040,#2013,#897,.T.);
#2478=EDGE_CURVE('',#2040,#2041,#898,.T.);
#2479=EDGE_CURVE('',#2041,#1995,#899,.T.);
#2480=EDGE_CURVE('',#1993,#2042,#900,.T.);
#2481=EDGE_CURVE('',#2038,#2042,#901,.T.);
#2482=EDGE_CURVE('',#2043,#1992,#902,.T.);
#2483=EDGE_CURVE('',#2042,#2043,#903,.T.);
#2484=EDGE_CURVE('',#2044,#2037,#904,.T.);
#2485=EDGE_CURVE('',#1990,#2044,#905,.T.);
#2486=EDGE_CURVE('',#2045,#2044,#906,.T.);
#2487=EDGE_CURVE('',#1991,#2045,#907,.T.);
#2488=EDGE_CURVE('',#2045,#2036,#908,.T.);
#2489=EDGE_CURVE('',#1999,#2046,#909,.T.);
#2490=EDGE_CURVE('',#2034,#2046,#910,.T.);
#2491=EDGE_CURVE('',#2047,#1998,#911,.T.);
#2492=EDGE_CURVE('',#2046,#2047,#912,.T.);
#2493=EDGE_CURVE('',#2035,#2047,#913,.T.);
#2494=EDGE_CURVE('',#1997,#2048,#914,.T.);
#2495=EDGE_CURVE('',#2048,#2040,#915,.T.);
#2496=EDGE_CURVE('',#1996,#2049,#916,.T.);
#2497=EDGE_CURVE('',#2048,#2049,#917,.T.);
#2498=EDGE_CURVE('',#2049,#2041,#918,.T.);
#2499=EDGE_CURVE('',#2039,#2043,#919,.T.);
#2500=EDGE_CURVE('',#2050,#2051,#1926,.T.);
#2501=EDGE_CURVE('',#2050,#2052,#920,.T.);
#2502=EDGE_CURVE('',#2053,#2052,#1927,.T.);
#2503=EDGE_CURVE('',#2051,#2053,#921,.T.);
#2504=EDGE_CURVE('',#2054,#2055,#1928,.T.);
#2505=EDGE_CURVE('',#2054,#2056,#922,.T.);
#2506=EDGE_CURVE('',#2057,#2056,#1929,.T.);
#2507=EDGE_CURVE('',#2055,#2057,#923,.T.);
#2508=EDGE_CURVE('',#2058,#2059,#1930,.T.);
#2509=EDGE_CURVE('',#2058,#2060,#924,.T.);
#2510=EDGE_CURVE('',#2061,#2060,#1931,.T.);
#2511=EDGE_CURVE('',#2059,#2061,#925,.T.);
#2512=EDGE_CURVE('',#2062,#2063,#1932,.T.);
#2513=EDGE_CURVE('',#2062,#2064,#926,.T.);
#2514=EDGE_CURVE('',#2065,#2064,#1933,.T.);
#2515=EDGE_CURVE('',#2063,#2065,#927,.T.);
#2516=EDGE_CURVE('',#2060,#2053,#928,.T.);
#2517=EDGE_CURVE('',#2051,#2058,#929,.T.);
#2518=EDGE_CURVE('',#2059,#2062,#930,.T.);
#2519=EDGE_CURVE('',#2063,#2054,#931,.T.);
#2520=EDGE_CURVE('',#2055,#2050,#932,.T.);
#2521=EDGE_CURVE('',#2066,#2067,#933,.T.);
#2522=EDGE_CURVE('',#2067,#2068,#934,.T.);
#2523=EDGE_CURVE('',#2068,#2069,#935,.T.);
#2524=EDGE_CURVE('',#2069,#2070,#936,.T.);
#2525=EDGE_CURVE('',#2070,#2071,#937,.T.);
#2526=EDGE_CURVE('',#2071,#2066,#938,.T.);
#2527=EDGE_CURVE('',#2072,#2073,#939,.T.);
#2528=EDGE_CURVE('',#2073,#2074,#940,.T.);
#2529=EDGE_CURVE('',#2074,#2075,#941,.T.);
#2530=EDGE_CURVE('',#2075,#2076,#942,.T.);
#2531=EDGE_CURVE('',#2076,#2077,#943,.T.);
#2532=EDGE_CURVE('',#2077,#2072,#944,.T.);
#2533=EDGE_CURVE('',#2078,#2079,#945,.T.);
#2534=EDGE_CURVE('',#2079,#2080,#946,.T.);
#2535=EDGE_CURVE('',#2080,#2081,#947,.T.);
#2536=EDGE_CURVE('',#2081,#2082,#948,.T.);
#2537=EDGE_CURVE('',#2082,#2083,#949,.T.);
#2538=EDGE_CURVE('',#2083,#2078,#950,.T.);
#2539=EDGE_CURVE('',#2084,#2085,#951,.T.);
#2540=EDGE_CURVE('',#2085,#2086,#952,.T.);
#2541=EDGE_CURVE('',#2086,#2087,#953,.T.);
#2542=EDGE_CURVE('',#2087,#2088,#954,.T.);
#2543=EDGE_CURVE('',#2088,#2089,#955,.T.);
#2544=EDGE_CURVE('',#2089,#2084,#956,.T.);
#2545=EDGE_CURVE('',#2090,#2091,#957,.T.);
#2546=EDGE_CURVE('',#2091,#2092,#958,.T.);
#2547=EDGE_CURVE('',#2092,#2093,#959,.T.);
#2548=EDGE_CURVE('',#2093,#2094,#960,.T.);
#2549=EDGE_CURVE('',#2094,#2095,#961,.T.);
#2550=EDGE_CURVE('',#2095,#2090,#962,.T.);
#2551=EDGE_CURVE('',#2096,#2097,#963,.T.);
#2552=EDGE_CURVE('',#2097,#2098,#964,.T.);
#2553=EDGE_CURVE('',#2098,#2099,#965,.T.);
#2554=EDGE_CURVE('',#2099,#2100,#966,.T.);
#2555=EDGE_CURVE('',#2100,#2101,#967,.T.);
#2556=EDGE_CURVE('',#2101,#2096,#968,.T.);
#2557=EDGE_CURVE('',#2102,#2103,#969,.T.);
#2558=EDGE_CURVE('',#2103,#2104,#970,.T.);
#2559=EDGE_CURVE('',#2104,#2105,#971,.T.);
#2560=EDGE_CURVE('',#2105,#2106,#972,.T.);
#2561=EDGE_CURVE('',#2106,#2107,#973,.T.);
#2562=EDGE_CURVE('',#2107,#2102,#974,.T.);
#2563=EDGE_CURVE('',#2108,#2109,#975,.T.);
#2564=EDGE_CURVE('',#2109,#2110,#976,.T.);
#2565=EDGE_CURVE('',#2110,#2111,#977,.T.);
#2566=EDGE_CURVE('',#2111,#2112,#978,.T.);
#2567=EDGE_CURVE('',#2112,#2113,#979,.T.);
#2568=EDGE_CURVE('',#2113,#2108,#980,.T.);
#2569=EDGE_CURVE('',#2114,#2115,#981,.T.);
#2570=EDGE_CURVE('',#2115,#2116,#982,.T.);
#2571=EDGE_CURVE('',#2116,#2117,#983,.T.);
#2572=EDGE_CURVE('',#2117,#2118,#984,.T.);
#2573=EDGE_CURVE('',#2118,#2119,#985,.T.);
#2574=EDGE_CURVE('',#2119,#2114,#986,.T.);
#2575=EDGE_CURVE('',#2120,#2121,#987,.T.);
#2576=EDGE_CURVE('',#2121,#2122,#988,.T.);
#2577=EDGE_CURVE('',#2122,#2123,#989,.T.);
#2578=EDGE_CURVE('',#2123,#2124,#990,.T.);
#2579=EDGE_CURVE('',#2124,#2125,#991,.T.);
#2580=EDGE_CURVE('',#2125,#2120,#992,.T.);
#2581=EDGE_CURVE('',#2126,#2127,#993,.T.);
#2582=EDGE_CURVE('',#2127,#2128,#994,.T.);
#2583=EDGE_CURVE('',#2128,#2129,#995,.T.);
#2584=EDGE_CURVE('',#2129,#2130,#996,.T.);
#2585=EDGE_CURVE('',#2130,#2131,#997,.T.);
#2586=EDGE_CURVE('',#2131,#2126,#998,.T.);
#2587=EDGE_CURVE('',#2132,#2133,#999,.T.);
#2588=EDGE_CURVE('',#2133,#2134,#1000,.T.);
#2589=EDGE_CURVE('',#2134,#2135,#1001,.T.);
#2590=EDGE_CURVE('',#2135,#2136,#1002,.T.);
#2591=EDGE_CURVE('',#2136,#2137,#1003,.T.);
#2592=EDGE_CURVE('',#2137,#2132,#1004,.T.);
#2593=EDGE_CURVE('',#2138,#2139,#1005,.T.);
#2594=EDGE_CURVE('',#2139,#2140,#1006,.T.);
#2595=EDGE_CURVE('',#2140,#2141,#1007,.T.);
#2596=EDGE_CURVE('',#2141,#2142,#1008,.T.);
#2597=EDGE_CURVE('',#2142,#2143,#1009,.T.);
#2598=EDGE_CURVE('',#2143,#2138,#1010,.T.);
#2599=EDGE_CURVE('',#2144,#2145,#1011,.T.);
#2600=EDGE_CURVE('',#2145,#2146,#1012,.T.);
#2601=EDGE_CURVE('',#2146,#2147,#1013,.T.);
#2602=EDGE_CURVE('',#2147,#2148,#1014,.T.);
#2603=EDGE_CURVE('',#2148,#2149,#1015,.T.);
#2604=EDGE_CURVE('',#2149,#2144,#1016,.T.);
#2605=EDGE_CURVE('',#2150,#2151,#1017,.T.);
#2606=EDGE_CURVE('',#2151,#2152,#1018,.T.);
#2607=EDGE_CURVE('',#2152,#2153,#1019,.T.);
#2608=EDGE_CURVE('',#2153,#2154,#1020,.T.);
#2609=EDGE_CURVE('',#2154,#2155,#1021,.T.);
#2610=EDGE_CURVE('',#2155,#2150,#1022,.T.);
#2611=EDGE_CURVE('',#2156,#2157,#1023,.T.);
#2612=EDGE_CURVE('',#2157,#2158,#1024,.T.);
#2613=EDGE_CURVE('',#2158,#2159,#1025,.T.);
#2614=EDGE_CURVE('',#2159,#2160,#1026,.T.);
#2615=EDGE_CURVE('',#2160,#2161,#1027,.T.);
#2616=EDGE_CURVE('',#2161,#2156,#1028,.T.);
#2617=EDGE_CURVE('',#2162,#2163,#1029,.T.);
#2618=EDGE_CURVE('',#2163,#2164,#1030,.T.);
#2619=EDGE_CURVE('',#2164,#2165,#1031,.T.);
#2620=EDGE_CURVE('',#2165,#2166,#1032,.T.);
#2621=EDGE_CURVE('',#2166,#2167,#1033,.T.);
#2622=EDGE_CURVE('',#2167,#2162,#1034,.T.);
#2623=EDGE_CURVE('',#2168,#2169,#1035,.T.);
#2624=EDGE_CURVE('',#2169,#2170,#1036,.T.);
#2625=EDGE_CURVE('',#2170,#2171,#1037,.T.);
#2626=EDGE_CURVE('',#2171,#2172,#1038,.T.);
#2627=EDGE_CURVE('',#2172,#2173,#1039,.T.);
#2628=EDGE_CURVE('',#2173,#2168,#1040,.T.);
#2629=EDGE_CURVE('',#2174,#2175,#1041,.T.);
#2630=EDGE_CURVE('',#2175,#2176,#1042,.T.);
#2631=EDGE_CURVE('',#2176,#2177,#1043,.T.);
#2632=EDGE_CURVE('',#2177,#2178,#1044,.T.);
#2633=EDGE_CURVE('',#2178,#2179,#1045,.T.);
#2634=EDGE_CURVE('',#2179,#2174,#1046,.T.);
#2635=EDGE_CURVE('',#2180,#2181,#1047,.T.);
#2636=EDGE_CURVE('',#2181,#2182,#1048,.T.);
#2637=EDGE_CURVE('',#2182,#2183,#1049,.T.);
#2638=EDGE_CURVE('',#2183,#2184,#1050,.T.);
#2639=EDGE_CURVE('',#2184,#2185,#1051,.T.);
#2640=EDGE_CURVE('',#2185,#2180,#1052,.T.);
#2641=EDGE_CURVE('',#2064,#2061,#1053,.T.);
#2642=EDGE_CURVE('',#2186,#2187,#1054,.T.);
#2643=EDGE_CURVE('',#2181,#2186,#1055,.T.);
#2644=EDGE_CURVE('',#2180,#2187,#1056,.T.);
#2645=EDGE_CURVE('',#2187,#2188,#1057,.T.);
#2646=EDGE_CURVE('',#2185,#2188,#1058,.T.);
#2647=EDGE_CURVE('',#2188,#2189,#1059,.T.);
#2648=EDGE_CURVE('',#2184,#2189,#1060,.T.);
#2649=EDGE_CURVE('',#2189,#2190,#1061,.T.);
#2650=EDGE_CURVE('',#2183,#2190,#1062,.T.);
#2651=EDGE_CURVE('',#2190,#2191,#1063,.T.);
#2652=EDGE_CURVE('',#2182,#2191,#1064,.T.);
#2653=EDGE_CURVE('',#2191,#2186,#1065,.T.);
#2654=EDGE_CURVE('',#2192,#2193,#1066,.T.);
#2655=EDGE_CURVE('',#2175,#2192,#1067,.T.);
#2656=EDGE_CURVE('',#2174,#2193,#1068,.T.);
#2657=EDGE_CURVE('',#2193,#2194,#1069,.T.);
#2658=EDGE_CURVE('',#2179,#2194,#1070,.T.);
#2659=EDGE_CURVE('',#2194,#2195,#1071,.T.);
#2660=EDGE_CURVE('',#2178,#2195,#1072,.T.);
#2661=EDGE_CURVE('',#2195,#2196,#1073,.T.);
#2662=EDGE_CURVE('',#2177,#2196,#1074,.T.);
#2663=EDGE_CURVE('',#2196,#2197,#1075,.T.);
#2664=EDGE_CURVE('',#2176,#2197,#1076,.T.);
#2665=EDGE_CURVE('',#2197,#2192,#1077,.T.);
#2666=EDGE_CURVE('',#2198,#2199,#1078,.T.);
#2667=EDGE_CURVE('',#2169,#2198,#1079,.T.);
#2668=EDGE_CURVE('',#2168,#2199,#1080,.T.);
#2669=EDGE_CURVE('',#2199,#2200,#1081,.T.);
#2670=EDGE_CURVE('',#2173,#2200,#1082,.T.);
#2671=EDGE_CURVE('',#2200,#2201,#1083,.T.);
#2672=EDGE_CURVE('',#2172,#2201,#1084,.T.);
#2673=EDGE_CURVE('',#2201,#2202,#1085,.T.);
#2674=EDGE_CURVE('',#2171,#2202,#1086,.T.);
#2675=EDGE_CURVE('',#2202,#2203,#1087,.T.);
#2676=EDGE_CURVE('',#2170,#2203,#1088,.T.);
#2677=EDGE_CURVE('',#2203,#2198,#1089,.T.);
#2678=EDGE_CURVE('',#2204,#2205,#1090,.T.);
#2679=EDGE_CURVE('',#2163,#2204,#1091,.T.);
#2680=EDGE_CURVE('',#2162,#2205,#1092,.T.);
#2681=EDGE_CURVE('',#2205,#2206,#1093,.T.);
#2682=EDGE_CURVE('',#2167,#2206,#1094,.T.);
#2683=EDGE_CURVE('',#2206,#2207,#1095,.T.);
#2684=EDGE_CURVE('',#2166,#2207,#1096,.T.);
#2685=EDGE_CURVE('',#2207,#2208,#1097,.T.);
#2686=EDGE_CURVE('',#2165,#2208,#1098,.T.);
#2687=EDGE_CURVE('',#2208,#2209,#1099,.T.);
#2688=EDGE_CURVE('',#2164,#2209,#1100,.T.);
#2689=EDGE_CURVE('',#2209,#2204,#1101,.T.);
#2690=EDGE_CURVE('',#2210,#2211,#1102,.T.);
#2691=EDGE_CURVE('',#2157,#2210,#1103,.T.);
#2692=EDGE_CURVE('',#2156,#2211,#1104,.T.);
#2693=EDGE_CURVE('',#2211,#2212,#1105,.T.);
#2694=EDGE_CURVE('',#2161,#2212,#1106,.T.);
#2695=EDGE_CURVE('',#2212,#2213,#1107,.T.);
#2696=EDGE_CURVE('',#2160,#2213,#1108,.T.);
#2697=EDGE_CURVE('',#2213,#2214,#1109,.T.);
#2698=EDGE_CURVE('',#2159,#2214,#1110,.T.);
#2699=EDGE_CURVE('',#2214,#2215,#1111,.T.);
#2700=EDGE_CURVE('',#2158,#2215,#1112,.T.);
#2701=EDGE_CURVE('',#2215,#2210,#1113,.T.);
#2702=EDGE_CURVE('',#2216,#2217,#1114,.T.);
#2703=EDGE_CURVE('',#2151,#2216,#1115,.T.);
#2704=EDGE_CURVE('',#2150,#2217,#1116,.T.);
#2705=EDGE_CURVE('',#2217,#2218,#1117,.T.);
#2706=EDGE_CURVE('',#2155,#2218,#1118,.T.);
#2707=EDGE_CURVE('',#2218,#2219,#1119,.T.);
#2708=EDGE_CURVE('',#2154,#2219,#1120,.T.);
#2709=EDGE_CURVE('',#2219,#2220,#1121,.T.);
#2710=EDGE_CURVE('',#2153,#2220,#1122,.T.);
#2711=EDGE_CURVE('',#2220,#2221,#1123,.T.);
#2712=EDGE_CURVE('',#2152,#2221,#1124,.T.);
#2713=EDGE_CURVE('',#2221,#2216,#1125,.T.);
#2714=EDGE_CURVE('',#2222,#2223,#1126,.T.);
#2715=EDGE_CURVE('',#2145,#2222,#1127,.T.);
#2716=EDGE_CURVE('',#2144,#2223,#1128,.T.);
#2717=EDGE_CURVE('',#2223,#2224,#1129,.T.);
#2718=EDGE_CURVE('',#2149,#2224,#1130,.T.);
#2719=EDGE_CURVE('',#2224,#2225,#1131,.T.);
#2720=EDGE_CURVE('',#2148,#2225,#1132,.T.);
#2721=EDGE_CURVE('',#2225,#2226,#1133,.T.);
#2722=EDGE_CURVE('',#2147,#2226,#1134,.T.);
#2723=EDGE_CURVE('',#2226,#2227,#1135,.T.);
#2724=EDGE_CURVE('',#2146,#2227,#1136,.T.);
#2725=EDGE_CURVE('',#2227,#2222,#1137,.T.);
#2726=EDGE_CURVE('',#2228,#2229,#1138,.T.);
#2727=EDGE_CURVE('',#2139,#2228,#1139,.T.);
#2728=EDGE_CURVE('',#2138,#2229,#1140,.T.);
#2729=EDGE_CURVE('',#2229,#2230,#1141,.T.);
#2730=EDGE_CURVE('',#2143,#2230,#1142,.T.);
#2731=EDGE_CURVE('',#2230,#2231,#1143,.T.);
#2732=EDGE_CURVE('',#2142,#2231,#1144,.T.);
#2733=EDGE_CURVE('',#2231,#2232,#1145,.T.);
#2734=EDGE_CURVE('',#2141,#2232,#1146,.T.);
#2735=EDGE_CURVE('',#2232,#2233,#1147,.T.);
#2736=EDGE_CURVE('',#2140,#2233,#1148,.T.);
#2737=EDGE_CURVE('',#2233,#2228,#1149,.T.);
#2738=EDGE_CURVE('',#2234,#2235,#1150,.T.);
#2739=EDGE_CURVE('',#2133,#2234,#1151,.T.);
#2740=EDGE_CURVE('',#2132,#2235,#1152,.T.);
#2741=EDGE_CURVE('',#2235,#2236,#1153,.T.);
#2742=EDGE_CURVE('',#2137,#2236,#1154,.T.);
#2743=EDGE_CURVE('',#2236,#2237,#1155,.T.);
#2744=EDGE_CURVE('',#2136,#2237,#1156,.T.);
#2745=EDGE_CURVE('',#2237,#2238,#1157,.T.);
#2746=EDGE_CURVE('',#2135,#2238,#1158,.T.);
#2747=EDGE_CURVE('',#2238,#2239,#1159,.T.);
#2748=EDGE_CURVE('',#2134,#2239,#1160,.T.);
#2749=EDGE_CURVE('',#2239,#2234,#1161,.T.);
#2750=EDGE_CURVE('',#2240,#2241,#1162,.T.);
#2751=EDGE_CURVE('',#2127,#2240,#1163,.T.);
#2752=EDGE_CURVE('',#2126,#2241,#1164,.T.);
#2753=EDGE_CURVE('',#2241,#2242,#1165,.T.);
#2754=EDGE_CURVE('',#2131,#2242,#1166,.T.);
#2755=EDGE_CURVE('',#2242,#2243,#1167,.T.);
#2756=EDGE_CURVE('',#2130,#2243,#1168,.T.);
#2757=EDGE_CURVE('',#2243,#2244,#1169,.T.);
#2758=EDGE_CURVE('',#2129,#2244,#1170,.T.);
#2759=EDGE_CURVE('',#2244,#2245,#1171,.T.);
#2760=EDGE_CURVE('',#2128,#2245,#1172,.T.);
#2761=EDGE_CURVE('',#2245,#2240,#1173,.T.);
#2762=EDGE_CURVE('',#2246,#2247,#1174,.T.);
#2763=EDGE_CURVE('',#2121,#2246,#1175,.T.);
#2764=EDGE_CURVE('',#2120,#2247,#1176,.T.);
#2765=EDGE_CURVE('',#2247,#2248,#1177,.T.);
#2766=EDGE_CURVE('',#2125,#2248,#1178,.T.);
#2767=EDGE_CURVE('',#2248,#2249,#1179,.T.);
#2768=EDGE_CURVE('',#2124,#2249,#1180,.T.);
#2769=EDGE_CURVE('',#2249,#2250,#1181,.T.);
#2770=EDGE_CURVE('',#2123,#2250,#1182,.T.);
#2771=EDGE_CURVE('',#2250,#2251,#1183,.T.);
#2772=EDGE_CURVE('',#2122,#2251,#1184,.T.);
#2773=EDGE_CURVE('',#2251,#2246,#1185,.T.);
#2774=EDGE_CURVE('',#2252,#2253,#1186,.T.);
#2775=EDGE_CURVE('',#2115,#2252,#1187,.T.);
#2776=EDGE_CURVE('',#2114,#2253,#1188,.T.);
#2777=EDGE_CURVE('',#2253,#2254,#1189,.T.);
#2778=EDGE_CURVE('',#2119,#2254,#1190,.T.);
#2779=EDGE_CURVE('',#2254,#2255,#1191,.T.);
#2780=EDGE_CURVE('',#2118,#2255,#1192,.T.);
#2781=EDGE_CURVE('',#2255,#2256,#1193,.T.);
#2782=EDGE_CURVE('',#2117,#2256,#1194,.T.);
#2783=EDGE_CURVE('',#2256,#2257,#1195,.T.);
#2784=EDGE_CURVE('',#2116,#2257,#1196,.T.);
#2785=EDGE_CURVE('',#2257,#2252,#1197,.T.);
#2786=EDGE_CURVE('',#2258,#2259,#1198,.T.);
#2787=EDGE_CURVE('',#2109,#2258,#1199,.T.);
#2788=EDGE_CURVE('',#2108,#2259,#1200,.T.);
#2789=EDGE_CURVE('',#2259,#2260,#1201,.T.);
#2790=EDGE_CURVE('',#2113,#2260,#1202,.T.);
#2791=EDGE_CURVE('',#2260,#2261,#1203,.T.);
#2792=EDGE_CURVE('',#2112,#2261,#1204,.T.);
#2793=EDGE_CURVE('',#2261,#2262,#1205,.T.);
#2794=EDGE_CURVE('',#2111,#2262,#1206,.T.);
#2795=EDGE_CURVE('',#2262,#2263,#1207,.T.);
#2796=EDGE_CURVE('',#2110,#2263,#1208,.T.);
#2797=EDGE_CURVE('',#2263,#2258,#1209,.T.);
#2798=EDGE_CURVE('',#2264,#2265,#1210,.T.);
#2799=EDGE_CURVE('',#2103,#2264,#1211,.T.);
#2800=EDGE_CURVE('',#2102,#2265,#1212,.T.);
#2801=EDGE_CURVE('',#2265,#2266,#1213,.T.);
#2802=EDGE_CURVE('',#2107,#2266,#1214,.T.);
#2803=EDGE_CURVE('',#2266,#2267,#1215,.T.);
#2804=EDGE_CURVE('',#2106,#2267,#1216,.T.);
#2805=EDGE_CURVE('',#2267,#2268,#1217,.T.);
#2806=EDGE_CURVE('',#2105,#2268,#1218,.T.);
#2807=EDGE_CURVE('',#2268,#2269,#1219,.T.);
#2808=EDGE_CURVE('',#2104,#2269,#1220,.T.);
#2809=EDGE_CURVE('',#2269,#2264,#1221,.T.);
#2810=EDGE_CURVE('',#2270,#2271,#1222,.T.);
#2811=EDGE_CURVE('',#2097,#2270,#1223,.T.);
#2812=EDGE_CURVE('',#2096,#2271,#1224,.T.);
#2813=EDGE_CURVE('',#2271,#2272,#1225,.T.);
#2814=EDGE_CURVE('',#2101,#2272,#1226,.T.);
#2815=EDGE_CURVE('',#2272,#2273,#1227,.T.);
#2816=EDGE_CURVE('',#2100,#2273,#1228,.T.);
#2817=EDGE_CURVE('',#2273,#2274,#1229,.T.);
#2818=EDGE_CURVE('',#2099,#2274,#1230,.T.);
#2819=EDGE_CURVE('',#2274,#2275,#1231,.T.);
#2820=EDGE_CURVE('',#2098,#2275,#1232,.T.);
#2821=EDGE_CURVE('',#2275,#2270,#1233,.T.);
#2822=EDGE_CURVE('',#2276,#2277,#1234,.T.);
#2823=EDGE_CURVE('',#2091,#2276,#1235,.T.);
#2824=EDGE_CURVE('',#2090,#2277,#1236,.T.);
#2825=EDGE_CURVE('',#2277,#2278,#1237,.T.);
#2826=EDGE_CURVE('',#2095,#2278,#1238,.T.);
#2827=EDGE_CURVE('',#2278,#2279,#1239,.T.);
#2828=EDGE_CURVE('',#2094,#2279,#1240,.T.);
#2829=EDGE_CURVE('',#2279,#2280,#1241,.T.);
#2830=EDGE_CURVE('',#2093,#2280,#1242,.T.);
#2831=EDGE_CURVE('',#2280,#2281,#1243,.T.);
#2832=EDGE_CURVE('',#2092,#2281,#1244,.T.);
#2833=EDGE_CURVE('',#2281,#2276,#1245,.T.);
#2834=EDGE_CURVE('',#2282,#2283,#1246,.T.);
#2835=EDGE_CURVE('',#2085,#2282,#1247,.T.);
#2836=EDGE_CURVE('',#2084,#2283,#1248,.T.);
#2837=EDGE_CURVE('',#2283,#2284,#1249,.T.);
#2838=EDGE_CURVE('',#2089,#2284,#1250,.T.);
#2839=EDGE_CURVE('',#2284,#2285,#1251,.T.);
#2840=EDGE_CURVE('',#2088,#2285,#1252,.T.);
#2841=EDGE_CURVE('',#2285,#2286,#1253,.T.);
#2842=EDGE_CURVE('',#2087,#2286,#1254,.T.);
#2843=EDGE_CURVE('',#2286,#2287,#1255,.T.);
#2844=EDGE_CURVE('',#2086,#2287,#1256,.T.);
#2845=EDGE_CURVE('',#2287,#2282,#1257,.T.);
#2846=EDGE_CURVE('',#2288,#2289,#1258,.T.);
#2847=EDGE_CURVE('',#2079,#2288,#1259,.T.);
#2848=EDGE_CURVE('',#2078,#2289,#1260,.T.);
#2849=EDGE_CURVE('',#2289,#2290,#1261,.T.);
#2850=EDGE_CURVE('',#2083,#2290,#1262,.T.);
#2851=EDGE_CURVE('',#2290,#2291,#1263,.T.);
#2852=EDGE_CURVE('',#2082,#2291,#1264,.T.);
#2853=EDGE_CURVE('',#2291,#2292,#1265,.T.);
#2854=EDGE_CURVE('',#2081,#2292,#1266,.T.);
#2855=EDGE_CURVE('',#2292,#2293,#1267,.T.);
#2856=EDGE_CURVE('',#2080,#2293,#1268,.T.);
#2857=EDGE_CURVE('',#2293,#2288,#1269,.T.);
#2858=EDGE_CURVE('',#2294,#2295,#1270,.T.);
#2859=EDGE_CURVE('',#2073,#2294,#1271,.T.);
#2860=EDGE_CURVE('',#2072,#2295,#1272,.T.);
#2861=EDGE_CURVE('',#2295,#2296,#1273,.T.);
#2862=EDGE_CURVE('',#2077,#2296,#1274,.T.);
#2863=EDGE_CURVE('',#2296,#2297,#1275,.T.);
#2864=EDGE_CURVE('',#2076,#2297,#1276,.T.);
#2865=EDGE_CURVE('',#2297,#2298,#1277,.T.);
#2866=EDGE_CURVE('',#2075,#2298,#1278,.T.);
#2867=EDGE_CURVE('',#2298,#2299,#1279,.T.);
#2868=EDGE_CURVE('',#2074,#2299,#1280,.T.);
#2869=EDGE_CURVE('',#2299,#2294,#1281,.T.);
#2870=EDGE_CURVE('',#2300,#2301,#1282,.T.);
#2871=EDGE_CURVE('',#2067,#2300,#1283,.T.);
#2872=EDGE_CURVE('',#2066,#2301,#1284,.T.);
#2873=EDGE_CURVE('',#2301,#2302,#1285,.T.);
#2874=EDGE_CURVE('',#2071,#2302,#1286,.T.);
#2875=EDGE_CURVE('',#2302,#2303,#1287,.T.);
#2876=EDGE_CURVE('',#2070,#2303,#1288,.T.);
#2877=EDGE_CURVE('',#2303,#2304,#1289,.T.);
#2878=EDGE_CURVE('',#2069,#2304,#1290,.T.);
#2879=EDGE_CURVE('',#2304,#2305,#1291,.T.);
#2880=EDGE_CURVE('',#2068,#2305,#1292,.T.);
#2881=EDGE_CURVE('',#2305,#2300,#1293,.T.);
#2882=EDGE_CURVE('',#2306,#2307,#1294,.T.);
#2883=EDGE_CURVE('',#2306,#2308,#1295,.T.);
#2884=EDGE_CURVE('',#2309,#2308,#1296,.T.);
#2885=EDGE_CURVE('',#2309,#2307,#1297,.T.);
#2886=EDGE_CURVE('',#2307,#2310,#1298,.T.);
#2887=EDGE_CURVE('',#2310,#2311,#1299,.T.);
#2888=EDGE_CURVE('',#2311,#2306,#1300,.T.);
#2889=EDGE_CURVE('',#2309,#2312,#1301,.T.);
#2890=EDGE_CURVE('',#2313,#2312,#1302,.T.);
#2891=EDGE_CURVE('',#2307,#2313,#1303,.T.);
#2892=EDGE_CURVE('',#2314,#2315,#1304,.T.);
#2893=EDGE_CURVE('',#2314,#2311,#1305,.T.);
#2894=EDGE_CURVE('',#2310,#2315,#1306,.T.);
#2895=EDGE_CURVE('',#2308,#2314,#1307,.T.);
#2896=EDGE_CURVE('',#2315,#2309,#1308,.T.);
#2897=EDGE_CURVE('',#2310,#2316,#1309,.T.);
#2898=EDGE_CURVE('',#2317,#2316,#1310,.T.);
#2899=EDGE_CURVE('',#2315,#2317,#1311,.T.);
#2900=EDGE_CURVE('',#2312,#2317,#1312,.T.);
#2901=EDGE_CURVE('',#2316,#2313,#1313,.T.);
#2902=EDGE_CURVE('',#2318,#2319,#1314,.T.);
#2903=EDGE_CURVE('',#2319,#2320,#1315,.T.);
#2904=EDGE_CURVE('',#2320,#2321,#1316,.F.);
#2905=EDGE_CURVE('',#2318,#2321,#1317,.F.);
#2906=EDGE_CURVE('',#2319,#2322,#1318,.F.);
#2907=EDGE_CURVE('',#2322,#2323,#1319,.F.);
#2908=EDGE_CURVE('',#2324,#2323,#1320,.T.);
#2909=EDGE_CURVE('',#2324,#2325,#1321,.T.);
#2910=EDGE_CURVE('',#2325,#2320,#1322,.F.);
#2911=EDGE_CURVE('',#2322,#2326,#1323,.T.);
#2912=EDGE_CURVE('',#2326,#2327,#1324,.T.);
#2913=EDGE_CURVE('',#2327,#2323,#1325,.F.);
#2914=EDGE_CURVE('',#2326,#2318,#1326,.F.);
#2915=EDGE_CURVE('',#2328,#2321,#1327,.T.);
#2916=EDGE_CURVE('',#2328,#2329,#1328,.T.);
#2917=EDGE_CURVE('',#2329,#2327,#1329,.F.);
#2918=EDGE_CURVE('',#2330,#2328,#1330,.T.);
#2919=EDGE_CURVE('',#2331,#2330,#1331,.F.);
#2920=EDGE_CURVE('',#2331,#2329,#1332,.F.);
#2921=EDGE_CURVE('',#2330,#2332,#1333,.F.);
#2922=EDGE_CURVE('',#2332,#2325,#1334,.F.);
#2923=EDGE_CURVE('',#2333,#2324,#1335,.T.);
#2924=EDGE_CURVE('',#2332,#2333,#1336,.F.);
#2925=EDGE_CURVE('',#2333,#2331,#1337,.F.);
#2926=EDGE_CURVE('',#2052,#2057,#1338,.T.);
#2927=EDGE_CURVE('',#2056,#2065,#1339,.T.);
#2928=ORIENTED_EDGE('',*,*,#2334,.T.);
#2929=ORIENTED_EDGE('',*,*,#2335,.T.);
#2930=ORIENTED_EDGE('',*,*,#2336,.T.);
#2931=ORIENTED_EDGE('',*,*,#2335,.F.);
#2932=ORIENTED_EDGE('',*,*,#2337,.F.);
#2933=ORIENTED_EDGE('',*,*,#2338,.F.);
#2934=ORIENTED_EDGE('',*,*,#2339,.F.);
#2935=ORIENTED_EDGE('',*,*,#2340,.F.);
#2936=ORIENTED_EDGE('',*,*,#2341,.F.);
#2937=ORIENTED_EDGE('',*,*,#2334,.F.);
#2938=ORIENTED_EDGE('',*,*,#2336,.F.);
#2939=ORIENTED_EDGE('',*,*,#2342,.T.);
#2940=ORIENTED_EDGE('',*,*,#2343,.F.);
#2941=ORIENTED_EDGE('',*,*,#2342,.F.);
#2942=ORIENTED_EDGE('',*,*,#2341,.T.);
#2943=ORIENTED_EDGE('',*,*,#2344,.T.);
#2944=ORIENTED_EDGE('',*,*,#2345,.T.);
#2945=ORIENTED_EDGE('',*,*,#2344,.F.);
#2946=ORIENTED_EDGE('',*,*,#2345,.F.);
#2947=ORIENTED_EDGE('',*,*,#2346,.T.);
#2948=ORIENTED_EDGE('',*,*,#2347,.F.);
#2949=ORIENTED_EDGE('',*,*,#2346,.F.);
#2950=ORIENTED_EDGE('',*,*,#2348,.T.);
#2951=ORIENTED_EDGE('',*,*,#2337,.T.);
#2952=ORIENTED_EDGE('',*,*,#2349,.T.);
#2953=ORIENTED_EDGE('',*,*,#2350,.T.);
#2954=ORIENTED_EDGE('',*,*,#2351,.T.);
#2955=ORIENTED_EDGE('',*,*,#2339,.T.);
#2956=ORIENTED_EDGE('',*,*,#2352,.T.);
#2957=ORIENTED_EDGE('',*,*,#2353,.T.);
#2958=ORIENTED_EDGE('',*,*,#2353,.F.);
#2959=ORIENTED_EDGE('',*,*,#2354,.F.);
#2960=ORIENTED_EDGE('',*,*,#2355,.F.);
#2961=ORIENTED_EDGE('',*,*,#2356,.F.);
#2962=ORIENTED_EDGE('',*,*,#2357,.T.);
#2963=ORIENTED_EDGE('',*,*,#2358,.T.);
#2964=ORIENTED_EDGE('',*,*,#2359,.T.);
#2965=ORIENTED_EDGE('',*,*,#2360,.T.);
#2966=ORIENTED_EDGE('',*,*,#2361,.T.);
#2967=ORIENTED_EDGE('',*,*,#2362,.T.);
#2968=ORIENTED_EDGE('',*,*,#2350,.F.);
#2969=ORIENTED_EDGE('',*,*,#2363,.F.);
#2970=ORIENTED_EDGE('',*,*,#2364,.F.);
#2971=ORIENTED_EDGE('',*,*,#2365,.F.);
#2972=ORIENTED_EDGE('',*,*,#2366,.T.);
#2973=ORIENTED_EDGE('',*,*,#2367,.T.);
#2974=ORIENTED_EDGE('',*,*,#2368,.T.);
#2975=ORIENTED_EDGE('',*,*,#2369,.T.);
#2976=ORIENTED_EDGE('',*,*,#2370,.T.);
#2977=ORIENTED_EDGE('',*,*,#2371,.T.);
#2978=ORIENTED_EDGE('',*,*,#2366,.F.);
#2979=ORIENTED_EDGE('',*,*,#2372,.T.);
#2980=ORIENTED_EDGE('',*,*,#2372,.F.);
#2981=ORIENTED_EDGE('',*,*,#2367,.F.);
#2982=ORIENTED_EDGE('',*,*,#2373,.T.);
#2983=ORIENTED_EDGE('',*,*,#2373,.F.);
#2984=ORIENTED_EDGE('',*,*,#2368,.F.);
#2985=ORIENTED_EDGE('',*,*,#2374,.T.);
#2986=ORIENTED_EDGE('',*,*,#2374,.F.);
#2987=ORIENTED_EDGE('',*,*,#2369,.F.);
#2988=ORIENTED_EDGE('',*,*,#2375,.T.);
#2989=ORIENTED_EDGE('',*,*,#2375,.F.);
#2990=ORIENTED_EDGE('',*,*,#2370,.F.);
#2991=ORIENTED_EDGE('',*,*,#2376,.T.);
#2992=ORIENTED_EDGE('',*,*,#2376,.F.);
#2993=ORIENTED_EDGE('',*,*,#2362,.F.);
#2994=ORIENTED_EDGE('',*,*,#2377,.F.);
#2995=ORIENTED_EDGE('',*,*,#2377,.T.);
#2996=ORIENTED_EDGE('',*,*,#2360,.F.);
#2997=ORIENTED_EDGE('',*,*,#2378,.F.);
#2998=ORIENTED_EDGE('',*,*,#2378,.T.);
#2999=ORIENTED_EDGE('',*,*,#2358,.F.);
#3000=ORIENTED_EDGE('',*,*,#2379,.F.);
#3001=ORIENTED_EDGE('',*,*,#2379,.T.);
#3002=ORIENTED_EDGE('',*,*,#2359,.F.);
#3003=ORIENTED_EDGE('',*,*,#2380,.F.);
#3004=ORIENTED_EDGE('',*,*,#2380,.T.);
#3005=ORIENTED_EDGE('',*,*,#2361,.F.);
#3006=ORIENTED_EDGE('',*,*,#2381,.F.);
#3007=ORIENTED_EDGE('',*,*,#2381,.T.);
#3008=ORIENTED_EDGE('',*,*,#2382,.T.);
#3009=ORIENTED_EDGE('',*,*,#2383,.T.);
#3010=ORIENTED_EDGE('',*,*,#2364,.T.);
#3011=ORIENTED_EDGE('',*,*,#2384,.T.);
#3012=ORIENTED_EDGE('',*,*,#2354,.T.);
#3013=ORIENTED_EDGE('',*,*,#2352,.F.);
#3014=ORIENTED_EDGE('',*,*,#2338,.T.);
#3015=ORIENTED_EDGE('',*,*,#2348,.F.);
#3016=ORIENTED_EDGE('',*,*,#2365,.T.);
#3017=ORIENTED_EDGE('',*,*,#2383,.F.);
#3018=ORIENTED_EDGE('',*,*,#2385,.T.);
#3019=ORIENTED_EDGE('',*,*,#2386,.T.);
#3020=ORIENTED_EDGE('',*,*,#2387,.T.);
#3021=ORIENTED_EDGE('',*,*,#2388,.F.);
#3022=ORIENTED_EDGE('',*,*,#2389,.T.);
#3023=ORIENTED_EDGE('',*,*,#2390,.T.);
#3024=ORIENTED_EDGE('',*,*,#2355,.T.);
#3025=ORIENTED_EDGE('',*,*,#2388,.T.);
#3026=ORIENTED_EDGE('',*,*,#2356,.T.);
#3027=ORIENTED_EDGE('',*,*,#2390,.F.);
#3028=ORIENTED_EDGE('',*,*,#2391,.T.);
#3029=ORIENTED_EDGE('',*,*,#2392,.T.);
#3030=ORIENTED_EDGE('',*,*,#2393,.T.);
#3031=ORIENTED_EDGE('',*,*,#2384,.F.);
#3032=ORIENTED_EDGE('',*,*,#2363,.T.);
#3033=ORIENTED_EDGE('',*,*,#2349,.F.);
#3034=ORIENTED_EDGE('',*,*,#2340,.T.);
#3035=ORIENTED_EDGE('',*,*,#2351,.F.);
#3036=ORIENTED_EDGE('',*,*,#2389,.F.);
#3037=ORIENTED_EDGE('',*,*,#2387,.F.);
#3038=ORIENTED_EDGE('',*,*,#2394,.T.);
#3039=ORIENTED_EDGE('',*,*,#2391,.F.);
#3040=ORIENTED_EDGE('',*,*,#2357,.F.);
#3041=ORIENTED_EDGE('',*,*,#2395,.T.);
#3042=ORIENTED_EDGE('',*,*,#2396,.T.);
#3043=ORIENTED_EDGE('',*,*,#2395,.F.);
#3044=ORIENTED_EDGE('',*,*,#2396,.F.);
#3045=ORIENTED_EDGE('',*,*,#2371,.F.);
#3046=ORIENTED_EDGE('',*,*,#2397,.T.);
#3047=ORIENTED_EDGE('',*,*,#2398,.T.);
#3048=ORIENTED_EDGE('',*,*,#2397,.F.);
#3049=ORIENTED_EDGE('',*,*,#2398,.F.);
#3050=ORIENTED_EDGE('',*,*,#2382,.F.);
#3051=ORIENTED_EDGE('',*,*,#2393,.F.);
#3052=ORIENTED_EDGE('',*,*,#2399,.F.);
#3053=ORIENTED_EDGE('',*,*,#2385,.F.);
#3054=ORIENTED_EDGE('',*,*,#2399,.T.);
#3055=ORIENTED_EDGE('',*,*,#2392,.F.);
#3056=ORIENTED_EDGE('',*,*,#2394,.F.);
#3057=ORIENTED_EDGE('',*,*,#2386,.F.);
#3058=ORIENTED_EDGE('',*,*,#2347,.T.);
#3059=ORIENTED_EDGE('',*,*,#2343,.T.);
#3060=ORIENTED_EDGE('',*,*,#2400,.T.);
#3061=ORIENTED_EDGE('',*,*,#2401,.T.);
#3062=ORIENTED_EDGE('',*,*,#2402,.T.);
#3063=ORIENTED_EDGE('',*,*,#2401,.F.);
#3064=ORIENTED_EDGE('',*,*,#2403,.F.);
#3065=ORIENTED_EDGE('',*,*,#2404,.T.);
#3066=ORIENTED_EDGE('',*,*,#2402,.F.);
#3067=ORIENTED_EDGE('',*,*,#2404,.F.);
#3068=ORIENTED_EDGE('',*,*,#2405,.T.);
#3069=ORIENTED_EDGE('',*,*,#2406,.T.);
#3070=ORIENTED_EDGE('',*,*,#2407,.T.);
#3071=ORIENTED_EDGE('',*,*,#2408,.T.);
#3072=ORIENTED_EDGE('',*,*,#2409,.T.);
#3073=ORIENTED_EDGE('',*,*,#2410,.F.);
#3074=ORIENTED_EDGE('',*,*,#2411,.F.);
#3075=ORIENTED_EDGE('',*,*,#2412,.T.);
#3076=ORIENTED_EDGE('',*,*,#2413,.T.);
#3077=ORIENTED_EDGE('',*,*,#2414,.T.);
#3078=ORIENTED_EDGE('',*,*,#2415,.T.);
#3079=ORIENTED_EDGE('',*,*,#2416,.T.);
#3080=ORIENTED_EDGE('',*,*,#2417,.T.);
#3081=ORIENTED_EDGE('',*,*,#2418,.T.);
#3082=ORIENTED_EDGE('',*,*,#2419,.T.);
#3083=ORIENTED_EDGE('',*,*,#2420,.T.);
#3084=ORIENTED_EDGE('',*,*,#2400,.F.);
#3085=ORIENTED_EDGE('',*,*,#2421,.T.);
#3086=ORIENTED_EDGE('',*,*,#2422,.T.);
#3087=ORIENTED_EDGE('',*,*,#2423,.T.);
#3088=ORIENTED_EDGE('',*,*,#2424,.T.);
#3089=ORIENTED_EDGE('',*,*,#2425,.T.);
#3090=ORIENTED_EDGE('',*,*,#2426,.T.);
#3091=ORIENTED_EDGE('',*,*,#2427,.T.);
#3092=ORIENTED_EDGE('',*,*,#2428,.T.);
#3093=ORIENTED_EDGE('',*,*,#2429,.T.);
#3094=ORIENTED_EDGE('',*,*,#2430,.T.);
#3095=ORIENTED_EDGE('',*,*,#2431,.T.);
#3096=ORIENTED_EDGE('',*,*,#2432,.T.);
#3097=ORIENTED_EDGE('',*,*,#2433,.F.);
#3098=ORIENTED_EDGE('',*,*,#2434,.F.);
#3099=ORIENTED_EDGE('',*,*,#2421,.F.);
#3100=ORIENTED_EDGE('',*,*,#2435,.T.);
#3101=ORIENTED_EDGE('',*,*,#2436,.F.);
#3102=ORIENTED_EDGE('',*,*,#2437,.F.);
#3103=ORIENTED_EDGE('',*,*,#2427,.F.);
#3104=ORIENTED_EDGE('',*,*,#2438,.T.);
#3105=ORIENTED_EDGE('',*,*,#2439,.F.);
#3106=ORIENTED_EDGE('',*,*,#2440,.F.);
#3107=ORIENTED_EDGE('',*,*,#2423,.F.);
#3108=ORIENTED_EDGE('',*,*,#2441,.T.);
#3109=ORIENTED_EDGE('',*,*,#2442,.F.);
#3110=ORIENTED_EDGE('',*,*,#2443,.F.);
#3111=ORIENTED_EDGE('',*,*,#2425,.F.);
#3112=ORIENTED_EDGE('',*,*,#2444,.T.);
#3113=ORIENTED_EDGE('',*,*,#2435,.F.);
#3114=ORIENTED_EDGE('',*,*,#2428,.F.);
#3115=ORIENTED_EDGE('',*,*,#2437,.T.);
#3116=ORIENTED_EDGE('',*,*,#2445,.F.);
#3117=ORIENTED_EDGE('',*,*,#2438,.F.);
#3118=ORIENTED_EDGE('',*,*,#2426,.F.);
#3119=ORIENTED_EDGE('',*,*,#2443,.T.);
#3120=ORIENTED_EDGE('',*,*,#2446,.F.);
#3121=ORIENTED_EDGE('',*,*,#2447,.T.);
#3122=ORIENTED_EDGE('',*,*,#2433,.T.);
#3123=ORIENTED_EDGE('',*,*,#2445,.T.);
#3124=ORIENTED_EDGE('',*,*,#2436,.T.);
#3125=ORIENTED_EDGE('',*,*,#2446,.T.);
#3126=ORIENTED_EDGE('',*,*,#2442,.T.);
#3127=ORIENTED_EDGE('',*,*,#2448,.T.);
#3128=ORIENTED_EDGE('',*,*,#2439,.T.);
#3129=ORIENTED_EDGE('',*,*,#2449,.T.);
#3130=ORIENTED_EDGE('',*,*,#2403,.T.);
#3131=ORIENTED_EDGE('',*,*,#2450,.F.);
#3132=ORIENTED_EDGE('',*,*,#2451,.F.);
#3133=ORIENTED_EDGE('',*,*,#2452,.T.);
#3134=ORIENTED_EDGE('',*,*,#2453,.T.);
#3135=ORIENTED_EDGE('',*,*,#2452,.F.);
#3136=ORIENTED_EDGE('',*,*,#2453,.F.);
#3137=ORIENTED_EDGE('',*,*,#2447,.F.);
#3138=ORIENTED_EDGE('',*,*,#2454,.T.);
#3139=ORIENTED_EDGE('',*,*,#2455,.T.);
#3140=ORIENTED_EDGE('',*,*,#2454,.F.);
#3141=ORIENTED_EDGE('',*,*,#2455,.F.);
#3142=ORIENTED_EDGE('',*,*,#2456,.T.);
#3143=ORIENTED_EDGE('',*,*,#2457,.T.);
#3144=ORIENTED_EDGE('',*,*,#2450,.T.);
#3145=ORIENTED_EDGE('',*,*,#2457,.F.);
#3146=ORIENTED_EDGE('',*,*,#2458,.F.);
#3147=ORIENTED_EDGE('',*,*,#2459,.T.);
#3148=ORIENTED_EDGE('',*,*,#2456,.F.);
#3149=ORIENTED_EDGE('',*,*,#2459,.F.);
#3150=ORIENTED_EDGE('',*,*,#2460,.T.);
#3151=ORIENTED_EDGE('',*,*,#2461,.T.);
#3152=ORIENTED_EDGE('',*,*,#2462,.T.);
#3153=ORIENTED_EDGE('',*,*,#2420,.F.);
#3154=ORIENTED_EDGE('',*,*,#2461,.F.);
#3155=ORIENTED_EDGE('',*,*,#2463,.T.);
#3156=ORIENTED_EDGE('',*,*,#2464,.F.);
#3157=ORIENTED_EDGE('',*,*,#2465,.T.);
#3158=ORIENTED_EDGE('',*,*,#2458,.T.);
#3159=ORIENTED_EDGE('',*,*,#2460,.F.);
#3160=ORIENTED_EDGE('',*,*,#2419,.F.);
#3161=ORIENTED_EDGE('',*,*,#2466,.F.);
#3162=ORIENTED_EDGE('',*,*,#2463,.F.);
#3163=ORIENTED_EDGE('',*,*,#2462,.F.);
#3164=ORIENTED_EDGE('',*,*,#2465,.F.);
#3165=ORIENTED_EDGE('',*,*,#2467,.F.);
#3166=ORIENTED_EDGE('',*,*,#2405,.F.);
#3167=ORIENTED_EDGE('',*,*,#2467,.T.);
#3168=ORIENTED_EDGE('',*,*,#2464,.T.);
#3169=ORIENTED_EDGE('',*,*,#2466,.T.);
#3170=ORIENTED_EDGE('',*,*,#2418,.F.);
#3171=ORIENTED_EDGE('',*,*,#2468,.T.);
#3172=ORIENTED_EDGE('',*,*,#2469,.T.);
#3173=ORIENTED_EDGE('',*,*,#2470,.T.);
#3174=ORIENTED_EDGE('',*,*,#2429,.F.);
#3175=ORIENTED_EDGE('',*,*,#2471,.F.);
#3176=ORIENTED_EDGE('',*,*,#2472,.T.);
#3177=ORIENTED_EDGE('',*,*,#2473,.T.);
#3178=ORIENTED_EDGE('',*,*,#2406,.F.);
#3179=ORIENTED_EDGE('',*,*,#2412,.F.);
#3180=ORIENTED_EDGE('',*,*,#2474,.F.);
#3181=ORIENTED_EDGE('',*,*,#2475,.T.);
#3182=ORIENTED_EDGE('',*,*,#2476,.T.);
#3183=ORIENTED_EDGE('',*,*,#2431,.F.);
#3184=ORIENTED_EDGE('',*,*,#2477,.F.);
#3185=ORIENTED_EDGE('',*,*,#2478,.T.);
#3186=ORIENTED_EDGE('',*,*,#2479,.T.);
#3187=ORIENTED_EDGE('',*,*,#2480,.T.);
#3188=ORIENTED_EDGE('',*,*,#2481,.F.);
#3189=ORIENTED_EDGE('',*,*,#2474,.T.);
#3190=ORIENTED_EDGE('',*,*,#2411,.T.);
#3191=ORIENTED_EDGE('',*,*,#2482,.F.);
#3192=ORIENTED_EDGE('',*,*,#2483,.F.);
#3193=ORIENTED_EDGE('',*,*,#2480,.F.);
#3194=ORIENTED_EDGE('',*,*,#2410,.T.);
#3195=ORIENTED_EDGE('',*,*,#2407,.F.);
#3196=ORIENTED_EDGE('',*,*,#2473,.F.);
#3197=ORIENTED_EDGE('',*,*,#2484,.F.);
#3198=ORIENTED_EDGE('',*,*,#2485,.F.);
#3199=ORIENTED_EDGE('',*,*,#2408,.F.);
#3200=ORIENTED_EDGE('',*,*,#2485,.T.);
#3201=ORIENTED_EDGE('',*,*,#2486,.F.);
#3202=ORIENTED_EDGE('',*,*,#2487,.F.);
#3203=ORIENTED_EDGE('',*,*,#2486,.T.);
#3204=ORIENTED_EDGE('',*,*,#2484,.T.);
#3205=ORIENTED_EDGE('',*,*,#2472,.F.);
#3206=ORIENTED_EDGE('',*,*,#2488,.F.);
#3207=ORIENTED_EDGE('',*,*,#2417,.F.);
#3208=ORIENTED_EDGE('',*,*,#2489,.T.);
#3209=ORIENTED_EDGE('',*,*,#2490,.F.);
#3210=ORIENTED_EDGE('',*,*,#2468,.F.);
#3211=ORIENTED_EDGE('',*,*,#2416,.F.);
#3212=ORIENTED_EDGE('',*,*,#2491,.F.);
#3213=ORIENTED_EDGE('',*,*,#2492,.F.);
#3214=ORIENTED_EDGE('',*,*,#2489,.F.);
#3215=ORIENTED_EDGE('',*,*,#2492,.T.);
#3216=ORIENTED_EDGE('',*,*,#2493,.F.);
#3217=ORIENTED_EDGE('',*,*,#2469,.F.);
#3218=ORIENTED_EDGE('',*,*,#2490,.T.);
#3219=ORIENTED_EDGE('',*,*,#2493,.T.);
#3220=ORIENTED_EDGE('',*,*,#2491,.T.);
#3221=ORIENTED_EDGE('',*,*,#2415,.F.);
#3222=ORIENTED_EDGE('',*,*,#2494,.T.);
#3223=ORIENTED_EDGE('',*,*,#2495,.T.);
#3224=ORIENTED_EDGE('',*,*,#2477,.T.);
#3225=ORIENTED_EDGE('',*,*,#2430,.F.);
#3226=ORIENTED_EDGE('',*,*,#2470,.F.);
#3227=ORIENTED_EDGE('',*,*,#2414,.F.);
#3228=ORIENTED_EDGE('',*,*,#2496,.T.);
#3229=ORIENTED_EDGE('',*,*,#2497,.F.);
#3230=ORIENTED_EDGE('',*,*,#2494,.F.);
#3231=ORIENTED_EDGE('',*,*,#2413,.F.);
#3232=ORIENTED_EDGE('',*,*,#2479,.F.);
#3233=ORIENTED_EDGE('',*,*,#2498,.F.);
#3234=ORIENTED_EDGE('',*,*,#2496,.F.);
#3235=ORIENTED_EDGE('',*,*,#2498,.T.);
#3236=ORIENTED_EDGE('',*,*,#2478,.F.);
#3237=ORIENTED_EDGE('',*,*,#2495,.F.);
#3238=ORIENTED_EDGE('',*,*,#2497,.T.);
#3239=ORIENTED_EDGE('',*,*,#2481,.T.);
#3240=ORIENTED_EDGE('',*,*,#2483,.T.);
#3241=ORIENTED_EDGE('',*,*,#2499,.F.);
#3242=ORIENTED_EDGE('',*,*,#2475,.F.);
#3243=ORIENTED_EDGE('',*,*,#2409,.F.);
#3244=ORIENTED_EDGE('',*,*,#2487,.T.);
#3245=ORIENTED_EDGE('',*,*,#2488,.T.);
#3246=ORIENTED_EDGE('',*,*,#2471,.T.);
#3247=ORIENTED_EDGE('',*,*,#2432,.F.);
#3248=ORIENTED_EDGE('',*,*,#2476,.F.);
#3249=ORIENTED_EDGE('',*,*,#2499,.T.);
#3250=ORIENTED_EDGE('',*,*,#2482,.T.);
#3251=ORIENTED_EDGE('',*,*,#2449,.F.);
#3252=ORIENTED_EDGE('',*,*,#2441,.F.);
#3253=ORIENTED_EDGE('',*,*,#2422,.F.);
#3254=ORIENTED_EDGE('',*,*,#2434,.T.);
#3255=ORIENTED_EDGE('',*,*,#2451,.T.);
#3256=ORIENTED_EDGE('',*,*,#2440,.T.);
#3257=ORIENTED_EDGE('',*,*,#2448,.F.);
#3258=ORIENTED_EDGE('',*,*,#2444,.F.);
#3259=ORIENTED_EDGE('',*,*,#2424,.F.);
#3260=ORIENTED_EDGE('',*,*,#2500,.F.);
#3261=ORIENTED_EDGE('',*,*,#2501,.T.);
#3262=ORIENTED_EDGE('',*,*,#2502,.F.);
#3263=ORIENTED_EDGE('',*,*,#2503,.F.);
#3264=ORIENTED_EDGE('',*,*,#2504,.F.);
#3265=ORIENTED_EDGE('',*,*,#2505,.T.);
#3266=ORIENTED_EDGE('',*,*,#2506,.F.);
#3267=ORIENTED_EDGE('',*,*,#2507,.F.);
#3268=ORIENTED_EDGE('',*,*,#2508,.F.);
#3269=ORIENTED_EDGE('',*,*,#2509,.T.);
#3270=ORIENTED_EDGE('',*,*,#2510,.F.);
#3271=ORIENTED_EDGE('',*,*,#2511,.F.);
#3272=ORIENTED_EDGE('',*,*,#2512,.F.);
#3273=ORIENTED_EDGE('',*,*,#2513,.T.);
#3274=ORIENTED_EDGE('',*,*,#2514,.F.);
#3275=ORIENTED_EDGE('',*,*,#2515,.F.);
#3276=ORIENTED_EDGE('',*,*,#2503,.T.);
#3277=ORIENTED_EDGE('',*,*,#2516,.F.);
#3278=ORIENTED_EDGE('',*,*,#2509,.F.);
#3279=ORIENTED_EDGE('',*,*,#2517,.F.);
#3280=ORIENTED_EDGE('',*,*,#2500,.T.);
#3281=ORIENTED_EDGE('',*,*,#2517,.T.);
#3282=ORIENTED_EDGE('',*,*,#2508,.T.);
#3283=ORIENTED_EDGE('',*,*,#2518,.T.);
#3284=ORIENTED_EDGE('',*,*,#2512,.T.);
#3285=ORIENTED_EDGE('',*,*,#2519,.T.);
#3286=ORIENTED_EDGE('',*,*,#2504,.T.);
#3287=ORIENTED_EDGE('',*,*,#2520,.T.);
#3288=ORIENTED_EDGE('',*,*,#2521,.T.);
#3289=ORIENTED_EDGE('',*,*,#2522,.T.);
#3290=ORIENTED_EDGE('',*,*,#2523,.T.);
#3291=ORIENTED_EDGE('',*,*,#2524,.T.);
#3292=ORIENTED_EDGE('',*,*,#2525,.T.);
#3293=ORIENTED_EDGE('',*,*,#2526,.T.);
#3294=ORIENTED_EDGE('',*,*,#2527,.T.);
#3295=ORIENTED_EDGE('',*,*,#2528,.T.);
#3296=ORIENTED_EDGE('',*,*,#2529,.T.);
#3297=ORIENTED_EDGE('',*,*,#2530,.T.);
#3298=ORIENTED_EDGE('',*,*,#2531,.T.);
#3299=ORIENTED_EDGE('',*,*,#2532,.T.);
#3300=ORIENTED_EDGE('',*,*,#2533,.T.);
#3301=ORIENTED_EDGE('',*,*,#2534,.T.);
#3302=ORIENTED_EDGE('',*,*,#2535,.T.);
#3303=ORIENTED_EDGE('',*,*,#2536,.T.);
#3304=ORIENTED_EDGE('',*,*,#2537,.T.);
#3305=ORIENTED_EDGE('',*,*,#2538,.T.);
#3306=ORIENTED_EDGE('',*,*,#2539,.T.);
#3307=ORIENTED_EDGE('',*,*,#2540,.T.);
#3308=ORIENTED_EDGE('',*,*,#2541,.T.);
#3309=ORIENTED_EDGE('',*,*,#2542,.T.);
#3310=ORIENTED_EDGE('',*,*,#2543,.T.);
#3311=ORIENTED_EDGE('',*,*,#2544,.T.);
#3312=ORIENTED_EDGE('',*,*,#2545,.T.);
#3313=ORIENTED_EDGE('',*,*,#2546,.T.);
#3314=ORIENTED_EDGE('',*,*,#2547,.T.);
#3315=ORIENTED_EDGE('',*,*,#2548,.T.);
#3316=ORIENTED_EDGE('',*,*,#2549,.T.);
#3317=ORIENTED_EDGE('',*,*,#2550,.T.);
#3318=ORIENTED_EDGE('',*,*,#2551,.T.);
#3319=ORIENTED_EDGE('',*,*,#2552,.T.);
#3320=ORIENTED_EDGE('',*,*,#2553,.T.);
#3321=ORIENTED_EDGE('',*,*,#2554,.T.);
#3322=ORIENTED_EDGE('',*,*,#2555,.T.);
#3323=ORIENTED_EDGE('',*,*,#2556,.T.);
#3324=ORIENTED_EDGE('',*,*,#2557,.T.);
#3325=ORIENTED_EDGE('',*,*,#2558,.T.);
#3326=ORIENTED_EDGE('',*,*,#2559,.T.);
#3327=ORIENTED_EDGE('',*,*,#2560,.T.);
#3328=ORIENTED_EDGE('',*,*,#2561,.T.);
#3329=ORIENTED_EDGE('',*,*,#2562,.T.);
#3330=ORIENTED_EDGE('',*,*,#2563,.T.);
#3331=ORIENTED_EDGE('',*,*,#2564,.T.);
#3332=ORIENTED_EDGE('',*,*,#2565,.T.);
#3333=ORIENTED_EDGE('',*,*,#2566,.T.);
#3334=ORIENTED_EDGE('',*,*,#2567,.T.);
#3335=ORIENTED_EDGE('',*,*,#2568,.T.);
#3336=ORIENTED_EDGE('',*,*,#2569,.T.);
#3337=ORIENTED_EDGE('',*,*,#2570,.T.);
#3338=ORIENTED_EDGE('',*,*,#2571,.T.);
#3339=ORIENTED_EDGE('',*,*,#2572,.T.);
#3340=ORIENTED_EDGE('',*,*,#2573,.T.);
#3341=ORIENTED_EDGE('',*,*,#2574,.T.);
#3342=ORIENTED_EDGE('',*,*,#2575,.T.);
#3343=ORIENTED_EDGE('',*,*,#2576,.T.);
#3344=ORIENTED_EDGE('',*,*,#2577,.T.);
#3345=ORIENTED_EDGE('',*,*,#2578,.T.);
#3346=ORIENTED_EDGE('',*,*,#2579,.T.);
#3347=ORIENTED_EDGE('',*,*,#2580,.T.);
#3348=ORIENTED_EDGE('',*,*,#2581,.T.);
#3349=ORIENTED_EDGE('',*,*,#2582,.T.);
#3350=ORIENTED_EDGE('',*,*,#2583,.T.);
#3351=ORIENTED_EDGE('',*,*,#2584,.T.);
#3352=ORIENTED_EDGE('',*,*,#2585,.T.);
#3353=ORIENTED_EDGE('',*,*,#2586,.T.);
#3354=ORIENTED_EDGE('',*,*,#2587,.T.);
#3355=ORIENTED_EDGE('',*,*,#2588,.T.);
#3356=ORIENTED_EDGE('',*,*,#2589,.T.);
#3357=ORIENTED_EDGE('',*,*,#2590,.T.);
#3358=ORIENTED_EDGE('',*,*,#2591,.T.);
#3359=ORIENTED_EDGE('',*,*,#2592,.T.);
#3360=ORIENTED_EDGE('',*,*,#2593,.T.);
#3361=ORIENTED_EDGE('',*,*,#2594,.T.);
#3362=ORIENTED_EDGE('',*,*,#2595,.T.);
#3363=ORIENTED_EDGE('',*,*,#2596,.T.);
#3364=ORIENTED_EDGE('',*,*,#2597,.T.);
#3365=ORIENTED_EDGE('',*,*,#2598,.T.);
#3366=ORIENTED_EDGE('',*,*,#2599,.T.);
#3367=ORIENTED_EDGE('',*,*,#2600,.T.);
#3368=ORIENTED_EDGE('',*,*,#2601,.T.);
#3369=ORIENTED_EDGE('',*,*,#2602,.T.);
#3370=ORIENTED_EDGE('',*,*,#2603,.T.);
#3371=ORIENTED_EDGE('',*,*,#2604,.T.);
#3372=ORIENTED_EDGE('',*,*,#2605,.T.);
#3373=ORIENTED_EDGE('',*,*,#2606,.T.);
#3374=ORIENTED_EDGE('',*,*,#2607,.T.);
#3375=ORIENTED_EDGE('',*,*,#2608,.T.);
#3376=ORIENTED_EDGE('',*,*,#2609,.T.);
#3377=ORIENTED_EDGE('',*,*,#2610,.T.);
#3378=ORIENTED_EDGE('',*,*,#2611,.T.);
#3379=ORIENTED_EDGE('',*,*,#2612,.T.);
#3380=ORIENTED_EDGE('',*,*,#2613,.T.);
#3381=ORIENTED_EDGE('',*,*,#2614,.T.);
#3382=ORIENTED_EDGE('',*,*,#2615,.T.);
#3383=ORIENTED_EDGE('',*,*,#2616,.T.);
#3384=ORIENTED_EDGE('',*,*,#2617,.T.);
#3385=ORIENTED_EDGE('',*,*,#2618,.T.);
#3386=ORIENTED_EDGE('',*,*,#2619,.T.);
#3387=ORIENTED_EDGE('',*,*,#2620,.T.);
#3388=ORIENTED_EDGE('',*,*,#2621,.T.);
#3389=ORIENTED_EDGE('',*,*,#2622,.T.);
#3390=ORIENTED_EDGE('',*,*,#2623,.T.);
#3391=ORIENTED_EDGE('',*,*,#2624,.T.);
#3392=ORIENTED_EDGE('',*,*,#2625,.T.);
#3393=ORIENTED_EDGE('',*,*,#2626,.T.);
#3394=ORIENTED_EDGE('',*,*,#2627,.T.);
#3395=ORIENTED_EDGE('',*,*,#2628,.T.);
#3396=ORIENTED_EDGE('',*,*,#2629,.T.);
#3397=ORIENTED_EDGE('',*,*,#2630,.T.);
#3398=ORIENTED_EDGE('',*,*,#2631,.T.);
#3399=ORIENTED_EDGE('',*,*,#2632,.T.);
#3400=ORIENTED_EDGE('',*,*,#2633,.T.);
#3401=ORIENTED_EDGE('',*,*,#2634,.T.);
#3402=ORIENTED_EDGE('',*,*,#2635,.T.);
#3403=ORIENTED_EDGE('',*,*,#2636,.T.);
#3404=ORIENTED_EDGE('',*,*,#2637,.T.);
#3405=ORIENTED_EDGE('',*,*,#2638,.T.);
#3406=ORIENTED_EDGE('',*,*,#2639,.T.);
#3407=ORIENTED_EDGE('',*,*,#2640,.T.);
#3408=ORIENTED_EDGE('',*,*,#2511,.T.);
#3409=ORIENTED_EDGE('',*,*,#2641,.F.);
#3410=ORIENTED_EDGE('',*,*,#2513,.F.);
#3411=ORIENTED_EDGE('',*,*,#2518,.F.);
#3412=ORIENTED_EDGE('',*,*,#2642,.F.);
#3413=ORIENTED_EDGE('',*,*,#2643,.F.);
#3414=ORIENTED_EDGE('',*,*,#2635,.F.);
#3415=ORIENTED_EDGE('',*,*,#2644,.T.);
#3416=ORIENTED_EDGE('',*,*,#2645,.F.);
#3417=ORIENTED_EDGE('',*,*,#2644,.F.);
#3418=ORIENTED_EDGE('',*,*,#2640,.F.);
#3419=ORIENTED_EDGE('',*,*,#2646,.T.);
#3420=ORIENTED_EDGE('',*,*,#2647,.F.);
#3421=ORIENTED_EDGE('',*,*,#2646,.F.);
#3422=ORIENTED_EDGE('',*,*,#2639,.F.);
#3423=ORIENTED_EDGE('',*,*,#2648,.T.);
#3424=ORIENTED_EDGE('',*,*,#2649,.F.);
#3425=ORIENTED_EDGE('',*,*,#2648,.F.);
#3426=ORIENTED_EDGE('',*,*,#2638,.F.);
#3427=ORIENTED_EDGE('',*,*,#2650,.T.);
#3428=ORIENTED_EDGE('',*,*,#2651,.F.);
#3429=ORIENTED_EDGE('',*,*,#2650,.F.);
#3430=ORIENTED_EDGE('',*,*,#2637,.F.);
#3431=ORIENTED_EDGE('',*,*,#2652,.T.);
#3432=ORIENTED_EDGE('',*,*,#2653,.F.);
#3433=ORIENTED_EDGE('',*,*,#2652,.F.);
#3434=ORIENTED_EDGE('',*,*,#2636,.F.);
#3435=ORIENTED_EDGE('',*,*,#2643,.T.);
#3436=ORIENTED_EDGE('',*,*,#2654,.F.);
#3437=ORIENTED_EDGE('',*,*,#2655,.F.);
#3438=ORIENTED_EDGE('',*,*,#2629,.F.);
#3439=ORIENTED_EDGE('',*,*,#2656,.T.);
#3440=ORIENTED_EDGE('',*,*,#2657,.F.);
#3441=ORIENTED_EDGE('',*,*,#2656,.F.);
#3442=ORIENTED_EDGE('',*,*,#2634,.F.);
#3443=ORIENTED_EDGE('',*,*,#2658,.T.);
#3444=ORIENTED_EDGE('',*,*,#2659,.F.);
#3445=ORIENTED_EDGE('',*,*,#2658,.F.);
#3446=ORIENTED_EDGE('',*,*,#2633,.F.);
#3447=ORIENTED_EDGE('',*,*,#2660,.T.);
#3448=ORIENTED_EDGE('',*,*,#2661,.F.);
#3449=ORIENTED_EDGE('',*,*,#2660,.F.);
#3450=ORIENTED_EDGE('',*,*,#2632,.F.);
#3451=ORIENTED_EDGE('',*,*,#2662,.T.);
#3452=ORIENTED_EDGE('',*,*,#2663,.F.);
#3453=ORIENTED_EDGE('',*,*,#2662,.F.);
#3454=ORIENTED_EDGE('',*,*,#2631,.F.);
#3455=ORIENTED_EDGE('',*,*,#2664,.T.);
#3456=ORIENTED_EDGE('',*,*,#2665,.F.);
#3457=ORIENTED_EDGE('',*,*,#2664,.F.);
#3458=ORIENTED_EDGE('',*,*,#2630,.F.);
#3459=ORIENTED_EDGE('',*,*,#2655,.T.);
#3460=ORIENTED_EDGE('',*,*,#2666,.F.);
#3461=ORIENTED_EDGE('',*,*,#2667,.F.);
#3462=ORIENTED_EDGE('',*,*,#2623,.F.);
#3463=ORIENTED_EDGE('',*,*,#2668,.T.);
#3464=ORIENTED_EDGE('',*,*,#2669,.F.);
#3465=ORIENTED_EDGE('',*,*,#2668,.F.);
#3466=ORIENTED_EDGE('',*,*,#2628,.F.);
#3467=ORIENTED_EDGE('',*,*,#2670,.T.);
#3468=ORIENTED_EDGE('',*,*,#2671,.F.);
#3469=ORIENTED_EDGE('',*,*,#2670,.F.);
#3470=ORIENTED_EDGE('',*,*,#2627,.F.);
#3471=ORIENTED_EDGE('',*,*,#2672,.T.);
#3472=ORIENTED_EDGE('',*,*,#2673,.F.);
#3473=ORIENTED_EDGE('',*,*,#2672,.F.);
#3474=ORIENTED_EDGE('',*,*,#2626,.F.);
#3475=ORIENTED_EDGE('',*,*,#2674,.T.);
#3476=ORIENTED_EDGE('',*,*,#2675,.F.);
#3477=ORIENTED_EDGE('',*,*,#2674,.F.);
#3478=ORIENTED_EDGE('',*,*,#2625,.F.);
#3479=ORIENTED_EDGE('',*,*,#2676,.T.);
#3480=ORIENTED_EDGE('',*,*,#2677,.F.);
#3481=ORIENTED_EDGE('',*,*,#2676,.F.);
#3482=ORIENTED_EDGE('',*,*,#2624,.F.);
#3483=ORIENTED_EDGE('',*,*,#2667,.T.);
#3484=ORIENTED_EDGE('',*,*,#2678,.F.);
#3485=ORIENTED_EDGE('',*,*,#2679,.F.);
#3486=ORIENTED_EDGE('',*,*,#2617,.F.);
#3487=ORIENTED_EDGE('',*,*,#2680,.T.);
#3488=ORIENTED_EDGE('',*,*,#2681,.F.);
#3489=ORIENTED_EDGE('',*,*,#2680,.F.);
#3490=ORIENTED_EDGE('',*,*,#2622,.F.);
#3491=ORIENTED_EDGE('',*,*,#2682,.T.);
#3492=ORIENTED_EDGE('',*,*,#2683,.F.);
#3493=ORIENTED_EDGE('',*,*,#2682,.F.);
#3494=ORIENTED_EDGE('',*,*,#2621,.F.);
#3495=ORIENTED_EDGE('',*,*,#2684,.T.);
#3496=ORIENTED_EDGE('',*,*,#2685,.F.);
#3497=ORIENTED_EDGE('',*,*,#2684,.F.);
#3498=ORIENTED_EDGE('',*,*,#2620,.F.);
#3499=ORIENTED_EDGE('',*,*,#2686,.T.);
#3500=ORIENTED_EDGE('',*,*,#2687,.F.);
#3501=ORIENTED_EDGE('',*,*,#2686,.F.);
#3502=ORIENTED_EDGE('',*,*,#2619,.F.);
#3503=ORIENTED_EDGE('',*,*,#2688,.T.);
#3504=ORIENTED_EDGE('',*,*,#2689,.F.);
#3505=ORIENTED_EDGE('',*,*,#2688,.F.);
#3506=ORIENTED_EDGE('',*,*,#2618,.F.);
#3507=ORIENTED_EDGE('',*,*,#2679,.T.);
#3508=ORIENTED_EDGE('',*,*,#2690,.F.);
#3509=ORIENTED_EDGE('',*,*,#2691,.F.);
#3510=ORIENTED_EDGE('',*,*,#2611,.F.);
#3511=ORIENTED_EDGE('',*,*,#2692,.T.);
#3512=ORIENTED_EDGE('',*,*,#2693,.F.);
#3513=ORIENTED_EDGE('',*,*,#2692,.F.);
#3514=ORIENTED_EDGE('',*,*,#2616,.F.);
#3515=ORIENTED_EDGE('',*,*,#2694,.T.);
#3516=ORIENTED_EDGE('',*,*,#2695,.F.);
#3517=ORIENTED_EDGE('',*,*,#2694,.F.);
#3518=ORIENTED_EDGE('',*,*,#2615,.F.);
#3519=ORIENTED_EDGE('',*,*,#2696,.T.);
#3520=ORIENTED_EDGE('',*,*,#2697,.F.);
#3521=ORIENTED_EDGE('',*,*,#2696,.F.);
#3522=ORIENTED_EDGE('',*,*,#2614,.F.);
#3523=ORIENTED_EDGE('',*,*,#2698,.T.);
#3524=ORIENTED_EDGE('',*,*,#2699,.F.);
#3525=ORIENTED_EDGE('',*,*,#2698,.F.);
#3526=ORIENTED_EDGE('',*,*,#2613,.F.);
#3527=ORIENTED_EDGE('',*,*,#2700,.T.);
#3528=ORIENTED_EDGE('',*,*,#2701,.F.);
#3529=ORIENTED_EDGE('',*,*,#2700,.F.);
#3530=ORIENTED_EDGE('',*,*,#2612,.F.);
#3531=ORIENTED_EDGE('',*,*,#2691,.T.);
#3532=ORIENTED_EDGE('',*,*,#2702,.F.);
#3533=ORIENTED_EDGE('',*,*,#2703,.F.);
#3534=ORIENTED_EDGE('',*,*,#2605,.F.);
#3535=ORIENTED_EDGE('',*,*,#2704,.T.);
#3536=ORIENTED_EDGE('',*,*,#2705,.F.);
#3537=ORIENTED_EDGE('',*,*,#2704,.F.);
#3538=ORIENTED_EDGE('',*,*,#2610,.F.);
#3539=ORIENTED_EDGE('',*,*,#2706,.T.);
#3540=ORIENTED_EDGE('',*,*,#2707,.F.);
#3541=ORIENTED_EDGE('',*,*,#2706,.F.);
#3542=ORIENTED_EDGE('',*,*,#2609,.F.);
#3543=ORIENTED_EDGE('',*,*,#2708,.T.);
#3544=ORIENTED_EDGE('',*,*,#2709,.F.);
#3545=ORIENTED_EDGE('',*,*,#2708,.F.);
#3546=ORIENTED_EDGE('',*,*,#2608,.F.);
#3547=ORIENTED_EDGE('',*,*,#2710,.T.);
#3548=ORIENTED_EDGE('',*,*,#2711,.F.);
#3549=ORIENTED_EDGE('',*,*,#2710,.F.);
#3550=ORIENTED_EDGE('',*,*,#2607,.F.);
#3551=ORIENTED_EDGE('',*,*,#2712,.T.);
#3552=ORIENTED_EDGE('',*,*,#2713,.F.);
#3553=ORIENTED_EDGE('',*,*,#2712,.F.);
#3554=ORIENTED_EDGE('',*,*,#2606,.F.);
#3555=ORIENTED_EDGE('',*,*,#2703,.T.);
#3556=ORIENTED_EDGE('',*,*,#2714,.F.);
#3557=ORIENTED_EDGE('',*,*,#2715,.F.);
#3558=ORIENTED_EDGE('',*,*,#2599,.F.);
#3559=ORIENTED_EDGE('',*,*,#2716,.T.);
#3560=ORIENTED_EDGE('',*,*,#2717,.F.);
#3561=ORIENTED_EDGE('',*,*,#2716,.F.);
#3562=ORIENTED_EDGE('',*,*,#2604,.F.);
#3563=ORIENTED_EDGE('',*,*,#2718,.T.);
#3564=ORIENTED_EDGE('',*,*,#2719,.F.);
#3565=ORIENTED_EDGE('',*,*,#2718,.F.);
#3566=ORIENTED_EDGE('',*,*,#2603,.F.);
#3567=ORIENTED_EDGE('',*,*,#2720,.T.);
#3568=ORIENTED_EDGE('',*,*,#2721,.F.);
#3569=ORIENTED_EDGE('',*,*,#2720,.F.);
#3570=ORIENTED_EDGE('',*,*,#2602,.F.);
#3571=ORIENTED_EDGE('',*,*,#2722,.T.);
#3572=ORIENTED_EDGE('',*,*,#2723,.F.);
#3573=ORIENTED_EDGE('',*,*,#2722,.F.);
#3574=ORIENTED_EDGE('',*,*,#2601,.F.);
#3575=ORIENTED_EDGE('',*,*,#2724,.T.);
#3576=ORIENTED_EDGE('',*,*,#2725,.F.);
#3577=ORIENTED_EDGE('',*,*,#2724,.F.);
#3578=ORIENTED_EDGE('',*,*,#2600,.F.);
#3579=ORIENTED_EDGE('',*,*,#2715,.T.);
#3580=ORIENTED_EDGE('',*,*,#2726,.F.);
#3581=ORIENTED_EDGE('',*,*,#2727,.F.);
#3582=ORIENTED_EDGE('',*,*,#2593,.F.);
#3583=ORIENTED_EDGE('',*,*,#2728,.T.);
#3584=ORIENTED_EDGE('',*,*,#2729,.F.);
#3585=ORIENTED_EDGE('',*,*,#2728,.F.);
#3586=ORIENTED_EDGE('',*,*,#2598,.F.);
#3587=ORIENTED_EDGE('',*,*,#2730,.T.);
#3588=ORIENTED_EDGE('',*,*,#2731,.F.);
#3589=ORIENTED_EDGE('',*,*,#2730,.F.);
#3590=ORIENTED_EDGE('',*,*,#2597,.F.);
#3591=ORIENTED_EDGE('',*,*,#2732,.T.);
#3592=ORIENTED_EDGE('',*,*,#2733,.F.);
#3593=ORIENTED_EDGE('',*,*,#2732,.F.);
#3594=ORIENTED_EDGE('',*,*,#2596,.F.);
#3595=ORIENTED_EDGE('',*,*,#2734,.T.);
#3596=ORIENTED_EDGE('',*,*,#2735,.F.);
#3597=ORIENTED_EDGE('',*,*,#2734,.F.);
#3598=ORIENTED_EDGE('',*,*,#2595,.F.);
#3599=ORIENTED_EDGE('',*,*,#2736,.T.);
#3600=ORIENTED_EDGE('',*,*,#2737,.F.);
#3601=ORIENTED_EDGE('',*,*,#2736,.F.);
#3602=ORIENTED_EDGE('',*,*,#2594,.F.);
#3603=ORIENTED_EDGE('',*,*,#2727,.T.);
#3604=ORIENTED_EDGE('',*,*,#2738,.F.);
#3605=ORIENTED_EDGE('',*,*,#2739,.F.);
#3606=ORIENTED_EDGE('',*,*,#2587,.F.);
#3607=ORIENTED_EDGE('',*,*,#2740,.T.);
#3608=ORIENTED_EDGE('',*,*,#2741,.F.);
#3609=ORIENTED_EDGE('',*,*,#2740,.F.);
#3610=ORIENTED_EDGE('',*,*,#2592,.F.);
#3611=ORIENTED_EDGE('',*,*,#2742,.T.);
#3612=ORIENTED_EDGE('',*,*,#2743,.F.);
#3613=ORIENTED_EDGE('',*,*,#2742,.F.);
#3614=ORIENTED_EDGE('',*,*,#2591,.F.);
#3615=ORIENTED_EDGE('',*,*,#2744,.T.);
#3616=ORIENTED_EDGE('',*,*,#2745,.F.);
#3617=ORIENTED_EDGE('',*,*,#2744,.F.);
#3618=ORIENTED_EDGE('',*,*,#2590,.F.);
#3619=ORIENTED_EDGE('',*,*,#2746,.T.);
#3620=ORIENTED_EDGE('',*,*,#2747,.F.);
#3621=ORIENTED_EDGE('',*,*,#2746,.F.);
#3622=ORIENTED_EDGE('',*,*,#2589,.F.);
#3623=ORIENTED_EDGE('',*,*,#2748,.T.);
#3624=ORIENTED_EDGE('',*,*,#2749,.F.);
#3625=ORIENTED_EDGE('',*,*,#2748,.F.);
#3626=ORIENTED_EDGE('',*,*,#2588,.F.);
#3627=ORIENTED_EDGE('',*,*,#2739,.T.);
#3628=ORIENTED_EDGE('',*,*,#2750,.F.);
#3629=ORIENTED_EDGE('',*,*,#2751,.F.);
#3630=ORIENTED_EDGE('',*,*,#2581,.F.);
#3631=ORIENTED_EDGE('',*,*,#2752,.T.);
#3632=ORIENTED_EDGE('',*,*,#2753,.F.);
#3633=ORIENTED_EDGE('',*,*,#2752,.F.);
#3634=ORIENTED_EDGE('',*,*,#2586,.F.);
#3635=ORIENTED_EDGE('',*,*,#2754,.T.);
#3636=ORIENTED_EDGE('',*,*,#2755,.F.);
#3637=ORIENTED_EDGE('',*,*,#2754,.F.);
#3638=ORIENTED_EDGE('',*,*,#2585,.F.);
#3639=ORIENTED_EDGE('',*,*,#2756,.T.);
#3640=ORIENTED_EDGE('',*,*,#2757,.F.);
#3641=ORIENTED_EDGE('',*,*,#2756,.F.);
#3642=ORIENTED_EDGE('',*,*,#2584,.F.);
#3643=ORIENTED_EDGE('',*,*,#2758,.T.);
#3644=ORIENTED_EDGE('',*,*,#2759,.F.);
#3645=ORIENTED_EDGE('',*,*,#2758,.F.);
#3646=ORIENTED_EDGE('',*,*,#2583,.F.);
#3647=ORIENTED_EDGE('',*,*,#2760,.T.);
#3648=ORIENTED_EDGE('',*,*,#2761,.F.);
#3649=ORIENTED_EDGE('',*,*,#2760,.F.);
#3650=ORIENTED_EDGE('',*,*,#2582,.F.);
#3651=ORIENTED_EDGE('',*,*,#2751,.T.);
#3652=ORIENTED_EDGE('',*,*,#2762,.F.);
#3653=ORIENTED_EDGE('',*,*,#2763,.F.);
#3654=ORIENTED_EDGE('',*,*,#2575,.F.);
#3655=ORIENTED_EDGE('',*,*,#2764,.T.);
#3656=ORIENTED_EDGE('',*,*,#2765,.F.);
#3657=ORIENTED_EDGE('',*,*,#2764,.F.);
#3658=ORIENTED_EDGE('',*,*,#2580,.F.);
#3659=ORIENTED_EDGE('',*,*,#2766,.T.);
#3660=ORIENTED_EDGE('',*,*,#2767,.F.);
#3661=ORIENTED_EDGE('',*,*,#2766,.F.);
#3662=ORIENTED_EDGE('',*,*,#2579,.F.);
#3663=ORIENTED_EDGE('',*,*,#2768,.T.);
#3664=ORIENTED_EDGE('',*,*,#2769,.F.);
#3665=ORIENTED_EDGE('',*,*,#2768,.F.);
#3666=ORIENTED_EDGE('',*,*,#2578,.F.);
#3667=ORIENTED_EDGE('',*,*,#2770,.T.);
#3668=ORIENTED_EDGE('',*,*,#2771,.F.);
#3669=ORIENTED_EDGE('',*,*,#2770,.F.);
#3670=ORIENTED_EDGE('',*,*,#2577,.F.);
#3671=ORIENTED_EDGE('',*,*,#2772,.T.);
#3672=ORIENTED_EDGE('',*,*,#2773,.F.);
#3673=ORIENTED_EDGE('',*,*,#2772,.F.);
#3674=ORIENTED_EDGE('',*,*,#2576,.F.);
#3675=ORIENTED_EDGE('',*,*,#2763,.T.);
#3676=ORIENTED_EDGE('',*,*,#2774,.F.);
#3677=ORIENTED_EDGE('',*,*,#2775,.F.);
#3678=ORIENTED_EDGE('',*,*,#2569,.F.);
#3679=ORIENTED_EDGE('',*,*,#2776,.T.);
#3680=ORIENTED_EDGE('',*,*,#2777,.F.);
#3681=ORIENTED_EDGE('',*,*,#2776,.F.);
#3682=ORIENTED_EDGE('',*,*,#2574,.F.);
#3683=ORIENTED_EDGE('',*,*,#2778,.T.);
#3684=ORIENTED_EDGE('',*,*,#2779,.F.);
#3685=ORIENTED_EDGE('',*,*,#2778,.F.);
#3686=ORIENTED_EDGE('',*,*,#2573,.F.);
#3687=ORIENTED_EDGE('',*,*,#2780,.T.);
#3688=ORIENTED_EDGE('',*,*,#2781,.F.);
#3689=ORIENTED_EDGE('',*,*,#2780,.F.);
#3690=ORIENTED_EDGE('',*,*,#2572,.F.);
#3691=ORIENTED_EDGE('',*,*,#2782,.T.);
#3692=ORIENTED_EDGE('',*,*,#2783,.F.);
#3693=ORIENTED_EDGE('',*,*,#2782,.F.);
#3694=ORIENTED_EDGE('',*,*,#2571,.F.);
#3695=ORIENTED_EDGE('',*,*,#2784,.T.);
#3696=ORIENTED_EDGE('',*,*,#2785,.F.);
#3697=ORIENTED_EDGE('',*,*,#2784,.F.);
#3698=ORIENTED_EDGE('',*,*,#2570,.F.);
#3699=ORIENTED_EDGE('',*,*,#2775,.T.);
#3700=ORIENTED_EDGE('',*,*,#2786,.F.);
#3701=ORIENTED_EDGE('',*,*,#2787,.F.);
#3702=ORIENTED_EDGE('',*,*,#2563,.F.);
#3703=ORIENTED_EDGE('',*,*,#2788,.T.);
#3704=ORIENTED_EDGE('',*,*,#2789,.F.);
#3705=ORIENTED_EDGE('',*,*,#2788,.F.);
#3706=ORIENTED_EDGE('',*,*,#2568,.F.);
#3707=ORIENTED_EDGE('',*,*,#2790,.T.);
#3708=ORIENTED_EDGE('',*,*,#2791,.F.);
#3709=ORIENTED_EDGE('',*,*,#2790,.F.);
#3710=ORIENTED_EDGE('',*,*,#2567,.F.);
#3711=ORIENTED_EDGE('',*,*,#2792,.T.);
#3712=ORIENTED_EDGE('',*,*,#2793,.F.);
#3713=ORIENTED_EDGE('',*,*,#2792,.F.);
#3714=ORIENTED_EDGE('',*,*,#2566,.F.);
#3715=ORIENTED_EDGE('',*,*,#2794,.T.);
#3716=ORIENTED_EDGE('',*,*,#2795,.F.);
#3717=ORIENTED_EDGE('',*,*,#2794,.F.);
#3718=ORIENTED_EDGE('',*,*,#2565,.F.);
#3719=ORIENTED_EDGE('',*,*,#2796,.T.);
#3720=ORIENTED_EDGE('',*,*,#2797,.F.);
#3721=ORIENTED_EDGE('',*,*,#2796,.F.);
#3722=ORIENTED_EDGE('',*,*,#2564,.F.);
#3723=ORIENTED_EDGE('',*,*,#2787,.T.);
#3724=ORIENTED_EDGE('',*,*,#2798,.F.);
#3725=ORIENTED_EDGE('',*,*,#2799,.F.);
#3726=ORIENTED_EDGE('',*,*,#2557,.F.);
#3727=ORIENTED_EDGE('',*,*,#2800,.T.);
#3728=ORIENTED_EDGE('',*,*,#2801,.F.);
#3729=ORIENTED_EDGE('',*,*,#2800,.F.);
#3730=ORIENTED_EDGE('',*,*,#2562,.F.);
#3731=ORIENTED_EDGE('',*,*,#2802,.T.);
#3732=ORIENTED_EDGE('',*,*,#2803,.F.);
#3733=ORIENTED_EDGE('',*,*,#2802,.F.);
#3734=ORIENTED_EDGE('',*,*,#2561,.F.);
#3735=ORIENTED_EDGE('',*,*,#2804,.T.);
#3736=ORIENTED_EDGE('',*,*,#2805,.F.);
#3737=ORIENTED_EDGE('',*,*,#2804,.F.);
#3738=ORIENTED_EDGE('',*,*,#2560,.F.);
#3739=ORIENTED_EDGE('',*,*,#2806,.T.);
#3740=ORIENTED_EDGE('',*,*,#2807,.F.);
#3741=ORIENTED_EDGE('',*,*,#2806,.F.);
#3742=ORIENTED_EDGE('',*,*,#2559,.F.);
#3743=ORIENTED_EDGE('',*,*,#2808,.T.);
#3744=ORIENTED_EDGE('',*,*,#2809,.F.);
#3745=ORIENTED_EDGE('',*,*,#2808,.F.);
#3746=ORIENTED_EDGE('',*,*,#2558,.F.);
#3747=ORIENTED_EDGE('',*,*,#2799,.T.);
#3748=ORIENTED_EDGE('',*,*,#2810,.F.);
#3749=ORIENTED_EDGE('',*,*,#2811,.F.);
#3750=ORIENTED_EDGE('',*,*,#2551,.F.);
#3751=ORIENTED_EDGE('',*,*,#2812,.T.);
#3752=ORIENTED_EDGE('',*,*,#2813,.F.);
#3753=ORIENTED_EDGE('',*,*,#2812,.F.);
#3754=ORIENTED_EDGE('',*,*,#2556,.F.);
#3755=ORIENTED_EDGE('',*,*,#2814,.T.);
#3756=ORIENTED_EDGE('',*,*,#2815,.F.);
#3757=ORIENTED_EDGE('',*,*,#2814,.F.);
#3758=ORIENTED_EDGE('',*,*,#2555,.F.);
#3759=ORIENTED_EDGE('',*,*,#2816,.T.);
#3760=ORIENTED_EDGE('',*,*,#2817,.F.);
#3761=ORIENTED_EDGE('',*,*,#2816,.F.);
#3762=ORIENTED_EDGE('',*,*,#2554,.F.);
#3763=ORIENTED_EDGE('',*,*,#2818,.T.);
#3764=ORIENTED_EDGE('',*,*,#2819,.F.);
#3765=ORIENTED_EDGE('',*,*,#2818,.F.);
#3766=ORIENTED_EDGE('',*,*,#2553,.F.);
#3767=ORIENTED_EDGE('',*,*,#2820,.T.);
#3768=ORIENTED_EDGE('',*,*,#2821,.F.);
#3769=ORIENTED_EDGE('',*,*,#2820,.F.);
#3770=ORIENTED_EDGE('',*,*,#2552,.F.);
#3771=ORIENTED_EDGE('',*,*,#2811,.T.);
#3772=ORIENTED_EDGE('',*,*,#2822,.F.);
#3773=ORIENTED_EDGE('',*,*,#2823,.F.);
#3774=ORIENTED_EDGE('',*,*,#2545,.F.);
#3775=ORIENTED_EDGE('',*,*,#2824,.T.);
#3776=ORIENTED_EDGE('',*,*,#2825,.F.);
#3777=ORIENTED_EDGE('',*,*,#2824,.F.);
#3778=ORIENTED_EDGE('',*,*,#2550,.F.);
#3779=ORIENTED_EDGE('',*,*,#2826,.T.);
#3780=ORIENTED_EDGE('',*,*,#2827,.F.);
#3781=ORIENTED_EDGE('',*,*,#2826,.F.);
#3782=ORIENTED_EDGE('',*,*,#2549,.F.);
#3783=ORIENTED_EDGE('',*,*,#2828,.T.);
#3784=ORIENTED_EDGE('',*,*,#2829,.F.);
#3785=ORIENTED_EDGE('',*,*,#2828,.F.);
#3786=ORIENTED_EDGE('',*,*,#2548,.F.);
#3787=ORIENTED_EDGE('',*,*,#2830,.T.);
#3788=ORIENTED_EDGE('',*,*,#2831,.F.);
#3789=ORIENTED_EDGE('',*,*,#2830,.F.);
#3790=ORIENTED_EDGE('',*,*,#2547,.F.);
#3791=ORIENTED_EDGE('',*,*,#2832,.T.);
#3792=ORIENTED_EDGE('',*,*,#2833,.F.);
#3793=ORIENTED_EDGE('',*,*,#2832,.F.);
#3794=ORIENTED_EDGE('',*,*,#2546,.F.);
#3795=ORIENTED_EDGE('',*,*,#2823,.T.);
#3796=ORIENTED_EDGE('',*,*,#2834,.F.);
#3797=ORIENTED_EDGE('',*,*,#2835,.F.);
#3798=ORIENTED_EDGE('',*,*,#2539,.F.);
#3799=ORIENTED_EDGE('',*,*,#2836,.T.);
#3800=ORIENTED_EDGE('',*,*,#2837,.F.);
#3801=ORIENTED_EDGE('',*,*,#2836,.F.);
#3802=ORIENTED_EDGE('',*,*,#2544,.F.);
#3803=ORIENTED_EDGE('',*,*,#2838,.T.);
#3804=ORIENTED_EDGE('',*,*,#2839,.F.);
#3805=ORIENTED_EDGE('',*,*,#2838,.F.);
#3806=ORIENTED_EDGE('',*,*,#2543,.F.);
#3807=ORIENTED_EDGE('',*,*,#2840,.T.);
#3808=ORIENTED_EDGE('',*,*,#2841,.F.);
#3809=ORIENTED_EDGE('',*,*,#2840,.F.);
#3810=ORIENTED_EDGE('',*,*,#2542,.F.);
#3811=ORIENTED_EDGE('',*,*,#2842,.T.);
#3812=ORIENTED_EDGE('',*,*,#2843,.F.);
#3813=ORIENTED_EDGE('',*,*,#2842,.F.);
#3814=ORIENTED_EDGE('',*,*,#2541,.F.);
#3815=ORIENTED_EDGE('',*,*,#2844,.T.);
#3816=ORIENTED_EDGE('',*,*,#2845,.F.);
#3817=ORIENTED_EDGE('',*,*,#2844,.F.);
#3818=ORIENTED_EDGE('',*,*,#2540,.F.);
#3819=ORIENTED_EDGE('',*,*,#2835,.T.);
#3820=ORIENTED_EDGE('',*,*,#2846,.F.);
#3821=ORIENTED_EDGE('',*,*,#2847,.F.);
#3822=ORIENTED_EDGE('',*,*,#2533,.F.);
#3823=ORIENTED_EDGE('',*,*,#2848,.T.);
#3824=ORIENTED_EDGE('',*,*,#2849,.F.);
#3825=ORIENTED_EDGE('',*,*,#2848,.F.);
#3826=ORIENTED_EDGE('',*,*,#2538,.F.);
#3827=ORIENTED_EDGE('',*,*,#2850,.T.);
#3828=ORIENTED_EDGE('',*,*,#2851,.F.);
#3829=ORIENTED_EDGE('',*,*,#2850,.F.);
#3830=ORIENTED_EDGE('',*,*,#2537,.F.);
#3831=ORIENTED_EDGE('',*,*,#2852,.T.);
#3832=ORIENTED_EDGE('',*,*,#2853,.F.);
#3833=ORIENTED_EDGE('',*,*,#2852,.F.);
#3834=ORIENTED_EDGE('',*,*,#2536,.F.);
#3835=ORIENTED_EDGE('',*,*,#2854,.T.);
#3836=ORIENTED_EDGE('',*,*,#2855,.F.);
#3837=ORIENTED_EDGE('',*,*,#2854,.F.);
#3838=ORIENTED_EDGE('',*,*,#2535,.F.);
#3839=ORIENTED_EDGE('',*,*,#2856,.T.);
#3840=ORIENTED_EDGE('',*,*,#2857,.F.);
#3841=ORIENTED_EDGE('',*,*,#2856,.F.);
#3842=ORIENTED_EDGE('',*,*,#2534,.F.);
#3843=ORIENTED_EDGE('',*,*,#2847,.T.);
#3844=ORIENTED_EDGE('',*,*,#2858,.F.);
#3845=ORIENTED_EDGE('',*,*,#2859,.F.);
#3846=ORIENTED_EDGE('',*,*,#2527,.F.);
#3847=ORIENTED_EDGE('',*,*,#2860,.T.);
#3848=ORIENTED_EDGE('',*,*,#2861,.F.);
#3849=ORIENTED_EDGE('',*,*,#2860,.F.);
#3850=ORIENTED_EDGE('',*,*,#2532,.F.);
#3851=ORIENTED_EDGE('',*,*,#2862,.T.);
#3852=ORIENTED_EDGE('',*,*,#2863,.F.);
#3853=ORIENTED_EDGE('',*,*,#2862,.F.);
#3854=ORIENTED_EDGE('',*,*,#2531,.F.);
#3855=ORIENTED_EDGE('',*,*,#2864,.T.);
#3856=ORIENTED_EDGE('',*,*,#2865,.F.);
#3857=ORIENTED_EDGE('',*,*,#2864,.F.);
#3858=ORIENTED_EDGE('',*,*,#2530,.F.);
#3859=ORIENTED_EDGE('',*,*,#2866,.T.);
#3860=ORIENTED_EDGE('',*,*,#2867,.F.);
#3861=ORIENTED_EDGE('',*,*,#2866,.F.);
#3862=ORIENTED_EDGE('',*,*,#2529,.F.);
#3863=ORIENTED_EDGE('',*,*,#2868,.T.);
#3864=ORIENTED_EDGE('',*,*,#2869,.F.);
#3865=ORIENTED_EDGE('',*,*,#2868,.F.);
#3866=ORIENTED_EDGE('',*,*,#2528,.F.);
#3867=ORIENTED_EDGE('',*,*,#2859,.T.);
#3868=ORIENTED_EDGE('',*,*,#2870,.F.);
#3869=ORIENTED_EDGE('',*,*,#2871,.F.);
#3870=ORIENTED_EDGE('',*,*,#2521,.F.);
#3871=ORIENTED_EDGE('',*,*,#2872,.T.);
#3872=ORIENTED_EDGE('',*,*,#2873,.F.);
#3873=ORIENTED_EDGE('',*,*,#2872,.F.);
#3874=ORIENTED_EDGE('',*,*,#2526,.F.);
#3875=ORIENTED_EDGE('',*,*,#2874,.T.);
#3876=ORIENTED_EDGE('',*,*,#2875,.F.);
#3877=ORIENTED_EDGE('',*,*,#2874,.F.);
#3878=ORIENTED_EDGE('',*,*,#2525,.F.);
#3879=ORIENTED_EDGE('',*,*,#2876,.T.);
#3880=ORIENTED_EDGE('',*,*,#2877,.F.);
#3881=ORIENTED_EDGE('',*,*,#2876,.F.);
#3882=ORIENTED_EDGE('',*,*,#2524,.F.);
#3883=ORIENTED_EDGE('',*,*,#2878,.T.);
#3884=ORIENTED_EDGE('',*,*,#2879,.F.);
#3885=ORIENTED_EDGE('',*,*,#2878,.F.);
#3886=ORIENTED_EDGE('',*,*,#2523,.F.);
#3887=ORIENTED_EDGE('',*,*,#2880,.T.);
#3888=ORIENTED_EDGE('',*,*,#2881,.F.);
#3889=ORIENTED_EDGE('',*,*,#2880,.F.);
#3890=ORIENTED_EDGE('',*,*,#2522,.F.);
#3891=ORIENTED_EDGE('',*,*,#2871,.T.);
#3892=ORIENTED_EDGE('',*,*,#2882,.F.);
#3893=ORIENTED_EDGE('',*,*,#2883,.T.);
#3894=ORIENTED_EDGE('',*,*,#2884,.F.);
#3895=ORIENTED_EDGE('',*,*,#2885,.T.);
#3896=ORIENTED_EDGE('',*,*,#2882,.T.);
#3897=ORIENTED_EDGE('',*,*,#2886,.T.);
#3898=ORIENTED_EDGE('',*,*,#2887,.T.);
#3899=ORIENTED_EDGE('',*,*,#2888,.T.);
#3900=ORIENTED_EDGE('',*,*,#2885,.F.);
#3901=ORIENTED_EDGE('',*,*,#2889,.T.);
#3902=ORIENTED_EDGE('',*,*,#2890,.F.);
#3903=ORIENTED_EDGE('',*,*,#2891,.F.);
#3904=ORIENTED_EDGE('',*,*,#2892,.F.);
#3905=ORIENTED_EDGE('',*,*,#2893,.T.);
#3906=ORIENTED_EDGE('',*,*,#2887,.F.);
#3907=ORIENTED_EDGE('',*,*,#2894,.T.);
#3908=ORIENTED_EDGE('',*,*,#2884,.T.);
#3909=ORIENTED_EDGE('',*,*,#2895,.T.);
#3910=ORIENTED_EDGE('',*,*,#2892,.T.);
#3911=ORIENTED_EDGE('',*,*,#2896,.T.);
#3912=ORIENTED_EDGE('',*,*,#2894,.F.);
#3913=ORIENTED_EDGE('',*,*,#2897,.T.);
#3914=ORIENTED_EDGE('',*,*,#2898,.F.);
#3915=ORIENTED_EDGE('',*,*,#2899,.F.);
#3916=ORIENTED_EDGE('',*,*,#2896,.F.);
#3917=ORIENTED_EDGE('',*,*,#2899,.T.);
#3918=ORIENTED_EDGE('',*,*,#2900,.F.);
#3919=ORIENTED_EDGE('',*,*,#2889,.F.);
#3920=ORIENTED_EDGE('',*,*,#2886,.F.);
#3921=ORIENTED_EDGE('',*,*,#2891,.T.);
#3922=ORIENTED_EDGE('',*,*,#2901,.F.);
#3923=ORIENTED_EDGE('',*,*,#2897,.F.);
#3924=ORIENTED_EDGE('',*,*,#2902,.T.);
#3925=ORIENTED_EDGE('',*,*,#2903,.T.);
#3926=ORIENTED_EDGE('',*,*,#2904,.T.);
#3927=ORIENTED_EDGE('',*,*,#2905,.F.);
#3928=ORIENTED_EDGE('',*,*,#2906,.T.);
#3929=ORIENTED_EDGE('',*,*,#2907,.T.);
#3930=ORIENTED_EDGE('',*,*,#2908,.F.);
#3931=ORIENTED_EDGE('',*,*,#2909,.T.);
#3932=ORIENTED_EDGE('',*,*,#2910,.T.);
#3933=ORIENTED_EDGE('',*,*,#2903,.F.);
#3934=ORIENTED_EDGE('',*,*,#2911,.T.);
#3935=ORIENTED_EDGE('',*,*,#2912,.T.);
#3936=ORIENTED_EDGE('',*,*,#2913,.T.);
#3937=ORIENTED_EDGE('',*,*,#2907,.F.);
#3938=ORIENTED_EDGE('',*,*,#2914,.T.);
#3939=ORIENTED_EDGE('',*,*,#2905,.T.);
#3940=ORIENTED_EDGE('',*,*,#2915,.F.);
#3941=ORIENTED_EDGE('',*,*,#2916,.T.);
#3942=ORIENTED_EDGE('',*,*,#2917,.T.);
#3943=ORIENTED_EDGE('',*,*,#2912,.F.);
#3944=ORIENTED_EDGE('',*,*,#2916,.F.);
#3945=ORIENTED_EDGE('',*,*,#2918,.F.);
#3946=ORIENTED_EDGE('',*,*,#2919,.F.);
#3947=ORIENTED_EDGE('',*,*,#2920,.T.);
#3948=ORIENTED_EDGE('',*,*,#2921,.F.);
#3949=ORIENTED_EDGE('',*,*,#2918,.T.);
#3950=ORIENTED_EDGE('',*,*,#2915,.T.);
#3951=ORIENTED_EDGE('',*,*,#2904,.F.);
#3952=ORIENTED_EDGE('',*,*,#2910,.F.);
#3953=ORIENTED_EDGE('',*,*,#2922,.F.);
#3954=ORIENTED_EDGE('',*,*,#2902,.F.);
#3955=ORIENTED_EDGE('',*,*,#2914,.F.);
#3956=ORIENTED_EDGE('',*,*,#2911,.F.);
#3957=ORIENTED_EDGE('',*,*,#2906,.F.);
#3958=ORIENTED_EDGE('',*,*,#2898,.T.);
#3959=ORIENTED_EDGE('',*,*,#2901,.T.);
#3960=ORIENTED_EDGE('',*,*,#2890,.T.);
#3961=ORIENTED_EDGE('',*,*,#2900,.T.);
#3962=ORIENTED_EDGE('',*,*,#2909,.F.);
#3963=ORIENTED_EDGE('',*,*,#2923,.F.);
#3964=ORIENTED_EDGE('',*,*,#2924,.F.);
#3965=ORIENTED_EDGE('',*,*,#2922,.T.);
#3966=ORIENTED_EDGE('',*,*,#2925,.F.);
#3967=ORIENTED_EDGE('',*,*,#2923,.T.);
#3968=ORIENTED_EDGE('',*,*,#2908,.T.);
#3969=ORIENTED_EDGE('',*,*,#2913,.F.);
#3970=ORIENTED_EDGE('',*,*,#2917,.F.);
#3971=ORIENTED_EDGE('',*,*,#2920,.F.);
#3972=ORIENTED_EDGE('',*,*,#2502,.T.);
#3973=ORIENTED_EDGE('',*,*,#2926,.T.);
#3974=ORIENTED_EDGE('',*,*,#2506,.T.);
#3975=ORIENTED_EDGE('',*,*,#2927,.T.);
#3976=ORIENTED_EDGE('',*,*,#2514,.T.);
#3977=ORIENTED_EDGE('',*,*,#2641,.T.);
#3978=ORIENTED_EDGE('',*,*,#2510,.T.);
#3979=ORIENTED_EDGE('',*,*,#2516,.T.);
#3980=ORIENTED_EDGE('',*,*,#2921,.T.);
#3981=ORIENTED_EDGE('',*,*,#2924,.T.);
#3982=ORIENTED_EDGE('',*,*,#2925,.T.);
#3983=ORIENTED_EDGE('',*,*,#2919,.T.);
#3984=ORIENTED_EDGE('',*,*,#2505,.F.);
#3985=ORIENTED_EDGE('',*,*,#2519,.F.);
#3986=ORIENTED_EDGE('',*,*,#2515,.T.);
#3987=ORIENTED_EDGE('',*,*,#2927,.F.);
#3988=ORIENTED_EDGE('',*,*,#2501,.F.);
#3989=ORIENTED_EDGE('',*,*,#2520,.F.);
#3990=ORIENTED_EDGE('',*,*,#2507,.T.);
#3991=ORIENTED_EDGE('',*,*,#2926,.F.);
#3992=ORIENTED_EDGE('',*,*,#2883,.F.);
#3993=ORIENTED_EDGE('',*,*,#2888,.F.);
#3994=ORIENTED_EDGE('',*,*,#2893,.F.);
#3995=ORIENTED_EDGE('',*,*,#2895,.F.);
#3996=ORIENTED_EDGE('',*,*,#2642,.T.);
#3997=ORIENTED_EDGE('',*,*,#2645,.T.);
#3998=ORIENTED_EDGE('',*,*,#2647,.T.);
#3999=ORIENTED_EDGE('',*,*,#2649,.T.);
#4000=ORIENTED_EDGE('',*,*,#2651,.T.);
#4001=ORIENTED_EDGE('',*,*,#2653,.T.);
#4002=ORIENTED_EDGE('',*,*,#2654,.T.);
#4003=ORIENTED_EDGE('',*,*,#2657,.T.);
#4004=ORIENTED_EDGE('',*,*,#2659,.T.);
#4005=ORIENTED_EDGE('',*,*,#2661,.T.);
#4006=ORIENTED_EDGE('',*,*,#2663,.T.);
#4007=ORIENTED_EDGE('',*,*,#2665,.T.);
#4008=ORIENTED_EDGE('',*,*,#2666,.T.);
#4009=ORIENTED_EDGE('',*,*,#2669,.T.);
#4010=ORIENTED_EDGE('',*,*,#2671,.T.);
#4011=ORIENTED_EDGE('',*,*,#2673,.T.);
#4012=ORIENTED_EDGE('',*,*,#2675,.T.);
#4013=ORIENTED_EDGE('',*,*,#2677,.T.);
#4014=ORIENTED_EDGE('',*,*,#2678,.T.);
#4015=ORIENTED_EDGE('',*,*,#2681,.T.);
#4016=ORIENTED_EDGE('',*,*,#2683,.T.);
#4017=ORIENTED_EDGE('',*,*,#2685,.T.);
#4018=ORIENTED_EDGE('',*,*,#2687,.T.);
#4019=ORIENTED_EDGE('',*,*,#2689,.T.);
#4020=ORIENTED_EDGE('',*,*,#2690,.T.);
#4021=ORIENTED_EDGE('',*,*,#2693,.T.);
#4022=ORIENTED_EDGE('',*,*,#2695,.T.);
#4023=ORIENTED_EDGE('',*,*,#2697,.T.);
#4024=ORIENTED_EDGE('',*,*,#2699,.T.);
#4025=ORIENTED_EDGE('',*,*,#2701,.T.);
#4026=ORIENTED_EDGE('',*,*,#2702,.T.);
#4027=ORIENTED_EDGE('',*,*,#2705,.T.);
#4028=ORIENTED_EDGE('',*,*,#2707,.T.);
#4029=ORIENTED_EDGE('',*,*,#2709,.T.);
#4030=ORIENTED_EDGE('',*,*,#2711,.T.);
#4031=ORIENTED_EDGE('',*,*,#2713,.T.);
#4032=ORIENTED_EDGE('',*,*,#2714,.T.);
#4033=ORIENTED_EDGE('',*,*,#2717,.T.);
#4034=ORIENTED_EDGE('',*,*,#2719,.T.);
#4035=ORIENTED_EDGE('',*,*,#2721,.T.);
#4036=ORIENTED_EDGE('',*,*,#2723,.T.);
#4037=ORIENTED_EDGE('',*,*,#2725,.T.);
#4038=ORIENTED_EDGE('',*,*,#2726,.T.);
#4039=ORIENTED_EDGE('',*,*,#2729,.T.);
#4040=ORIENTED_EDGE('',*,*,#2731,.T.);
#4041=ORIENTED_EDGE('',*,*,#2733,.T.);
#4042=ORIENTED_EDGE('',*,*,#2735,.T.);
#4043=ORIENTED_EDGE('',*,*,#2737,.T.);
#4044=ORIENTED_EDGE('',*,*,#2738,.T.);
#4045=ORIENTED_EDGE('',*,*,#2741,.T.);
#4046=ORIENTED_EDGE('',*,*,#2743,.T.);
#4047=ORIENTED_EDGE('',*,*,#2745,.T.);
#4048=ORIENTED_EDGE('',*,*,#2747,.T.);
#4049=ORIENTED_EDGE('',*,*,#2749,.T.);
#4050=ORIENTED_EDGE('',*,*,#2750,.T.);
#4051=ORIENTED_EDGE('',*,*,#2753,.T.);
#4052=ORIENTED_EDGE('',*,*,#2755,.T.);
#4053=ORIENTED_EDGE('',*,*,#2757,.T.);
#4054=ORIENTED_EDGE('',*,*,#2759,.T.);
#4055=ORIENTED_EDGE('',*,*,#2761,.T.);
#4056=ORIENTED_EDGE('',*,*,#2762,.T.);
#4057=ORIENTED_EDGE('',*,*,#2765,.T.);
#4058=ORIENTED_EDGE('',*,*,#2767,.T.);
#4059=ORIENTED_EDGE('',*,*,#2769,.T.);
#4060=ORIENTED_EDGE('',*,*,#2771,.T.);
#4061=ORIENTED_EDGE('',*,*,#2773,.T.);
#4062=ORIENTED_EDGE('',*,*,#2774,.T.);
#4063=ORIENTED_EDGE('',*,*,#2777,.T.);
#4064=ORIENTED_EDGE('',*,*,#2779,.T.);
#4065=ORIENTED_EDGE('',*,*,#2781,.T.);
#4066=ORIENTED_EDGE('',*,*,#2783,.T.);
#4067=ORIENTED_EDGE('',*,*,#2785,.T.);
#4068=ORIENTED_EDGE('',*,*,#2786,.T.);
#4069=ORIENTED_EDGE('',*,*,#2789,.T.);
#4070=ORIENTED_EDGE('',*,*,#2791,.T.);
#4071=ORIENTED_EDGE('',*,*,#2793,.T.);
#4072=ORIENTED_EDGE('',*,*,#2795,.T.);
#4073=ORIENTED_EDGE('',*,*,#2797,.T.);
#4074=ORIENTED_EDGE('',*,*,#2798,.T.);
#4075=ORIENTED_EDGE('',*,*,#2801,.T.);
#4076=ORIENTED_EDGE('',*,*,#2803,.T.);
#4077=ORIENTED_EDGE('',*,*,#2805,.T.);
#4078=ORIENTED_EDGE('',*,*,#2807,.T.);
#4079=ORIENTED_EDGE('',*,*,#2809,.T.);
#4080=ORIENTED_EDGE('',*,*,#2810,.T.);
#4081=ORIENTED_EDGE('',*,*,#2813,.T.);
#4082=ORIENTED_EDGE('',*,*,#2815,.T.);
#4083=ORIENTED_EDGE('',*,*,#2817,.T.);
#4084=ORIENTED_EDGE('',*,*,#2819,.T.);
#4085=ORIENTED_EDGE('',*,*,#2821,.T.);
#4086=ORIENTED_EDGE('',*,*,#2822,.T.);
#4087=ORIENTED_EDGE('',*,*,#2825,.T.);
#4088=ORIENTED_EDGE('',*,*,#2827,.T.);
#4089=ORIENTED_EDGE('',*,*,#2829,.T.);
#4090=ORIENTED_EDGE('',*,*,#2831,.T.);
#4091=ORIENTED_EDGE('',*,*,#2833,.T.);
#4092=ORIENTED_EDGE('',*,*,#2834,.T.);
#4093=ORIENTED_EDGE('',*,*,#2837,.T.);
#4094=ORIENTED_EDGE('',*,*,#2839,.T.);
#4095=ORIENTED_EDGE('',*,*,#2841,.T.);
#4096=ORIENTED_EDGE('',*,*,#2843,.T.);
#4097=ORIENTED_EDGE('',*,*,#2845,.T.);
#4098=ORIENTED_EDGE('',*,*,#2846,.T.);
#4099=ORIENTED_EDGE('',*,*,#2849,.T.);
#4100=ORIENTED_EDGE('',*,*,#2851,.T.);
#4101=ORIENTED_EDGE('',*,*,#2853,.T.);
#4102=ORIENTED_EDGE('',*,*,#2855,.T.);
#4103=ORIENTED_EDGE('',*,*,#2857,.T.);
#4104=ORIENTED_EDGE('',*,*,#2858,.T.);
#4105=ORIENTED_EDGE('',*,*,#2861,.T.);
#4106=ORIENTED_EDGE('',*,*,#2863,.T.);
#4107=ORIENTED_EDGE('',*,*,#2865,.T.);
#4108=ORIENTED_EDGE('',*,*,#2867,.T.);
#4109=ORIENTED_EDGE('',*,*,#2869,.T.);
#4110=ORIENTED_EDGE('',*,*,#2870,.T.);
#4111=ORIENTED_EDGE('',*,*,#2873,.T.);
#4112=ORIENTED_EDGE('',*,*,#2875,.T.);
#4113=ORIENTED_EDGE('',*,*,#2877,.T.);
#4114=ORIENTED_EDGE('',*,*,#2879,.T.);
#4115=ORIENTED_EDGE('',*,*,#2881,.T.);
#4116=CONICAL_SURFACE('',#4378,2.5,0.78539816339745);
#4117=CONICAL_SURFACE('',#4385,2.5,0.78539816339745);
#4118=CONICAL_SURFACE('',#4438,2.13,0.0996686524911488);
#4119=CONICAL_SURFACE('',#4441,2.13,0.0996686524911686);
#4120=CONICAL_SURFACE('',#4447,4.,0.785398163397448);
#4121=CONICAL_SURFACE('',#4478,2.35,0.380506377112365);
#4122=ADVANCED_FACE('',(#311),#4116,.F.);
#4123=ADVANCED_FACE('',(#312,#63,#64),#128,.T.);
#4124=ADVANCED_FACE('',(#313),#45,.F.);
#4125=ADVANCED_FACE('',(#314),#4117,.F.);
#4126=ADVANCED_FACE('',(#315),#46,.F.);
#4127=ADVANCED_FACE('',(#316),#47,.F.);
#4128=ADVANCED_FACE('',(#317),#48,.F.);
#4129=ADVANCED_FACE('',(#318,#65,#66,#67,#68,#69,#70),#129,.T.);
#4130=ADVANCED_FACE('',(#319,#71,#72,#73,#74,#75,#76),#130,.T.);
#4131=ADVANCED_FACE('',(#320),#35,.T.);
#4132=ADVANCED_FACE('',(#321),#36,.T.);
#4133=ADVANCED_FACE('',(#322),#37,.T.);
#4134=ADVANCED_FACE('',(#323),#38,.T.);
#4135=ADVANCED_FACE('',(#324),#39,.T.);
#4136=ADVANCED_FACE('',(#325),#40,.T.);
#4137=ADVANCED_FACE('',(#326),#41,.T.);
#4138=ADVANCED_FACE('',(#327),#42,.T.);
#4139=ADVANCED_FACE('',(#328),#43,.T.);
#4140=ADVANCED_FACE('',(#329),#44,.T.);
#4141=ADVANCED_FACE('',(#330),#49,.T.);
#4142=ADVANCED_FACE('',(#331),#131,.F.);
#4143=ADVANCED_FACE('',(#332),#50,.T.);
#4144=ADVANCED_FACE('',(#333),#132,.T.);
#4145=ADVANCED_FACE('',(#334),#133,.T.);
#4146=ADVANCED_FACE('',(#335),#4118,.T.);
#4147=ADVANCED_FACE('',(#336),#134,.T.);
#4148=ADVANCED_FACE('',(#337),#4119,.T.);
#4149=ADVANCED_FACE('',(#338),#135,.T.);
#4150=ADVANCED_FACE('',(#339),#136,.T.);
#4151=ADVANCED_FACE('',(#340,#77,#78),#137,.T.);
#4152=ADVANCED_FACE('',(#341),#4120,.F.);
#4153=ADVANCED_FACE('',(#342),#51,.F.);
#4154=ADVANCED_FACE('',(#343,#79),#138,.T.);
#4155=ADVANCED_FACE('',(#344,#80),#139,.T.);
#4156=ADVANCED_FACE('',(#345),#52,.T.);
#4157=ADVANCED_FACE('',(#346),#53,.T.);
#4158=ADVANCED_FACE('',(#347),#54,.T.);
#4159=ADVANCED_FACE('',(#348),#55,.T.);
#4160=ADVANCED_FACE('',(#349),#140,.T.);
#4161=ADVANCED_FACE('',(#350,#81),#141,.T.);
#4162=ADVANCED_FACE('',(#351,#82,#83),#142,.F.);
#4163=ADVANCED_FACE('',(#352),#56,.F.);
#4164=ADVANCED_FACE('',(#353),#143,.T.);
#4165=ADVANCED_FACE('',(#354),#57,.F.);
#4166=ADVANCED_FACE('',(#355),#144,.T.);
#4167=ADVANCED_FACE('',(#356),#4121,.F.);
#4168=ADVANCED_FACE('',(#357),#58,.F.);
#4169=ADVANCED_FACE('',(#358),#145,.T.);
#4170=ADVANCED_FACE('',(#359,#84),#146,.T.);
#4171=ADVANCED_FACE('',(#360),#147,.T.);
#4172=ADVANCED_FACE('',(#361),#148,.T.);
#4173=ADVANCED_FACE('',(#362),#149,.T.);
#4174=ADVANCED_FACE('',(#363),#150,.T.);
#4175=ADVANCED_FACE('',(#364),#151,.T.);
#4176=ADVANCED_FACE('',(#365),#152,.T.);
#4177=ADVANCED_FACE('',(#366),#153,.T.);
#4178=ADVANCED_FACE('',(#367),#154,.T.);
#4179=ADVANCED_FACE('',(#368),#155,.T.);
#4180=ADVANCED_FACE('',(#369),#156,.T.);
#4181=ADVANCED_FACE('',(#370),#157,.T.);
#4182=ADVANCED_FACE('',(#371),#158,.T.);
#4183=ADVANCED_FACE('',(#372),#159,.T.);
#4184=ADVANCED_FACE('',(#373),#160,.T.);
#4185=ADVANCED_FACE('',(#374),#161,.T.);
#4186=ADVANCED_FACE('',(#375),#162,.T.);
#4187=ADVANCED_FACE('',(#376),#163,.T.);
#4188=ADVANCED_FACE('',(#377),#164,.T.);
#4189=ADVANCED_FACE('',(#378,#85),#165,.T.);
#4190=ADVANCED_FACE('',(#379),#166,.T.);
#4191=ADVANCED_FACE('',(#380),#59,.T.);
#4192=ADVANCED_FACE('',(#381),#60,.T.);
#4193=ADVANCED_FACE('',(#382),#61,.T.);
#4194=ADVANCED_FACE('',(#383),#62,.T.);
#4195=ADVANCED_FACE('',(#384),#167,.T.);
#4196=ADVANCED_FACE('',(#385,#86,#87,#88,#89,#90,#91,#92,#93,#94,#95,#96,
#97,#98,#99,#100,#101,#102,#103,#104,#105),#168,.T.);
#4197=ADVANCED_FACE('',(#386),#169,.T.);
#4198=ADVANCED_FACE('',(#387),#170,.F.);
#4199=ADVANCED_FACE('',(#388),#171,.F.);
#4200=ADVANCED_FACE('',(#389),#172,.F.);
#4201=ADVANCED_FACE('',(#390),#173,.F.);
#4202=ADVANCED_FACE('',(#391),#174,.F.);
#4203=ADVANCED_FACE('',(#392),#175,.F.);
#4204=ADVANCED_FACE('',(#393),#176,.F.);
#4205=ADVANCED_FACE('',(#394),#177,.F.);
#4206=ADVANCED_FACE('',(#395),#178,.F.);
#4207=ADVANCED_FACE('',(#396),#179,.F.);
#4208=ADVANCED_FACE('',(#397),#180,.F.);
#4209=ADVANCED_FACE('',(#398),#181,.F.);
#4210=ADVANCED_FACE('',(#399),#182,.F.);
#4211=ADVANCED_FACE('',(#400),#183,.F.);
#4212=ADVANCED_FACE('',(#401),#184,.F.);
#4213=ADVANCED_FACE('',(#402),#185,.F.);
#4214=ADVANCED_FACE('',(#403),#186,.F.);
#4215=ADVANCED_FACE('',(#404),#187,.F.);
#4216=ADVANCED_FACE('',(#405),#188,.F.);
#4217=ADVANCED_FACE('',(#406),#189,.F.);
#4218=ADVANCED_FACE('',(#407),#190,.F.);
#4219=ADVANCED_FACE('',(#408),#191,.F.);
#4220=ADVANCED_FACE('',(#409),#192,.F.);
#4221=ADVANCED_FACE('',(#410),#193,.F.);
#4222=ADVANCED_FACE('',(#411),#194,.F.);
#4223=ADVANCED_FACE('',(#412),#195,.F.);
#4224=ADVANCED_FACE('',(#413),#196,.F.);
#4225=ADVANCED_FACE('',(#414),#197,.F.);
#4226=ADVANCED_FACE('',(#415),#198,.F.);
#4227=ADVANCED_FACE('',(#416),#199,.F.);
#4228=ADVANCED_FACE('',(#417),#200,.F.);
#4229=ADVANCED_FACE('',(#418),#201,.F.);
#4230=ADVANCED_FACE('',(#419),#202,.F.);
#4231=ADVANCED_FACE('',(#420),#203,.F.);
#4232=ADVANCED_FACE('',(#421),#204,.F.);
#4233=ADVANCED_FACE('',(#422),#205,.F.);
#4234=ADVANCED_FACE('',(#423),#206,.F.);
#4235=ADVANCED_FACE('',(#424),#207,.F.);
#4236=ADVANCED_FACE('',(#425),#208,.F.);
#4237=ADVANCED_FACE('',(#426),#209,.F.);
#4238=ADVANCED_FACE('',(#427),#210,.F.);
#4239=ADVANCED_FACE('',(#428),#211,.F.);
#4240=ADVANCED_FACE('',(#429),#212,.F.);
#4241=ADVANCED_FACE('',(#430),#213,.F.);
#4242=ADVANCED_FACE('',(#431),#214,.F.);
#4243=ADVANCED_FACE('',(#432),#215,.F.);
#4244=ADVANCED_FACE('',(#433),#216,.F.);
#4245=ADVANCED_FACE('',(#434),#217,.F.);
#4246=ADVANCED_FACE('',(#435),#218,.F.);
#4247=ADVANCED_FACE('',(#436),#219,.F.);
#4248=ADVANCED_FACE('',(#437),#220,.F.);
#4249=ADVANCED_FACE('',(#438),#221,.F.);
#4250=ADVANCED_FACE('',(#439),#222,.F.);
#4251=ADVANCED_FACE('',(#440),#223,.F.);
#4252=ADVANCED_FACE('',(#441),#224,.F.);
#4253=ADVANCED_FACE('',(#442),#225,.F.);
#4254=ADVANCED_FACE('',(#443),#226,.F.);
#4255=ADVANCED_FACE('',(#444),#227,.F.);
#4256=ADVANCED_FACE('',(#445),#228,.F.);
#4257=ADVANCED_FACE('',(#446),#229,.F.);
#4258=ADVANCED_FACE('',(#447),#230,.F.);
#4259=ADVANCED_FACE('',(#448),#231,.F.);
#4260=ADVANCED_FACE('',(#449),#232,.F.);
#4261=ADVANCED_FACE('',(#450),#233,.F.);
#4262=ADVANCED_FACE('',(#451),#234,.F.);
#4263=ADVANCED_FACE('',(#452),#235,.F.);
#4264=ADVANCED_FACE('',(#453),#236,.F.);
#4265=ADVANCED_FACE('',(#454),#237,.F.);
#4266=ADVANCED_FACE('',(#455),#238,.F.);
#4267=ADVANCED_FACE('',(#456),#239,.F.);
#4268=ADVANCED_FACE('',(#457),#240,.F.);
#4269=ADVANCED_FACE('',(#458),#241,.F.);
#4270=ADVANCED_FACE('',(#459),#242,.F.);
#4271=ADVANCED_FACE('',(#460),#243,.F.);
#4272=ADVANCED_FACE('',(#461),#244,.F.);
#4273=ADVANCED_FACE('',(#462),#245,.F.);
#4274=ADVANCED_FACE('',(#463),#246,.F.);
#4275=ADVANCED_FACE('',(#464),#247,.F.);
#4276=ADVANCED_FACE('',(#465),#248,.F.);
#4277=ADVANCED_FACE('',(#466),#249,.F.);
#4278=ADVANCED_FACE('',(#467),#250,.F.);
#4279=ADVANCED_FACE('',(#468),#251,.F.);
#4280=ADVANCED_FACE('',(#469),#252,.F.);
#4281=ADVANCED_FACE('',(#470),#253,.F.);
#4282=ADVANCED_FACE('',(#471),#254,.F.);
#4283=ADVANCED_FACE('',(#472),#255,.F.);
#4284=ADVANCED_FACE('',(#473),#256,.F.);
#4285=ADVANCED_FACE('',(#474),#257,.F.);
#4286=ADVANCED_FACE('',(#475),#258,.F.);
#4287=ADVANCED_FACE('',(#476),#259,.F.);
#4288=ADVANCED_FACE('',(#477),#260,.F.);
#4289=ADVANCED_FACE('',(#478),#261,.F.);
#4290=ADVANCED_FACE('',(#479),#262,.F.);
#4291=ADVANCED_FACE('',(#480),#263,.F.);
#4292=ADVANCED_FACE('',(#481),#264,.F.);
#4293=ADVANCED_FACE('',(#482),#265,.F.);
#4294=ADVANCED_FACE('',(#483),#266,.F.);
#4295=ADVANCED_FACE('',(#484),#267,.F.);
#4296=ADVANCED_FACE('',(#485),#268,.F.);
#4297=ADVANCED_FACE('',(#486),#269,.F.);
#4298=ADVANCED_FACE('',(#487),#270,.F.);
#4299=ADVANCED_FACE('',(#488),#271,.F.);
#4300=ADVANCED_FACE('',(#489),#272,.F.);
#4301=ADVANCED_FACE('',(#490),#273,.F.);
#4302=ADVANCED_FACE('',(#491),#274,.F.);
#4303=ADVANCED_FACE('',(#492),#275,.F.);
#4304=ADVANCED_FACE('',(#493),#276,.F.);
#4305=ADVANCED_FACE('',(#494),#277,.F.);
#4306=ADVANCED_FACE('',(#495),#278,.F.);
#4307=ADVANCED_FACE('',(#496),#279,.F.);
#4308=ADVANCED_FACE('',(#497),#280,.F.);
#4309=ADVANCED_FACE('',(#498),#281,.F.);
#4310=ADVANCED_FACE('',(#499),#282,.F.);
#4311=ADVANCED_FACE('',(#500),#283,.F.);
#4312=ADVANCED_FACE('',(#501),#284,.F.);
#4313=ADVANCED_FACE('',(#502),#285,.F.);
#4314=ADVANCED_FACE('',(#503),#286,.F.);
#4315=ADVANCED_FACE('',(#504),#287,.F.);
#4316=ADVANCED_FACE('',(#505),#288,.F.);
#4317=ADVANCED_FACE('',(#506),#289,.F.);
#4318=ADVANCED_FACE('',(#507),#290,.T.);
#4319=ADVANCED_FACE('',(#508),#291,.T.);
#4320=ADVANCED_FACE('',(#509),#292,.T.);
#4321=ADVANCED_FACE('',(#510),#293,.T.);
#4322=ADVANCED_FACE('',(#511),#294,.T.);
#4323=ADVANCED_FACE('',(#512),#295,.T.);
#4324=ADVANCED_FACE('',(#513),#296,.T.);
#4325=ADVANCED_FACE('',(#514),#297,.T.);
#4326=ADVANCED_FACE('',(#515),#298,.T.);
#4327=ADVANCED_FACE('',(#516),#299,.T.);
#4328=ADVANCED_FACE('',(#517),#300,.T.);
#4329=ADVANCED_FACE('',(#518),#301,.T.);
#4330=ADVANCED_FACE('',(#519),#302,.T.);
#4331=ADVANCED_FACE('',(#520),#303,.T.);
#4332=ADVANCED_FACE('',(#521,#106),#304,.T.);
#4333=ADVANCED_FACE('',(#522),#305,.T.);
#4334=ADVANCED_FACE('',(#523),#306,.T.);
#4335=ADVANCED_FACE('',(#524,#107),#307,.F.);
#4336=ADVANCED_FACE('',(#525),#308,.T.);
#4337=ADVANCED_FACE('',(#526),#309,.T.);
#4338=ADVANCED_FACE('',(#527,#108,#109,#110,#111,#112,#113,#114,#115,#116,
#117,#118,#119,#120,#121,#122,#123,#124,#125,#126,#127),#310,.F.);
#4339=CLOSED_SHELL('',(#4122,#4123,#4124,#4125,#4126,#4127,#4128,#4129,
#4130,#4131,#4132,#4133,#4134,#4135,#4136,#4137,#4138,#4139,#4140,#4141,
#4142,#4143,#4144,#4145,#4146,#4147,#4148,#4149,#4150,#4151));
#4340=CLOSED_SHELL('',(#4152,#4153,#4154,#4155,#4156,#4157,#4158,#4159,
#4160,#4161,#4162,#4163,#4164,#4165,#4166,#4167,#4168,#4169,#4170,#4171,
#4172,#4173,#4174,#4175,#4176,#4177,#4178,#4179,#4180,#4181,#4182,#4183,
#4184,#4185,#4186,#4187,#4188,#4189,#4190));
#4341=CLOSED_SHELL('',(#4191,#4192,#4193,#4194,#4195,#4196,#4197,#4198,
#4199,#4200,#4201,#4202,#4203,#4204,#4205,#4206,#4207,#4208,#4209,#4210,
#4211,#4212,#4213,#4214,#4215,#4216,#4217,#4218,#4219,#4220,#4221,#4222,
#4223,#4224,#4225,#4226,#4227,#4228,#4229,#4230,#4231,#4232,#4233,#4234,
#4235,#4236,#4237,#4238,#4239,#4240,#4241,#4242,#4243,#4244,#4245,#4246,
#4247,#4248,#4249,#4250,#4251,#4252,#4253,#4254,#4255,#4256,#4257,#4258,
#4259,#4260,#4261,#4262,#4263,#4264,#4265,#4266,#4267,#4268,#4269,#4270,
#4271,#4272,#4273,#4274,#4275,#4276,#4277,#4278,#4279,#4280,#4281,#4282,
#4283,#4284,#4285,#4286,#4287,#4288,#4289,#4290,#4291,#4292,#4293,#4294,
#4295,#4296,#4297,#4298,#4299,#4300,#4301,#4302,#4303,#4304,#4305,#4306,
#4307,#4308,#4309,#4310,#4311,#4312,#4313,#4314,#4315,#4316,#4317,#4318,
#4319,#4320,#4321,#4322,#4323,#4324,#4325,#4326,#4327,#4328,#4329,#4330,
#4331,#4332,#4333,#4334,#4335,#4336,#4337,#4338));
#4342=DERIVED_UNIT_ELEMENT(#4348,1.);
#4343=DERIVED_UNIT_ELEMENT(#6999,-3.);
#4344=DERIVED_UNIT_ELEMENT(#4348,1.);
#4345=DERIVED_UNIT_ELEMENT(#6999,-3.);
#4346=DERIVED_UNIT_ELEMENT(#4348,1.);
#4347=DERIVED_UNIT_ELEMENT(#6999,-3.);
#4348=(
MASS_UNIT()
NAMED_UNIT(*)
SI_UNIT(.KILO.,.GRAM.)
);
#4349=DERIVED_UNIT((#4342,#4343));
#4350=DERIVED_UNIT((#4344,#4345));
#4351=DERIVED_UNIT((#4346,#4347));
#4352=MEASURE_REPRESENTATION_ITEM('density measure',
POSITIVE_RATIO_MEASURE(7850.),#4349);
#4353=MEASURE_REPRESENTATION_ITEM('density measure',
POSITIVE_RATIO_MEASURE(7850.),#4350);
#4354=MEASURE_REPRESENTATION_ITEM('density measure',
POSITIVE_RATIO_MEASURE(7850.),#4351);
#4355=PROPERTY_DEFINITION_REPRESENTATION(#4370,#4361);
#4356=PROPERTY_DEFINITION_REPRESENTATION(#4371,#4362);
#4357=PROPERTY_DEFINITION_REPRESENTATION(#4372,#4363);
#4358=PROPERTY_DEFINITION_REPRESENTATION(#4373,#4364);
#4359=PROPERTY_DEFINITION_REPRESENTATION(#4374,#4365);
#4360=PROPERTY_DEFINITION_REPRESENTATION(#4375,#4366);
#4361=REPRESENTATION('material name',(#4367),#6994);
#4362=REPRESENTATION('density',(#4352),#6994);
#4363=REPRESENTATION('material name',(#4368),#6995);
#4364=REPRESENTATION('density',(#4353),#6995);
#4365=REPRESENTATION('material name',(#4369),#6996);
#4366=REPRESENTATION('density',(#4354),#6996);
#4367=DESCRIPTIVE_REPRESENTATION_ITEM('Stahl','Stahl');
#4368=DESCRIPTIVE_REPRESENTATION_ITEM('Stahl','Stahl');
#4369=DESCRIPTIVE_REPRESENTATION_ITEM('Stahl','Stahl');
#4370=PROPERTY_DEFINITION('material property','material name',#7019);
#4371=PROPERTY_DEFINITION('material property','density of part',#7019);
#4372=PROPERTY_DEFINITION('material property','material name',#7020);
#4373=PROPERTY_DEFINITION('material property','density of part',#7020);
#4374=PROPERTY_DEFINITION('material property','material name',#7021);
#4375=PROPERTY_DEFINITION('material property','density of part',#7021);
#4376=AXIS2_PLACEMENT_3D('',#5770,#4664,#4665);
#4377=AXIS2_PLACEMENT_3D('',#5771,#4666,#4667);
#4378=AXIS2_PLACEMENT_3D('',#5772,#4668,#4669);
#4379=AXIS2_PLACEMENT_3D('',#5774,#4670,#4671);
#4380=AXIS2_PLACEMENT_3D('',#5777,#4673,#4674);
#4381=AXIS2_PLACEMENT_3D('',#5778,#4675,#4676);
#4382=AXIS2_PLACEMENT_3D('',#5788,#4681,#4682);
#4383=AXIS2_PLACEMENT_3D('',#5789,#4683,#4684);
#4384=AXIS2_PLACEMENT_3D('',#5792,#4686,#4687);
#4385=AXIS2_PLACEMENT_3D('',#5793,#4688,#4689);
#4386=AXIS2_PLACEMENT_3D('',#5796,#4691,#4692);
#4387=AXIS2_PLACEMENT_3D('',#5797,#4693,#4694);
#4388=AXIS2_PLACEMENT_3D('',#5800,#4696,#4697);
#4389=AXIS2_PLACEMENT_3D('',#5801,#4698,#4699);
#4390=AXIS2_PLACEMENT_3D('',#5803,#4700,#4701);
#4391=AXIS2_PLACEMENT_3D('',#5805,#4702,#4703);
#4392=AXIS2_PLACEMENT_3D('',#5807,#4705,#4706);
#4393=AXIS2_PLACEMENT_3D('',#5809,#4707,#4708);
#4394=AXIS2_PLACEMENT_3D('',#5811,#4709,#4710);
#4395=AXIS2_PLACEMENT_3D('',#5813,#4712,#4713);
#4396=AXIS2_PLACEMENT_3D('',#5817,#4715,#4716);
#4397=AXIS2_PLACEMENT_3D('',#5820,#4718,#4719);
#4398=AXIS2_PLACEMENT_3D('',#5822,#4720,#4721);
#4399=AXIS2_PLACEMENT_3D('',#5824,#4722,#4723);
#4400=AXIS2_PLACEMENT_3D('',#5826,#4724,#4725);
#4401=AXIS2_PLACEMENT_3D('',#5828,#4726,#4727);
#4402=AXIS2_PLACEMENT_3D('',#5830,#4728,#4729);
#4403=AXIS2_PLACEMENT_3D('',#5831,#4730,#4731);
#4404=AXIS2_PLACEMENT_3D('',#5835,#4733,#4734);
#4405=AXIS2_PLACEMENT_3D('',#5838,#4736,#4737);
#4406=AXIS2_PLACEMENT_3D('',#5840,#4738,#4739);
#4407=AXIS2_PLACEMENT_3D('',#5842,#4740,#4741);
#4408=AXIS2_PLACEMENT_3D('',#5844,#4742,#4743);
#4409=AXIS2_PLACEMENT_3D('',#5846,#4744,#4745);
#4410=AXIS2_PLACEMENT_3D('',#5848,#4746,#4747);
#4411=AXIS2_PLACEMENT_3D('',#5849,#4748,#4749);
#4412=AXIS2_PLACEMENT_3D('',#5851,#4750,#4751);
#4413=AXIS2_PLACEMENT_3D('',#5852,#4752,#4753);
#4414=AXIS2_PLACEMENT_3D('',#5854,#4754,#4755);
#4415=AXIS2_PLACEMENT_3D('',#5855,#4756,#4757);
#4416=AXIS2_PLACEMENT_3D('',#5857,#4758,#4759);
#4417=AXIS2_PLACEMENT_3D('',#5858,#4760,#4761);
#4418=AXIS2_PLACEMENT_3D('',#5860,#4762,#4763);
#4419=AXIS2_PLACEMENT_3D('',#5861,#4764,#4765);
#4420=AXIS2_PLACEMENT_3D('',#5863,#4766,#4767);
#4421=AXIS2_PLACEMENT_3D('',#5864,#4768,#4769);
#4422=AXIS2_PLACEMENT_3D('',#5866,#4770,#4771);
#4423=AXIS2_PLACEMENT_3D('',#5867,#4772,#4773);
#4424=AXIS2_PLACEMENT_3D('',#5869,#4774,#4775);
#4425=AXIS2_PLACEMENT_3D('',#5870,#4776,#4777);
#4426=AXIS2_PLACEMENT_3D('',#5872,#4778,#4779);
#4427=AXIS2_PLACEMENT_3D('',#5873,#4780,#4781);
#4428=AXIS2_PLACEMENT_3D('',#5875,#4782,#4783);
#4429=AXIS2_PLACEMENT_3D('',#5876,#4784,#4785);
#4430=AXIS2_PLACEMENT_3D('',#5878,#4786,#4787);
#4431=AXIS2_PLACEMENT_3D('',#5879,#4788,#4789);
#4432=AXIS2_PLACEMENT_3D('',#5882,#4790,#4791);
#4433=AXIS2_PLACEMENT_3D('',#5885,#4794,#4795);
#4434=AXIS2_PLACEMENT_3D('',#5893,#4800,#4801);
#4435=AXIS2_PLACEMENT_3D('',#5895,#4802,#4803);
#4436=AXIS2_PLACEMENT_3D('',#5897,#4805,#4806);
#4437=AXIS2_PLACEMENT_3D('',#5903,#4810,#4811);
#4438=AXIS2_PLACEMENT_3D('',#5905,#4813,#4814);
#4439=AXIS2_PLACEMENT_3D('',#5908,#4816,#4817);
#4440=AXIS2_PLACEMENT_3D('',#5909,#4818,#4819);
#4441=AXIS2_PLACEMENT_3D('',#5910,#4820,#4821);
#4442=AXIS2_PLACEMENT_3D('',#5913,#4823,#4824);
#4443=AXIS2_PLACEMENT_3D('',#5914,#4825,#4826);
#4444=AXIS2_PLACEMENT_3D('',#5915,#4827,#4828);
#4445=AXIS2_PLACEMENT_3D('',#5917,#4830,#4831);
#4446=AXIS2_PLACEMENT_3D('',#5918,#4832,#4833);
#4447=AXIS2_PLACEMENT_3D('',#5919,#4834,#4835);
#4448=AXIS2_PLACEMENT_3D('',#5921,#4836,#4837);
#4449=AXIS2_PLACEMENT_3D('',#5924,#4839,#4840);
#4450=AXIS2_PLACEMENT_3D('',#5925,#4841,#4842);
#4451=AXIS2_PLACEMENT_3D('',#5927,#4843,#4844);
#4452=AXIS2_PLACEMENT_3D('',#5929,#4846,#4847);
#4453=AXIS2_PLACEMENT_3D('',#5962,#4864,#4865);
#4454=AXIS2_PLACEMENT_3D('',#5965,#4866,#4867);
#4455=AXIS2_PLACEMENT_3D('',#5969,#4869,#4870);
#4456=AXIS2_PLACEMENT_3D('',#5973,#4872,#4873);
#4457=AXIS2_PLACEMENT_3D('',#5977,#4875,#4876);
#4458=AXIS2_PLACEMENT_3D('',#5987,#4882,#4883);
#4459=AXIS2_PLACEMENT_3D('',#5990,#4884,#4885);
#4460=AXIS2_PLACEMENT_3D('',#5993,#4888,#4889);
#4461=AXIS2_PLACEMENT_3D('',#5996,#4890,#4891);
#4462=AXIS2_PLACEMENT_3D('',#5999,#4894,#4895);
#4463=AXIS2_PLACEMENT_3D('',#6002,#4896,#4897);
#4464=AXIS2_PLACEMENT_3D('',#6005,#4900,#4901);
#4465=AXIS2_PLACEMENT_3D('',#6008,#4902,#4903);
#4466=AXIS2_PLACEMENT_3D('',#6011,#4906,#4907);
#4467=AXIS2_PLACEMENT_3D('',#6013,#4909,#4910);
#4468=AXIS2_PLACEMENT_3D('',#6016,#4912,#4913);
#4469=AXIS2_PLACEMENT_3D('',#6017,#4914,#4915);
#4470=AXIS2_PLACEMENT_3D('',#6021,#4918,#4919);
#4471=AXIS2_PLACEMENT_3D('',#6022,#4920,#4921);
#4472=AXIS2_PLACEMENT_3D('',#6024,#4922,#4923);
#4473=AXIS2_PLACEMENT_3D('',#6027,#4925,#4926);
#4474=AXIS2_PLACEMENT_3D('',#6028,#4927,#4928);
#4475=AXIS2_PLACEMENT_3D('',#6029,#4929,#4930);
#4476=AXIS2_PLACEMENT_3D('',#6032,#4932,#4933);
#4477=AXIS2_PLACEMENT_3D('',#6033,#4934,#4935);
#4478=AXIS2_PLACEMENT_3D('',#6034,#4936,#4937);
#4479=AXIS2_PLACEMENT_3D('',#6036,#4938,#4939);
#4480=AXIS2_PLACEMENT_3D('',#6038,#4941,#4942);
#4481=AXIS2_PLACEMENT_3D('',#6040,#4943,#4944);
#4482=AXIS2_PLACEMENT_3D('',#6042,#4946,#4947);
#4483=AXIS2_PLACEMENT_3D('',#6048,#4951,#4952);
#4484=AXIS2_PLACEMENT_3D('',#6054,#4956,#4957);
#4485=AXIS2_PLACEMENT_3D('',#6056,#4959,#4960);
#4486=AXIS2_PLACEMENT_3D('',#6058,#4962,#4963);
#4487=AXIS2_PLACEMENT_3D('',#6069,#4970,#4971);
#4488=AXIS2_PLACEMENT_3D('',#6080,#4978,#4979);
#4489=AXIS2_PLACEMENT_3D('',#6084,#4982,#4983);
#4490=AXIS2_PLACEMENT_3D('',#6088,#4986,#4987);
#4491=AXIS2_PLACEMENT_3D('',#6092,#4990,#4991);
#4492=AXIS2_PLACEMENT_3D('',#6096,#4994,#4995);
#4493=AXIS2_PLACEMENT_3D('',#6098,#4997,#4998);
#4494=AXIS2_PLACEMENT_3D('',#6102,#5001,#5002);
#4495=AXIS2_PLACEMENT_3D('',#6106,#5005,#5006);
#4496=AXIS2_PLACEMENT_3D('',#6108,#5008,#5009);
#4497=AXIS2_PLACEMENT_3D('',#6112,#5012,#5013);
#4498=AXIS2_PLACEMENT_3D('',#6116,#5016,#5017);
#4499=AXIS2_PLACEMENT_3D('',#6118,#5019,#5020);
#4500=AXIS2_PLACEMENT_3D('',#6119,#5021,#5022);
#4501=AXIS2_PLACEMENT_3D('',#6121,#5024,#5025);
#4502=AXIS2_PLACEMENT_3D('',#6122,#5026,#5027);
#4503=AXIS2_PLACEMENT_3D('',#6123,#5028,#5029);
#4504=AXIS2_PLACEMENT_3D('',#6124,#5030,#5031);
#4505=AXIS2_PLACEMENT_3D('',#6125,#5032,#5033);
#4506=AXIS2_PLACEMENT_3D('',#6128,#5034,#5035);
#4507=AXIS2_PLACEMENT_3D('',#6132,#5037,#5038);
#4508=AXIS2_PLACEMENT_3D('',#6134,#5040,#5041);
#4509=AXIS2_PLACEMENT_3D('',#6137,#5042,#5043);
#4510=AXIS2_PLACEMENT_3D('',#6141,#5045,#5046);
#4511=AXIS2_PLACEMENT_3D('',#6143,#5048,#5049);
#4512=AXIS2_PLACEMENT_3D('',#6146,#5050,#5051);
#4513=AXIS2_PLACEMENT_3D('',#6150,#5053,#5054);
#4514=AXIS2_PLACEMENT_3D('',#6152,#5056,#5057);
#4515=AXIS2_PLACEMENT_3D('',#6155,#5058,#5059);
#4516=AXIS2_PLACEMENT_3D('',#6159,#5061,#5062);
#4517=AXIS2_PLACEMENT_3D('',#6161,#5064,#5065);
#4518=AXIS2_PLACEMENT_3D('',#6164,#5068,#5069);
#4519=AXIS2_PLACEMENT_3D('',#6408,#5193,#5194);
#4520=AXIS2_PLACEMENT_3D('',#6410,#5196,#5197);
#4521=AXIS2_PLACEMENT_3D('',#6416,#5201,#5202);
#4522=AXIS2_PLACEMENT_3D('',#6420,#5205,#5206);
#4523=AXIS2_PLACEMENT_3D('',#6424,#5209,#5210);
#4524=AXIS2_PLACEMENT_3D('',#6428,#5213,#5214);
#4525=AXIS2_PLACEMENT_3D('',#6432,#5217,#5218);
#4526=AXIS2_PLACEMENT_3D('',#6434,#5220,#5221);
#4527=AXIS2_PLACEMENT_3D('',#6440,#5225,#5226);
#4528=AXIS2_PLACEMENT_3D('',#6444,#5229,#5230);
#4529=AXIS2_PLACEMENT_3D('',#6448,#5233,#5234);
#4530=AXIS2_PLACEMENT_3D('',#6452,#5237,#5238);
#4531=AXIS2_PLACEMENT_3D('',#6456,#5241,#5242);
#4532=AXIS2_PLACEMENT_3D('',#6458,#5244,#5245);
#4533=AXIS2_PLACEMENT_3D('',#6464,#5249,#5250);
#4534=AXIS2_PLACEMENT_3D('',#6468,#5253,#5254);
#4535=AXIS2_PLACEMENT_3D('',#6472,#5257,#5258);
#4536=AXIS2_PLACEMENT_3D('',#6476,#5261,#5262);
#4537=AXIS2_PLACEMENT_3D('',#6480,#5265,#5266);
#4538=AXIS2_PLACEMENT_3D('',#6482,#5268,#5269);
#4539=AXIS2_PLACEMENT_3D('',#6488,#5273,#5274);
#4540=AXIS2_PLACEMENT_3D('',#6492,#5277,#5278);
#4541=AXIS2_PLACEMENT_3D('',#6496,#5281,#5282);
#4542=AXIS2_PLACEMENT_3D('',#6500,#5285,#5286);
#4543=AXIS2_PLACEMENT_3D('',#6504,#5289,#5290);
#4544=AXIS2_PLACEMENT_3D('',#6506,#5292,#5293);
#4545=AXIS2_PLACEMENT_3D('',#6512,#5297,#5298);
#4546=AXIS2_PLACEMENT_3D('',#6516,#5301,#5302);
#4547=AXIS2_PLACEMENT_3D('',#6520,#5305,#5306);
#4548=AXIS2_PLACEMENT_3D('',#6524,#5309,#5310);
#4549=AXIS2_PLACEMENT_3D('',#6528,#5313,#5314);
#4550=AXIS2_PLACEMENT_3D('',#6530,#5316,#5317);
#4551=AXIS2_PLACEMENT_3D('',#6536,#5321,#5322);
#4552=AXIS2_PLACEMENT_3D('',#6540,#5325,#5326);
#4553=AXIS2_PLACEMENT_3D('',#6544,#5329,#5330);
#4554=AXIS2_PLACEMENT_3D('',#6548,#5333,#5334);
#4555=AXIS2_PLACEMENT_3D('',#6552,#5337,#5338);
#4556=AXIS2_PLACEMENT_3D('',#6554,#5340,#5341);
#4557=AXIS2_PLACEMENT_3D('',#6560,#5345,#5346);
#4558=AXIS2_PLACEMENT_3D('',#6564,#5349,#5350);
#4559=AXIS2_PLACEMENT_3D('',#6568,#5353,#5354);
#4560=AXIS2_PLACEMENT_3D('',#6572,#5357,#5358);
#4561=AXIS2_PLACEMENT_3D('',#6576,#5361,#5362);
#4562=AXIS2_PLACEMENT_3D('',#6578,#5364,#5365);
#4563=AXIS2_PLACEMENT_3D('',#6584,#5369,#5370);
#4564=AXIS2_PLACEMENT_3D('',#6588,#5373,#5374);
#4565=AXIS2_PLACEMENT_3D('',#6592,#5377,#5378);
#4566=AXIS2_PLACEMENT_3D('',#6596,#5381,#5382);
#4567=AXIS2_PLACEMENT_3D('',#6600,#5385,#5386);
#4568=AXIS2_PLACEMENT_3D('',#6602,#5388,#5389);
#4569=AXIS2_PLACEMENT_3D('',#6608,#5393,#5394);
#4570=AXIS2_PLACEMENT_3D('',#6612,#5397,#5398);
#4571=AXIS2_PLACEMENT_3D('',#6616,#5401,#5402);
#4572=AXIS2_PLACEMENT_3D('',#6620,#5405,#5406);
#4573=AXIS2_PLACEMENT_3D('',#6624,#5409,#5410);
#4574=AXIS2_PLACEMENT_3D('',#6626,#5412,#5413);
#4575=AXIS2_PLACEMENT_3D('',#6632,#5417,#5418);
#4576=AXIS2_PLACEMENT_3D('',#6636,#5421,#5422);
#4577=AXIS2_PLACEMENT_3D('',#6640,#5425,#5426);
#4578=AXIS2_PLACEMENT_3D('',#6644,#5429,#5430);
#4579=AXIS2_PLACEMENT_3D('',#6648,#5433,#5434);
#4580=AXIS2_PLACEMENT_3D('',#6650,#5436,#5437);
#4581=AXIS2_PLACEMENT_3D('',#6656,#5441,#5442);
#4582=AXIS2_PLACEMENT_3D('',#6660,#5445,#5446);
#4583=AXIS2_PLACEMENT_3D('',#6664,#5449,#5450);
#4584=AXIS2_PLACEMENT_3D('',#6668,#5453,#5454);
#4585=AXIS2_PLACEMENT_3D('',#6672,#5457,#5458);
#4586=AXIS2_PLACEMENT_3D('',#6674,#5460,#5461);
#4587=AXIS2_PLACEMENT_3D('',#6680,#5465,#5466);
#4588=AXIS2_PLACEMENT_3D('',#6684,#5469,#5470);
#4589=AXIS2_PLACEMENT_3D('',#6688,#5473,#5474);
#4590=AXIS2_PLACEMENT_3D('',#6692,#5477,#5478);
#4591=AXIS2_PLACEMENT_3D('',#6696,#5481,#5482);
#4592=AXIS2_PLACEMENT_3D('',#6698,#5484,#5485);
#4593=AXIS2_PLACEMENT_3D('',#6704,#5489,#5490);
#4594=AXIS2_PLACEMENT_3D('',#6708,#5493,#5494);
#4595=AXIS2_PLACEMENT_3D('',#6712,#5497,#5498);
#4596=AXIS2_PLACEMENT_3D('',#6716,#5501,#5502);
#4597=AXIS2_PLACEMENT_3D('',#6720,#5505,#5506);
#4598=AXIS2_PLACEMENT_3D('',#6722,#5508,#5509);
#4599=AXIS2_PLACEMENT_3D('',#6728,#5513,#5514);
#4600=AXIS2_PLACEMENT_3D('',#6732,#5517,#5518);
#4601=AXIS2_PLACEMENT_3D('',#6736,#5521,#5522);
#4602=AXIS2_PLACEMENT_3D('',#6740,#5525,#5526);
#4603=AXIS2_PLACEMENT_3D('',#6744,#5529,#5530);
#4604=AXIS2_PLACEMENT_3D('',#6746,#5532,#5533);
#4605=AXIS2_PLACEMENT_3D('',#6752,#5537,#5538);
#4606=AXIS2_PLACEMENT_3D('',#6756,#5541,#5542);
#4607=AXIS2_PLACEMENT_3D('',#6760,#5545,#5546);
#4608=AXIS2_PLACEMENT_3D('',#6764,#5549,#5550);
#4609=AXIS2_PLACEMENT_3D('',#6768,#5553,#5554);
#4610=AXIS2_PLACEMENT_3D('',#6770,#5556,#5557);
#4611=AXIS2_PLACEMENT_3D('',#6776,#5561,#5562);
#4612=AXIS2_PLACEMENT_3D('',#6780,#5565,#5566);
#4613=AXIS2_PLACEMENT_3D('',#6784,#5569,#5570);
#4614=AXIS2_PLACEMENT_3D('',#6788,#5573,#5574);
#4615=AXIS2_PLACEMENT_3D('',#6792,#5577,#5578);
#4616=AXIS2_PLACEMENT_3D('',#6794,#5580,#5581);
#4617=AXIS2_PLACEMENT_3D('',#6800,#5585,#5586);
#4618=AXIS2_PLACEMENT_3D('',#6804,#5589,#5590);
#4619=AXIS2_PLACEMENT_3D('',#6808,#5593,#5594);
#4620=AXIS2_PLACEMENT_3D('',#6812,#5597,#5598);
#4621=AXIS2_PLACEMENT_3D('',#6816,#5601,#5602);
#4622=AXIS2_PLACEMENT_3D('',#6818,#5604,#5605);
#4623=AXIS2_PLACEMENT_3D('',#6824,#5609,#5610);
#4624=AXIS2_PLACEMENT_3D('',#6828,#5613,#5614);
#4625=AXIS2_PLACEMENT_3D('',#6832,#5617,#5618);
#4626=AXIS2_PLACEMENT_3D('',#6836,#5621,#5622);
#4627=AXIS2_PLACEMENT_3D('',#6840,#5625,#5626);
#4628=AXIS2_PLACEMENT_3D('',#6842,#5628,#5629);
#4629=AXIS2_PLACEMENT_3D('',#6848,#5633,#5634);
#4630=AXIS2_PLACEMENT_3D('',#6852,#5637,#5638);
#4631=AXIS2_PLACEMENT_3D('',#6856,#5641,#5642);
#4632=AXIS2_PLACEMENT_3D('',#6860,#5645,#5646);
#4633=AXIS2_PLACEMENT_3D('',#6864,#5649,#5650);
#4634=AXIS2_PLACEMENT_3D('',#6866,#5652,#5653);
#4635=AXIS2_PLACEMENT_3D('',#6872,#5657,#5658);
#4636=AXIS2_PLACEMENT_3D('',#6876,#5661,#5662);
#4637=AXIS2_PLACEMENT_3D('',#6880,#5665,#5666);
#4638=AXIS2_PLACEMENT_3D('',#6884,#5669,#5670);
#4639=AXIS2_PLACEMENT_3D('',#6888,#5673,#5674);
#4640=AXIS2_PLACEMENT_3D('',#6890,#5676,#5677);
#4641=AXIS2_PLACEMENT_3D('',#6899,#5682,#5683);
#4642=AXIS2_PLACEMENT_3D('',#6905,#5687,#5688);
#4643=AXIS2_PLACEMENT_3D('',#6911,#5692,#5693);
#4644=AXIS2_PLACEMENT_3D('',#6917,#5697,#5698);
#4645=AXIS2_PLACEMENT_3D('',#6920,#5701,#5702);
#4646=AXIS2_PLACEMENT_3D('',#6926,#5706,#5707);
#4647=AXIS2_PLACEMENT_3D('',#6928,#5709,#5710);
#4648=AXIS2_PLACEMENT_3D('',#6930,#5712,#5713);
#4649=AXIS2_PLACEMENT_3D('',#6939,#5718,#5719);
#4650=AXIS2_PLACEMENT_3D('',#6949,#5725,#5726);
#4651=AXIS2_PLACEMENT_3D('',#6955,#5730,#5731);
#4652=AXIS2_PLACEMENT_3D('',#6962,#5736,#5737);
#4653=AXIS2_PLACEMENT_3D('',#6968,#5741,#5742);
#4654=AXIS2_PLACEMENT_3D('',#6972,#5745,#5746);
#4655=AXIS2_PLACEMENT_3D('',#6973,#5747,#5748);
#4656=AXIS2_PLACEMENT_3D('',#6977,#5751,#5752);
#4657=AXIS2_PLACEMENT_3D('',#6979,#5754,#5755);
#4658=AXIS2_PLACEMENT_3D('',#6982,#5758,#5759);
#4659=AXIS2_PLACEMENT_3D('',#6983,#5760,#5761);
#4660=AXIS2_PLACEMENT_3D('',#6984,#5762,#5763);
#4661=AXIS2_PLACEMENT_3D('',#6985,#5764,#5765);
#4662=AXIS2_PLACEMENT_3D('',#6986,#5766,#5767);
#4663=AXIS2_PLACEMENT_3D('',#6987,#5768,#5769);
#4664=DIRECTION('axis',(0.,0.,1.));
#4665=DIRECTION('refdir',(1.,0.,0.));
#4666=DIRECTION('axis',(0.,0.,1.));
#4667=DIRECTION('refdir',(1.,0.,0.));
#4668=DIRECTION('center_axis',(0.,1.,0.));
#4669=DIRECTION('ref_axis',(3.33066907387547E-16,2.88657986402541E-16,-1.));
#4670=DIRECTION('center_axis',(0.,1.,2.22044604925031E-16));
#4671=DIRECTION('ref_axis',(3.33066907387547E-16,2.22044604925031E-16,-1.));
#4672=DIRECTION('',(1.48918263179017E-16,-0.707106781186547,-0.707106781186548));
#4673=DIRECTION('center_axis',(0.,-1.,-2.22044604925031E-16));
#4674=DIRECTION('ref_axis',(3.33066907387547E-16,4.44089209850063E-16,-1.));
#4675=DIRECTION('center_axis',(0.,1.,2.22044604925031E-16));
#4676=DIRECTION('ref_axis',(-1.,0.,0.));
#4677=DIRECTION('',(0.,-2.22044604925031E-16,1.));
#4678=DIRECTION('',(1.,0.,0.));
#4679=DIRECTION('',(2.18952885050753E-47,2.22044604925031E-16,-1.));
#4680=DIRECTION('',(1.,0.,0.));
#4681=DIRECTION('center_axis',(0.,1.,2.22044604925031E-16));
#4682=DIRECTION('ref_axis',(3.33066907387547E-16,2.22044604925031E-16,-1.));
#4683=DIRECTION('center_axis',(0.,-1.,-4.44089209850063E-16));
#4684=DIRECTION('ref_axis',(3.33066907387547E-16,4.44089209850063E-16,-1.));
#4685=DIRECTION('',(0.,-1.,-4.44089209850063E-16));
#4686=DIRECTION('center_axis',(0.,1.,2.22044604925031E-16));
#4687=DIRECTION('ref_axis',(3.33066907387547E-16,4.44089209850063E-16,-1.));
#4688=DIRECTION('center_axis',(0.,1.,0.));
#4689=DIRECTION('ref_axis',(3.33066907387547E-16,2.88657986402541E-16,-1.));
#4690=DIRECTION('',(1.48918263179017E-16,-0.707106781186547,-0.707106781186548));
#4691=DIRECTION('center_axis',(0.,-1.,-2.22044604925031E-16));
#4692=DIRECTION('ref_axis',(3.33066907387547E-16,4.44089209850063E-16,-1.));
#4693=DIRECTION('center_axis',(0.,-1.,-4.44089209850063E-16));
#4694=DIRECTION('ref_axis',(3.33066907387547E-16,4.44089209850063E-16,-1.));
#4695=DIRECTION('',(0.,-1.,-4.44089209850063E-16));
#4696=DIRECTION('center_axis',(0.,1.,2.22044604925031E-16));
#4697=DIRECTION('ref_axis',(3.33066907387547E-16,4.44089209850063E-16,-1.));
#4698=DIRECTION('center_axis',(0.,-2.22044604925031E-16,1.));
#4699=DIRECTION('ref_axis',(0.707106781186547,-0.707106781186548,0.));
#4700=DIRECTION('center_axis',(0.,2.22044604925031E-16,-1.));
#4701=DIRECTION('ref_axis',(0.707106781186547,-0.707106781186548,0.));
#4702=DIRECTION('center_axis',(0.,-2.22044604925031E-16,1.));
#4703=DIRECTION('ref_axis',(0.707106781186547,-0.707106781186548,0.));
#4704=DIRECTION('',(0.,2.22044604925031E-16,-1.));
#4705=DIRECTION('center_axis',(2.18952885050753E-47,2.22044604925031E-16,
-1.));
#4706=DIRECTION('ref_axis',(-0.707106781186548,-0.707106781186547,0.));
#4707=DIRECTION('center_axis',(0.,-2.22044604925031E-16,1.));
#4708=DIRECTION('ref_axis',(-0.707106781186548,-0.707106781186547,0.));
#4709=DIRECTION('center_axis',(0.,2.22044604925031E-16,-1.));
#4710=DIRECTION('ref_axis',(-0.707106781186548,-0.707106781186547,0.));
#4711=DIRECTION('',(-2.18952885050753E-47,-2.22044604925031E-16,1.));
#4712=DIRECTION('center_axis',(1.,-6.43607550507357E-16,-1.42909584279173E-31));
#4713=DIRECTION('ref_axis',(6.43607550507357E-16,1.,2.22044604925031E-16));
#4714=DIRECTION('',(-6.43607550507357E-16,-1.,-2.22044604925031E-16));
#4715=DIRECTION('center_axis',(-1.,6.43607550507357E-16,1.42909584279173E-31));
#4716=DIRECTION('ref_axis',(4.55099263386616E-16,0.707106781186548,-0.707106781186547));
#4717=DIRECTION('',(6.43607550507357E-16,1.,2.22044604925031E-16));
#4718=DIRECTION('center_axis',(-1.,6.43607550507357E-16,1.42909584279173E-31));
#4719=DIRECTION('ref_axis',(-6.43607550507357E-16,-1.,-2.22044604925031E-16));
#4720=DIRECTION('center_axis',(-1.,6.43607550507357E-16,1.42909584279173E-31));
#4721=DIRECTION('ref_axis',(-6.43607550507357E-16,-1.,-2.22044604925031E-16));
#4722=DIRECTION('center_axis',(-1.,6.43607550507357E-16,1.42909584279173E-31));
#4723=DIRECTION('ref_axis',(-6.43607550507357E-16,-1.,-2.22044604925031E-16));
#4724=DIRECTION('center_axis',(-1.,6.43607550507357E-16,1.42909584279173E-31));
#4725=DIRECTION('ref_axis',(-6.43607550507357E-16,-1.,-2.22044604925031E-16));
#4726=DIRECTION('center_axis',(-1.,6.43607550507357E-16,1.42909584279173E-31));
#4727=DIRECTION('ref_axis',(-6.43607550507357E-16,-1.,-2.22044604925031E-16));
#4728=DIRECTION('center_axis',(-1.,6.43607550507357E-16,1.42909584279173E-31));
#4729=DIRECTION('ref_axis',(-6.43607550507357E-16,-1.,-2.22044604925031E-16));
#4730=DIRECTION('center_axis',(-1.,3.21803775253669E-16,7.14547921395844E-32));
#4731=DIRECTION('ref_axis',(-3.21803775253669E-16,-1.,-2.22044604925031E-16));
#4732=DIRECTION('',(-3.21803775253669E-16,-1.,-2.22044604925031E-16));
#4733=DIRECTION('center_axis',(1.,-3.21803775253669E-16,-7.14547921395844E-32));
#4734=DIRECTION('ref_axis',(2.27549631693301E-16,0.707106781186547,0.707106781186548));
#4735=DIRECTION('',(3.21803775253669E-16,1.,2.22044604925031E-16));
#4736=DIRECTION('center_axis',(1.,-3.21803775253669E-16,-7.14547921395844E-32));
#4737=DIRECTION('ref_axis',(-3.21803775253669E-16,-1.,-2.22044604925031E-16));
#4738=DIRECTION('center_axis',(1.,-3.21803775253669E-16,-7.14547921395844E-32));
#4739=DIRECTION('ref_axis',(-3.21803775253669E-16,-1.,-2.22044604925031E-16));
#4740=DIRECTION('center_axis',(1.,-3.21803775253669E-16,-7.14547921395844E-32));
#4741=DIRECTION('ref_axis',(-3.21803775253669E-16,-1.,-2.22044604925031E-16));
#4742=DIRECTION('center_axis',(1.,-3.21803775253669E-16,-7.14547921395844E-32));
#4743=DIRECTION('ref_axis',(-3.21803775253669E-16,-1.,-2.22044604925031E-16));
#4744=DIRECTION('center_axis',(1.,-3.21803775253669E-16,-7.14547921395844E-32));
#4745=DIRECTION('ref_axis',(-3.21803775253669E-16,-1.,-2.22044604925031E-16));
#4746=DIRECTION('center_axis',(1.,-3.21803775253669E-16,-7.14547921395844E-32));
#4747=DIRECTION('ref_axis',(-3.21803775253669E-16,-1.,-2.22044604925031E-16));
#4748=DIRECTION('center_axis',(1.,0.,0.));
#4749=DIRECTION('ref_axis',(0.,0.,-1.));
#4750=DIRECTION('center_axis',(0.,-1.,0.));
#4751=DIRECTION('ref_axis',(0.,0.,1.));
#4752=DIRECTION('center_axis',(1.,0.,0.));
#4753=DIRECTION('ref_axis',(0.,0.,-1.));
#4754=DIRECTION('center_axis',(0.,-1.,0.));
#4755=DIRECTION('ref_axis',(0.,0.,1.));
#4756=DIRECTION('center_axis',(1.,0.,0.));
#4757=DIRECTION('ref_axis',(0.,0.,-1.));
#4758=DIRECTION('center_axis',(0.,-1.,0.));
#4759=DIRECTION('ref_axis',(0.,0.,1.));
#4760=DIRECTION('center_axis',(1.,0.,0.));
#4761=DIRECTION('ref_axis',(0.,0.,-1.));
#4762=DIRECTION('center_axis',(0.,-1.,0.));
#4763=DIRECTION('ref_axis',(0.,0.,1.));
#4764=DIRECTION('center_axis',(1.,0.,0.));
#4765=DIRECTION('ref_axis',(0.,0.,-1.));
#4766=DIRECTION('center_axis',(0.,-1.,0.));
#4767=DIRECTION('ref_axis',(0.,0.,1.));
#4768=DIRECTION('center_axis',(1.,0.,0.));
#4769=DIRECTION('ref_axis',(0.,0.,-1.));
#4770=DIRECTION('center_axis',(0.,-1.,0.));
#4771=DIRECTION('ref_axis',(0.,0.,1.));
#4772=DIRECTION('center_axis',(1.,0.,0.));
#4773=DIRECTION('ref_axis',(0.,0.,-1.));
#4774=DIRECTION('center_axis',(0.,-1.,0.));
#4775=DIRECTION('ref_axis',(0.,0.,1.));
#4776=DIRECTION('center_axis',(1.,0.,0.));
#4777=DIRECTION('ref_axis',(0.,0.,-1.));
#4778=DIRECTION('center_axis',(0.,-1.,0.));
#4779=DIRECTION('ref_axis',(0.,0.,1.));
#4780=DIRECTION('center_axis',(1.,0.,0.));
#4781=DIRECTION('ref_axis',(0.,0.,-1.));
#4782=DIRECTION('center_axis',(0.,-1.,0.));
#4783=DIRECTION('ref_axis',(0.,0.,1.));
#4784=DIRECTION('center_axis',(1.,0.,0.));
#4785=DIRECTION('ref_axis',(0.,0.,-1.));
#4786=DIRECTION('center_axis',(0.,-1.,0.));
#4787=DIRECTION('ref_axis',(0.,0.,1.));
#4788=DIRECTION('center_axis',(1.,-5.55111512312582E-16,-1.23259516440784E-31));
#4789=DIRECTION('ref_axis',(3.92523114670947E-16,0.707106781186548,-0.707106781186547));
#4790=DIRECTION('center_axis',(-1.,-9.20392144766969E-16,-2.04368110160884E-31));
#4791=DIRECTION('ref_axis',(-6.50815526915554E-16,0.707106781186547,0.707106781186548));
#4792=DIRECTION('',(-1.,5.55111512312582E-16,1.23259516440784E-31));
#4793=DIRECTION('',(1.,-5.55111512312582E-16,-1.23259516440784E-31));
#4794=DIRECTION('center_axis',(0.,-2.22044604925031E-16,1.));
#4795=DIRECTION('ref_axis',(1.,0.,0.));
#4796=DIRECTION('',(9.20392144766969E-16,-1.,-2.22044604925031E-16));
#4797=DIRECTION('',(-1.,0.,0.));
#4798=DIRECTION('',(9.5720783055767E-14,1.,2.22044604925031E-16));
#4799=DIRECTION('',(-1.,-9.43689570931389E-15,-2.09541177949333E-30));
#4800=DIRECTION('center_axis',(-1.,-9.43689570931389E-15,-2.09541177949333E-30));
#4801=DIRECTION('ref_axis',(-6.67289294940608E-15,0.707106781186547,0.707106781186548));
#4802=DIRECTION('center_axis',(1.,-9.5720783055767E-14,-2.12542834567324E-29));
#4803=DIRECTION('ref_axis',(6.76848147992192E-14,0.707106781186547,0.707106781186548));
#4804=DIRECTION('',(1.,9.43689570931389E-15,2.09541177949333E-30));
#4805=DIRECTION('center_axis',(0.,-2.22044604925031E-16,1.));
#4806=DIRECTION('ref_axis',(1.,0.,0.));
#4807=DIRECTION('',(-9.5720783055767E-14,-1.,-2.22044604925031E-16));
#4808=DIRECTION('',(-1.,0.,0.));
#4809=DIRECTION('',(-9.20392144766969E-16,1.,2.22044604925031E-16));
#4810=DIRECTION('center_axis',(-1.,9.5720783055767E-14,2.12542834567324E-29));
#4811=DIRECTION('ref_axis',(-9.5720783055767E-14,-1.,-2.22044604925031E-16));
#4812=DIRECTION('',(-1.40129846432482E-44,2.22044604925031E-16,-1.));
#4813=DIRECTION('center_axis',(-1.,0.,0.));
#4814=DIRECTION('ref_axis',(0.,-1.,-2.22044604925031E-16));
#4815=DIRECTION('',(0.99503719020999,-0.0995037190209857,-9.90857287835529E-18));
#4816=DIRECTION('center_axis',(-1.,6.43607550507357E-16,1.42909584279173E-31));
#4817=DIRECTION('ref_axis',(-6.43607550507357E-16,-1.,-2.22044604925031E-16));
#4818=DIRECTION('center_axis',(1.,-6.43607550507357E-16,-1.42909584279173E-31));
#4819=DIRECTION('ref_axis',(6.43607550507357E-16,1.,2.22044604925031E-16));
#4820=DIRECTION('center_axis',(1.,0.,0.));
#4821=DIRECTION('ref_axis',(0.,-1.,-2.22044604925031E-16));
#4822=DIRECTION('',(-0.995037190209988,-0.0995037190210055,-3.42799550788236E-17));
#4823=DIRECTION('center_axis',(1.,-3.21803775253669E-16,-7.14547921395844E-32));
#4824=DIRECTION('ref_axis',(-3.21803775253669E-16,-1.,-2.22044604925031E-16));
#4825=DIRECTION('center_axis',(-1.,3.21803775253669E-16,7.14547921395844E-32));
#4826=DIRECTION('ref_axis',(-3.21803775253669E-16,-1.,-2.22044604925031E-16));
#4827=DIRECTION('center_axis',(1.,9.20392144766969E-16,2.04368110160884E-31));
#4828=DIRECTION('ref_axis',(-9.20392144766969E-16,1.,2.22044604925031E-16));
#4829=DIRECTION('',(-3.94115193091355E-46,-2.22044604925031E-16,1.));
#4830=DIRECTION('center_axis',(0.,-1.,-2.22044604925031E-16));
#4831=DIRECTION('ref_axis',(1.,0.,0.));
#4832=DIRECTION('axis',(0.,0.,1.));
#4833=DIRECTION('refdir',(1.,0.,0.));
#4834=DIRECTION('center_axis',(0.,1.,0.));
#4835=DIRECTION('ref_axis',(1.,0.,2.91170404555368E-32));
#4836=DIRECTION('center_axis',(0.,1.,0.));
#4837=DIRECTION('ref_axis',(1.,0.,2.91170404555368E-32));
#4838=DIRECTION('',(0.707106781186547,-0.707106781186548,-8.65956056235493E-17));
#4839=DIRECTION('center_axis',(0.,-1.,0.));
#4840=DIRECTION('ref_axis',(1.,0.,2.91170404555368E-32));
#4841=DIRECTION('center_axis',(0.,1.,-1.11022302462515E-16));
#4842=DIRECTION('ref_axis',(1.,0.,2.91170404555368E-32));
#4843=DIRECTION('center_axis',(0.,1.,0.));
#4844=DIRECTION('ref_axis',(1.,0.,2.91170404555368E-32));
#4845=DIRECTION('',(0.,1.,-1.11022302462515E-16));
#4846=DIRECTION('center_axis',(0.,1.,0.));
#4847=DIRECTION('ref_axis',(1.,0.,0.));
#4848=DIRECTION('',(0.,0.,1.));
#4849=DIRECTION('',(1.,0.,0.));
#4850=DIRECTION('',(0.,0.,-1.));
#4851=DIRECTION('',(1.,0.,1.11022302462518E-15));
#4852=DIRECTION('',(0.,0.,-1.));
#4853=DIRECTION('',(1.,0.,1.11022302462518E-15));
#4854=DIRECTION('',(0.,0.,1.));
#4855=DIRECTION('',(-1.,0.,0.));
#4856=DIRECTION('',(-1.11022302462516E-15,0.,1.));
#4857=DIRECTION('',(-1.,0.,0.));
#4858=DIRECTION('',(0.,0.,1.));
#4859=DIRECTION('',(1.,0.,0.));
#4860=DIRECTION('',(0.,0.,1.));
#4861=DIRECTION('',(1.,0.,0.));
#4862=DIRECTION('',(0.,0.,-1.));
#4863=DIRECTION('',(1.,0.,0.));
#4864=DIRECTION('center_axis',(2.71170936169723E-30,1.,0.));
#4865=DIRECTION('ref_axis',(4.31408307542741E-31,-6.93889390390723E-17,
1.));
#4866=DIRECTION('center_axis',(2.71170936169723E-30,1.,0.));
#4867=DIRECTION('ref_axis',(3.5527136788005E-15,0.,1.));
#4868=DIRECTION('',(-4.93038065763132E-31,0.,-1.));
#4869=DIRECTION('center_axis',(2.71170936169723E-30,1.,0.));
#4870=DIRECTION('ref_axis',(1.,-3.15544362088405E-30,5.32907051820075E-15));
#4871=DIRECTION('',(-1.,2.76101316827354E-30,2.95822839457879E-31));
#4872=DIRECTION('center_axis',(2.71170936169723E-30,1.,0.));
#4873=DIRECTION('ref_axis',(-4.93038065763132E-31,0.,-1.));
#4874=DIRECTION('',(4.93038065763132E-31,0.,1.));
#4875=DIRECTION('center_axis',(2.71170936169723E-30,1.,0.));
#4876=DIRECTION('ref_axis',(-1.,2.76101316827354E-30,2.95822839457879E-31));
#4877=DIRECTION('',(1.,-2.76101316827354E-30,-2.95822839457879E-31));
#4878=DIRECTION('',(-1.,2.76101316827354E-30,2.95822839457879E-31));
#4879=DIRECTION('',(-4.93038065763132E-31,0.,-1.));
#4880=DIRECTION('',(1.,-2.76101316827354E-30,-2.95822839457879E-31));
#4881=DIRECTION('',(4.93038065763132E-31,0.,1.));
#4882=DIRECTION('center_axis',(0.,1.,0.));
#4883=DIRECTION('ref_axis',(3.5527136788005E-15,0.,1.));
#4884=DIRECTION('center_axis',(0.,-1.,0.));
#4885=DIRECTION('ref_axis',(3.5527136788005E-15,0.,1.));
#4886=DIRECTION('',(0.,-1.,0.));
#4887=DIRECTION('',(0.,-1.,0.));
#4888=DIRECTION('center_axis',(0.,1.,0.));
#4889=DIRECTION('ref_axis',(-1.,0.,0.));
#4890=DIRECTION('center_axis',(0.,-1.,0.));
#4891=DIRECTION('ref_axis',(-1.,0.,0.));
#4892=DIRECTION('',(0.,-1.,0.));
#4893=DIRECTION('',(0.,-1.,0.));
#4894=DIRECTION('center_axis',(0.,1.,0.));
#4895=DIRECTION('ref_axis',(1.,0.,5.32907051820075E-15));
#4896=DIRECTION('center_axis',(0.,-1.,0.));
#4897=DIRECTION('ref_axis',(1.,0.,5.32907051820075E-15));
#4898=DIRECTION('',(0.,-1.,0.));
#4899=DIRECTION('',(0.,-1.,0.));
#4900=DIRECTION('center_axis',(0.,1.,0.));
#4901=DIRECTION('ref_axis',(0.,0.,-1.));
#4902=DIRECTION('center_axis',(0.,-1.,0.));
#4903=DIRECTION('ref_axis',(0.,0.,-1.));
#4904=DIRECTION('',(0.,-1.,0.));
#4905=DIRECTION('',(0.,-1.,0.));
#4906=DIRECTION('center_axis',(0.,0.,1.));
#4907=DIRECTION('ref_axis',(-1.,0.,0.));
#4908=DIRECTION('',(-1.,0.,0.));
#4909=DIRECTION('center_axis',(-1.,0.,0.));
#4910=DIRECTION('ref_axis',(0.,0.,-1.));
#4911=DIRECTION('',(0.,0.,-1.));
#4912=DIRECTION('center_axis',(1.,0.,0.));
#4913=DIRECTION('ref_axis',(0.,0.,1.));
#4914=DIRECTION('center_axis',(0.,1.,0.));
#4915=DIRECTION('ref_axis',(1.,0.,0.));
#4916=DIRECTION('',(1.,0.,0.));
#4917=DIRECTION('',(0.,0.,1.));
#4918=DIRECTION('center_axis',(0.,-1.,0.));
#4919=DIRECTION('ref_axis',(1.,0.,0.));
#4920=DIRECTION('center_axis',(-1.,0.,0.));
#4921=DIRECTION('ref_axis',(0.,0.,1.));
#4922=DIRECTION('center_axis',(-1.,0.,0.));
#4923=DIRECTION('ref_axis',(0.,0.,1.));
#4924=DIRECTION('',(-1.,0.,0.));
#4925=DIRECTION('center_axis',(-1.,0.,0.));
#4926=DIRECTION('ref_axis',(0.,0.,1.));
#4927=DIRECTION('center_axis',(1.,0.,0.));
#4928=DIRECTION('ref_axis',(0.,0.,-1.));
#4929=DIRECTION('center_axis',(1.,0.,0.));
#4930=DIRECTION('ref_axis',(0.,0.,1.));
#4931=DIRECTION('',(1.,0.,0.));
#4932=DIRECTION('center_axis',(1.,0.,0.));
#4933=DIRECTION('ref_axis',(0.,0.,1.));
#4934=DIRECTION('center_axis',(-1.,0.,0.));
#4935=DIRECTION('ref_axis',(0.,0.,1.));
#4936=DIRECTION('center_axis',(0.,-1.,0.));
#4937=DIRECTION('ref_axis',(1.,0.,0.));
#4938=DIRECTION('center_axis',(0.,1.,0.));
#4939=DIRECTION('ref_axis',(1.,0.,0.));
#4940=DIRECTION('',(-0.371390676354104,-0.928476690885259,-4.54822403030224E-17));
#4941=DIRECTION('center_axis',(0.,-1.,0.));
#4942=DIRECTION('ref_axis',(1.,0.,0.));
#4943=DIRECTION('center_axis',(0.,-1.,0.));
#4944=DIRECTION('ref_axis',(1.,0.,0.));
#4945=DIRECTION('',(0.,-1.,0.));
#4946=DIRECTION('center_axis',(0.,0.391140640344852,-0.920330918458475));
#4947=DIRECTION('ref_axis',(-1.,0.,0.));
#4948=DIRECTION('',(0.,0.920330918458474,0.391140640344852));
#4949=DIRECTION('',(1.,0.,0.));
#4950=DIRECTION('',(0.,-0.920330918458474,-0.391140640344852));
#4951=DIRECTION('center_axis',(0.,1.,0.));
#4952=DIRECTION('ref_axis',(1.,0.,0.));
#4953=DIRECTION('',(0.,0.,1.));
#4954=DIRECTION('',(-1.,0.,0.));
#4955=DIRECTION('',(0.,0.,-1.));
#4956=DIRECTION('center_axis',(-1.,0.,0.));
#4957=DIRECTION('ref_axis',(0.,0.,1.));
#4958=DIRECTION('',(0.,-1.,0.));
#4959=DIRECTION('center_axis',(1.,0.,0.));
#4960=DIRECTION('ref_axis',(0.,0.,-1.));
#4961=DIRECTION('',(0.,1.,0.));
#4962=DIRECTION('center_axis',(0.,0.,-1.));
#4963=DIRECTION('ref_axis',(-1.,0.,0.));
#4964=DIRECTION('',(0.,1.,0.));
#4965=DIRECTION('',(-1.,0.,0.));
#4966=DIRECTION('',(0.,1.,0.));
#4967=DIRECTION('',(0.,1.,0.));
#4968=DIRECTION('',(-1.,0.,0.));
#4969=DIRECTION('',(0.,-1.,0.));
#4970=DIRECTION('center_axis',(0.,0.,1.));
#4971=DIRECTION('ref_axis',(1.,0.,0.));
#4972=DIRECTION('',(0.,-1.,0.));
#4973=DIRECTION('',(1.,0.,0.));
#4974=DIRECTION('',(0.,1.,0.));
#4975=DIRECTION('',(0.,1.,0.));
#4976=DIRECTION('',(1.,0.,0.));
#4977=DIRECTION('',(0.,-1.,0.));
#4978=DIRECTION('center_axis',(-1.,0.,0.));
#4979=DIRECTION('ref_axis',(0.,0.,1.));
#4980=DIRECTION('',(0.,1.,0.));
#4981=DIRECTION('',(0.,0.,1.));
#4982=DIRECTION('center_axis',(-1.11022302462518E-15,0.,1.));
#4983=DIRECTION('ref_axis',(1.,0.,1.11022302462518E-15));
#4984=DIRECTION('',(0.,-1.,0.));
#4985=DIRECTION('',(1.,0.,1.11022302462518E-15));
#4986=DIRECTION('center_axis',(-1.,0.,0.));
#4987=DIRECTION('ref_axis',(0.,0.,1.));
#4988=DIRECTION('',(0.,0.,1.));
#4989=DIRECTION('',(0.,1.,0.));
#4990=DIRECTION('center_axis',(1.11022302462518E-15,0.,-1.));
#4991=DIRECTION('ref_axis',(-1.,0.,-1.11022302462518E-15));
#4992=DIRECTION('',(-1.,0.,-1.11022302462518E-15));
#4993=DIRECTION('',(0.,1.,0.));
#4994=DIRECTION('center_axis',(0.,1.,0.));
#4995=DIRECTION('ref_axis',(0.,0.,1.));
#4996=DIRECTION('',(0.,0.,1.));
#4997=DIRECTION('center_axis',(1.,0.,0.));
#4998=DIRECTION('ref_axis',(0.,0.,-1.));
#4999=DIRECTION('',(0.,1.,0.));
#5000=DIRECTION('',(0.,0.,-1.));
#5001=DIRECTION('center_axis',(0.,0.,-1.));
#5002=DIRECTION('ref_axis',(-1.,0.,0.));
#5003=DIRECTION('',(0.,-1.,0.));
#5004=DIRECTION('',(-1.,0.,0.));
#5005=DIRECTION('center_axis',(0.,1.,0.));
#5006=DIRECTION('ref_axis',(0.,0.,1.));
#5007=DIRECTION('',(0.,0.,-1.));
#5008=DIRECTION('center_axis',(1.,0.,0.));
#5009=DIRECTION('ref_axis',(0.,0.,-1.));
#5010=DIRECTION('',(0.,1.,0.));
#5011=DIRECTION('',(0.,0.,-1.));
#5012=DIRECTION('center_axis',(0.,0.,1.));
#5013=DIRECTION('ref_axis',(1.,0.,0.));
#5014=DIRECTION('',(0.,1.,0.));
#5015=DIRECTION('',(1.,0.,0.));
#5016=DIRECTION('center_axis',(1.,0.,1.11022302462516E-15));
#5017=DIRECTION('ref_axis',(1.11022302462516E-15,0.,-1.));
#5018=DIRECTION('',(1.11022302462516E-15,0.,-1.));
#5019=DIRECTION('center_axis',(0.,1.,0.));
#5020=DIRECTION('ref_axis',(0.,0.,1.));
#5021=DIRECTION('center_axis',(0.,1.,0.));
#5022=DIRECTION('ref_axis',(0.,0.,1.));
#5023=DIRECTION('',(0.,0.,1.));
#5024=DIRECTION('center_axis',(-1.,0.,0.));
#5025=DIRECTION('ref_axis',(0.,0.,1.));
#5026=DIRECTION('center_axis',(1.,0.,0.));
#5027=DIRECTION('ref_axis',(0.,0.,1.));
#5028=DIRECTION('center_axis',(0.,0.,-1.));
#5029=DIRECTION('ref_axis',(1.,0.,0.));
#5030=DIRECTION('axis',(0.,0.,1.));
#5031=DIRECTION('refdir',(1.,0.,0.));
#5032=DIRECTION('center_axis',(-1.20759497818924E-47,1.,-2.4492935982947E-16));
#5033=DIRECTION('ref_axis',(3.5527136788005E-15,2.4492935982947E-16,1.));
#5034=DIRECTION('center_axis',(-1.20759497818924E-47,1.,-2.4492935982947E-16));
#5035=DIRECTION('ref_axis',(3.5527136788005E-15,2.4492935982947E-16,1.));
#5036=DIRECTION('',(1.20759497818924E-47,-1.,2.4492935982947E-16));
#5037=DIRECTION('center_axis',(1.20759497818924E-47,-1.,2.4492935982947E-16));
#5038=DIRECTION('ref_axis',(3.5527136788005E-15,2.4492935982947E-16,1.));
#5039=DIRECTION('',(1.20759497818924E-47,-1.,2.4492935982947E-16));
#5040=DIRECTION('center_axis',(-1.20759497818924E-47,1.,-2.4492935982947E-16));
#5041=DIRECTION('ref_axis',(-1.,0.,4.93038065763132E-32));
#5042=DIRECTION('center_axis',(-1.20759497818924E-47,1.,-2.4492935982947E-16));
#5043=DIRECTION('ref_axis',(-1.,0.,4.93038065763132E-32));
#5044=DIRECTION('',(1.20759497818924E-47,-1.,2.4492935982947E-16));
#5045=DIRECTION('center_axis',(1.20759497818924E-47,-1.,2.4492935982947E-16));
#5046=DIRECTION('ref_axis',(-1.,0.,4.93038065763132E-32));
#5047=DIRECTION('',(1.20759497818924E-47,-1.,2.4492935982947E-16));
#5048=DIRECTION('center_axis',(-1.20759497818924E-47,1.,-2.4492935982947E-16));
#5049=DIRECTION('ref_axis',(1.,1.30524583050901E-30,5.32907051820075E-15));
#5050=DIRECTION('center_axis',(-1.20759497818924E-47,1.,-2.4492935982947E-16));
#5051=DIRECTION('ref_axis',(1.,1.30524583050901E-30,5.32907051820075E-15));
#5052=DIRECTION('',(1.20759497818924E-47,-1.,2.4492935982947E-16));
#5053=DIRECTION('center_axis',(1.20759497818924E-47,-1.,2.4492935982947E-16));
#5054=DIRECTION('ref_axis',(1.,1.30524583050901E-30,5.32907051820075E-15));
#5055=DIRECTION('',(1.20759497818924E-47,-1.,2.4492935982947E-16));
#5056=DIRECTION('center_axis',(-1.20759497818924E-47,1.,-2.4492935982947E-16));
#5057=DIRECTION('ref_axis',(-4.93038065763132E-32,-2.4492935982947E-16,
-1.));
#5058=DIRECTION('center_axis',(-1.20759497818924E-47,1.,-2.4492935982947E-16));
#5059=DIRECTION('ref_axis',(-4.93038065763132E-32,-2.4492935982947E-16,
-1.));
#5060=DIRECTION('',(1.20759497818924E-47,-1.,2.4492935982947E-16));
#5061=DIRECTION('center_axis',(1.20759497818924E-47,-1.,2.4492935982947E-16));
#5062=DIRECTION('ref_axis',(-4.93038065763132E-32,-2.4492935982947E-16,
-1.));
#5063=DIRECTION('',(1.20759497818924E-47,-1.,2.4492935982947E-16));
#5064=DIRECTION('center_axis',(1.,0.,-4.93038065763132E-32));
#5065=DIRECTION('ref_axis',(-4.93038065763132E-32,-2.4492935982947E-16,
-1.));
#5066=DIRECTION('',(4.93038065763132E-32,2.4492935982947E-16,1.));
#5067=DIRECTION('',(-4.93038065763132E-32,-2.4492935982947E-16,-1.));
#5068=DIRECTION('center_axis',(-1.20759497818924E-47,1.,-2.4492935982947E-16));
#5069=DIRECTION('ref_axis',(4.93038065763132E-32,2.4492935982947E-16,1.));
#5070=DIRECTION('',(-1.,0.,4.93038065763132E-32));
#5071=DIRECTION('',(4.93038065763132E-32,2.4492935982947E-16,1.));
#5072=DIRECTION('',(1.,0.,-4.93038065763132E-32));
#5073=DIRECTION('',(-1.,2.04778269457342E-31,8.36070733210244E-16));
#5074=DIRECTION('',(-0.5,-2.12115047744982E-16,-0.866025403784439));
#5075=DIRECTION('',(0.499999999999998,-2.12115047744982E-16,-0.86602540378444));
#5076=DIRECTION('',(1.,-2.04778269457342E-31,-8.36070733210245E-16));
#5077=DIRECTION('',(0.500000000000001,2.12115047744982E-16,0.866025403784438));
#5078=DIRECTION('',(-0.499999999999998,2.12115047744982E-16,0.86602540378444));
#5079=DIRECTION('',(0.499999999999998,-2.12115047744982E-16,-0.86602540378444));
#5080=DIRECTION('',(1.,-2.04778269457342E-31,-8.36070733210245E-16));
#5081=DIRECTION('',(0.500000000000002,2.12115047744982E-16,0.866025403784438));
#5082=DIRECTION('',(-0.499999999999999,2.12115047744982E-16,0.866025403784439));
#5083=DIRECTION('',(-1.,2.04778269457342E-31,8.36070733210244E-16));
#5084=DIRECTION('',(-0.5,-2.12115047744982E-16,-0.866025403784439));
#5085=DIRECTION('',(1.,-3.71160613391432E-31,-1.51537820394357E-15));
#5086=DIRECTION('',(0.500000000000002,2.12115047744982E-16,0.866025403784438));
#5087=DIRECTION('',(-0.499999999999998,2.12115047744982E-16,0.86602540378444));
#5088=DIRECTION('',(-1.,-1.02389134728671E-31,-4.18035366605123E-16));
#5089=DIRECTION('',(-0.500000000000002,-2.12115047744982E-16,-0.866025403784438));
#5090=DIRECTION('',(0.499999999999999,-2.12115047744982E-16,-0.866025403784439));
#5091=DIRECTION('',(-0.499999999999999,2.12115047744982E-16,0.866025403784439));
#5092=DIRECTION('',(-1.,2.68771478662761E-31,1.09734283733845E-15));
#5093=DIRECTION('',(-0.5,-2.12115047744982E-16,-0.866025403784438));
#5094=DIRECTION('',(0.499999999999999,-2.12115047744982E-16,-0.866025403784439));
#5095=DIRECTION('',(1.,-3.07167404186012E-31,-1.25410609981537E-15));
#5096=DIRECTION('',(0.500000000000001,2.12115047744982E-16,0.866025403784438));
#5097=DIRECTION('',(1.,-2.04778269457342E-31,-8.36070733210246E-16));
#5098=DIRECTION('',(0.500000000000002,2.12115047744982E-16,0.866025403784438));
#5099=DIRECTION('',(-0.499999999999999,2.12115047744982E-16,0.866025403784439));
#5100=DIRECTION('',(-1.,-1.02389134728671E-31,-4.18035366605123E-16));
#5101=DIRECTION('',(-0.500000000000002,-2.12115047744982E-16,-0.866025403784438));
#5102=DIRECTION('',(0.499999999999999,-2.12115047744982E-16,-0.866025403784439));
#5103=DIRECTION('',(0.499999999999999,-2.12115047744982E-16,-0.866025403784439));
#5104=DIRECTION('',(1.,-2.04778269457342E-31,-8.36070733210245E-16));
#5105=DIRECTION('',(0.500000000000002,2.12115047744982E-16,0.866025403784438));
#5106=DIRECTION('',(-0.499999999999999,2.12115047744982E-16,0.866025403784439));
#5107=DIRECTION('',(-1.,-1.02389134728671E-31,-4.18035366605123E-16));
#5108=DIRECTION('',(-0.500000000000002,-2.12115047744982E-16,-0.866025403784438));
#5109=DIRECTION('',(1.,-2.04778269457342E-31,-8.36070733210246E-16));
#5110=DIRECTION('',(0.500000000000002,2.12115047744982E-16,0.866025403784438));
#5111=DIRECTION('',(-0.499999999999999,2.12115047744982E-16,0.866025403784439));
#5112=DIRECTION('',(-1.,-1.02389134728671E-31,-4.18035366605123E-16));
#5113=DIRECTION('',(-0.500000000000002,-2.12115047744982E-16,-0.866025403784438));
#5114=DIRECTION('',(0.499999999999999,-2.12115047744982E-16,-0.866025403784439));
#5115=DIRECTION('',(-1.,2.68771478662761E-31,1.09734283733845E-15));
#5116=DIRECTION('',(-0.500000000000001,-2.12115047744982E-16,-0.866025403784438));
#5117=DIRECTION('',(0.499999999999999,-2.12115047744982E-16,-0.866025403784439));
#5118=DIRECTION('',(1.,-3.07167404186012E-31,-1.25410609981537E-15));
#5119=DIRECTION('',(0.500000000000001,2.12115047744982E-16,0.866025403784438));
#5120=DIRECTION('',(-0.499999999999999,2.12115047744982E-16,0.866025403784439));
#5121=DIRECTION('',(1.,-3.71160613391432E-31,-1.51537820394357E-15));
#5122=DIRECTION('',(0.500000000000002,2.12115047744982E-16,0.866025403784438));
#5123=DIRECTION('',(-0.499999999999998,2.12115047744982E-16,0.86602540378444));
#5124=DIRECTION('',(-1.,-1.02389134728671E-31,-4.18035366605123E-16));
#5125=DIRECTION('',(-0.500000000000002,-2.12115047744982E-16,-0.866025403784438));
#5126=DIRECTION('',(0.499999999999999,-2.12115047744982E-16,-0.866025403784439));
#5127=DIRECTION('',(-0.500000000000001,-2.12115047744982E-16,-0.866025403784438));
#5128=DIRECTION('',(0.499999999999999,-2.12115047744982E-16,-0.866025403784439));
#5129=DIRECTION('',(1.,-2.04778269457342E-31,-8.36070733210246E-16));
#5130=DIRECTION('',(0.500000000000001,2.12115047744982E-16,0.866025403784438));
#5131=DIRECTION('',(-0.499999999999998,2.12115047744982E-16,0.86602540378444));
#5132=DIRECTION('',(-1.,2.04778269457342E-31,8.36070733210245E-16));
#5133=DIRECTION('',(-0.499999999999998,2.12115047744982E-16,0.86602540378444));
#5134=DIRECTION('',(-1.,2.04778269457342E-31,8.36070733210245E-16));
#5135=DIRECTION('',(-0.500000000000001,-2.12115047744982E-16,-0.866025403784438));
#5136=DIRECTION('',(0.499999999999999,-2.12115047744982E-16,-0.866025403784439));
#5137=DIRECTION('',(1.,-2.04778269457342E-31,-8.36070733210246E-16));
#5138=DIRECTION('',(0.500000000000001,2.12115047744982E-16,0.866025403784438));
#5139=DIRECTION('',(1.,-3.71160613391432E-31,-1.51537820394357E-15));
#5140=DIRECTION('',(0.500000000000002,2.12115047744982E-16,0.866025403784438));
#5141=DIRECTION('',(-0.499999999999998,2.12115047744982E-16,0.86602540378444));
#5142=DIRECTION('',(-1.,-1.02389134728671E-31,-4.18035366605123E-16));
#5143=DIRECTION('',(-0.500000000000002,-2.12115047744982E-16,-0.866025403784438));
#5144=DIRECTION('',(0.499999999999999,-2.12115047744982E-16,-0.866025403784439));
#5145=DIRECTION('',(1.,-3.71160613391432E-31,-1.51537820394357E-15));
#5146=DIRECTION('',(0.500000000000002,2.12115047744982E-16,0.866025403784438));
#5147=DIRECTION('',(-0.499999999999998,2.12115047744982E-16,0.86602540378444));
#5148=DIRECTION('',(-1.,-1.02389134728671E-31,-4.18035366605123E-16));
#5149=DIRECTION('',(-0.500000000000002,-2.12115047744982E-16,-0.866025403784438));
#5150=DIRECTION('',(0.499999999999999,-2.12115047744982E-16,-0.866025403784439));
#5151=DIRECTION('',(1.,-3.07167404186012E-31,-1.25410609981537E-15));
#5152=DIRECTION('',(0.500000000000001,2.12115047744982E-16,0.866025403784438));
#5153=DIRECTION('',(-0.499999999999998,2.12115047744982E-16,0.86602540378444));
#5154=DIRECTION('',(-1.,2.68771478662761E-31,1.09734283733845E-15));
#5155=DIRECTION('',(-0.500000000000001,-2.12115047744982E-16,-0.866025403784438));
#5156=DIRECTION('',(0.499999999999999,-2.12115047744982E-16,-0.866025403784439));
#5157=DIRECTION('',(1.,-2.04778269457342E-31,-8.36070733210246E-16));
#5158=DIRECTION('',(0.500000000000002,2.12115047744982E-16,0.866025403784438));
#5159=DIRECTION('',(-0.499999999999999,2.12115047744982E-16,0.866025403784439));
#5160=DIRECTION('',(-1.,-1.02389134728671E-31,-4.18035366605123E-16));
#5161=DIRECTION('',(-0.500000000000002,-2.12115047744982E-16,-0.866025403784438));
#5162=DIRECTION('',(0.499999999999999,-2.12115047744982E-16,-0.866025403784439));
#5163=DIRECTION('',(1.,-2.04778269457342E-31,-8.36070733210246E-16));
#5164=DIRECTION('',(0.500000000000002,2.12115047744982E-16,0.866025403784438));
#5165=DIRECTION('',(-0.499999999999999,2.12115047744982E-16,0.866025403784439));
#5166=DIRECTION('',(-1.,-1.02389134728671E-31,-4.18035366605123E-16));
#5167=DIRECTION('',(-0.500000000000002,-2.12115047744982E-16,-0.866025403784438));
#5168=DIRECTION('',(0.499999999999999,-2.12115047744982E-16,-0.866025403784439));
#5169=DIRECTION('',(-0.499999999999999,2.12115047744982E-16,0.866025403784439));
#5170=DIRECTION('',(-1.,2.68771478662761E-31,1.09734283733845E-15));
#5171=DIRECTION('',(-0.5,-2.12115047744982E-16,-0.866025403784439));
#5172=DIRECTION('',(0.499999999999999,-2.12115047744982E-16,-0.866025403784439));
#5173=DIRECTION('',(1.,-3.07167404186012E-31,-1.25410609981537E-15));
#5174=DIRECTION('',(0.500000000000001,2.12115047744982E-16,0.866025403784438));
#5175=DIRECTION('',(-0.5,-2.12115047744982E-16,-0.866025403784439));
#5176=DIRECTION('',(0.499999999999999,-2.12115047744982E-16,-0.866025403784439));
#5177=DIRECTION('',(1.,-3.07167404186012E-31,-1.25410609981537E-15));
#5178=DIRECTION('',(0.500000000000001,2.12115047744982E-16,0.866025403784438));
#5179=DIRECTION('',(-0.499999999999998,2.12115047744982E-16,0.86602540378444));
#5180=DIRECTION('',(-1.,2.68771478662761E-31,1.09734283733845E-15));
#5181=DIRECTION('',(1.,-3.71160613391432E-31,-1.51537820394357E-15));
#5182=DIRECTION('',(0.500000000000002,2.12115047744982E-16,0.866025403784438));
#5183=DIRECTION('',(-0.499999999999998,2.12115047744982E-16,0.86602540378444));
#5184=DIRECTION('',(-1.,-1.02389134728671E-31,-4.18035366605123E-16));
#5185=DIRECTION('',(-0.500000000000002,-2.12115047744982E-16,-0.866025403784438));
#5186=DIRECTION('',(0.499999999999999,-2.12115047744982E-16,-0.866025403784439));
#5187=DIRECTION('',(1.,-2.04778269457342E-31,-8.36070733210246E-16));
#5188=DIRECTION('',(0.500000000000001,2.12115047744982E-16,0.866025403784438));
#5189=DIRECTION('',(-0.499999999999998,2.12115047744982E-16,0.86602540378444));
#5190=DIRECTION('',(-1.,2.04778269457342E-31,8.36070733210245E-16));
#5191=DIRECTION('',(-0.5,-2.12115047744982E-16,-0.866025403784438));
#5192=DIRECTION('',(0.499999999999999,-2.12115047744982E-16,-0.866025403784439));
#5193=DIRECTION('center_axis',(-4.93038065763132E-32,-2.4492935982947E-16,
-1.));
#5194=DIRECTION('ref_axis',(-1.,0.,4.93038065763132E-32));
#5195=DIRECTION('',(1.,0.,-4.93038065763132E-32));
#5196=DIRECTION('center_axis',(-8.36070733210245E-16,-2.4492935982947E-16,
-1.));
#5197=DIRECTION('ref_axis',(1.,-2.04778269457342E-31,-8.36070733210245E-16));
#5198=DIRECTION('',(-1.,2.04778269457342E-31,8.36070733210246E-16));
#5199=DIRECTION('',(1.20759497818924E-47,-1.,2.4492935982947E-16));
#5200=DIRECTION('',(1.20759497818924E-47,-1.,2.4492935982947E-16));
#5201=DIRECTION('center_axis',(-0.866025403784439,-1.22464679914735E-16,
-0.499999999999999));
#5202=DIRECTION('ref_axis',(0.499999999999999,-2.12115047744982E-16,-0.866025403784439));
#5203=DIRECTION('',(-0.499999999999999,2.12115047744982E-16,0.866025403784439));
#5204=DIRECTION('',(1.20759497818924E-47,-1.,2.4492935982947E-16));
#5205=DIRECTION('center_axis',(-0.866025403784438,1.22464679914735E-16,
0.5));
#5206=DIRECTION('ref_axis',(-0.5,-2.12115047744982E-16,-0.866025403784438));
#5207=DIRECTION('',(0.5,2.12115047744982E-16,0.866025403784438));
#5208=DIRECTION('',(1.20759497818924E-47,-1.,2.4492935982947E-16));
#5209=DIRECTION('center_axis',(8.36070733210245E-16,2.4492935982947E-16,
1.));
#5210=DIRECTION('ref_axis',(-1.,2.04778269457342E-31,8.36070733210245E-16));
#5211=DIRECTION('',(1.,-2.04778269457342E-31,-8.36070733210245E-16));
#5212=DIRECTION('',(1.20759497818924E-47,-1.,2.4492935982947E-16));
#5213=DIRECTION('center_axis',(0.86602540378444,1.22464679914735E-16,0.499999999999998));
#5214=DIRECTION('ref_axis',(-0.499999999999998,2.12115047744982E-16,0.86602540378444));
#5215=DIRECTION('',(0.499999999999998,-2.12115047744982E-16,-0.86602540378444));
#5216=DIRECTION('',(1.20759497818924E-47,-1.,2.4492935982947E-16));
#5217=DIRECTION('center_axis',(0.866025403784438,-1.22464679914736E-16,
-0.500000000000001));
#5218=DIRECTION('ref_axis',(0.500000000000001,2.12115047744982E-16,0.866025403784438));
#5219=DIRECTION('',(-0.500000000000001,-2.12115047744982E-16,-0.866025403784438));
#5220=DIRECTION('center_axis',(-1.51537820394357E-15,-2.4492935982947E-16,
-1.));
#5221=DIRECTION('ref_axis',(1.,-3.71160613391432E-31,-1.51537820394357E-15));
#5222=DIRECTION('',(-1.,3.71160613391432E-31,1.51537820394357E-15));
#5223=DIRECTION('',(1.20759497818924E-47,-1.,2.4492935982947E-16));
#5224=DIRECTION('',(1.20759497818924E-47,-1.,2.4492935982947E-16));
#5225=DIRECTION('center_axis',(-0.866025403784439,-1.22464679914735E-16,
-0.499999999999999));
#5226=DIRECTION('ref_axis',(0.499999999999999,-2.12115047744982E-16,-0.866025403784439));
#5227=DIRECTION('',(-0.499999999999999,2.12115047744982E-16,0.866025403784439));
#5228=DIRECTION('',(1.20759497818924E-47,-1.,2.4492935982947E-16));
#5229=DIRECTION('center_axis',(-0.866025403784438,1.22464679914736E-16,
0.500000000000002));
#5230=DIRECTION('ref_axis',(-0.500000000000002,-2.12115047744981E-16,-0.866025403784438));
#5231=DIRECTION('',(0.500000000000002,2.12115047744982E-16,0.866025403784438));
#5232=DIRECTION('',(1.20759497818924E-47,-1.,2.4492935982947E-16));
#5233=DIRECTION('center_axis',(-4.18035366605123E-16,2.4492935982947E-16,
1.));
#5234=DIRECTION('ref_axis',(-1.,-1.02389134728671E-31,-4.18035366605123E-16));
#5235=DIRECTION('',(1.,1.02389134728671E-31,4.18035366605123E-16));
#5236=DIRECTION('',(1.20759497818924E-47,-1.,2.4492935982947E-16));
#5237=DIRECTION('center_axis',(0.866025403784439,1.22464679914735E-16,0.499999999999999));
#5238=DIRECTION('ref_axis',(-0.499999999999999,2.12115047744982E-16,0.866025403784439));
#5239=DIRECTION('',(0.499999999999998,-2.12115047744982E-16,-0.86602540378444));
#5240=DIRECTION('',(1.20759497818924E-47,-1.,2.4492935982947E-16));
#5241=DIRECTION('center_axis',(0.866025403784438,-1.22464679914736E-16,
-0.500000000000002));
#5242=DIRECTION('ref_axis',(0.500000000000002,2.12115047744981E-16,0.866025403784438));
#5243=DIRECTION('',(-0.500000000000002,-2.12115047744982E-16,-0.866025403784438));
#5244=DIRECTION('center_axis',(-0.866025403784439,1.22464679914735E-16,
0.5));
#5245=DIRECTION('ref_axis',(-0.5,-2.12115047744982E-16,-0.866025403784439));
#5246=DIRECTION('',(0.5,2.12115047744982E-16,0.866025403784439));
#5247=DIRECTION('',(1.20759497818924E-47,-1.,2.4492935982947E-16));
#5248=DIRECTION('',(1.20759497818924E-47,-1.,2.4492935982947E-16));
#5249=DIRECTION('center_axis',(1.09734283733845E-15,2.4492935982947E-16,
1.));
#5250=DIRECTION('ref_axis',(-1.,2.68771478662761E-31,1.09734283733845E-15));
#5251=DIRECTION('',(1.,-2.68771478662761E-31,-1.09734283733845E-15));
#5252=DIRECTION('',(1.20759497818924E-47,-1.,2.4492935982947E-16));
#5253=DIRECTION('center_axis',(0.86602540378444,1.22464679914735E-16,0.499999999999998));
#5254=DIRECTION('ref_axis',(-0.499999999999998,2.12115047744982E-16,0.86602540378444));
#5255=DIRECTION('',(0.499999999999998,-2.12115047744982E-16,-0.86602540378444));
#5256=DIRECTION('',(1.20759497818924E-47,-1.,2.4492935982947E-16));
#5257=DIRECTION('center_axis',(0.866025403784438,-1.22464679914736E-16,
-0.500000000000001));
#5258=DIRECTION('ref_axis',(0.500000000000001,2.12115047744982E-16,0.866025403784438));
#5259=DIRECTION('',(-0.500000000000001,-2.12115047744982E-16,-0.866025403784438));
#5260=DIRECTION('',(1.20759497818924E-47,-1.,2.4492935982947E-16));
#5261=DIRECTION('center_axis',(-1.25410609981537E-15,-2.4492935982947E-16,
-1.));
#5262=DIRECTION('ref_axis',(1.,-3.07167404186012E-31,-1.25410609981537E-15));
#5263=DIRECTION('',(-1.,3.07167404186012E-31,1.25410609981537E-15));
#5264=DIRECTION('',(1.20759497818924E-47,-1.,2.4492935982947E-16));
#5265=DIRECTION('center_axis',(-0.866025403784439,-1.22464679914735E-16,
-0.499999999999999));
#5266=DIRECTION('ref_axis',(0.499999999999999,-2.12115047744982E-16,-0.866025403784439));
#5267=DIRECTION('',(-0.499999999999999,2.12115047744982E-16,0.866025403784439));
#5268=DIRECTION('center_axis',(0.866025403784439,1.22464679914735E-16,0.499999999999999));
#5269=DIRECTION('ref_axis',(-0.499999999999999,2.12115047744982E-16,0.866025403784439));
#5270=DIRECTION('',(0.499999999999999,-2.12115047744982E-16,-0.866025403784439));
#5271=DIRECTION('',(1.20759497818924E-47,-1.,2.4492935982947E-16));
#5272=DIRECTION('',(1.20759497818924E-47,-1.,2.4492935982947E-16));
#5273=DIRECTION('center_axis',(0.866025403784438,-1.22464679914736E-16,
-0.500000000000001));
#5274=DIRECTION('ref_axis',(0.500000000000001,2.12115047744982E-16,0.866025403784438));
#5275=DIRECTION('',(-0.500000000000001,-2.12115047744982E-16,-0.866025403784438));
#5276=DIRECTION('',(1.20759497818924E-47,-1.,2.4492935982947E-16));
#5277=DIRECTION('center_axis',(-1.25410609981537E-15,-2.4492935982947E-16,
-1.));
#5278=DIRECTION('ref_axis',(1.,-3.07167404186012E-31,-1.25410609981537E-15));
#5279=DIRECTION('',(-1.,3.07167404186012E-31,1.25410609981537E-15));
#5280=DIRECTION('',(1.20759497818924E-47,-1.,2.4492935982947E-16));
#5281=DIRECTION('center_axis',(-0.866025403784439,-1.22464679914735E-16,
-0.499999999999999));
#5282=DIRECTION('ref_axis',(0.499999999999999,-2.12115047744982E-16,-0.866025403784439));
#5283=DIRECTION('',(-0.499999999999999,2.12115047744982E-16,0.866025403784439));
#5284=DIRECTION('',(1.20759497818924E-47,-1.,2.4492935982947E-16));
#5285=DIRECTION('center_axis',(-0.866025403784439,1.22464679914735E-16,
0.5));
#5286=DIRECTION('ref_axis',(-0.5,-2.12115047744982E-16,-0.866025403784439));
#5287=DIRECTION('',(0.5,2.12115047744982E-16,0.866025403784439));
#5288=DIRECTION('',(1.20759497818924E-47,-1.,2.4492935982947E-16));
#5289=DIRECTION('center_axis',(1.09734283733845E-15,2.4492935982947E-16,
1.));
#5290=DIRECTION('ref_axis',(-1.,2.68771478662761E-31,1.09734283733845E-15));
#5291=DIRECTION('',(1.,-2.68771478662761E-31,-1.09734283733845E-15));
#5292=DIRECTION('center_axis',(-8.36070733210246E-16,-2.4492935982947E-16,
-1.));
#5293=DIRECTION('ref_axis',(1.,-2.04778269457342E-31,-8.36070733210246E-16));
#5294=DIRECTION('',(-1.,2.04778269457342E-31,8.36070733210246E-16));
#5295=DIRECTION('',(1.20759497818924E-47,-1.,2.4492935982947E-16));
#5296=DIRECTION('',(1.20759497818924E-47,-1.,2.4492935982947E-16));
#5297=DIRECTION('center_axis',(-0.866025403784439,-1.22464679914735E-16,
-0.499999999999999));
#5298=DIRECTION('ref_axis',(0.499999999999999,-2.12115047744982E-16,-0.866025403784439));
#5299=DIRECTION('',(-0.499999999999999,2.12115047744982E-16,0.866025403784439));
#5300=DIRECTION('',(1.20759497818924E-47,-1.,2.4492935982947E-16));
#5301=DIRECTION('center_axis',(-0.866025403784438,1.22464679914736E-16,
0.500000000000002));
#5302=DIRECTION('ref_axis',(-0.500000000000002,-2.12115047744981E-16,-0.866025403784438));
#5303=DIRECTION('',(0.500000000000002,2.12115047744982E-16,0.866025403784438));
#5304=DIRECTION('',(1.20759497818924E-47,-1.,2.4492935982947E-16));
#5305=DIRECTION('center_axis',(-4.18035366605123E-16,2.4492935982947E-16,
1.));
#5306=DIRECTION('ref_axis',(-1.,-1.02389134728671E-31,-4.18035366605123E-16));
#5307=DIRECTION('',(1.,1.02389134728671E-31,4.18035366605123E-16));
#5308=DIRECTION('',(1.20759497818924E-47,-1.,2.4492935982947E-16));
#5309=DIRECTION('center_axis',(0.866025403784439,1.22464679914735E-16,0.499999999999999));
#5310=DIRECTION('ref_axis',(-0.499999999999999,2.12115047744982E-16,0.866025403784439));
#5311=DIRECTION('',(0.499999999999999,-2.12115047744982E-16,-0.866025403784439));
#5312=DIRECTION('',(1.20759497818924E-47,-1.,2.4492935982947E-16));
#5313=DIRECTION('center_axis',(0.866025403784438,-1.22464679914736E-16,
-0.500000000000002));
#5314=DIRECTION('ref_axis',(0.500000000000002,2.12115047744981E-16,0.866025403784438));
#5315=DIRECTION('',(-0.500000000000002,-2.12115047744982E-16,-0.866025403784438));
#5316=DIRECTION('center_axis',(-8.36070733210246E-16,-2.4492935982947E-16,
-1.));
#5317=DIRECTION('ref_axis',(1.,-2.04778269457342E-31,-8.36070733210246E-16));
#5318=DIRECTION('',(-1.,2.04778269457342E-31,8.36070733210246E-16));
#5319=DIRECTION('',(1.20759497818924E-47,-1.,2.4492935982947E-16));
#5320=DIRECTION('',(1.20759497818924E-47,-1.,2.4492935982947E-16));
#5321=DIRECTION('center_axis',(-0.866025403784439,-1.22464679914735E-16,
-0.499999999999999));
#5322=DIRECTION('ref_axis',(0.499999999999999,-2.12115047744982E-16,-0.866025403784439));
#5323=DIRECTION('',(-0.499999999999999,2.12115047744982E-16,0.866025403784439));
#5324=DIRECTION('',(1.20759497818924E-47,-1.,2.4492935982947E-16));
#5325=DIRECTION('center_axis',(-0.866025403784438,1.22464679914736E-16,
0.500000000000002));
#5326=DIRECTION('ref_axis',(-0.500000000000002,-2.12115047744981E-16,-0.866025403784438));
#5327=DIRECTION('',(0.500000000000002,2.12115047744982E-16,0.866025403784438));
#5328=DIRECTION('',(1.20759497818924E-47,-1.,2.4492935982947E-16));
#5329=DIRECTION('center_axis',(-4.18035366605123E-16,2.4492935982947E-16,
1.));
#5330=DIRECTION('ref_axis',(-1.,-1.02389134728671E-31,-4.18035366605123E-16));
#5331=DIRECTION('',(1.,1.02389134728671E-31,4.18035366605123E-16));
#5332=DIRECTION('',(1.20759497818924E-47,-1.,2.4492935982947E-16));
#5333=DIRECTION('center_axis',(0.866025403784439,1.22464679914735E-16,0.499999999999999));
#5334=DIRECTION('ref_axis',(-0.499999999999999,2.12115047744982E-16,0.866025403784439));
#5335=DIRECTION('',(0.499999999999999,-2.12115047744982E-16,-0.866025403784439));
#5336=DIRECTION('',(1.20759497818924E-47,-1.,2.4492935982947E-16));
#5337=DIRECTION('center_axis',(0.866025403784438,-1.22464679914736E-16,
-0.500000000000002));
#5338=DIRECTION('ref_axis',(0.500000000000002,2.12115047744981E-16,0.866025403784438));
#5339=DIRECTION('',(-0.500000000000002,-2.12115047744982E-16,-0.866025403784438));
#5340=DIRECTION('center_axis',(-1.25410609981537E-15,-2.4492935982947E-16,
-1.));
#5341=DIRECTION('ref_axis',(1.,-3.07167404186012E-31,-1.25410609981537E-15));
#5342=DIRECTION('',(-1.,3.07167404186012E-31,1.25410609981537E-15));
#5343=DIRECTION('',(1.20759497818924E-47,-1.,2.4492935982947E-16));
#5344=DIRECTION('',(1.20759497818924E-47,-1.,2.4492935982947E-16));
#5345=DIRECTION('center_axis',(-0.866025403784439,-1.22464679914735E-16,
-0.499999999999999));
#5346=DIRECTION('ref_axis',(0.499999999999999,-2.12115047744982E-16,-0.866025403784439));
#5347=DIRECTION('',(-0.499999999999999,2.12115047744982E-16,0.866025403784439));
#5348=DIRECTION('',(1.20759497818924E-47,-1.,2.4492935982947E-16));
#5349=DIRECTION('center_axis',(-0.866025403784438,1.22464679914735E-16,
0.500000000000001));
#5350=DIRECTION('ref_axis',(-0.500000000000001,-2.12115047744982E-16,-0.866025403784438));
#5351=DIRECTION('',(0.500000000000001,2.12115047744982E-16,0.866025403784438));
#5352=DIRECTION('',(1.20759497818924E-47,-1.,2.4492935982947E-16));
#5353=DIRECTION('center_axis',(1.09734283733845E-15,2.4492935982947E-16,
1.));
#5354=DIRECTION('ref_axis',(-1.,2.68771478662761E-31,1.09734283733845E-15));
#5355=DIRECTION('',(1.,-2.68771478662761E-31,-1.09734283733845E-15));
#5356=DIRECTION('',(1.20759497818924E-47,-1.,2.4492935982947E-16));
#5357=DIRECTION('center_axis',(0.86602540378444,1.22464679914735E-16,0.499999999999998));
#5358=DIRECTION('ref_axis',(-0.499999999999998,2.12115047744982E-16,0.86602540378444));
#5359=DIRECTION('',(0.499999999999998,-2.12115047744982E-16,-0.86602540378444));
#5360=DIRECTION('',(1.20759497818924E-47,-1.,2.4492935982947E-16));
#5361=DIRECTION('center_axis',(0.866025403784438,-1.22464679914736E-16,
-0.500000000000001));
#5362=DIRECTION('ref_axis',(0.500000000000001,2.12115047744982E-16,0.866025403784438));
#5363=DIRECTION('',(-0.500000000000001,-2.12115047744982E-16,-0.866025403784438));
#5364=DIRECTION('center_axis',(-1.51537820394357E-15,-2.4492935982947E-16,
-1.));
#5365=DIRECTION('ref_axis',(1.,-3.71160613391432E-31,-1.51537820394357E-15));
#5366=DIRECTION('',(-1.,3.71160613391432E-31,1.51537820394357E-15));
#5367=DIRECTION('',(1.20759497818924E-47,-1.,2.4492935982947E-16));
#5368=DIRECTION('',(1.20759497818924E-47,-1.,2.4492935982947E-16));
#5369=DIRECTION('center_axis',(-0.866025403784439,-1.22464679914735E-16,
-0.499999999999999));
#5370=DIRECTION('ref_axis',(0.499999999999999,-2.12115047744982E-16,-0.866025403784439));
#5371=DIRECTION('',(-0.499999999999999,2.12115047744982E-16,0.866025403784439));
#5372=DIRECTION('',(1.20759497818924E-47,-1.,2.4492935982947E-16));
#5373=DIRECTION('center_axis',(-0.866025403784438,1.22464679914736E-16,
0.500000000000002));
#5374=DIRECTION('ref_axis',(-0.500000000000002,-2.12115047744981E-16,-0.866025403784438));
#5375=DIRECTION('',(0.500000000000002,2.12115047744982E-16,0.866025403784438));
#5376=DIRECTION('',(1.20759497818924E-47,-1.,2.4492935982947E-16));
#5377=DIRECTION('center_axis',(-4.18035366605123E-16,2.4492935982947E-16,
1.));
#5378=DIRECTION('ref_axis',(-1.,-1.02389134728671E-31,-4.18035366605123E-16));
#5379=DIRECTION('',(1.,1.02389134728671E-31,4.18035366605123E-16));
#5380=DIRECTION('',(1.20759497818924E-47,-1.,2.4492935982947E-16));
#5381=DIRECTION('center_axis',(0.866025403784439,1.22464679914735E-16,0.499999999999999));
#5382=DIRECTION('ref_axis',(-0.499999999999999,2.12115047744982E-16,0.866025403784439));
#5383=DIRECTION('',(0.499999999999998,-2.12115047744982E-16,-0.86602540378444));
#5384=DIRECTION('',(1.20759497818924E-47,-1.,2.4492935982947E-16));
#5385=DIRECTION('center_axis',(0.866025403784438,-1.22464679914736E-16,
-0.500000000000002));
#5386=DIRECTION('ref_axis',(0.500000000000002,2.12115047744981E-16,0.866025403784438));
#5387=DIRECTION('',(-0.500000000000002,-2.12115047744982E-16,-0.866025403784438));
#5388=DIRECTION('center_axis',(-1.51537820394357E-15,-2.4492935982947E-16,
-1.));
#5389=DIRECTION('ref_axis',(1.,-3.71160613391432E-31,-1.51537820394357E-15));
#5390=DIRECTION('',(-1.,3.71160613391432E-31,1.51537820394357E-15));
#5391=DIRECTION('',(1.20759497818924E-47,-1.,2.4492935982947E-16));
#5392=DIRECTION('',(1.20759497818924E-47,-1.,2.4492935982947E-16));
#5393=DIRECTION('center_axis',(-0.866025403784439,-1.22464679914735E-16,
-0.499999999999999));
#5394=DIRECTION('ref_axis',(0.499999999999999,-2.12115047744982E-16,-0.866025403784439));
#5395=DIRECTION('',(-0.499999999999999,2.12115047744982E-16,0.866025403784439));
#5396=DIRECTION('',(1.20759497818924E-47,-1.,2.4492935982947E-16));
#5397=DIRECTION('center_axis',(-0.866025403784438,1.22464679914736E-16,
0.500000000000002));
#5398=DIRECTION('ref_axis',(-0.500000000000002,-2.12115047744981E-16,-0.866025403784438));
#5399=DIRECTION('',(0.500000000000002,2.12115047744982E-16,0.866025403784438));
#5400=DIRECTION('',(1.20759497818924E-47,-1.,2.4492935982947E-16));
#5401=DIRECTION('center_axis',(-4.18035366605123E-16,2.4492935982947E-16,
1.));
#5402=DIRECTION('ref_axis',(-1.,-1.02389134728671E-31,-4.18035366605123E-16));
#5403=DIRECTION('',(1.,1.02389134728671E-31,4.18035366605123E-16));
#5404=DIRECTION('',(1.20759497818924E-47,-1.,2.4492935982947E-16));
#5405=DIRECTION('center_axis',(0.866025403784439,1.22464679914735E-16,0.499999999999999));
#5406=DIRECTION('ref_axis',(-0.499999999999999,2.12115047744982E-16,0.866025403784439));
#5407=DIRECTION('',(0.499999999999998,-2.12115047744982E-16,-0.86602540378444));
#5408=DIRECTION('',(1.20759497818924E-47,-1.,2.4492935982947E-16));
#5409=DIRECTION('center_axis',(0.866025403784438,-1.22464679914736E-16,
-0.500000000000002));
#5410=DIRECTION('ref_axis',(0.500000000000002,2.12115047744981E-16,0.866025403784438));
#5411=DIRECTION('',(-0.500000000000002,-2.12115047744982E-16,-0.866025403784438));
#5412=DIRECTION('center_axis',(0.86602540378444,1.22464679914735E-16,0.499999999999998));
#5413=DIRECTION('ref_axis',(-0.499999999999998,2.12115047744982E-16,0.86602540378444));
#5414=DIRECTION('',(0.499999999999998,-2.12115047744982E-16,-0.86602540378444));
#5415=DIRECTION('',(1.20759497818924E-47,-1.,2.4492935982947E-16));
#5416=DIRECTION('',(1.20759497818924E-47,-1.,2.4492935982947E-16));
#5417=DIRECTION('center_axis',(0.866025403784438,-1.22464679914736E-16,
-0.500000000000001));
#5418=DIRECTION('ref_axis',(0.500000000000001,2.12115047744982E-16,0.866025403784438));
#5419=DIRECTION('',(-0.500000000000001,-2.12115047744982E-16,-0.866025403784438));
#5420=DIRECTION('',(1.20759497818924E-47,-1.,2.4492935982947E-16));
#5421=DIRECTION('center_axis',(-8.36070733210245E-16,-2.4492935982947E-16,
-1.));
#5422=DIRECTION('ref_axis',(1.,-2.04778269457342E-31,-8.36070733210245E-16));
#5423=DIRECTION('',(-1.,2.04778269457342E-31,8.36070733210246E-16));
#5424=DIRECTION('',(1.20759497818924E-47,-1.,2.4492935982947E-16));
#5425=DIRECTION('center_axis',(-0.866025403784439,-1.22464679914735E-16,
-0.499999999999999));
#5426=DIRECTION('ref_axis',(0.499999999999999,-2.12115047744982E-16,-0.866025403784439));
#5427=DIRECTION('',(-0.499999999999999,2.12115047744982E-16,0.866025403784439));
#5428=DIRECTION('',(1.20759497818924E-47,-1.,2.4492935982947E-16));
#5429=DIRECTION('center_axis',(-0.866025403784438,1.22464679914735E-16,
0.500000000000001));
#5430=DIRECTION('ref_axis',(-0.500000000000001,-2.12115047744982E-16,-0.866025403784438));
#5431=DIRECTION('',(0.500000000000001,2.12115047744982E-16,0.866025403784438));
#5432=DIRECTION('',(1.20759497818924E-47,-1.,2.4492935982947E-16));
#5433=DIRECTION('center_axis',(8.36070733210245E-16,2.4492935982947E-16,
1.));
#5434=DIRECTION('ref_axis',(-1.,2.04778269457342E-31,8.36070733210245E-16));
#5435=DIRECTION('',(1.,-2.04778269457342E-31,-8.36070733210245E-16));
#5436=DIRECTION('center_axis',(-0.866025403784438,1.22464679914735E-16,
0.500000000000001));
#5437=DIRECTION('ref_axis',(-0.500000000000001,-2.12115047744982E-16,-0.866025403784438));
#5438=DIRECTION('',(0.500000000000001,2.12115047744982E-16,0.866025403784438));
#5439=DIRECTION('',(1.20759497818924E-47,-1.,2.4492935982947E-16));
#5440=DIRECTION('',(1.20759497818924E-47,-1.,2.4492935982947E-16));
#5441=DIRECTION('center_axis',(8.36070733210245E-16,2.4492935982947E-16,
1.));
#5442=DIRECTION('ref_axis',(-1.,2.04778269457342E-31,8.36070733210245E-16));
#5443=DIRECTION('',(1.,-2.04778269457342E-31,-8.36070733210245E-16));
#5444=DIRECTION('',(1.20759497818924E-47,-1.,2.4492935982947E-16));
#5445=DIRECTION('center_axis',(0.86602540378444,1.22464679914735E-16,0.499999999999998));
#5446=DIRECTION('ref_axis',(-0.499999999999998,2.12115047744982E-16,0.86602540378444));
#5447=DIRECTION('',(0.499999999999998,-2.12115047744982E-16,-0.86602540378444));
#5448=DIRECTION('',(1.20759497818924E-47,-1.,2.4492935982947E-16));
#5449=DIRECTION('center_axis',(0.866025403784438,-1.22464679914736E-16,
-0.500000000000001));
#5450=DIRECTION('ref_axis',(0.500000000000001,2.12115047744982E-16,0.866025403784438));
#5451=DIRECTION('',(-0.500000000000001,-2.12115047744982E-16,-0.866025403784438));
#5452=DIRECTION('',(1.20759497818924E-47,-1.,2.4492935982947E-16));
#5453=DIRECTION('center_axis',(-8.36070733210245E-16,-2.4492935982947E-16,
-1.));
#5454=DIRECTION('ref_axis',(1.,-2.04778269457342E-31,-8.36070733210245E-16));
#5455=DIRECTION('',(-1.,2.04778269457342E-31,8.36070733210246E-16));
#5456=DIRECTION('',(1.20759497818924E-47,-1.,2.4492935982947E-16));
#5457=DIRECTION('center_axis',(-0.866025403784439,-1.22464679914735E-16,
-0.499999999999999));
#5458=DIRECTION('ref_axis',(0.499999999999999,-2.12115047744982E-16,-0.866025403784439));
#5459=DIRECTION('',(-0.499999999999999,2.12115047744982E-16,0.866025403784439));
#5460=DIRECTION('center_axis',(-1.51537820394357E-15,-2.4492935982947E-16,
-1.));
#5461=DIRECTION('ref_axis',(1.,-3.71160613391432E-31,-1.51537820394357E-15));
#5462=DIRECTION('',(-1.,3.71160613391432E-31,1.51537820394357E-15));
#5463=DIRECTION('',(1.20759497818924E-47,-1.,2.4492935982947E-16));
#5464=DIRECTION('',(1.20759497818924E-47,-1.,2.4492935982947E-16));
#5465=DIRECTION('center_axis',(-0.866025403784439,-1.22464679914735E-16,
-0.499999999999999));
#5466=DIRECTION('ref_axis',(0.499999999999999,-2.12115047744982E-16,-0.866025403784439));
#5467=DIRECTION('',(-0.499999999999999,2.12115047744982E-16,0.866025403784439));
#5468=DIRECTION('',(1.20759497818924E-47,-1.,2.4492935982947E-16));
#5469=DIRECTION('center_axis',(-0.866025403784438,1.22464679914736E-16,
0.500000000000002));
#5470=DIRECTION('ref_axis',(-0.500000000000002,-2.12115047744981E-16,-0.866025403784438));
#5471=DIRECTION('',(0.500000000000002,2.12115047744982E-16,0.866025403784438));
#5472=DIRECTION('',(1.20759497818924E-47,-1.,2.4492935982947E-16));
#5473=DIRECTION('center_axis',(-4.18035366605123E-16,2.4492935982947E-16,
1.));
#5474=DIRECTION('ref_axis',(-1.,-1.02389134728671E-31,-4.18035366605123E-16));
#5475=DIRECTION('',(1.,1.02389134728671E-31,4.18035366605123E-16));
#5476=DIRECTION('',(1.20759497818924E-47,-1.,2.4492935982947E-16));
#5477=DIRECTION('center_axis',(0.866025403784439,1.22464679914735E-16,0.499999999999999));
#5478=DIRECTION('ref_axis',(-0.499999999999999,2.12115047744982E-16,0.866025403784439));
#5479=DIRECTION('',(0.499999999999998,-2.12115047744982E-16,-0.86602540378444));
#5480=DIRECTION('',(1.20759497818924E-47,-1.,2.4492935982947E-16));
#5481=DIRECTION('center_axis',(0.866025403784438,-1.22464679914736E-16,
-0.500000000000002));
#5482=DIRECTION('ref_axis',(0.500000000000002,2.12115047744981E-16,0.866025403784438));
#5483=DIRECTION('',(-0.500000000000002,-2.12115047744982E-16,-0.866025403784438));
#5484=DIRECTION('center_axis',(1.09734283733845E-15,2.4492935982947E-16,
1.));
#5485=DIRECTION('ref_axis',(-1.,2.68771478662761E-31,1.09734283733845E-15));
#5486=DIRECTION('',(1.,-2.68771478662761E-31,-1.09734283733845E-15));
#5487=DIRECTION('',(1.20759497818924E-47,-1.,2.4492935982947E-16));
#5488=DIRECTION('',(1.20759497818924E-47,-1.,2.4492935982947E-16));
#5489=DIRECTION('center_axis',(0.866025403784439,1.22464679914735E-16,0.499999999999999));
#5490=DIRECTION('ref_axis',(-0.499999999999999,2.12115047744982E-16,0.866025403784439));
#5491=DIRECTION('',(0.499999999999999,-2.12115047744982E-16,-0.866025403784439));
#5492=DIRECTION('',(1.20759497818924E-47,-1.,2.4492935982947E-16));
#5493=DIRECTION('center_axis',(0.866025403784438,-1.22464679914736E-16,
-0.500000000000001));
#5494=DIRECTION('ref_axis',(0.500000000000001,2.12115047744982E-16,0.866025403784438));
#5495=DIRECTION('',(-0.500000000000001,-2.12115047744982E-16,-0.866025403784438));
#5496=DIRECTION('',(1.20759497818924E-47,-1.,2.4492935982947E-16));
#5497=DIRECTION('center_axis',(-1.25410609981537E-15,-2.4492935982947E-16,
-1.));
#5498=DIRECTION('ref_axis',(1.,-3.07167404186012E-31,-1.25410609981537E-15));
#5499=DIRECTION('',(-1.,3.07167404186012E-31,1.25410609981537E-15));
#5500=DIRECTION('',(1.20759497818924E-47,-1.,2.4492935982947E-16));
#5501=DIRECTION('center_axis',(-0.866025403784439,-1.22464679914735E-16,
-0.499999999999999));
#5502=DIRECTION('ref_axis',(0.499999999999999,-2.12115047744982E-16,-0.866025403784439));
#5503=DIRECTION('',(-0.499999999999999,2.12115047744982E-16,0.866025403784439));
#5504=DIRECTION('',(1.20759497818924E-47,-1.,2.4492935982947E-16));
#5505=DIRECTION('center_axis',(-0.866025403784438,1.22464679914735E-16,
0.500000000000001));
#5506=DIRECTION('ref_axis',(-0.500000000000001,-2.12115047744982E-16,-0.866025403784438));
#5507=DIRECTION('',(0.500000000000001,2.12115047744982E-16,0.866025403784438));
#5508=DIRECTION('center_axis',(-8.36070733210245E-16,-2.4492935982947E-16,
-1.));
#5509=DIRECTION('ref_axis',(1.,-2.04778269457342E-31,-8.36070733210245E-16));
#5510=DIRECTION('',(-1.,2.04778269457342E-31,8.36070733210246E-16));
#5511=DIRECTION('',(1.20759497818924E-47,-1.,2.4492935982947E-16));
#5512=DIRECTION('',(1.20759497818924E-47,-1.,2.4492935982947E-16));
#5513=DIRECTION('center_axis',(-0.866025403784439,-1.22464679914735E-16,
-0.499999999999999));
#5514=DIRECTION('ref_axis',(0.499999999999999,-2.12115047744982E-16,-0.866025403784439));
#5515=DIRECTION('',(-0.499999999999999,2.12115047744982E-16,0.866025403784439));
#5516=DIRECTION('',(1.20759497818924E-47,-1.,2.4492935982947E-16));
#5517=DIRECTION('center_axis',(-0.866025403784438,1.22464679914736E-16,
0.500000000000002));
#5518=DIRECTION('ref_axis',(-0.500000000000002,-2.12115047744981E-16,-0.866025403784438));
#5519=DIRECTION('',(0.500000000000002,2.12115047744982E-16,0.866025403784438));
#5520=DIRECTION('',(1.20759497818924E-47,-1.,2.4492935982947E-16));
#5521=DIRECTION('center_axis',(-4.18035366605123E-16,2.4492935982947E-16,
1.));
#5522=DIRECTION('ref_axis',(-1.,-1.02389134728671E-31,-4.18035366605123E-16));
#5523=DIRECTION('',(1.,1.02389134728671E-31,4.18035366605123E-16));
#5524=DIRECTION('',(1.20759497818924E-47,-1.,2.4492935982947E-16));
#5525=DIRECTION('center_axis',(0.866025403784439,1.22464679914735E-16,0.499999999999999));
#5526=DIRECTION('ref_axis',(-0.499999999999999,2.12115047744982E-16,0.866025403784439));
#5527=DIRECTION('',(0.499999999999999,-2.12115047744982E-16,-0.866025403784439));
#5528=DIRECTION('',(1.20759497818924E-47,-1.,2.4492935982947E-16));
#5529=DIRECTION('center_axis',(0.866025403784438,-1.22464679914736E-16,
-0.500000000000002));
#5530=DIRECTION('ref_axis',(0.500000000000002,2.12115047744981E-16,0.866025403784438));
#5531=DIRECTION('',(-0.500000000000002,-2.12115047744982E-16,-0.866025403784438));
#5532=DIRECTION('center_axis',(-0.866025403784439,-1.22464679914735E-16,
-0.499999999999999));
#5533=DIRECTION('ref_axis',(0.499999999999999,-2.12115047744982E-16,-0.866025403784439));
#5534=DIRECTION('',(-0.499999999999999,2.12115047744982E-16,0.866025403784439));
#5535=DIRECTION('',(1.20759497818924E-47,-1.,2.4492935982947E-16));
#5536=DIRECTION('',(1.20759497818924E-47,-1.,2.4492935982947E-16));
#5537=DIRECTION('center_axis',(-0.866025403784438,1.22464679914736E-16,
0.500000000000002));
#5538=DIRECTION('ref_axis',(-0.500000000000002,-2.12115047744981E-16,-0.866025403784438));
#5539=DIRECTION('',(0.500000000000002,2.12115047744982E-16,0.866025403784438));
#5540=DIRECTION('',(1.20759497818924E-47,-1.,2.4492935982947E-16));
#5541=DIRECTION('center_axis',(-4.18035366605123E-16,2.4492935982947E-16,
1.));
#5542=DIRECTION('ref_axis',(-1.,-1.02389134728671E-31,-4.18035366605123E-16));
#5543=DIRECTION('',(1.,1.02389134728671E-31,4.18035366605123E-16));
#5544=DIRECTION('',(1.20759497818924E-47,-1.,2.4492935982947E-16));
#5545=DIRECTION('center_axis',(0.866025403784439,1.22464679914735E-16,0.499999999999999));
#5546=DIRECTION('ref_axis',(-0.499999999999999,2.12115047744982E-16,0.866025403784439));
#5547=DIRECTION('',(0.499999999999999,-2.12115047744982E-16,-0.866025403784439));
#5548=DIRECTION('',(1.20759497818924E-47,-1.,2.4492935982947E-16));
#5549=DIRECTION('center_axis',(0.866025403784438,-1.22464679914736E-16,
-0.500000000000002));
#5550=DIRECTION('ref_axis',(0.500000000000002,2.12115047744981E-16,0.866025403784438));
#5551=DIRECTION('',(-0.500000000000002,-2.12115047744982E-16,-0.866025403784438));
#5552=DIRECTION('',(1.20759497818924E-47,-1.,2.4492935982947E-16));
#5553=DIRECTION('center_axis',(-8.36070733210245E-16,-2.4492935982947E-16,
-1.));
#5554=DIRECTION('ref_axis',(1.,-2.04778269457342E-31,-8.36070733210245E-16));
#5555=DIRECTION('',(-1.,2.04778269457342E-31,8.36070733210245E-16));
#5556=DIRECTION('center_axis',(-8.36070733210246E-16,-2.4492935982947E-16,
-1.));
#5557=DIRECTION('ref_axis',(1.,-2.04778269457342E-31,-8.36070733210246E-16));
#5558=DIRECTION('',(-1.,2.04778269457342E-31,8.36070733210246E-16));
#5559=DIRECTION('',(1.20759497818924E-47,-1.,2.4492935982947E-16));
#5560=DIRECTION('',(1.20759497818924E-47,-1.,2.4492935982947E-16));
#5561=DIRECTION('center_axis',(-0.866025403784439,-1.22464679914735E-16,
-0.499999999999999));
#5562=DIRECTION('ref_axis',(0.499999999999999,-2.12115047744982E-16,-0.866025403784439));
#5563=DIRECTION('',(-0.499999999999999,2.12115047744982E-16,0.866025403784439));
#5564=DIRECTION('',(1.20759497818924E-47,-1.,2.4492935982947E-16));
#5565=DIRECTION('center_axis',(-0.866025403784438,1.22464679914736E-16,
0.500000000000002));
#5566=DIRECTION('ref_axis',(-0.500000000000002,-2.12115047744981E-16,-0.866025403784438));
#5567=DIRECTION('',(0.500000000000002,2.12115047744982E-16,0.866025403784438));
#5568=DIRECTION('',(1.20759497818924E-47,-1.,2.4492935982947E-16));
#5569=DIRECTION('center_axis',(-4.18035366605123E-16,2.4492935982947E-16,
1.));
#5570=DIRECTION('ref_axis',(-1.,-1.02389134728671E-31,-4.18035366605123E-16));
#5571=DIRECTION('',(1.,1.02389134728671E-31,4.18035366605123E-16));
#5572=DIRECTION('',(1.20759497818924E-47,-1.,2.4492935982947E-16));
#5573=DIRECTION('center_axis',(0.866025403784439,1.22464679914735E-16,0.499999999999999));
#5574=DIRECTION('ref_axis',(-0.499999999999999,2.12115047744982E-16,0.866025403784439));
#5575=DIRECTION('',(0.499999999999999,-2.12115047744982E-16,-0.866025403784439));
#5576=DIRECTION('',(1.20759497818924E-47,-1.,2.4492935982947E-16));
#5577=DIRECTION('center_axis',(0.866025403784438,-1.22464679914736E-16,
-0.500000000000002));
#5578=DIRECTION('ref_axis',(0.500000000000002,2.12115047744981E-16,0.866025403784438));
#5579=DIRECTION('',(-0.500000000000002,-2.12115047744982E-16,-0.866025403784438));
#5580=DIRECTION('center_axis',(0.866025403784439,1.22464679914735E-16,0.499999999999999));
#5581=DIRECTION('ref_axis',(-0.499999999999999,2.12115047744982E-16,0.866025403784439));
#5582=DIRECTION('',(0.499999999999999,-2.12115047744982E-16,-0.866025403784439));
#5583=DIRECTION('',(1.20759497818924E-47,-1.,2.4492935982947E-16));
#5584=DIRECTION('',(1.20759497818924E-47,-1.,2.4492935982947E-16));
#5585=DIRECTION('center_axis',(0.866025403784438,-1.22464679914736E-16,
-0.500000000000001));
#5586=DIRECTION('ref_axis',(0.500000000000001,2.12115047744982E-16,0.866025403784438));
#5587=DIRECTION('',(-0.500000000000001,-2.12115047744982E-16,-0.866025403784438));
#5588=DIRECTION('',(1.20759497818924E-47,-1.,2.4492935982947E-16));
#5589=DIRECTION('center_axis',(-1.25410609981537E-15,-2.4492935982947E-16,
-1.));
#5590=DIRECTION('ref_axis',(1.,-3.07167404186012E-31,-1.25410609981537E-15));
#5591=DIRECTION('',(-1.,3.07167404186012E-31,1.25410609981537E-15));
#5592=DIRECTION('',(1.20759497818924E-47,-1.,2.4492935982947E-16));
#5593=DIRECTION('center_axis',(-0.866025403784439,-1.22464679914735E-16,
-0.499999999999999));
#5594=DIRECTION('ref_axis',(0.499999999999999,-2.12115047744982E-16,-0.866025403784439));
#5595=DIRECTION('',(-0.499999999999999,2.12115047744982E-16,0.866025403784439));
#5596=DIRECTION('',(1.20759497818924E-47,-1.,2.4492935982947E-16));
#5597=DIRECTION('center_axis',(-0.866025403784438,1.22464679914735E-16,
0.500000000000001));
#5598=DIRECTION('ref_axis',(-0.500000000000001,-2.12115047744982E-16,-0.866025403784438));
#5599=DIRECTION('',(0.5,2.12115047744982E-16,0.866025403784438));
#5600=DIRECTION('',(1.20759497818924E-47,-1.,2.4492935982947E-16));
#5601=DIRECTION('center_axis',(1.09734283733845E-15,2.4492935982947E-16,
1.));
#5602=DIRECTION('ref_axis',(-1.,2.68771478662761E-31,1.09734283733845E-15));
#5603=DIRECTION('',(1.,-2.68771478662761E-31,-1.09734283733845E-15));
#5604=DIRECTION('center_axis',(-1.51537820394357E-15,-2.4492935982947E-16,
-1.));
#5605=DIRECTION('ref_axis',(1.,-3.71160613391432E-31,-1.51537820394357E-15));
#5606=DIRECTION('',(-1.,3.71160613391432E-31,1.51537820394357E-15));
#5607=DIRECTION('',(1.20759497818924E-47,-1.,2.4492935982947E-16));
#5608=DIRECTION('',(1.20759497818924E-47,-1.,2.4492935982947E-16));
#5609=DIRECTION('center_axis',(-0.866025403784439,-1.22464679914735E-16,
-0.499999999999999));
#5610=DIRECTION('ref_axis',(0.499999999999999,-2.12115047744982E-16,-0.866025403784439));
#5611=DIRECTION('',(-0.499999999999999,2.12115047744982E-16,0.866025403784439));
#5612=DIRECTION('',(1.20759497818924E-47,-1.,2.4492935982947E-16));
#5613=DIRECTION('center_axis',(-0.866025403784438,1.22464679914736E-16,
0.500000000000002));
#5614=DIRECTION('ref_axis',(-0.500000000000002,-2.12115047744981E-16,-0.866025403784438));
#5615=DIRECTION('',(0.500000000000002,2.12115047744982E-16,0.866025403784438));
#5616=DIRECTION('',(1.20759497818924E-47,-1.,2.4492935982947E-16));
#5617=DIRECTION('center_axis',(-4.18035366605123E-16,2.4492935982947E-16,
1.));
#5618=DIRECTION('ref_axis',(-1.,-1.02389134728671E-31,-4.18035366605123E-16));
#5619=DIRECTION('',(1.,1.02389134728671E-31,4.18035366605123E-16));
#5620=DIRECTION('',(1.20759497818924E-47,-1.,2.4492935982947E-16));
#5621=DIRECTION('center_axis',(0.866025403784439,1.22464679914735E-16,0.499999999999999));
#5622=DIRECTION('ref_axis',(-0.499999999999999,2.12115047744982E-16,0.866025403784439));
#5623=DIRECTION('',(0.499999999999998,-2.12115047744982E-16,-0.86602540378444));
#5624=DIRECTION('',(1.20759497818924E-47,-1.,2.4492935982947E-16));
#5625=DIRECTION('center_axis',(0.866025403784438,-1.22464679914736E-16,
-0.500000000000002));
#5626=DIRECTION('ref_axis',(0.500000000000002,2.12115047744981E-16,0.866025403784438));
#5627=DIRECTION('',(-0.500000000000002,-2.12115047744982E-16,-0.866025403784438));
#5628=DIRECTION('center_axis',(-0.86602540378444,-1.22464679914735E-16,
-0.499999999999998));
#5629=DIRECTION('ref_axis',(0.499999999999998,-2.12115047744982E-16,-0.86602540378444));
#5630=DIRECTION('',(-0.499999999999998,2.12115047744982E-16,0.86602540378444));
#5631=DIRECTION('',(1.20759497818924E-47,-1.,2.4492935982947E-16));
#5632=DIRECTION('',(1.20759497818924E-47,-1.,2.4492935982947E-16));
#5633=DIRECTION('center_axis',(-0.866025403784439,1.22464679914735E-16,
0.5));
#5634=DIRECTION('ref_axis',(-0.5,-2.12115047744982E-16,-0.866025403784439));
#5635=DIRECTION('',(0.5,2.12115047744982E-16,0.866025403784439));
#5636=DIRECTION('',(1.20759497818924E-47,-1.,2.4492935982947E-16));
#5637=DIRECTION('center_axis',(8.36070733210244E-16,2.4492935982947E-16,
1.));
#5638=DIRECTION('ref_axis',(-1.,2.04778269457342E-31,8.36070733210244E-16));
#5639=DIRECTION('',(1.,-2.04778269457342E-31,-8.36070733210244E-16));
#5640=DIRECTION('',(1.20759497818924E-47,-1.,2.4492935982947E-16));
#5641=DIRECTION('center_axis',(0.866025403784439,1.22464679914735E-16,0.499999999999999));
#5642=DIRECTION('ref_axis',(-0.499999999999999,2.12115047744982E-16,0.866025403784439));
#5643=DIRECTION('',(0.499999999999999,-2.12115047744982E-16,-0.866025403784439));
#5644=DIRECTION('',(1.20759497818924E-47,-1.,2.4492935982947E-16));
#5645=DIRECTION('center_axis',(0.866025403784438,-1.22464679914736E-16,
-0.500000000000002));
#5646=DIRECTION('ref_axis',(0.500000000000002,2.12115047744982E-16,0.866025403784438));
#5647=DIRECTION('',(-0.500000000000002,-2.12115047744982E-16,-0.866025403784438));
#5648=DIRECTION('',(1.20759497818924E-47,-1.,2.4492935982947E-16));
#5649=DIRECTION('center_axis',(-8.36070733210245E-16,-2.4492935982947E-16,
-1.));
#5650=DIRECTION('ref_axis',(1.,-2.04778269457342E-31,-8.36070733210245E-16));
#5651=DIRECTION('',(-1.,2.04778269457342E-31,8.36070733210245E-16));
#5652=DIRECTION('center_axis',(8.36070733210244E-16,2.4492935982947E-16,
1.));
#5653=DIRECTION('ref_axis',(-1.,2.04778269457342E-31,8.36070733210244E-16));
#5654=DIRECTION('',(1.,-2.04778269457342E-31,-8.36070733210244E-16));
#5655=DIRECTION('',(1.20759497818924E-47,-1.,2.4492935982947E-16));
#5656=DIRECTION('',(1.20759497818924E-47,-1.,2.4492935982947E-16));
#5657=DIRECTION('center_axis',(0.86602540378444,1.22464679914735E-16,0.499999999999998));
#5658=DIRECTION('ref_axis',(-0.499999999999998,2.12115047744982E-16,0.86602540378444));
#5659=DIRECTION('',(0.499999999999998,-2.12115047744982E-16,-0.86602540378444));
#5660=DIRECTION('',(1.20759497818924E-47,-1.,2.4492935982947E-16));
#5661=DIRECTION('center_axis',(0.866025403784438,-1.22464679914736E-16,
-0.500000000000001));
#5662=DIRECTION('ref_axis',(0.500000000000001,2.12115047744982E-16,0.866025403784438));
#5663=DIRECTION('',(-0.500000000000001,-2.12115047744982E-16,-0.866025403784438));
#5664=DIRECTION('',(1.20759497818924E-47,-1.,2.4492935982947E-16));
#5665=DIRECTION('center_axis',(-8.36070733210245E-16,-2.4492935982947E-16,
-1.));
#5666=DIRECTION('ref_axis',(1.,-2.04778269457342E-31,-8.36070733210245E-16));
#5667=DIRECTION('',(-1.,2.04778269457342E-31,8.36070733210245E-16));
#5668=DIRECTION('',(1.20759497818924E-47,-1.,2.4492935982947E-16));
#5669=DIRECTION('center_axis',(-0.86602540378444,-1.22464679914735E-16,
-0.499999999999998));
#5670=DIRECTION('ref_axis',(0.499999999999998,-2.12115047744982E-16,-0.86602540378444));
#5671=DIRECTION('',(-0.499999999999998,2.12115047744982E-16,0.86602540378444));
#5672=DIRECTION('',(1.20759497818924E-47,-1.,2.4492935982947E-16));
#5673=DIRECTION('center_axis',(-0.866025403784439,1.22464679914735E-16,
0.5));
#5674=DIRECTION('ref_axis',(-0.5,-2.12115047744982E-16,-0.866025403784439));
#5675=DIRECTION('',(0.5,2.12115047744982E-16,0.866025403784439));
#5676=DIRECTION('center_axis',(3.48630559684209E-32,-0.707106781186549,
0.707106781186546));
#5677=DIRECTION('ref_axis',(1.,0.,-4.93038065763132E-32));
#5678=DIRECTION('',(0.577350269189627,-0.577350269189624,-0.577350269189627));
#5679=DIRECTION('',(-1.,0.,4.93038065763132E-32));
#5680=DIRECTION('',(0.577350269189627,0.577350269189624,0.577350269189627));
#5681=DIRECTION('',(1.,0.,-4.93038065763132E-32));
#5682=DIRECTION('center_axis',(-0.707106781186546,-0.707106781186549,1.73191211247099E-16));
#5683=DIRECTION('ref_axis',(1.97215226305253E-31,2.4492935982947E-16,1.));
#5684=DIRECTION('',(4.93038065763132E-32,2.4492935982947E-16,1.));
#5685=DIRECTION('',(-0.577350269189627,0.577350269189624,-0.577350269189627));
#5686=DIRECTION('',(-4.93038065763132E-32,-2.4492935982947E-16,-1.));
#5687=DIRECTION('center_axis',(4.93038065763132E-32,2.4492935982947E-16,
1.));
#5688=DIRECTION('ref_axis',(-1.,0.,4.93038065763132E-32));
#5689=DIRECTION('',(1.20759497818924E-47,-1.,2.4492935982947E-16));
#5690=DIRECTION('',(-1.,0.,4.93038065763132E-32));
#5691=DIRECTION('',(1.20759497818924E-47,-1.,2.4492935982947E-16));
#5692=DIRECTION('center_axis',(-3.48630559684209E-32,-0.707106781186549,
-0.707106781186546));
#5693=DIRECTION('ref_axis',(-1.,0.,4.93038065763132E-32));
#5694=DIRECTION('',(-0.577350269189627,-0.577350269189624,0.577350269189627));
#5695=DIRECTION('',(1.,0.,-4.93038065763132E-32));
#5696=DIRECTION('',(-1.,0.,4.93038065763132E-32));
#5697=DIRECTION('center_axis',(0.707106781186546,-0.707106781186549,1.73191211247099E-16));
#5698=DIRECTION('ref_axis',(9.86076131526265E-32,-2.4492935982947E-16,-1.));
#5699=DIRECTION('',(4.93038065763132E-32,2.4492935982947E-16,1.));
#5700=DIRECTION('',(-4.93038065763132E-32,-2.4492935982947E-16,-1.));
#5701=DIRECTION('center_axis',(-4.93038065763132E-32,-2.4492935982947E-16,
-1.));
#5702=DIRECTION('ref_axis',(1.,0.,-4.93038065763132E-32));
#5703=DIRECTION('',(1.20759497818924E-47,-1.,2.4492935982947E-16));
#5704=DIRECTION('',(1.,0.,-4.93038065763132E-32));
#5705=DIRECTION('',(1.20759497818924E-47,-1.,2.4492935982947E-16));
#5706=DIRECTION('center_axis',(1.,0.,-4.93038065763132E-32));
#5707=DIRECTION('ref_axis',(4.93038065763132E-32,2.4492935982947E-16,1.));
#5708=DIRECTION('',(4.93038065763132E-32,2.4492935982947E-16,1.));
#5709=DIRECTION('center_axis',(-1.,0.,4.93038065763132E-32));
#5710=DIRECTION('ref_axis',(-4.93038065763132E-32,-2.4492935982947E-16,
-1.));
#5711=DIRECTION('',(-4.93038065763132E-32,-2.4492935982947E-16,-1.));
#5712=DIRECTION('center_axis',(4.88713086883017E-32,-0.132163720091018,
0.991227900682635));
#5713=DIRECTION('ref_axis',(1.,0.,-4.93038065763132E-32));
#5714=DIRECTION('',(1.,0.,-4.93038065763132E-32));
#5715=DIRECTION('',(0.131024356416085,0.982682673120628,0.131024356416084));
#5716=DIRECTION('',(1.,0.,-4.93038065763132E-32));
#5717=DIRECTION('',(0.131024356416085,-0.982682673120628,-0.131024356416084));
#5718=DIRECTION('center_axis',(0.991227900682635,-0.132163720091019,3.23707753545746E-17));
#5719=DIRECTION('ref_axis',(-2.46519032881566E-32,-2.4492935982947E-16,
-1.));
#5720=DIRECTION('',(1.86525494827018E-32,2.4492935982947E-16,1.));
#5721=DIRECTION('',(-0.131024356416085,-0.982682673120627,0.131024356416085));
#5722=DIRECTION('',(-0.132163720091019,-0.991227900682635,2.42780815159307E-16));
#5723=DIRECTION('',(4.93038065763132E-32,2.4492935982947E-16,1.));
#5724=DIRECTION('',(0.132163720091019,0.991227900682635,-2.42780815159307E-16));
#5725=DIRECTION('center_axis',(-4.88713086883016E-32,-0.132163720091019,
-0.991227900682635));
#5726=DIRECTION('ref_axis',(-1.,0.,4.93038065763132E-32));
#5727=DIRECTION('',(-1.,0.,4.93038065763132E-32));
#5728=DIRECTION('',(-0.131024356416085,0.982682673120627,-0.131024356416085));
#5729=DIRECTION('',(-1.,0.,4.93038065763132E-32));
#5730=DIRECTION('center_axis',(-0.991227900682635,-0.132163720091019,3.23707753545747E-17));
#5731=DIRECTION('ref_axis',(7.39557098644699E-32,2.4492935982947E-16,1.));
#5732=DIRECTION('',(-8.08277144250411E-32,-2.4492935982947E-16,-1.));
#5733=DIRECTION('',(0.132163720091019,-0.991227900682635,2.42780815159307E-16));
#5734=DIRECTION('',(-4.93038065763132E-32,-2.4492935982947E-16,-1.));
#5735=DIRECTION('',(-0.132163720091019,0.991227900682635,-2.42780815159307E-16));
#5736=DIRECTION('center_axis',(-1.,0.,4.93038065763132E-32));
#5737=DIRECTION('ref_axis',(-4.93038065763132E-32,-2.4492935982947E-16,
-1.));
#5738=DIRECTION('',(1.20759497818924E-47,-1.,2.4492935982947E-16));
#5739=DIRECTION('',(-4.93038065763132E-32,-2.4492935982947E-16,-1.));
#5740=DIRECTION('',(-1.20759497818924E-47,1.,-2.4492935982947E-16));
#5741=DIRECTION('center_axis',(4.93038065763132E-32,2.4492935982947E-16,
1.));
#5742=DIRECTION('ref_axis',(-1.,0.,4.93038065763132E-32));
#5743=DIRECTION('',(-1.,0.,4.93038065763132E-32));
#5744=DIRECTION('',(-1.20759497818924E-47,1.,-2.4492935982947E-16));
#5745=DIRECTION('center_axis',(1.20759497818924E-47,-1.,2.4492935982947E-16));
#5746=DIRECTION('ref_axis',(-4.93038065763132E-32,-2.4492935982947E-16,
-1.));
#5747=DIRECTION('center_axis',(1.,0.,-4.93038065763132E-32));
#5748=DIRECTION('ref_axis',(4.93038065763132E-32,2.4492935982947E-16,1.));
#5749=DIRECTION('',(1.20759497818924E-47,-1.,2.4492935982947E-16));
#5750=DIRECTION('',(4.93038065763132E-32,2.4492935982947E-16,1.));
#5751=DIRECTION('center_axis',(-4.93038065763132E-32,-2.4492935982947E-16,
-1.));
#5752=DIRECTION('ref_axis',(1.,0.,-4.93038065763132E-32));
#5753=DIRECTION('',(1.,0.,-4.93038065763132E-32));
#5754=DIRECTION('center_axis',(-1.20759497818924E-47,1.,-2.4492935982947E-16));
#5755=DIRECTION('ref_axis',(1.,0.,-4.93038065763132E-32));
#5756=DIRECTION('',(-1.,0.,4.93038065763132E-32));
#5757=DIRECTION('',(-4.93038065763132E-32,-2.4492935982947E-16,-1.));
#5758=DIRECTION('center_axis',(-1.,0.,4.93038065763132E-32));
#5759=DIRECTION('ref_axis',(4.93038065763132E-32,2.4492935982947E-16,1.));
#5760=DIRECTION('center_axis',(4.93038065763132E-32,2.4492935982947E-16,
1.));
#5761=DIRECTION('ref_axis',(1.,0.,-4.93038065763132E-32));
#5762=DIRECTION('center_axis',(-1.20759497818924E-47,1.,-2.4492935982947E-16));
#5763=DIRECTION('ref_axis',(1.,0.,-4.93038065763132E-32));
#5764=DIRECTION('',(-1.,-3.7470027081099E-16,4.5102810375397E-16));
#5765=DIRECTION('',(2.35922392732846E-16,-1.,2.77555756156289E-16));
#5766=DIRECTION('',(0.819152044288983,8.22689704058467E-17,-0.573576436351041));
#5767=DIRECTION('',(2.35922392732847E-16,-1.00000000000001,2.77555756156291E-16));
#5768=DIRECTION('',(0.819152044288995,8.22689704058514E-17,-0.573576436351047));
#5769=DIRECTION('',(2.35922392732835E-16,-1.,2.77555756156289E-16));
#5770=CARTESIAN_POINT('',(0.,0.,0.));
#5771=CARTESIAN_POINT('',(0.,0.,0.));
#5772=CARTESIAN_POINT('Origin',(14.1278026224335,-4.2,32.6999999999995));
#5773=CARTESIAN_POINT('',(14.1278026224335,-3.2,36.1999999999995));
#5774=CARTESIAN_POINT('Origin',(14.1278026224335,-3.2,32.6999999999995));
#5775=CARTESIAN_POINT('',(14.1278026224335,-5.2,34.1999999999995));
#5776=CARTESIAN_POINT('',(14.1278026224335,-4.2,35.1999999999995));
#5777=CARTESIAN_POINT('Origin',(14.1278026224335,-5.2,32.6999999999995));
#5778=CARTESIAN_POINT('Origin',(19.3800000000007,-3.2,32.7));
#5779=CARTESIAN_POINT('',(19.3800000000007,-3.2,27.2));
#5780=CARTESIAN_POINT('',(19.3800000000007,-3.2,38.2));
#5781=CARTESIAN_POINT('',(19.3800000000007,-3.2,32.7));
#5782=CARTESIAN_POINT('',(-19.3800000000007,-3.2,27.2));
#5783=CARTESIAN_POINT('',(9.68999999999989,-3.2,27.2));
#5784=CARTESIAN_POINT('',(-19.3800000000007,-3.2,38.2));
#5785=CARTESIAN_POINT('',(-19.3800000000007,-3.2,32.7));
#5786=CARTESIAN_POINT('',(9.68999999999989,-3.2,38.2));
#5787=CARTESIAN_POINT('',(-10.8302021396715,-3.2,36.1999999999995));
#5788=CARTESIAN_POINT('Origin',(-10.8302021396715,-3.2,32.6999999999995));
#5789=CARTESIAN_POINT('Origin',(14.1278026224335,3.80000000000001,32.6999999999995));
#5790=CARTESIAN_POINT('',(14.1278026224335,-6.2,34.1999999999995));
#5791=CARTESIAN_POINT('',(14.1278026224335,3.8,34.1999999999995));
#5792=CARTESIAN_POINT('Origin',(14.1278026224335,-6.2,32.6999999999995));
#5793=CARTESIAN_POINT('Origin',(-10.8302021396715,-4.2,32.6999999999995));
#5794=CARTESIAN_POINT('',(-10.8302021396715,-5.2,34.1999999999995));
#5795=CARTESIAN_POINT('',(-10.8302021396715,-4.2,35.1999999999995));
#5796=CARTESIAN_POINT('Origin',(-10.8302021396715,-5.2,32.6999999999995));
#5797=CARTESIAN_POINT('Origin',(-10.8302021396715,3.80000000000001,32.6999999999995));
#5798=CARTESIAN_POINT('',(-10.8302021396715,-6.2,34.1999999999995));
#5799=CARTESIAN_POINT('',(-10.8302021396715,3.8,34.1999999999995));
#5800=CARTESIAN_POINT('Origin',(-10.8302021396715,-6.2,32.6999999999995));
#5801=CARTESIAN_POINT('Origin',(19.3800000000007,-0.7,32.7));
#5802=CARTESIAN_POINT('',(21.8800000000007,-0.699999999999998,27.2));
#5803=CARTESIAN_POINT('Origin',(19.3800000000007,-0.699999999999998,27.2));
#5804=CARTESIAN_POINT('',(21.8800000000007,-0.700000000000003,38.2));
#5805=CARTESIAN_POINT('Origin',(19.3800000000007,-0.700000000000001,38.2));
#5806=CARTESIAN_POINT('',(21.8800000000007,-0.7,32.7));
#5807=CARTESIAN_POINT('Origin',(-19.3800000000007,-0.699999999999999,32.7));
#5808=CARTESIAN_POINT('',(-21.8800000000007,-0.699999999999999,38.2));
#5809=CARTESIAN_POINT('Origin',(-19.3800000000007,-0.700000000000001,38.2));
#5810=CARTESIAN_POINT('',(-21.8800000000007,-0.699999999999997,27.2));
#5811=CARTESIAN_POINT('Origin',(-19.3800000000007,-0.699999999999998,27.2));
#5812=CARTESIAN_POINT('',(-21.8800000000007,-0.699999999999998,32.7));
#5813=CARTESIAN_POINT('Origin',(-21.8800000000007,4.3,32.7));
#5814=CARTESIAN_POINT('',(-21.8800000000007,12.5999999999996,27.2));
#5815=CARTESIAN_POINT('',(-21.8800000000007,4.3,27.2));
#5816=CARTESIAN_POINT('',(-21.8800000000007,12.5999999999996,38.2));
#5817=CARTESIAN_POINT('Origin',(-21.8800000000008,12.5999999999996,32.7));
#5818=CARTESIAN_POINT('',(-21.8800000000007,4.3,38.2));
#5819=CARTESIAN_POINT('',(-21.8800000000007,14.78,32.7));
#5820=CARTESIAN_POINT('Origin',(-21.8800000000007,12.6,32.7));
#5821=CARTESIAN_POINT('',(-21.8800000000007,8.86361766519174,34.4140242132359));
#5822=CARTESIAN_POINT('Origin',(-21.8800000000007,8.86361766519174,33.9140242132359));
#5823=CARTESIAN_POINT('',(-21.8800000000007,10.2907887221238,30.0216433465831));
#5824=CARTESIAN_POINT('Origin',(-21.8800000000007,10.2907887221238,29.5216433465831));
#5825=CARTESIAN_POINT('',(-21.8800000000007,12.6,37.1286648803621));
#5826=CARTESIAN_POINT('Origin',(-21.8800000000007,12.6,36.6286648803621));
#5827=CARTESIAN_POINT('',(-21.8800000000007,14.9092112778762,30.0216433465831));
#5828=CARTESIAN_POINT('Origin',(-21.8800000000007,14.9092112778762,29.5216433465831));
#5829=CARTESIAN_POINT('',(-21.8800000000007,16.3363823348082,34.4140242132359));
#5830=CARTESIAN_POINT('Origin',(-21.8800000000007,16.3363823348082,33.9140242132359));
#5831=CARTESIAN_POINT('Origin',(21.8800000000007,18.1,32.7));
#5832=CARTESIAN_POINT('',(21.8800000000007,12.6,38.2));
#5833=CARTESIAN_POINT('',(21.8800000000007,18.1,38.2));
#5834=CARTESIAN_POINT('',(21.8800000000007,12.6,27.2));
#5835=CARTESIAN_POINT('Origin',(21.8800000000007,12.6,32.7));
#5836=CARTESIAN_POINT('',(21.8800000000007,18.1,27.2));
#5837=CARTESIAN_POINT('',(21.8800000000007,12.6,37.1286648803621));
#5838=CARTESIAN_POINT('Origin',(21.8800000000007,12.6,36.6286648803621));
#5839=CARTESIAN_POINT('',(21.8800000000007,16.3363823348082,34.4140242132359));
#5840=CARTESIAN_POINT('Origin',(21.8800000000007,16.3363823348082,33.9140242132359));
#5841=CARTESIAN_POINT('',(21.8800000000007,8.86361766519174,34.4140242132359));
#5842=CARTESIAN_POINT('Origin',(21.8800000000007,8.86361766519174,33.9140242132359));
#5843=CARTESIAN_POINT('',(21.8800000000007,14.9092112778762,30.0216433465831));
#5844=CARTESIAN_POINT('Origin',(21.8800000000007,14.9092112778762,29.5216433465831));
#5845=CARTESIAN_POINT('',(21.8800000000007,10.2907887221238,30.0216433465831));
#5846=CARTESIAN_POINT('Origin',(21.8800000000007,10.2907887221238,29.5216433465831));
#5847=CARTESIAN_POINT('',(21.8800000000007,14.78,32.7));
#5848=CARTESIAN_POINT('Origin',(21.8800000000007,12.6,32.7));
#5849=CARTESIAN_POINT('Origin',(21.8800000000007,12.6,36.6286648803621));
#5850=CARTESIAN_POINT('',(21.3800000000007,12.6,36.6286648803621));
#5851=CARTESIAN_POINT('Origin',(21.8800000000007,12.6,36.6286648803621));
#5852=CARTESIAN_POINT('Origin',(21.8800000000007,16.3363823348082,33.9140242132359));
#5853=CARTESIAN_POINT('',(21.3800000000007,16.3363823348082,33.9140242132359));
#5854=CARTESIAN_POINT('Origin',(21.8800000000007,16.3363823348082,33.9140242132359));
#5855=CARTESIAN_POINT('Origin',(21.8800000000007,8.86361766519174,33.9140242132359));
#5856=CARTESIAN_POINT('',(21.3800000000007,8.86361766519174,33.9140242132359));
#5857=CARTESIAN_POINT('Origin',(21.8800000000007,8.86361766519174,33.9140242132359));
#5858=CARTESIAN_POINT('Origin',(21.8800000000007,14.9092112778762,29.5216433465831));
#5859=CARTESIAN_POINT('',(21.3800000000007,14.9092112778762,29.5216433465831));
#5860=CARTESIAN_POINT('Origin',(21.8800000000007,14.9092112778762,29.5216433465831));
#5861=CARTESIAN_POINT('Origin',(21.8800000000007,10.2907887221238,29.5216433465831));
#5862=CARTESIAN_POINT('',(21.3800000000007,10.2907887221238,29.5216433465831));
#5863=CARTESIAN_POINT('Origin',(21.8800000000007,10.2907887221238,29.5216433465831));
#5864=CARTESIAN_POINT('Origin',(-21.8800000000007,16.3363823348082,33.9140242132359));
#5865=CARTESIAN_POINT('',(-21.3800000000007,16.3363823348082,33.9140242132359));
#5866=CARTESIAN_POINT('Origin',(-21.8800000000007,16.3363823348082,33.9140242132359));
#5867=CARTESIAN_POINT('Origin',(-21.8800000000007,12.6,36.6286648803621));
#5868=CARTESIAN_POINT('',(-21.3800000000007,12.6,36.6286648803621));
#5869=CARTESIAN_POINT('Origin',(-21.8800000000007,12.6,36.6286648803621));
#5870=CARTESIAN_POINT('Origin',(-21.8800000000007,8.86361766519174,33.9140242132359));
#5871=CARTESIAN_POINT('',(-21.3800000000007,8.86361766519174,33.9140242132359));
#5872=CARTESIAN_POINT('Origin',(-21.8800000000007,8.86361766519174,33.9140242132359));
#5873=CARTESIAN_POINT('Origin',(-21.8800000000007,10.2907887221238,29.5216433465831));
#5874=CARTESIAN_POINT('',(-21.3800000000007,10.2907887221238,29.5216433465831));
#5875=CARTESIAN_POINT('Origin',(-21.8800000000007,10.2907887221238,29.5216433465831));
#5876=CARTESIAN_POINT('Origin',(-21.8800000000007,14.9092112778762,29.5216433465831));
#5877=CARTESIAN_POINT('',(-21.3800000000007,14.9092112778762,29.5216433465831));
#5878=CARTESIAN_POINT('Origin',(-21.8800000000007,14.9092112778762,29.5216433465831));
#5879=CARTESIAN_POINT('Origin',(12.4399999999999,12.6,32.7));
#5880=CARTESIAN_POINT('',(24.8800000000007,12.6,38.2));
#5881=CARTESIAN_POINT('',(24.8800000000007,12.6,27.2));
#5882=CARTESIAN_POINT('Origin',(24.8800000000007,12.6,32.7));
#5883=CARTESIAN_POINT('',(12.4399999999999,12.6,27.2));
#5884=CARTESIAN_POINT('',(12.4399999999999,12.6,38.2));
#5885=CARTESIAN_POINT('Origin',(-9.10382880192628E-13,8.45,27.2));
#5886=CARTESIAN_POINT('',(24.8800000000007,-6.2,27.2));
#5887=CARTESIAN_POINT('',(24.8800000000007,-1.2,27.2));
#5888=CARTESIAN_POINT('',(-24.880000000003,-6.2,27.2));
#5889=CARTESIAN_POINT('',(-12.4400000000017,-6.2,27.2));
#5890=CARTESIAN_POINT('',(-24.8800000000012,12.5999999999996,27.2));
#5891=CARTESIAN_POINT('',(-24.8800000000007,18.0999999999996,27.2));
#5892=CARTESIAN_POINT('',(-10.9400000000008,12.5999999999997,27.2));
#5893=CARTESIAN_POINT('Origin',(-10.9400000000008,12.5999999999997,32.7));
#5894=CARTESIAN_POINT('',(-24.8800000000012,12.5999999999996,38.2));
#5895=CARTESIAN_POINT('Origin',(-24.8800000000006,12.5999999999996,32.7));
#5896=CARTESIAN_POINT('',(-10.9400000000008,12.5999999999997,38.2));
#5897=CARTESIAN_POINT('Origin',(-9.10382880192628E-13,8.45,38.2));
#5898=CARTESIAN_POINT('',(-24.880000000003,-6.2,38.2));
#5899=CARTESIAN_POINT('',(-24.8800000000007,18.0999999999996,38.2));
#5900=CARTESIAN_POINT('',(24.8800000000007,-6.2,38.2));
#5901=CARTESIAN_POINT('',(-12.4400000000017,-6.2,38.2));
#5902=CARTESIAN_POINT('',(24.8800000000007,-1.2,38.2));
#5903=CARTESIAN_POINT('Origin',(-24.8800000000007,18.0999999999996,32.7));
#5904=CARTESIAN_POINT('',(-24.880000000003,-6.2,32.7));
#5905=CARTESIAN_POINT('Origin',(-21.3800000000007,12.6,32.7));
#5906=CARTESIAN_POINT('',(-20.8800000000007,14.68,32.7));
#5907=CARTESIAN_POINT('',(-21.3800000000007,14.73,32.7));
#5908=CARTESIAN_POINT('Origin',(-20.8800000000007,12.6,32.7));
#5909=CARTESIAN_POINT('Origin',(-20.8800000000007,12.6,32.7));
#5910=CARTESIAN_POINT('Origin',(21.3800000000007,12.6,32.7));
#5911=CARTESIAN_POINT('',(20.8800000000007,14.68,32.7));
#5912=CARTESIAN_POINT('',(21.3800000000007,14.73,32.7));
#5913=CARTESIAN_POINT('Origin',(20.8800000000007,12.6,32.7));
#5914=CARTESIAN_POINT('Origin',(20.8800000000007,12.6,32.7));
#5915=CARTESIAN_POINT('Origin',(24.8800000000007,-1.2,32.7));
#5916=CARTESIAN_POINT('',(24.8800000000007,-6.2,32.7));
#5917=CARTESIAN_POINT('Origin',(-24.8800000000025,-6.2,32.7));
#5918=CARTESIAN_POINT('',(0.,0.,0.));
#5919=CARTESIAN_POINT('Origin',(-10.3,-0.5,-2.24265050974282E-15));
#5920=CARTESIAN_POINT('',(-14.8,0.,-1.69155945012651E-15));
#5921=CARTESIAN_POINT('Origin',(-10.3,0.,-2.24265050974282E-15));
#5922=CARTESIAN_POINT('',(-13.8,-1.,-2.67127688944439E-15));
#5923=CARTESIAN_POINT('',(-14.3,-0.5,-1.75279179008388E-15));
#5924=CARTESIAN_POINT('Origin',(-10.3,-1.,-2.24265050974282E-15));
#5925=CARTESIAN_POINT('Origin',(-10.3,-1.20000000000001,-2.22044604925031E-15));
#5926=CARTESIAN_POINT('',(-13.8,-1.20000000000001,-2.64907242895189E-15));
#5927=CARTESIAN_POINT('Origin',(-10.3,-1.2,-2.22044604925031E-15));
#5928=CARTESIAN_POINT('',(-13.8,-1.20000000000001,-1.79181966954874E-15));
#5929=CARTESIAN_POINT('Origin',(3.59712259978551E-13,0.,-2.22044604925031E-15));
#5930=CARTESIAN_POINT('',(13.2,0.,7.6));
#5931=CARTESIAN_POINT('',(13.2,0.,13.9));
#5932=CARTESIAN_POINT('',(13.2,0.,6.95));
#5933=CARTESIAN_POINT('',(18.2000000000001,0.,13.9));
#5934=CARTESIAN_POINT('',(10.1000000000002,0.,13.9));
#5935=CARTESIAN_POINT('',(18.2000000000001,0.,11.9));
#5936=CARTESIAN_POINT('',(18.2000000000001,0.,5.95000000000002));
#5937=CARTESIAN_POINT('',(20.2,0.,11.9));
#5938=CARTESIAN_POINT('',(10.1000000000002,0.,11.9));
#5939=CARTESIAN_POINT('',(20.2,0.,-11.9));
#5940=CARTESIAN_POINT('',(20.2,0.,-6.95));
#5941=CARTESIAN_POINT('',(18.2000000000001,0.,-11.9));
#5942=CARTESIAN_POINT('',(14.7000000000001,0.,-11.9));
#5943=CARTESIAN_POINT('',(18.2000000000001,0.,-13.9));
#5944=CARTESIAN_POINT('',(18.2000000000001,0.,-8.9875));
#5945=CARTESIAN_POINT('',(-18.2,0.,-13.9));
#5946=CARTESIAN_POINT('',(-10.0999999999998,0.,-13.9));
#5947=CARTESIAN_POINT('',(-18.2,0.,-11.9));
#5948=CARTESIAN_POINT('',(-18.2,0.,-5.95000000000001));
#5949=CARTESIAN_POINT('',(-20.2,0.,-11.9));
#5950=CARTESIAN_POINT('',(-10.0999999999998,0.,-11.9));
#5951=CARTESIAN_POINT('',(-20.2,0.,11.9));
#5952=CARTESIAN_POINT('',(-20.2,0.,6.95));
#5953=CARTESIAN_POINT('',(-18.2,0.,11.9));
#5954=CARTESIAN_POINT('',(-9.0999999999998,0.,11.9));
#5955=CARTESIAN_POINT('',(-18.2,0.,13.9));
#5956=CARTESIAN_POINT('',(-18.2,0.,6.95));
#5957=CARTESIAN_POINT('',(5.20000000000003,0.,13.9));
#5958=CARTESIAN_POINT('',(10.1000000000002,0.,13.9));
#5959=CARTESIAN_POINT('',(5.20000000000003,0.,7.6));
#5960=CARTESIAN_POINT('',(5.20000000000003,0.,3.8));
#5961=CARTESIAN_POINT('',(6.6000000000002,0.,7.6));
#5962=CARTESIAN_POINT('Origin',(3.64153152077051E-13,15.8000000000002,1.71737624121704E-15));
#5963=CARTESIAN_POINT('',(19.3,15.8000000000002,15.4999999999999));
#5964=CARTESIAN_POINT('',(21.8,15.8000000000002,12.9999999999999));
#5965=CARTESIAN_POINT('Origin',(19.3,15.8000000000002,12.9999999999999));
#5966=CARTESIAN_POINT('',(21.8,15.8000000000002,-12.9999999999999));
#5967=CARTESIAN_POINT('',(21.8000000000007,15.8000000000002,-15.5));
#5968=CARTESIAN_POINT('',(19.3,15.8000000000002,-15.4999999999999));
#5969=CARTESIAN_POINT('Origin',(19.3,15.8000000000002,-12.9999999999999));
#5970=CARTESIAN_POINT('',(-19.3,15.8000000000002,-15.5));
#5971=CARTESIAN_POINT('',(-21.8,15.8000000000002,-15.5));
#5972=CARTESIAN_POINT('',(-21.8,15.8000000000002,-13.));
#5973=CARTESIAN_POINT('Origin',(-19.3,15.8000000000002,-13.));
#5974=CARTESIAN_POINT('',(-21.8,15.8000000000002,13.));
#5975=CARTESIAN_POINT('',(-21.8,15.8000000000002,15.5));
#5976=CARTESIAN_POINT('',(-19.3,15.8000000000002,15.5));
#5977=CARTESIAN_POINT('Origin',(-19.3,15.8000000000002,13.));
#5978=CARTESIAN_POINT('',(21.8000000000007,15.8000000000002,15.5));
#5979=CARTESIAN_POINT('',(20.2,15.8000000000002,13.9));
#5980=CARTESIAN_POINT('',(-20.2,15.8000000000002,13.9));
#5981=CARTESIAN_POINT('',(20.2,15.8000000000002,13.9));
#5982=CARTESIAN_POINT('',(-20.2,15.8000000000002,-13.9));
#5983=CARTESIAN_POINT('',(-20.2,15.8000000000002,13.9));
#5984=CARTESIAN_POINT('',(20.2,15.8000000000002,-13.9));
#5985=CARTESIAN_POINT('',(-20.2,15.8000000000002,-13.9));
#5986=CARTESIAN_POINT('',(20.2,15.8000000000002,-13.9));
#5987=CARTESIAN_POINT('Origin',(19.3,0.,12.9999999999999));
#5988=CARTESIAN_POINT('',(21.8,-1.2,12.9999999999999));
#5989=CARTESIAN_POINT('',(19.3,-1.2,15.4999999999999));
#5990=CARTESIAN_POINT('Origin',(19.3,-1.2,12.9999999999999));
#5991=CARTESIAN_POINT('',(21.8000000000007,0.,12.9999999999999));
#5992=CARTESIAN_POINT('',(19.3,0.,15.5));
#5993=CARTESIAN_POINT('Origin',(-19.3,0.,13.));
#5994=CARTESIAN_POINT('',(-19.3,-1.2,15.5));
#5995=CARTESIAN_POINT('',(-21.8,-1.2,13.));
#5996=CARTESIAN_POINT('Origin',(-19.3,-1.2,13.));
#5997=CARTESIAN_POINT('',(-19.3,0.,15.5));
#5998=CARTESIAN_POINT('',(-21.8,0.,13.));
#5999=CARTESIAN_POINT('Origin',(19.3,0.,-12.9999999999999));
#6000=CARTESIAN_POINT('',(19.3,-1.2,-15.4999999999999));
#6001=CARTESIAN_POINT('',(21.8,-1.2,-12.9999999999999));
#6002=CARTESIAN_POINT('Origin',(19.3,-1.2,-12.9999999999999));
#6003=CARTESIAN_POINT('',(19.3,0.,-15.5));
#6004=CARTESIAN_POINT('',(21.8000000000007,0.,-12.9999999999999));
#6005=CARTESIAN_POINT('Origin',(-19.3,0.,-13.));
#6006=CARTESIAN_POINT('',(-21.8,-1.2,-13.));
#6007=CARTESIAN_POINT('',(-19.3,-1.2,-15.5));
#6008=CARTESIAN_POINT('Origin',(-19.3,-1.2,-13.));
#6009=CARTESIAN_POINT('',(-21.8,0.,-13.));
#6010=CARTESIAN_POINT('',(-19.3,0.,-15.5));
#6011=CARTESIAN_POINT('Origin',(21.8000000000007,0.,15.5));
#6012=CARTESIAN_POINT('',(21.8000000000007,-1.2,15.5));
#6013=CARTESIAN_POINT('Origin',(-21.8,0.,15.5));
#6014=CARTESIAN_POINT('',(-21.8,-1.2,15.5));
#6015=CARTESIAN_POINT('',(-21.8,4.3,7.75));
#6016=CARTESIAN_POINT('Origin',(-21.8,4.3,10.));
#6017=CARTESIAN_POINT('Origin',(3.59712259978551E-13,-1.2,-2.22044604925031E-15));
#6018=CARTESIAN_POINT('',(-21.8,-1.2,-15.5));
#6019=CARTESIAN_POINT('',(21.8000000000007,-1.2,-15.5));
#6020=CARTESIAN_POINT('',(5.85000000000003,-1.2,11.5));
#6021=CARTESIAN_POINT('Origin',(9.20000000000003,-1.2,11.5));
#6022=CARTESIAN_POINT('Origin',(21.8000000000007,4.3,10.));
#6023=CARTESIAN_POINT('',(21.8000000000007,4.3,7.75));
#6024=CARTESIAN_POINT('Origin',(21.8000000000007,4.3,10.));
#6025=CARTESIAN_POINT('',(20.6500000000007,4.3,7.75));
#6026=CARTESIAN_POINT('',(21.8000000000007,4.3,7.75));
#6027=CARTESIAN_POINT('Origin',(20.6500000000007,4.3,10.));
#6028=CARTESIAN_POINT('Origin',(20.6500000000007,4.3,10.));
#6029=CARTESIAN_POINT('Origin',(-21.8,4.3,10.));
#6030=CARTESIAN_POINT('',(-20.65,4.3,7.75));
#6031=CARTESIAN_POINT('',(-21.8,4.3,7.75));
#6032=CARTESIAN_POINT('Origin',(-20.65,4.3,10.));
#6033=CARTESIAN_POINT('Origin',(-20.65,4.3,10.));
#6034=CARTESIAN_POINT('Origin',(9.20000000000003,1.3,11.5));
#6035=CARTESIAN_POINT('',(7.85000000000003,3.8,11.5));
#6036=CARTESIAN_POINT('Origin',(9.20000000000003,3.8,11.5));
#6037=CARTESIAN_POINT('',(6.85000000000003,1.3,11.5));
#6038=CARTESIAN_POINT('Origin',(9.20000000000003,0.,11.5));
#6039=CARTESIAN_POINT('',(7.85000000000003,4.,11.5));
#6040=CARTESIAN_POINT('Origin',(9.20000000000003,4.,11.5));
#6041=CARTESIAN_POINT('',(7.85000000000003,0.,11.5));
#6042=CARTESIAN_POINT('Origin',(11.2,2.,8.45));
#6043=CARTESIAN_POINT('',(5.20000000000003,4.,9.3));
#6044=CARTESIAN_POINT('',(5.20000000000003,1.,8.025));
#6045=CARTESIAN_POINT('',(13.2,4.,9.3));
#6046=CARTESIAN_POINT('',(11.2,4.,9.3));
#6047=CARTESIAN_POINT('',(13.2,2.13393329804129,8.50692165166755));
#6048=CARTESIAN_POINT('Origin',(9.20000000000003,4.,10.75));
#6049=CARTESIAN_POINT('',(5.20000000000003,4.,13.9));
#6050=CARTESIAN_POINT('',(5.20000000000003,4.,13.9));
#6051=CARTESIAN_POINT('',(13.2,4.,13.9));
#6052=CARTESIAN_POINT('',(14.7,4.,13.9));
#6053=CARTESIAN_POINT('',(13.2,4.,7.6));
#6054=CARTESIAN_POINT('Origin',(5.20000000000003,0.,7.6));
#6055=CARTESIAN_POINT('',(5.20000000000003,0.,13.9));
#6056=CARTESIAN_POINT('Origin',(13.2,0.,13.9));
#6057=CARTESIAN_POINT('',(13.2,0.,13.9));
#6058=CARTESIAN_POINT('Origin',(20.2,0.,13.9));
#6059=CARTESIAN_POINT('',(-18.2,5.,13.9));
#6060=CARTESIAN_POINT('',(-18.2,0.,13.9));
#6061=CARTESIAN_POINT('',(-20.2,5.,13.9));
#6062=CARTESIAN_POINT('',(0.500000000000032,5.,13.9));
#6063=CARTESIAN_POINT('',(-20.2,0.,13.9));
#6064=CARTESIAN_POINT('',(20.2,5.,13.9));
#6065=CARTESIAN_POINT('',(20.2,0.,13.9));
#6066=CARTESIAN_POINT('',(18.2000000000001,5.,13.9));
#6067=CARTESIAN_POINT('',(19.7,5.,13.9));
#6068=CARTESIAN_POINT('',(18.2000000000001,0.,13.9));
#6069=CARTESIAN_POINT('Origin',(-20.2,0.,-13.9));
#6070=CARTESIAN_POINT('',(18.2000000000001,5.,-13.9));
#6071=CARTESIAN_POINT('',(18.2000000000001,2.,-13.9));
#6072=CARTESIAN_POINT('',(20.2,5.,-13.9));
#6073=CARTESIAN_POINT('',(-0.499999999999957,5.,-13.9));
#6074=CARTESIAN_POINT('',(20.2,0.,-13.9));
#6075=CARTESIAN_POINT('',(-20.2,5.,-13.9));
#6076=CARTESIAN_POINT('',(-20.2,0.,-13.9));
#6077=CARTESIAN_POINT('',(-18.2,5.,-13.9));
#6078=CARTESIAN_POINT('',(-19.7,5.,-13.9));
#6079=CARTESIAN_POINT('',(-18.2,0.,-13.9));
#6080=CARTESIAN_POINT('Origin',(18.2000000000001,0.,-13.9));
#6081=CARTESIAN_POINT('',(18.2000000000001,5.,-11.9));
#6082=CARTESIAN_POINT('',(18.2000000000001,0.,-11.9));
#6083=CARTESIAN_POINT('',(18.2000000000001,5.,-13.9));
#6084=CARTESIAN_POINT('Origin',(18.2000000000001,0.,-11.9));
#6085=CARTESIAN_POINT('',(20.2,5.,-11.9));
#6086=CARTESIAN_POINT('',(20.2,2.,-11.9));
#6087=CARTESIAN_POINT('',(18.2000000000001,5.,-11.9));
#6088=CARTESIAN_POINT('Origin',(18.2000000000001,0.,11.9));
#6089=CARTESIAN_POINT('',(18.2000000000001,5.,11.9));
#6090=CARTESIAN_POINT('',(18.2000000000001,5.,11.9));
#6091=CARTESIAN_POINT('',(18.2000000000001,0.,11.9));
#6092=CARTESIAN_POINT('Origin',(20.2,0.,11.9));
#6093=CARTESIAN_POINT('',(20.2,5.,11.9));
#6094=CARTESIAN_POINT('',(20.2,5.,11.9));
#6095=CARTESIAN_POINT('',(20.2,0.,11.9));
#6096=CARTESIAN_POINT('Origin',(19.2000000000001,5.,12.9));
#6097=CARTESIAN_POINT('',(20.2,5.,-0.49999999999999));
#6098=CARTESIAN_POINT('Origin',(-18.2,0.,13.9));
#6099=CARTESIAN_POINT('',(-18.2,5.,11.9));
#6100=CARTESIAN_POINT('',(-18.2,0.,11.9));
#6101=CARTESIAN_POINT('',(-18.2,5.,11.9));
#6102=CARTESIAN_POINT('Origin',(-18.2,0.,11.9));
#6103=CARTESIAN_POINT('',(-20.2,5.,11.9));
#6104=CARTESIAN_POINT('',(-20.2,0.,11.9));
#6105=CARTESIAN_POINT('',(-20.2,5.,11.9));
#6106=CARTESIAN_POINT('Origin',(-19.2,5.,12.9));
#6107=CARTESIAN_POINT('',(-20.2,5.,13.4));
#6108=CARTESIAN_POINT('Origin',(-20.2,0.,13.9));
#6109=CARTESIAN_POINT('',(-20.2,5.,-11.9));
#6110=CARTESIAN_POINT('',(-20.2,0.,-11.9));
#6111=CARTESIAN_POINT('',(-20.2,5.,0.499999999999998));
#6112=CARTESIAN_POINT('Origin',(-20.2,0.,-11.9));
#6113=CARTESIAN_POINT('',(-18.2,5.,-11.9));
#6114=CARTESIAN_POINT('',(-18.2,0.,-11.9));
#6115=CARTESIAN_POINT('',(-18.2,5.,-11.9));
#6116=CARTESIAN_POINT('Origin',(-18.2,0.,-11.9));
#6117=CARTESIAN_POINT('',(-18.2,5.,-13.9));
#6118=CARTESIAN_POINT('Origin',(-19.2,5.,-12.9));
#6119=CARTESIAN_POINT('Origin',(19.2000000000001,5.,-12.9));
#6120=CARTESIAN_POINT('',(20.2,5.,-13.4));
#6121=CARTESIAN_POINT('Origin',(20.2,0.,-13.9));
#6122=CARTESIAN_POINT('Origin',(21.8000000000007,0.,-15.5));
#6123=CARTESIAN_POINT('Origin',(-21.8,0.,-15.5));
#6124=CARTESIAN_POINT('',(0.,0.,0.));
#6125=CARTESIAN_POINT('Origin',(19.3,-13.2,12.9999999999999));
#6126=CARTESIAN_POINT('',(19.3,17.4,15.5));
#6127=CARTESIAN_POINT('',(21.8000000000007,17.4,12.9999999999999));
#6128=CARTESIAN_POINT('Origin',(19.3,17.4,12.9999999999999));
#6129=CARTESIAN_POINT('',(19.3,15.8,15.4999999999999));
#6130=CARTESIAN_POINT('',(19.3,-13.2,15.5));
#6131=CARTESIAN_POINT('',(21.8,15.8,12.9999999999999));
#6132=CARTESIAN_POINT('Origin',(19.3,15.8,12.9999999999999));
#6133=CARTESIAN_POINT('',(21.8000000000007,-13.2,12.9999999999999));
#6134=CARTESIAN_POINT('Origin',(-19.3,-13.2,13.));
#6135=CARTESIAN_POINT('',(-21.8,17.4,13.));
#6136=CARTESIAN_POINT('',(-19.3,17.4,15.5));
#6137=CARTESIAN_POINT('Origin',(-19.3,17.4,13.));
#6138=CARTESIAN_POINT('',(-21.8,15.8,13.));
#6139=CARTESIAN_POINT('',(-21.8,-13.2,13.));
#6140=CARTESIAN_POINT('',(-19.3,15.8,15.5));
#6141=CARTESIAN_POINT('Origin',(-19.3,15.8,13.));
#6142=CARTESIAN_POINT('',(-19.3,-13.2,15.5));
#6143=CARTESIAN_POINT('Origin',(19.3,-13.2,-12.9999999999999));
#6144=CARTESIAN_POINT('',(21.8000000000007,17.4,-12.9999999999999));
#6145=CARTESIAN_POINT('',(19.3,17.4,-15.5));
#6146=CARTESIAN_POINT('Origin',(19.3,17.4,-12.9999999999999));
#6147=CARTESIAN_POINT('',(21.8,15.8,-12.9999999999999));
#6148=CARTESIAN_POINT('',(21.8000000000007,-13.2,-12.9999999999999));
#6149=CARTESIAN_POINT('',(19.3,15.8,-15.4999999999999));
#6150=CARTESIAN_POINT('Origin',(19.3,15.8,-12.9999999999999));
#6151=CARTESIAN_POINT('',(19.3,-13.2,-15.5));
#6152=CARTESIAN_POINT('Origin',(-19.3,-13.2,-13.));
#6153=CARTESIAN_POINT('',(-19.3,17.4,-15.5));
#6154=CARTESIAN_POINT('',(-21.8,17.4,-13.));
#6155=CARTESIAN_POINT('Origin',(-19.3,17.4,-13.));
#6156=CARTESIAN_POINT('',(-19.3,15.8,-15.5));
#6157=CARTESIAN_POINT('',(-19.3,-13.2,-15.5));
#6158=CARTESIAN_POINT('',(-21.8,15.8,-13.));
#6159=CARTESIAN_POINT('Origin',(-19.3,15.8,-13.));
#6160=CARTESIAN_POINT('',(-21.8,-13.2,-13.));
#6161=CARTESIAN_POINT('Origin',(21.8000000000007,15.8,15.5));
#6162=CARTESIAN_POINT('',(21.8000000000007,15.8,-15.5));
#6163=CARTESIAN_POINT('',(21.8000000000007,17.4,-15.5));
#6164=CARTESIAN_POINT('Origin',(3.77475828372554E-13,17.4,-1.41553435639707E-14));
#6165=CARTESIAN_POINT('',(-21.8,17.4,-15.5));
#6166=CARTESIAN_POINT('',(-21.8,17.4,15.5));
#6167=CARTESIAN_POINT('',(21.8000000000007,17.4,15.5));
#6168=CARTESIAN_POINT('',(-9.24175901961653,17.4,10.5500121981581));
#6169=CARTESIAN_POINT('',(-11.8975702578888,17.4,10.5500121981581));
#6170=CARTESIAN_POINT('',(-4.62087950980807,17.4,10.5500121981581));
#6171=CARTESIAN_POINT('',(-13.225475877025,17.4,8.25001219815809));
#6172=CARTESIAN_POINT('',(-12.6945186191128,17.4,9.16965714550929));
#6173=CARTESIAN_POINT('',(-11.8975702578888,17.4,5.95001219815809));
#6174=CARTESIAN_POINT('',(-9.7861113561127,17.4,2.29285810218819));
#6175=CARTESIAN_POINT('',(-9.24175901961654,17.4,5.95001219815809));
#6176=CARTESIAN_POINT('',(-5.94878512894422,17.4,5.95001219815809));
#6177=CARTESIAN_POINT('',(-7.9138534004804,17.4,8.25001219815809));
#6178=CARTESIAN_POINT('',(-9.37475457127247,17.4,5.71965714550938));
#6179=CARTESIAN_POINT('',(-5.13844168913622,17.4,3.44285810218819));
#6180=CARTESIAN_POINT('',(10.774524122975,17.4,8.25001219815809));
#6181=CARTESIAN_POINT('',(12.1024297421112,17.4,5.95001219815809));
#6182=CARTESIAN_POINT('',(11.2138886438873,17.4,7.48901052489489));
#6183=CARTESIAN_POINT('',(14.7582409803834,17.4,5.95001219815809));
#6184=CARTESIAN_POINT('',(6.05121487105579,17.4,5.95001219815809));
#6185=CARTESIAN_POINT('',(16.0861465995196,17.4,8.25001219815809));
#6186=CARTESIAN_POINT('',(11.6252454287275,17.4,0.523504722802691));
#6187=CARTESIAN_POINT('',(14.7582409803835,17.4,10.5500121981581));
#6188=CARTESIAN_POINT('',(15.8615583108638,17.4,8.63901052489489));
#6189=CARTESIAN_POINT('',(12.1024297421112,17.4,10.5500121981581));
#6190=CARTESIAN_POINT('',(7.37912049019193,17.4,10.5500121981581));
#6191=CARTESIAN_POINT('',(8.30548138088719,17.4,3.97350472280269));
#6192=CARTESIAN_POINT('',(-8.74286973441073,17.4,0.450012153454583));
#6193=CARTESIAN_POINT('',(-6.08705849613845,17.4,0.450012153454583));
#6194=CARTESIAN_POINT('',(-4.37143486720517,17.4,0.450012153454583));
#6195=CARTESIAN_POINT('',(-4.75915287700231,17.4,2.75001215345459));
#6196=CARTESIAN_POINT('',(-5.42360667334695,17.4,1.59914441890369));
#6197=CARTESIAN_POINT('',(-6.08705849613844,17.4,5.05001215345458));
#6198=CARTESIAN_POINT('',(-3.56886367097507,17.4,0.688370772914592));
#6199=CARTESIAN_POINT('',(-8.74286973441072,17.4,5.05001215345458));
#6200=CARTESIAN_POINT('',(-3.04352924806903,17.4,5.05001215345458));
#6201=CARTESIAN_POINT('',(-10.0707753535469,17.4,2.75001215345459));
#6202=CARTESIAN_POINT('',(-8.74337072118729,17.4,5.04914441890369));
#6203=CARTESIAN_POINT('',(-8.21653333795155,17.4,-0.46162922708541));
#6204=CARTESIAN_POINT('',(4.08614659951961,17.4,-2.74998780184191));
#6205=CARTESIAN_POINT('',(2.75824098038347,17.4,-0.449987801841903));
#6206=CARTESIAN_POINT('',(2.9799884504566,17.4,-0.834065686458413));
#6207=CARTESIAN_POINT('',(0.102429742111189,17.4,-0.449987801841903));
#6208=CARTESIAN_POINT('',(1.37912049019192,17.4,-0.449987801841903));
#6209=CARTESIAN_POINT('',(-1.22547587702495,17.4,-2.74998780184191));
#6210=CARTESIAN_POINT('',(0.187051241294394,17.4,-0.303419065844018));
#6211=CARTESIAN_POINT('',(0.102429742111184,17.4,-5.04998780184191));
#6212=CARTESIAN_POINT('',(-1.66768121651989,17.4,-1.98406568645841));
#6213=CARTESIAN_POINT('',(2.75824098038346,17.4,-5.04998780184191));
#6214=CARTESIAN_POINT('',(0.0512148710557777,17.4,-5.04998780184191));
#6215=CARTESIAN_POINT('',(3.50681528913474,17.4,-3.75341906584401));
#6216=CARTESIAN_POINT('',(3.25713026558928,17.4,-10.5499878465454));
#6217=CARTESIAN_POINT('',(5.91294150386155,17.4,-10.5499878465454));
#6218=CARTESIAN_POINT('',(1.62856513279482,17.4,-10.5499878465454));
#6219=CARTESIAN_POINT('',(7.24084712299769,17.4,-8.24998784654541));
#6220=CARTESIAN_POINT('',(7.45796318706026,17.4,-7.87393179244971));
#6221=CARTESIAN_POINT('',(5.91294150386156,17.4,-5.94998784654541));
#6222=CARTESIAN_POINT('',(4.54956646861774,17.4,-3.58855301573211));
#6223=CARTESIAN_POINT('',(3.25713026558928,17.4,-5.94998784654541));
#6224=CARTESIAN_POINT('',(2.95647075193097,17.4,-5.94998784654541));
#6225=CARTESIAN_POINT('',(1.92922464645314,17.4,-8.24998784654541));
#6226=CARTESIAN_POINT('',(4.13819913921992,17.4,-4.42393179244971));
#6227=CARTESIAN_POINT('',(-0.0981031983587513,17.4,-4.73855301573211));
#6228=CARTESIAN_POINT('',(-16.0707753535469,17.4,-8.24998784654541));
#6229=CARTESIAN_POINT('',(-14.7428697344107,17.4,-10.5499878465454));
#6230=CARTESIAN_POINT('',(-15.8481031983588,17.4,-8.63566733276211));
#6231=CARTESIAN_POINT('',(-12.0870584961385,17.4,-10.5499878465454));
#6232=CARTESIAN_POINT('',(-7.37143486720518,17.4,-10.5499878465454));
#6233=CARTESIAN_POINT('',(-10.7591528770023,17.4,-8.24998784654541));
#6234=CARTESIAN_POINT('',(-8.29203681293973,17.4,-3.97681747541971));
#6235=CARTESIAN_POINT('',(-12.0870584961385,17.4,-5.94998784654541));
#6236=CARTESIAN_POINT('',(-11.2004335313823,17.4,-7.48566733276211));
#6237=CARTESIAN_POINT('',(-14.7428697344107,17.4,-5.94998784654541));
#6238=CARTESIAN_POINT('',(-6.04352924806903,17.4,-5.94998784654541));
#6239=CARTESIAN_POINT('',(-11.6118008607801,17.4,-0.526817475419708));
#6240=CARTESIAN_POINT('',(9.25713026558928,17.4,-10.5499878465454));
#6241=CARTESIAN_POINT('',(11.9129415038615,17.4,-10.5499878465454));
#6242=CARTESIAN_POINT('',(4.62856513279482,17.4,-10.5499878465454));
#6243=CARTESIAN_POINT('',(13.2408471229977,17.4,-8.24998784654541));
#6244=CARTESIAN_POINT('',(12.7079631870602,17.4,-9.17296989812632));
#6245=CARTESIAN_POINT('',(11.9129415038615,17.4,-5.94998784654541));
#6246=CARTESIAN_POINT('',(9.79956646861774,17.4,-2.28951491005541));
#6247=CARTESIAN_POINT('',(9.25713026558928,17.4,-5.94998784654541));
#6248=CARTESIAN_POINT('',(5.95647075193097,17.4,-5.94998784654541));
#6249=CARTESIAN_POINT('',(7.92922464645314,17.4,-8.24998784654541));
#6250=CARTESIAN_POINT('',(9.38819913921991,17.4,-5.72296989812631));
#6251=CARTESIAN_POINT('',(5.15189680164126,17.4,-3.4395149100554));
#6252=CARTESIAN_POINT('',(-3.24175901961653,17.4,-0.449987801841903));
#6253=CARTESIAN_POINT('',(-5.89757025788881,17.4,-0.449987801841903));
#6254=CARTESIAN_POINT('',(-1.62087950980808,17.4,-0.449987801841903));
#6255=CARTESIAN_POINT('',(-7.22547587702495,17.4,-2.74998780184191));
#6256=CARTESIAN_POINT('',(-5.0629487587056,17.4,0.995619039832686));
#6257=CARTESIAN_POINT('',(-5.89757025788881,17.4,-5.04998780184191));
#6258=CARTESIAN_POINT('',(-6.91768121651989,17.4,-3.28310379213511));
#6259=CARTESIAN_POINT('',(-3.24175901961654,17.4,-5.04998780184191));
#6260=CARTESIAN_POINT('',(-2.94878512894422,17.4,-5.04998780184191));
#6261=CARTESIAN_POINT('',(-1.9138534004804,17.4,-2.74998780184191));
#6262=CARTESIAN_POINT('',(-1.74318471086526,17.4,-2.45438096016732));
#6263=CARTESIAN_POINT('',(-2.27001154954341,17.4,-2.13310379213512));
#6264=CARTESIAN_POINT('',(-2.74286973441073,17.4,0.450012153454583));
#6265=CARTESIAN_POINT('',(-0.0870584961384511,17.4,0.450012153454583));
#6266=CARTESIAN_POINT('',(-1.37143486720517,17.4,0.450012153454583));
#6267=CARTESIAN_POINT('',(1.24084712299769,17.4,2.75001215345459));
#6268=CARTESIAN_POINT('',(-0.173606673346952,17.4,0.300106313226984));
#6269=CARTESIAN_POINT('',(-0.087058496138444,17.4,5.05001215345458));
#6270=CARTESIAN_POINT('',(1.68113632902494,17.4,1.98740887859119));
#6271=CARTESIAN_POINT('',(-2.74286973441072,17.4,5.05001215345458));
#6272=CARTESIAN_POINT('',(-0.0435292480690343,17.4,5.05001215345458));
#6273=CARTESIAN_POINT('',(-4.07077535354686,17.4,2.75001215345459));
#6274=CARTESIAN_POINT('',(-3.49337072118729,17.4,3.75010631322699));
#6275=CARTESIAN_POINT('',(-2.96653333795155,17.4,0.837408878591187));
#6276=CARTESIAN_POINT('',(6.10242974211119,17.4,10.5500121981581));
#6277=CARTESIAN_POINT('',(4.77452412297505,17.4,8.25001219815809));
#6278=CARTESIAN_POINT('',(3.05548138088719,17.4,5.27254282847938));
#6279=CARTESIAN_POINT('',(6.10242974211119,17.4,5.95001219815809));
#6280=CARTESIAN_POINT('',(5.96388864388732,17.4,6.18997241921819));
#6281=CARTESIAN_POINT('',(8.75824098038346,17.4,5.95001219815809));
#6282=CARTESIAN_POINT('',(3.05121487105579,17.4,5.95001219815809));
#6283=CARTESIAN_POINT('',(10.0861465995196,17.4,8.25001219815809));
#6284=CARTESIAN_POINT('',(6.37524542872753,17.4,1.82254282847939));
#6285=CARTESIAN_POINT('',(8.75824098038347,17.4,10.5500121981581));
#6286=CARTESIAN_POINT('',(10.6115583108638,17.4,7.33997241921819));
#6287=CARTESIAN_POINT('',(4.37912049019193,17.4,10.5500121981581));
#6288=CARTESIAN_POINT('',(-1.9138534004804,17.4,8.25001219815809));
#6289=CARTESIAN_POINT('',(-3.24175901961653,17.4,10.5500121981581));
#6290=CARTESIAN_POINT('',(0.11155831086379,17.4,4.74189620786489));
#6291=CARTESIAN_POINT('',(-5.89757025788881,17.4,10.5500121981581));
#6292=CARTESIAN_POINT('',(-1.62087950980807,17.4,10.5500121981581));
#6293=CARTESIAN_POINT('',(-7.22547587702495,17.4,8.25001219815809));
#6294=CARTESIAN_POINT('',(-7.44451861911281,17.4,7.87061903983269));
#6295=CARTESIAN_POINT('',(-5.89757025788881,17.4,5.95001219815809));
#6296=CARTESIAN_POINT('',(-4.53611135611269,17.4,3.59189620786489));
#6297=CARTESIAN_POINT('',(-3.24175901961654,17.4,5.95001219815809));
#6298=CARTESIAN_POINT('',(-2.94878512894422,17.4,5.95001219815809));
#6299=CARTESIAN_POINT('',(-4.12475457127247,17.4,4.42061903983269));
#6300=CARTESIAN_POINT('',(9.25713026558928,17.4,0.450012153454583));
#6301=CARTESIAN_POINT('',(11.9129415038615,17.4,0.450012153454583));
#6302=CARTESIAN_POINT('',(4.62856513279483,17.4,0.450012153454583));
#6303=CARTESIAN_POINT('',(13.2408471229977,17.4,2.75001215345459));
#6304=CARTESIAN_POINT('',(10.326393326653,17.4,-2.29796989812632));
#6305=CARTESIAN_POINT('',(11.9129415038615,17.4,5.05001215345458));
#6306=CARTESIAN_POINT('',(12.1811363290249,17.4,4.58548508994459));
#6307=CARTESIAN_POINT('',(9.25713026558928,17.4,5.05001215345458));
#6308=CARTESIAN_POINT('',(5.95647075193097,17.4,5.05001215345458));
#6309=CARTESIAN_POINT('',(7.92922464645314,17.4,2.75001215345459));
#6310=CARTESIAN_POINT('',(7.0066292788127,17.4,1.15203010187369));
#6311=CARTESIAN_POINT('',(7.53346666204846,17.4,3.43548508994459));
#6312=CARTESIAN_POINT('',(-14.7428697344107,17.4,0.450012153454583));
#6313=CARTESIAN_POINT('',(-12.0870584961385,17.4,0.450012153454583));
#6314=CARTESIAN_POINT('',(-7.37143486720517,17.4,0.450012153454583));
#6315=CARTESIAN_POINT('',(-10.7591528770023,17.4,2.75001215345459));
#6316=CARTESIAN_POINT('',(-10.673606673347,17.4,2.89818252458029));
#6317=CARTESIAN_POINT('',(-12.0870584961385,17.4,5.05001215345458));
#6318=CARTESIAN_POINT('',(-8.81886367097507,17.4,-0.610667332762112));
#6319=CARTESIAN_POINT('',(-14.7428697344107,17.4,5.05001215345458));
#6320=CARTESIAN_POINT('',(-6.04352924806903,17.4,5.05001215345458));
#6321=CARTESIAN_POINT('',(-16.0707753535469,17.4,2.75001215345459));
#6322=CARTESIAN_POINT('',(-13.9933707211873,17.4,6.34818252458028));
#6323=CARTESIAN_POINT('',(-13.4665333379516,17.4,-1.76066733276211));
#6324=CARTESIAN_POINT('',(6.10242974211119,17.4,-5.04998780184191));
#6325=CARTESIAN_POINT('',(8.75824098038346,17.4,-5.04998780184191));
#6326=CARTESIAN_POINT('',(3.05121487105578,17.4,-5.04998780184191));
#6327=CARTESIAN_POINT('',(10.0861465995196,17.4,-2.74998780184191));
#6328=CARTESIAN_POINT('',(8.75681528913474,17.4,-5.0524571715206));
#6329=CARTESIAN_POINT('',(8.75824098038347,17.4,-0.449987801841903));
#6330=CARTESIAN_POINT('',(8.2299884504566,17.4,0.464972419218185));
#6331=CARTESIAN_POINT('',(6.10242974211119,17.4,-0.449987801841903));
#6332=CARTESIAN_POINT('',(4.37912049019193,17.4,-0.449987801841903));
#6333=CARTESIAN_POINT('',(4.77452412297505,17.4,-2.74998780184191));
#6334=CARTESIAN_POINT('',(5.4370512412944,17.4,-1.60245717152062));
#6335=CARTESIAN_POINT('',(3.58231878348011,17.4,-0.685027580781808));
#6336=CARTESIAN_POINT('',(-2.74286973441073,17.4,-10.5499878465454));
#6337=CARTESIAN_POINT('',(-0.0870584961384511,17.4,-10.5499878465454));
#6338=CARTESIAN_POINT('',(-1.37143486720518,17.4,-10.5499878465454));
#6339=CARTESIAN_POINT('',(1.24084712299769,17.4,-8.24998784654541));
#6340=CARTESIAN_POINT('',(2.20796318706026,17.4,-6.57489368677302));
#6341=CARTESIAN_POINT('',(-0.087058496138444,17.4,-5.94998784654541));
#6342=CARTESIAN_POINT('',(-0.700433531382268,17.4,-4.88759112140881));
#6343=CARTESIAN_POINT('',(-2.74286973441072,17.4,-5.94998784654541));
#6344=CARTESIAN_POINT('',(-0.043529248069032,17.4,-5.94998784654541));
#6345=CARTESIAN_POINT('',(-4.07077535354686,17.4,-8.24998784654541));
#6346=CARTESIAN_POINT('',(-1.11180086078008,17.4,-3.12489368677301));
#6347=CARTESIAN_POINT('',(-5.34810319835875,17.4,-6.03759112140871));
#6348=CARTESIAN_POINT('',(-8.74286973441073,17.4,-10.5499878465454));
#6349=CARTESIAN_POINT('',(-6.08705849613845,17.4,-10.5499878465454));
#6350=CARTESIAN_POINT('',(-4.37143486720518,17.4,-10.5499878465454));
#6351=CARTESIAN_POINT('',(-4.75915287700231,17.4,-8.24998784654541));
#6352=CARTESIAN_POINT('',(-3.04203681293973,17.4,-5.27585558109641));
#6353=CARTESIAN_POINT('',(-6.08705849613844,17.4,-5.94998784654541));
#6354=CARTESIAN_POINT('',(-5.95043353138227,17.4,-6.18662922708541));
#6355=CARTESIAN_POINT('',(-8.74286973441072,17.4,-5.94998784654541));
#6356=CARTESIAN_POINT('',(-3.04352924806903,17.4,-5.94998784654541));
#6357=CARTESIAN_POINT('',(-10.0707753535469,17.4,-8.24998784654541));
#6358=CARTESIAN_POINT('',(-6.36180086078007,17.4,-1.82585558109641));
#6359=CARTESIAN_POINT('',(-10.5981031983588,17.4,-7.33662922708541));
#6360=CARTESIAN_POINT('',(16.0861465995196,17.4,-2.74998780184191));
#6361=CARTESIAN_POINT('',(14.7582409803835,17.4,-0.449987801841903));
#6362=CARTESIAN_POINT('',(13.4799884504566,17.4,1.76401052489489));
#6363=CARTESIAN_POINT('',(12.1024297421112,17.4,-0.449987801841903));
#6364=CARTESIAN_POINT('',(7.37912049019193,17.4,-0.449987801841903));
#6365=CARTESIAN_POINT('',(10.774524122975,17.4,-2.74998780184191));
#6366=CARTESIAN_POINT('',(10.6870512412944,17.4,-2.90149527719732));
#6367=CARTESIAN_POINT('',(12.1024297421112,17.4,-5.04998780184191));
#6368=CARTESIAN_POINT('',(8.83231878348012,17.4,0.614010524894887));
#6369=CARTESIAN_POINT('',(14.7582409803834,17.4,-5.04998780184191));
#6370=CARTESIAN_POINT('',(6.05121487105578,17.4,-5.04998780184191));
#6371=CARTESIAN_POINT('',(14.0068152891347,17.4,-6.35149527719731));
#6372=CARTESIAN_POINT('',(-11.8975702578888,17.4,-0.449987801841903));
#6373=CARTESIAN_POINT('',(-13.225475877025,17.4,-2.74998780184191));
#6374=CARTESIAN_POINT('',(-10.3129487587056,17.4,2.29465714550929));
#6375=CARTESIAN_POINT('',(-11.8975702578888,17.4,-5.04998780184191));
#6376=CARTESIAN_POINT('',(-12.1676812165199,17.4,-4.58214189781181));
#6377=CARTESIAN_POINT('',(-9.24175901961654,17.4,-5.04998780184191));
#6378=CARTESIAN_POINT('',(-5.94878512894422,17.4,-5.04998780184191));
#6379=CARTESIAN_POINT('',(-7.9138534004804,17.4,-2.74998780184191));
#6380=CARTESIAN_POINT('',(-6.99318471086526,17.4,-1.15534285449071));
#6381=CARTESIAN_POINT('',(-9.24175901961653,17.4,-0.449987801841903));
#6382=CARTESIAN_POINT('',(-7.52001154954341,17.4,-3.43214189781181));
#6383=CARTESIAN_POINT('',(-4.62087950980808,17.4,-0.449987801841903));
#6384=CARTESIAN_POINT('',(3.25713026558928,17.4,0.450012153454583));
#6385=CARTESIAN_POINT('',(5.91294150386155,17.4,0.450012153454583));
#6386=CARTESIAN_POINT('',(1.62856513279483,17.4,0.450012153454583));
#6387=CARTESIAN_POINT('',(7.24084712299769,17.4,2.75001215345459));
#6388=CARTESIAN_POINT('',(5.07639332665305,17.4,-0.998931792449712));
#6389=CARTESIAN_POINT('',(5.91294150386156,17.4,5.05001215345458));
#6390=CARTESIAN_POINT('',(6.93113632902494,17.4,3.28644698426788));
#6391=CARTESIAN_POINT('',(3.25713026558928,17.4,5.05001215345458));
#6392=CARTESIAN_POINT('',(2.95647075193097,17.4,5.05001215345458));
#6393=CARTESIAN_POINT('',(1.92922464645314,17.4,2.75001215345459));
#6394=CARTESIAN_POINT('',(1.75662927881271,17.4,2.45106820755029));
#6395=CARTESIAN_POINT('',(2.28346666204845,17.4,2.13644698426789));
#6396=CARTESIAN_POINT('',(0.102429742111184,17.4,5.95001219815809));
#6397=CARTESIAN_POINT('',(2.75824098038346,17.4,5.95001219815809));
#6398=CARTESIAN_POINT('',(0.0512148710557833,17.4,5.95001219815809));
#6399=CARTESIAN_POINT('',(4.08614659951961,17.4,8.25001219815809));
#6400=CARTESIAN_POINT('',(1.12524542872753,17.4,3.12158093415599));
#6401=CARTESIAN_POINT('',(2.75824098038347,17.4,10.5500121981581));
#6402=CARTESIAN_POINT('',(5.3615583108638,17.4,6.04093431354149));
#6403=CARTESIAN_POINT('',(0.102429742111189,17.4,10.5500121981581));
#6404=CARTESIAN_POINT('',(1.37912049019193,17.4,10.5500121981581));
#6405=CARTESIAN_POINT('',(-1.22547587702495,17.4,8.25001219815809));
#6406=CARTESIAN_POINT('',(-2.19451861911281,17.4,6.57158093415599));
#6407=CARTESIAN_POINT('',(0.71388864388731,17.4,4.89093431354149));
#6408=CARTESIAN_POINT('Origin',(21.8000000000007,15.8,-15.5));
#6409=CARTESIAN_POINT('',(-21.8,15.8,-15.5));
#6410=CARTESIAN_POINT('Origin',(0.102429742111184,17.4,5.95001219815809));
#6411=CARTESIAN_POINT('',(2.75824098038346,15.8,5.95001219815809));
#6412=CARTESIAN_POINT('',(0.102429742111184,15.8,5.95001219815809));
#6413=CARTESIAN_POINT('',(0.0512148710557833,15.8,5.95001219815809));
#6414=CARTESIAN_POINT('',(2.75824098038346,17.4,5.95001219815809));
#6415=CARTESIAN_POINT('',(0.102429742111184,17.4,5.95001219815809));
#6416=CARTESIAN_POINT('Origin',(-1.22547587702495,17.4,8.25001219815809));
#6417=CARTESIAN_POINT('',(-1.22547587702495,15.8,8.25001219815809));
#6418=CARTESIAN_POINT('',(0.71388864388731,15.8,4.89093431354159));
#6419=CARTESIAN_POINT('',(-1.22547587702495,17.4,8.25001219815809));
#6420=CARTESIAN_POINT('Origin',(0.102429742111189,17.4,10.5500121981581));
#6421=CARTESIAN_POINT('',(0.102429742111189,15.8,10.5500121981581));
#6422=CARTESIAN_POINT('',(-2.19451861911281,15.8,6.57158093415599));
#6423=CARTESIAN_POINT('',(0.102429742111189,17.4,10.5500121981581));
#6424=CARTESIAN_POINT('Origin',(2.75824098038347,17.4,10.5500121981581));
#6425=CARTESIAN_POINT('',(2.75824098038347,15.8,10.5500121981581));
#6426=CARTESIAN_POINT('',(1.37912049019193,15.8,10.5500121981581));
#6427=CARTESIAN_POINT('',(2.75824098038347,17.4,10.5500121981581));
#6428=CARTESIAN_POINT('Origin',(4.08614659951961,17.4,8.25001219815809));
#6429=CARTESIAN_POINT('',(4.08614659951961,15.8,8.25001219815809));
#6430=CARTESIAN_POINT('',(5.3615583108638,15.8,6.04093431354149));
#6431=CARTESIAN_POINT('',(4.08614659951961,17.4,8.25001219815809));
#6432=CARTESIAN_POINT('Origin',(2.75824098038346,17.4,5.95001219815809));
#6433=CARTESIAN_POINT('',(1.12524542872753,15.8,3.12158093415599));
#6434=CARTESIAN_POINT('Origin',(3.25713026558928,17.4,0.450012153454583));
#6435=CARTESIAN_POINT('',(5.91294150386155,15.8,0.450012153454583));
#6436=CARTESIAN_POINT('',(3.25713026558928,15.8,0.450012153454583));
#6437=CARTESIAN_POINT('',(1.62856513279483,15.8,0.450012153454583));
#6438=CARTESIAN_POINT('',(5.91294150386155,17.4,0.450012153454583));
#6439=CARTESIAN_POINT('',(3.25713026558928,17.4,0.450012153454583));
#6440=CARTESIAN_POINT('Origin',(1.92922464645314,17.4,2.75001215345459));
#6441=CARTESIAN_POINT('',(1.92922464645314,15.8,2.75001215345459));
#6442=CARTESIAN_POINT('',(2.28346666204845,15.8,2.13644698426789));
#6443=CARTESIAN_POINT('',(1.92922464645314,17.4,2.75001215345459));
#6444=CARTESIAN_POINT('Origin',(3.25713026558928,17.4,5.05001215345458));
#6445=CARTESIAN_POINT('',(3.25713026558928,15.8,5.05001215345458));
#6446=CARTESIAN_POINT('',(1.75662927881271,15.8,2.45106820755029));
#6447=CARTESIAN_POINT('',(3.25713026558928,17.4,5.05001215345458));
#6448=CARTESIAN_POINT('Origin',(5.91294150386156,17.4,5.05001215345458));
#6449=CARTESIAN_POINT('',(5.91294150386156,15.8,5.05001215345458));
#6450=CARTESIAN_POINT('',(2.95647075193097,15.8,5.05001215345458));
#6451=CARTESIAN_POINT('',(5.91294150386156,17.4,5.05001215345458));
#6452=CARTESIAN_POINT('Origin',(7.24084712299769,17.4,2.75001215345459));
#6453=CARTESIAN_POINT('',(7.24084712299769,15.8,2.75001215345459));
#6454=CARTESIAN_POINT('',(6.93113632902494,15.8,3.28644698426788));
#6455=CARTESIAN_POINT('',(7.24084712299769,17.4,2.75001215345459));
#6456=CARTESIAN_POINT('Origin',(5.91294150386155,17.4,0.450012153454583));
#6457=CARTESIAN_POINT('',(5.07639332665305,15.8,-0.998931792449712));
#6458=CARTESIAN_POINT('Origin',(-11.8975702578888,17.4,-0.449987801841903));
#6459=CARTESIAN_POINT('',(-13.225475877025,15.8,-2.74998780184191));
#6460=CARTESIAN_POINT('',(-11.8975702578888,15.8,-0.449987801841903));
#6461=CARTESIAN_POINT('',(-10.3129487587056,15.8,2.29465714550929));
#6462=CARTESIAN_POINT('',(-13.225475877025,17.4,-2.74998780184191));
#6463=CARTESIAN_POINT('',(-11.8975702578888,17.4,-0.449987801841903));
#6464=CARTESIAN_POINT('Origin',(-9.24175901961653,17.4,-0.449987801841903));
#6465=CARTESIAN_POINT('',(-9.24175901961653,15.8,-0.449987801841903));
#6466=CARTESIAN_POINT('',(-4.62087950980808,15.8,-0.449987801841903));
#6467=CARTESIAN_POINT('',(-9.24175901961653,17.4,-0.449987801841903));
#6468=CARTESIAN_POINT('Origin',(-7.9138534004804,17.4,-2.74998780184191));
#6469=CARTESIAN_POINT('',(-7.9138534004804,15.8,-2.74998780184191));
#6470=CARTESIAN_POINT('',(-7.52001154954341,15.8,-3.43214189781181));
#6471=CARTESIAN_POINT('',(-7.9138534004804,17.4,-2.74998780184191));
#6472=CARTESIAN_POINT('Origin',(-9.24175901961654,17.4,-5.04998780184191));
#6473=CARTESIAN_POINT('',(-9.24175901961654,15.8,-5.04998780184191));
#6474=CARTESIAN_POINT('',(-6.99318471086526,15.8,-1.15534285449071));
#6475=CARTESIAN_POINT('',(-9.24175901961654,17.4,-5.04998780184191));
#6476=CARTESIAN_POINT('Origin',(-11.8975702578888,17.4,-5.04998780184191));
#6477=CARTESIAN_POINT('',(-11.8975702578888,15.8,-5.04998780184191));
#6478=CARTESIAN_POINT('',(-5.94878512894422,15.8,-5.04998780184191));
#6479=CARTESIAN_POINT('',(-11.8975702578888,17.4,-5.04998780184191));
#6480=CARTESIAN_POINT('Origin',(-13.225475877025,17.4,-2.74998780184191));
#6481=CARTESIAN_POINT('',(-12.1676812165199,15.8,-4.58214189781181));
#6482=CARTESIAN_POINT('Origin',(16.0861465995196,17.4,-2.74998780184191));
#6483=CARTESIAN_POINT('',(14.7582409803835,15.8,-0.449987801841903));
#6484=CARTESIAN_POINT('',(16.0861465995196,15.8,-2.74998780184191));
#6485=CARTESIAN_POINT('',(13.4799884504566,15.8,1.76401052489489));
#6486=CARTESIAN_POINT('',(14.7582409803835,17.4,-0.449987801841903));
#6487=CARTESIAN_POINT('',(16.0861465995196,17.4,-2.74998780184191));
#6488=CARTESIAN_POINT('Origin',(14.7582409803834,17.4,-5.04998780184191));
#6489=CARTESIAN_POINT('',(14.7582409803834,15.8,-5.04998780184191));
#6490=CARTESIAN_POINT('',(14.0068152891347,15.8,-6.35149527719731));
#6491=CARTESIAN_POINT('',(14.7582409803834,17.4,-5.04998780184191));
#6492=CARTESIAN_POINT('Origin',(12.1024297421112,17.4,-5.04998780184191));
#6493=CARTESIAN_POINT('',(12.1024297421112,15.8,-5.04998780184191));
#6494=CARTESIAN_POINT('',(6.05121487105578,15.8,-5.04998780184191));
#6495=CARTESIAN_POINT('',(12.1024297421112,17.4,-5.04998780184191));
#6496=CARTESIAN_POINT('Origin',(10.774524122975,17.4,-2.74998780184191));
#6497=CARTESIAN_POINT('',(10.774524122975,15.8,-2.74998780184191));
#6498=CARTESIAN_POINT('',(8.83231878348012,15.8,0.614010524894887));
#6499=CARTESIAN_POINT('',(10.774524122975,17.4,-2.74998780184191));
#6500=CARTESIAN_POINT('Origin',(12.1024297421112,17.4,-0.449987801841903));
#6501=CARTESIAN_POINT('',(12.1024297421112,15.8,-0.449987801841903));
#6502=CARTESIAN_POINT('',(10.6870512412944,15.8,-2.90149527719732));
#6503=CARTESIAN_POINT('',(12.1024297421112,17.4,-0.449987801841903));
#6504=CARTESIAN_POINT('Origin',(14.7582409803835,17.4,-0.449987801841903));
#6505=CARTESIAN_POINT('',(7.37912049019193,15.8,-0.449987801841903));
#6506=CARTESIAN_POINT('Origin',(-8.74286973441073,17.4,-10.5499878465454));
#6507=CARTESIAN_POINT('',(-6.08705849613845,15.8,-10.5499878465454));
#6508=CARTESIAN_POINT('',(-8.74286973441073,15.8,-10.5499878465454));
#6509=CARTESIAN_POINT('',(-4.37143486720518,15.8,-10.5499878465454));
#6510=CARTESIAN_POINT('',(-6.08705849613845,17.4,-10.5499878465454));
#6511=CARTESIAN_POINT('',(-8.74286973441073,17.4,-10.5499878465454));
#6512=CARTESIAN_POINT('Origin',(-10.0707753535469,17.4,-8.24998784654541));
#6513=CARTESIAN_POINT('',(-10.0707753535469,15.8,-8.24998784654541));
#6514=CARTESIAN_POINT('',(-10.5981031983588,15.8,-7.33662922708541));
#6515=CARTESIAN_POINT('',(-10.0707753535469,17.4,-8.24998784654541));
#6516=CARTESIAN_POINT('Origin',(-8.74286973441072,17.4,-5.94998784654541));
#6517=CARTESIAN_POINT('',(-8.74286973441072,15.8,-5.94998784654541));
#6518=CARTESIAN_POINT('',(-6.36180086078007,15.8,-1.82585558109641));
#6519=CARTESIAN_POINT('',(-8.74286973441072,17.4,-5.94998784654541));
#6520=CARTESIAN_POINT('Origin',(-6.08705849613844,17.4,-5.94998784654541));
#6521=CARTESIAN_POINT('',(-6.08705849613844,15.8,-5.94998784654541));
#6522=CARTESIAN_POINT('',(-3.04352924806903,15.8,-5.94998784654541));
#6523=CARTESIAN_POINT('',(-6.08705849613844,17.4,-5.94998784654541));
#6524=CARTESIAN_POINT('Origin',(-4.75915287700231,17.4,-8.24998784654541));
#6525=CARTESIAN_POINT('',(-4.75915287700231,15.8,-8.24998784654541));
#6526=CARTESIAN_POINT('',(-5.95043353138227,15.8,-6.18662922708541));
#6527=CARTESIAN_POINT('',(-4.75915287700231,17.4,-8.24998784654541));
#6528=CARTESIAN_POINT('Origin',(-6.08705849613845,17.4,-10.5499878465454));
#6529=CARTESIAN_POINT('',(-3.04203681293973,15.8,-5.27585558109641));
#6530=CARTESIAN_POINT('Origin',(-2.74286973441073,17.4,-10.5499878465454));
#6531=CARTESIAN_POINT('',(-0.0870584961384511,15.8,-10.5499878465454));
#6532=CARTESIAN_POINT('',(-2.74286973441073,15.8,-10.5499878465454));
#6533=CARTESIAN_POINT('',(-1.37143486720518,15.8,-10.5499878465454));
#6534=CARTESIAN_POINT('',(-0.0870584961384511,17.4,-10.5499878465454));
#6535=CARTESIAN_POINT('',(-2.74286973441073,17.4,-10.5499878465454));
#6536=CARTESIAN_POINT('Origin',(-4.07077535354686,17.4,-8.24998784654541));
#6537=CARTESIAN_POINT('',(-4.07077535354686,15.8,-8.24998784654541));
#6538=CARTESIAN_POINT('',(-5.34810319835875,15.8,-6.03759112140871));
#6539=CARTESIAN_POINT('',(-4.07077535354686,17.4,-8.24998784654541));
#6540=CARTESIAN_POINT('Origin',(-2.74286973441072,17.4,-5.94998784654541));
#6541=CARTESIAN_POINT('',(-2.74286973441072,15.8,-5.94998784654541));
#6542=CARTESIAN_POINT('',(-1.11180086078008,15.8,-3.12489368677301));
#6543=CARTESIAN_POINT('',(-2.74286973441072,17.4,-5.94998784654541));
#6544=CARTESIAN_POINT('Origin',(-0.087058496138444,17.4,-5.94998784654541));
#6545=CARTESIAN_POINT('',(-0.087058496138444,15.8,-5.94998784654541));
#6546=CARTESIAN_POINT('',(-0.043529248069032,15.8,-5.94998784654541));
#6547=CARTESIAN_POINT('',(-0.087058496138444,17.4,-5.94998784654541));
#6548=CARTESIAN_POINT('Origin',(1.24084712299769,17.4,-8.24998784654541));
#6549=CARTESIAN_POINT('',(1.24084712299769,15.8,-8.24998784654541));
#6550=CARTESIAN_POINT('',(-0.700433531382268,15.8,-4.88759112140881));
#6551=CARTESIAN_POINT('',(1.24084712299769,17.4,-8.24998784654541));
#6552=CARTESIAN_POINT('Origin',(-0.0870584961384511,17.4,-10.5499878465454));
#6553=CARTESIAN_POINT('',(2.20796318706026,15.8,-6.57489368677302));
#6554=CARTESIAN_POINT('Origin',(6.10242974211119,17.4,-5.04998780184191));
#6555=CARTESIAN_POINT('',(8.75824098038346,15.8,-5.04998780184191));
#6556=CARTESIAN_POINT('',(6.10242974211119,15.8,-5.04998780184191));
#6557=CARTESIAN_POINT('',(3.05121487105578,15.8,-5.04998780184191));
#6558=CARTESIAN_POINT('',(8.75824098038346,17.4,-5.04998780184191));
#6559=CARTESIAN_POINT('',(6.10242974211119,17.4,-5.04998780184191));
#6560=CARTESIAN_POINT('Origin',(4.77452412297505,17.4,-2.74998780184191));
#6561=CARTESIAN_POINT('',(4.77452412297505,15.8,-2.74998780184191));
#6562=CARTESIAN_POINT('',(3.58231878348011,15.8,-0.685027580781808));
#6563=CARTESIAN_POINT('',(4.77452412297505,17.4,-2.74998780184191));
#6564=CARTESIAN_POINT('Origin',(6.10242974211119,17.4,-0.449987801841903));
#6565=CARTESIAN_POINT('',(6.10242974211119,15.8,-0.449987801841903));
#6566=CARTESIAN_POINT('',(5.4370512412944,15.8,-1.60245717152062));
#6567=CARTESIAN_POINT('',(6.10242974211119,17.4,-0.449987801841903));
#6568=CARTESIAN_POINT('Origin',(8.75824098038347,17.4,-0.449987801841903));
#6569=CARTESIAN_POINT('',(8.75824098038347,15.8,-0.449987801841903));
#6570=CARTESIAN_POINT('',(4.37912049019193,15.8,-0.449987801841903));
#6571=CARTESIAN_POINT('',(8.75824098038347,17.4,-0.449987801841903));
#6572=CARTESIAN_POINT('Origin',(10.0861465995196,17.4,-2.74998780184191));
#6573=CARTESIAN_POINT('',(10.0861465995196,15.8,-2.74998780184191));
#6574=CARTESIAN_POINT('',(8.2299884504566,15.8,0.464972419218185));
#6575=CARTESIAN_POINT('',(10.0861465995196,17.4,-2.74998780184191));
#6576=CARTESIAN_POINT('Origin',(8.75824098038346,17.4,-5.04998780184191));
#6577=CARTESIAN_POINT('',(8.75681528913474,15.8,-5.0524571715206));
#6578=CARTESIAN_POINT('Origin',(-14.7428697344107,17.4,0.450012153454583));
#6579=CARTESIAN_POINT('',(-12.0870584961385,15.8,0.450012153454583));
#6580=CARTESIAN_POINT('',(-14.7428697344107,15.8,0.450012153454583));
#6581=CARTESIAN_POINT('',(-7.37143486720517,15.8,0.450012153454583));
#6582=CARTESIAN_POINT('',(-12.0870584961385,17.4,0.450012153454583));
#6583=CARTESIAN_POINT('',(-14.7428697344107,17.4,0.450012153454583));
#6584=CARTESIAN_POINT('Origin',(-16.0707753535469,17.4,2.75001215345459));
#6585=CARTESIAN_POINT('',(-16.0707753535469,15.8,2.75001215345459));
#6586=CARTESIAN_POINT('',(-13.4665333379516,15.8,-1.76066733276211));
#6587=CARTESIAN_POINT('',(-16.0707753535469,17.4,2.75001215345459));
#6588=CARTESIAN_POINT('Origin',(-14.7428697344107,17.4,5.05001215345458));
#6589=CARTESIAN_POINT('',(-14.7428697344107,15.8,5.05001215345458));
#6590=CARTESIAN_POINT('',(-13.9933707211873,15.8,6.34818252458028));
#6591=CARTESIAN_POINT('',(-14.7428697344107,17.4,5.05001215345458));
#6592=CARTESIAN_POINT('Origin',(-12.0870584961385,17.4,5.05001215345458));
#6593=CARTESIAN_POINT('',(-12.0870584961385,15.8,5.05001215345458));
#6594=CARTESIAN_POINT('',(-6.04352924806903,15.8,5.05001215345458));
#6595=CARTESIAN_POINT('',(-12.0870584961385,17.4,5.05001215345458));
#6596=CARTESIAN_POINT('Origin',(-10.7591528770023,17.4,2.75001215345459));
#6597=CARTESIAN_POINT('',(-10.7591528770023,15.8,2.75001215345459));
#6598=CARTESIAN_POINT('',(-8.81886367097507,15.8,-0.610667332762112));
#6599=CARTESIAN_POINT('',(-10.7591528770023,17.4,2.75001215345459));
#6600=CARTESIAN_POINT('Origin',(-12.0870584961385,17.4,0.450012153454583));
#6601=CARTESIAN_POINT('',(-10.673606673347,15.8,2.89818252458029));
#6602=CARTESIAN_POINT('Origin',(9.25713026558928,17.4,0.450012153454583));
#6603=CARTESIAN_POINT('',(11.9129415038615,15.8,0.450012153454583));
#6604=CARTESIAN_POINT('',(9.25713026558928,15.8,0.450012153454583));
#6605=CARTESIAN_POINT('',(4.62856513279483,15.8,0.450012153454583));
#6606=CARTESIAN_POINT('',(11.9129415038615,17.4,0.450012153454583));
#6607=CARTESIAN_POINT('',(9.25713026558928,17.4,0.450012153454583));
#6608=CARTESIAN_POINT('Origin',(7.92922464645314,17.4,2.75001215345459));
#6609=CARTESIAN_POINT('',(7.92922464645314,15.8,2.75001215345459));
#6610=CARTESIAN_POINT('',(7.53346666204846,15.8,3.43548508994459));
#6611=CARTESIAN_POINT('',(7.92922464645314,17.4,2.75001215345459));
#6612=CARTESIAN_POINT('Origin',(9.25713026558928,17.4,5.05001215345458));
#6613=CARTESIAN_POINT('',(9.25713026558928,15.8,5.05001215345458));
#6614=CARTESIAN_POINT('',(7.0066292788127,15.8,1.15203010187369));
#6615=CARTESIAN_POINT('',(9.25713026558928,17.4,5.05001215345458));
#6616=CARTESIAN_POINT('Origin',(11.9129415038615,17.4,5.05001215345458));
#6617=CARTESIAN_POINT('',(11.9129415038615,15.8,5.05001215345458));
#6618=CARTESIAN_POINT('',(5.95647075193097,15.8,5.05001215345458));
#6619=CARTESIAN_POINT('',(11.9129415038615,17.4,5.05001215345458));
#6620=CARTESIAN_POINT('Origin',(13.2408471229977,17.4,2.75001215345459));
#6621=CARTESIAN_POINT('',(13.2408471229977,15.8,2.75001215345459));
#6622=CARTESIAN_POINT('',(12.1811363290249,15.8,4.58548508994459));
#6623=CARTESIAN_POINT('',(13.2408471229977,17.4,2.75001215345459));
#6624=CARTESIAN_POINT('Origin',(11.9129415038615,17.4,0.450012153454583));
#6625=CARTESIAN_POINT('',(10.326393326653,15.8,-2.29796989812632));
#6626=CARTESIAN_POINT('Origin',(-1.9138534004804,17.4,8.25001219815809));
#6627=CARTESIAN_POINT('',(-3.24175901961653,15.8,10.5500121981581));
#6628=CARTESIAN_POINT('',(-1.9138534004804,15.8,8.25001219815809));
#6629=CARTESIAN_POINT('',(0.11155831086379,15.8,4.74189620786489));
#6630=CARTESIAN_POINT('',(-3.24175901961653,17.4,10.5500121981581));
#6631=CARTESIAN_POINT('',(-1.9138534004804,17.4,8.25001219815809));
#6632=CARTESIAN_POINT('Origin',(-3.24175901961654,17.4,5.95001219815809));
#6633=CARTESIAN_POINT('',(-3.24175901961654,15.8,5.95001219815809));
#6634=CARTESIAN_POINT('',(-4.12475457127247,15.8,4.42061903983269));
#6635=CARTESIAN_POINT('',(-3.24175901961654,17.4,5.95001219815809));
#6636=CARTESIAN_POINT('Origin',(-5.89757025788881,17.4,5.95001219815809));
#6637=CARTESIAN_POINT('',(-5.89757025788881,15.8,5.95001219815809));
#6638=CARTESIAN_POINT('',(-2.94878512894422,15.8,5.95001219815809));
#6639=CARTESIAN_POINT('',(-5.89757025788881,17.4,5.95001219815809));
#6640=CARTESIAN_POINT('Origin',(-7.22547587702495,17.4,8.25001219815809));
#6641=CARTESIAN_POINT('',(-7.22547587702495,15.8,8.25001219815809));
#6642=CARTESIAN_POINT('',(-4.53611135611269,15.8,3.59189620786489));
#6643=CARTESIAN_POINT('',(-7.22547587702495,17.4,8.25001219815809));
#6644=CARTESIAN_POINT('Origin',(-5.89757025788881,17.4,10.5500121981581));
#6645=CARTESIAN_POINT('',(-5.89757025788881,15.8,10.5500121981581));
#6646=CARTESIAN_POINT('',(-7.44451861911281,15.8,7.87061903983269));
#6647=CARTESIAN_POINT('',(-5.89757025788881,17.4,10.5500121981581));
#6648=CARTESIAN_POINT('Origin',(-3.24175901961653,17.4,10.5500121981581));
#6649=CARTESIAN_POINT('',(-1.62087950980807,15.8,10.5500121981581));
#6650=CARTESIAN_POINT('Origin',(6.10242974211119,17.4,10.5500121981581));
#6651=CARTESIAN_POINT('',(4.77452412297505,15.8,8.25001219815809));
#6652=CARTESIAN_POINT('',(6.10242974211119,15.8,10.5500121981581));
#6653=CARTESIAN_POINT('',(3.05548138088719,15.8,5.27254282847938));
#6654=CARTESIAN_POINT('',(4.77452412297505,17.4,8.25001219815809));
#6655=CARTESIAN_POINT('',(6.10242974211119,17.4,10.5500121981581));
#6656=CARTESIAN_POINT('Origin',(8.75824098038347,17.4,10.5500121981581));
#6657=CARTESIAN_POINT('',(8.75824098038347,15.8,10.5500121981581));
#6658=CARTESIAN_POINT('',(4.37912049019193,15.8,10.5500121981581));
#6659=CARTESIAN_POINT('',(8.75824098038347,17.4,10.5500121981581));
#6660=CARTESIAN_POINT('Origin',(10.0861465995196,17.4,8.25001219815809));
#6661=CARTESIAN_POINT('',(10.0861465995196,15.8,8.25001219815809));
#6662=CARTESIAN_POINT('',(10.6115583108638,15.8,7.33997241921819));
#6663=CARTESIAN_POINT('',(10.0861465995196,17.4,8.25001219815809));
#6664=CARTESIAN_POINT('Origin',(8.75824098038346,17.4,5.95001219815809));
#6665=CARTESIAN_POINT('',(8.75824098038346,15.8,5.95001219815809));
#6666=CARTESIAN_POINT('',(6.37524542872753,15.8,1.82254282847939));
#6667=CARTESIAN_POINT('',(8.75824098038346,17.4,5.95001219815809));
#6668=CARTESIAN_POINT('Origin',(6.10242974211119,17.4,5.95001219815809));
#6669=CARTESIAN_POINT('',(6.10242974211119,15.8,5.95001219815809));
#6670=CARTESIAN_POINT('',(3.05121487105579,15.8,5.95001219815809));
#6671=CARTESIAN_POINT('',(6.10242974211119,17.4,5.95001219815809));
#6672=CARTESIAN_POINT('Origin',(4.77452412297505,17.4,8.25001219815809));
#6673=CARTESIAN_POINT('',(5.96388864388732,15.8,6.18997241921819));
#6674=CARTESIAN_POINT('Origin',(-2.74286973441073,17.4,0.450012153454583));
#6675=CARTESIAN_POINT('',(-0.0870584961384511,15.8,0.450012153454583));
#6676=CARTESIAN_POINT('',(-2.74286973441073,15.8,0.450012153454583));
#6677=CARTESIAN_POINT('',(-1.37143486720517,15.8,0.450012153454583));
#6678=CARTESIAN_POINT('',(-0.0870584961384511,17.4,0.450012153454583));
#6679=CARTESIAN_POINT('',(-2.74286973441073,17.4,0.450012153454583));
#6680=CARTESIAN_POINT('Origin',(-4.07077535354686,17.4,2.75001215345459));
#6681=CARTESIAN_POINT('',(-4.07077535354686,15.8,2.75001215345459));
#6682=CARTESIAN_POINT('',(-2.96653333795155,15.8,0.837408878591187));
#6683=CARTESIAN_POINT('',(-4.07077535354686,17.4,2.75001215345459));
#6684=CARTESIAN_POINT('Origin',(-2.74286973441072,17.4,5.05001215345458));
#6685=CARTESIAN_POINT('',(-2.74286973441072,15.8,5.05001215345458));
#6686=CARTESIAN_POINT('',(-3.49337072118729,15.8,3.75010631322699));
#6687=CARTESIAN_POINT('',(-2.74286973441072,17.4,5.05001215345458));
#6688=CARTESIAN_POINT('Origin',(-0.087058496138444,17.4,5.05001215345458));
#6689=CARTESIAN_POINT('',(-0.087058496138444,15.8,5.05001215345458));
#6690=CARTESIAN_POINT('',(-0.0435292480690343,15.8,5.05001215345458));
#6691=CARTESIAN_POINT('',(-0.087058496138444,17.4,5.05001215345458));
#6692=CARTESIAN_POINT('Origin',(1.24084712299769,17.4,2.75001215345459));
#6693=CARTESIAN_POINT('',(1.24084712299769,15.8,2.75001215345459));
#6694=CARTESIAN_POINT('',(1.68113632902494,15.8,1.98740887859119));
#6695=CARTESIAN_POINT('',(1.24084712299769,17.4,2.75001215345459));
#6696=CARTESIAN_POINT('Origin',(-0.0870584961384511,17.4,0.450012153454583));
#6697=CARTESIAN_POINT('',(-0.173606673346952,15.8,0.300106313226984));
#6698=CARTESIAN_POINT('Origin',(-3.24175901961653,17.4,-0.449987801841903));
#6699=CARTESIAN_POINT('',(-5.89757025788881,15.8,-0.449987801841903));
#6700=CARTESIAN_POINT('',(-3.24175901961653,15.8,-0.449987801841903));
#6701=CARTESIAN_POINT('',(-1.62087950980808,15.8,-0.449987801841903));
#6702=CARTESIAN_POINT('',(-5.89757025788881,17.4,-0.449987801841903));
#6703=CARTESIAN_POINT('',(-3.24175901961653,17.4,-0.449987801841903));
#6704=CARTESIAN_POINT('Origin',(-1.9138534004804,17.4,-2.74998780184191));
#6705=CARTESIAN_POINT('',(-1.9138534004804,15.8,-2.74998780184191));
#6706=CARTESIAN_POINT('',(-2.27001154954341,15.8,-2.13310379213512));
#6707=CARTESIAN_POINT('',(-1.9138534004804,17.4,-2.74998780184191));
#6708=CARTESIAN_POINT('Origin',(-3.24175901961654,17.4,-5.04998780184191));
#6709=CARTESIAN_POINT('',(-3.24175901961654,15.8,-5.04998780184191));
#6710=CARTESIAN_POINT('',(-1.74318471086526,15.8,-2.45438096016732));
#6711=CARTESIAN_POINT('',(-3.24175901961654,17.4,-5.04998780184191));
#6712=CARTESIAN_POINT('Origin',(-5.89757025788881,17.4,-5.04998780184191));
#6713=CARTESIAN_POINT('',(-5.89757025788881,15.8,-5.04998780184191));
#6714=CARTESIAN_POINT('',(-2.94878512894422,15.8,-5.04998780184191));
#6715=CARTESIAN_POINT('',(-5.89757025788881,17.4,-5.04998780184191));
#6716=CARTESIAN_POINT('Origin',(-7.22547587702495,17.4,-2.74998780184191));
#6717=CARTESIAN_POINT('',(-7.22547587702495,15.8,-2.74998780184191));
#6718=CARTESIAN_POINT('',(-6.91768121651989,15.8,-3.28310379213511));
#6719=CARTESIAN_POINT('',(-7.22547587702495,17.4,-2.74998780184191));
#6720=CARTESIAN_POINT('Origin',(-5.89757025788881,17.4,-0.449987801841903));
#6721=CARTESIAN_POINT('',(-5.0629487587056,15.8,0.995619039832686));
#6722=CARTESIAN_POINT('Origin',(9.25713026558928,17.4,-10.5499878465454));
#6723=CARTESIAN_POINT('',(11.9129415038615,15.8,-10.5499878465454));
#6724=CARTESIAN_POINT('',(9.25713026558928,15.8,-10.5499878465454));
#6725=CARTESIAN_POINT('',(4.62856513279482,15.8,-10.5499878465454));
#6726=CARTESIAN_POINT('',(11.9129415038615,17.4,-10.5499878465454));
#6727=CARTESIAN_POINT('',(9.25713026558928,17.4,-10.5499878465454));
#6728=CARTESIAN_POINT('Origin',(7.92922464645314,17.4,-8.24998784654541));
#6729=CARTESIAN_POINT('',(7.92922464645314,15.8,-8.24998784654541));
#6730=CARTESIAN_POINT('',(5.15189680164126,15.8,-3.4395149100554));
#6731=CARTESIAN_POINT('',(7.92922464645314,17.4,-8.24998784654541));
#6732=CARTESIAN_POINT('Origin',(9.25713026558928,17.4,-5.94998784654541));
#6733=CARTESIAN_POINT('',(9.25713026558928,15.8,-5.94998784654541));
#6734=CARTESIAN_POINT('',(9.38819913921991,15.8,-5.72296989812631));
#6735=CARTESIAN_POINT('',(9.25713026558928,17.4,-5.94998784654541));
#6736=CARTESIAN_POINT('Origin',(11.9129415038615,17.4,-5.94998784654541));
#6737=CARTESIAN_POINT('',(11.9129415038615,15.8,-5.94998784654541));
#6738=CARTESIAN_POINT('',(5.95647075193097,15.8,-5.94998784654541));
#6739=CARTESIAN_POINT('',(11.9129415038615,17.4,-5.94998784654541));
#6740=CARTESIAN_POINT('Origin',(13.2408471229977,17.4,-8.24998784654541));
#6741=CARTESIAN_POINT('',(13.2408471229977,15.8,-8.24998784654541));
#6742=CARTESIAN_POINT('',(9.79956646861774,15.8,-2.28951491005541));
#6743=CARTESIAN_POINT('',(13.2408471229977,17.4,-8.24998784654541));
#6744=CARTESIAN_POINT('Origin',(11.9129415038615,17.4,-10.5499878465454));
#6745=CARTESIAN_POINT('',(12.7079631870602,15.8,-9.17296989812632));
#6746=CARTESIAN_POINT('Origin',(-16.0707753535469,17.4,-8.24998784654541));
#6747=CARTESIAN_POINT('',(-14.7428697344107,15.8,-10.5499878465454));
#6748=CARTESIAN_POINT('',(-16.0707753535469,15.8,-8.24998784654541));
#6749=CARTESIAN_POINT('',(-15.8481031983588,15.8,-8.63566733276211));
#6750=CARTESIAN_POINT('',(-14.7428697344107,17.4,-10.5499878465454));
#6751=CARTESIAN_POINT('',(-16.0707753535469,17.4,-8.24998784654541));
#6752=CARTESIAN_POINT('Origin',(-14.7428697344107,17.4,-5.94998784654541));
#6753=CARTESIAN_POINT('',(-14.7428697344107,15.8,-5.94998784654541));
#6754=CARTESIAN_POINT('',(-11.6118008607801,15.8,-0.526817475419708));
#6755=CARTESIAN_POINT('',(-14.7428697344107,17.4,-5.94998784654541));
#6756=CARTESIAN_POINT('Origin',(-12.0870584961385,17.4,-5.94998784654541));
#6757=CARTESIAN_POINT('',(-12.0870584961385,15.8,-5.94998784654541));
#6758=CARTESIAN_POINT('',(-6.04352924806903,15.8,-5.94998784654541));
#6759=CARTESIAN_POINT('',(-12.0870584961385,17.4,-5.94998784654541));
#6760=CARTESIAN_POINT('Origin',(-10.7591528770023,17.4,-8.24998784654541));
#6761=CARTESIAN_POINT('',(-10.7591528770023,15.8,-8.24998784654541));
#6762=CARTESIAN_POINT('',(-11.2004335313823,15.8,-7.48566733276211));
#6763=CARTESIAN_POINT('',(-10.7591528770023,17.4,-8.24998784654541));
#6764=CARTESIAN_POINT('Origin',(-12.0870584961385,17.4,-10.5499878465454));
#6765=CARTESIAN_POINT('',(-12.0870584961385,15.8,-10.5499878465454));
#6766=CARTESIAN_POINT('',(-8.29203681293973,15.8,-3.97681747541971));
#6767=CARTESIAN_POINT('',(-12.0870584961385,17.4,-10.5499878465454));
#6768=CARTESIAN_POINT('Origin',(-14.7428697344107,17.4,-10.5499878465454));
#6769=CARTESIAN_POINT('',(-7.37143486720518,15.8,-10.5499878465454));
#6770=CARTESIAN_POINT('Origin',(3.25713026558928,17.4,-10.5499878465454));
#6771=CARTESIAN_POINT('',(5.91294150386155,15.8,-10.5499878465454));
#6772=CARTESIAN_POINT('',(3.25713026558928,15.8,-10.5499878465454));
#6773=CARTESIAN_POINT('',(1.62856513279482,15.8,-10.5499878465454));
#6774=CARTESIAN_POINT('',(5.91294150386155,17.4,-10.5499878465454));
#6775=CARTESIAN_POINT('',(3.25713026558928,17.4,-10.5499878465454));
#6776=CARTESIAN_POINT('Origin',(1.92922464645314,17.4,-8.24998784654541));
#6777=CARTESIAN_POINT('',(1.92922464645314,15.8,-8.24998784654541));
#6778=CARTESIAN_POINT('',(-0.0981031983587513,15.8,-4.73855301573211));
#6779=CARTESIAN_POINT('',(1.92922464645314,17.4,-8.24998784654541));
#6780=CARTESIAN_POINT('Origin',(3.25713026558928,17.4,-5.94998784654541));
#6781=CARTESIAN_POINT('',(3.25713026558928,15.8,-5.94998784654541));
#6782=CARTESIAN_POINT('',(4.13819913921992,15.8,-4.42393179244971));
#6783=CARTESIAN_POINT('',(3.25713026558928,17.4,-5.94998784654541));
#6784=CARTESIAN_POINT('Origin',(5.91294150386156,17.4,-5.94998784654541));
#6785=CARTESIAN_POINT('',(5.91294150386156,15.8,-5.94998784654541));
#6786=CARTESIAN_POINT('',(2.95647075193097,15.8,-5.94998784654541));
#6787=CARTESIAN_POINT('',(5.91294150386156,17.4,-5.94998784654541));
#6788=CARTESIAN_POINT('Origin',(7.24084712299769,17.4,-8.24998784654541));
#6789=CARTESIAN_POINT('',(7.24084712299769,15.8,-8.24998784654541));
#6790=CARTESIAN_POINT('',(4.54956646861774,15.8,-3.58855301573211));
#6791=CARTESIAN_POINT('',(7.24084712299769,17.4,-8.24998784654541));
#6792=CARTESIAN_POINT('Origin',(5.91294150386155,17.4,-10.5499878465454));
#6793=CARTESIAN_POINT('',(7.45796318706026,15.8,-7.87393179244971));
#6794=CARTESIAN_POINT('Origin',(4.08614659951961,17.4,-2.74998780184191));
#6795=CARTESIAN_POINT('',(2.75824098038347,15.8,-0.449987801841903));
#6796=CARTESIAN_POINT('',(4.08614659951961,15.8,-2.74998780184191));
#6797=CARTESIAN_POINT('',(2.9799884504566,15.8,-0.834065686458413));
#6798=CARTESIAN_POINT('',(2.75824098038347,17.4,-0.449987801841903));
#6799=CARTESIAN_POINT('',(4.08614659951961,17.4,-2.74998780184191));
#6800=CARTESIAN_POINT('Origin',(2.75824098038346,17.4,-5.04998780184191));
#6801=CARTESIAN_POINT('',(2.75824098038346,15.8,-5.04998780184191));
#6802=CARTESIAN_POINT('',(3.50681528913474,15.8,-3.75341906584401));
#6803=CARTESIAN_POINT('',(2.75824098038346,17.4,-5.04998780184191));
#6804=CARTESIAN_POINT('Origin',(0.102429742111184,17.4,-5.04998780184191));
#6805=CARTESIAN_POINT('',(0.102429742111184,15.8,-5.04998780184191));
#6806=CARTESIAN_POINT('',(0.0512148710557777,15.8,-5.04998780184191));
#6807=CARTESIAN_POINT('',(0.102429742111184,17.4,-5.04998780184191));
#6808=CARTESIAN_POINT('Origin',(-1.22547587702495,17.4,-2.74998780184191));
#6809=CARTESIAN_POINT('',(-1.22547587702495,15.8,-2.74998780184191));
#6810=CARTESIAN_POINT('',(-1.66768121651989,15.8,-1.98406568645841));
#6811=CARTESIAN_POINT('',(-1.22547587702495,17.4,-2.74998780184191));
#6812=CARTESIAN_POINT('Origin',(0.102429742111189,17.4,-0.449987801841903));
#6813=CARTESIAN_POINT('',(0.102429742111189,15.8,-0.449987801841903));
#6814=CARTESIAN_POINT('',(0.187051241294394,15.8,-0.303419065844018));
#6815=CARTESIAN_POINT('',(0.102429742111189,17.4,-0.449987801841903));
#6816=CARTESIAN_POINT('Origin',(2.75824098038347,17.4,-0.449987801841903));
#6817=CARTESIAN_POINT('',(1.37912049019192,15.8,-0.449987801841903));
#6818=CARTESIAN_POINT('Origin',(-8.74286973441073,17.4,0.450012153454583));
#6819=CARTESIAN_POINT('',(-6.08705849613845,15.8,0.450012153454583));
#6820=CARTESIAN_POINT('',(-8.74286973441073,15.8,0.450012153454583));
#6821=CARTESIAN_POINT('',(-4.37143486720517,15.8,0.450012153454583));
#6822=CARTESIAN_POINT('',(-6.08705849613845,17.4,0.450012153454583));
#6823=CARTESIAN_POINT('',(-8.74286973441073,17.4,0.450012153454583));
#6824=CARTESIAN_POINT('Origin',(-10.0707753535469,17.4,2.75001215345459));
#6825=CARTESIAN_POINT('',(-10.0707753535469,15.8,2.75001215345459));
#6826=CARTESIAN_POINT('',(-8.21653333795155,15.8,-0.46162922708541));
#6827=CARTESIAN_POINT('',(-10.0707753535469,17.4,2.75001215345459));
#6828=CARTESIAN_POINT('Origin',(-8.74286973441072,17.4,5.05001215345458));
#6829=CARTESIAN_POINT('',(-8.74286973441072,15.8,5.05001215345458));
#6830=CARTESIAN_POINT('',(-8.74337072118729,15.8,5.04914441890369));
#6831=CARTESIAN_POINT('',(-8.74286973441072,17.4,5.05001215345458));
#6832=CARTESIAN_POINT('Origin',(-6.08705849613844,17.4,5.05001215345458));
#6833=CARTESIAN_POINT('',(-6.08705849613844,15.8,5.05001215345458));
#6834=CARTESIAN_POINT('',(-3.04352924806903,15.8,5.05001215345458));
#6835=CARTESIAN_POINT('',(-6.08705849613844,17.4,5.05001215345458));
#6836=CARTESIAN_POINT('Origin',(-4.75915287700231,17.4,2.75001215345459));
#6837=CARTESIAN_POINT('',(-4.75915287700231,15.8,2.75001215345459));
#6838=CARTESIAN_POINT('',(-3.56886367097507,15.8,0.688370772914592));
#6839=CARTESIAN_POINT('',(-4.75915287700231,17.4,2.75001215345459));
#6840=CARTESIAN_POINT('Origin',(-6.08705849613845,17.4,0.450012153454583));
#6841=CARTESIAN_POINT('',(-5.42360667334695,15.8,1.59914441890369));
#6842=CARTESIAN_POINT('Origin',(10.774524122975,17.4,8.25001219815809));
#6843=CARTESIAN_POINT('',(12.1024297421112,15.8,5.95001219815809));
#6844=CARTESIAN_POINT('',(10.774524122975,15.8,8.25001219815809));
#6845=CARTESIAN_POINT('',(11.2138886438873,15.8,7.48901052489489));
#6846=CARTESIAN_POINT('',(12.1024297421112,17.4,5.95001219815809));
#6847=CARTESIAN_POINT('',(10.774524122975,17.4,8.25001219815809));
#6848=CARTESIAN_POINT('Origin',(12.1024297421112,17.4,10.5500121981581));
#6849=CARTESIAN_POINT('',(12.1024297421112,15.8,10.5500121981581));
#6850=CARTESIAN_POINT('',(8.30548138088719,15.8,3.97350472280269));
#6851=CARTESIAN_POINT('',(12.1024297421112,17.4,10.5500121981581));
#6852=CARTESIAN_POINT('Origin',(14.7582409803835,17.4,10.5500121981581));
#6853=CARTESIAN_POINT('',(14.7582409803835,15.8,10.5500121981581));
#6854=CARTESIAN_POINT('',(7.37912049019193,15.8,10.5500121981581));
#6855=CARTESIAN_POINT('',(14.7582409803835,17.4,10.5500121981581));
#6856=CARTESIAN_POINT('Origin',(16.0861465995196,17.4,8.25001219815809));
#6857=CARTESIAN_POINT('',(16.0861465995196,15.8,8.25001219815809));
#6858=CARTESIAN_POINT('',(15.8615583108638,15.8,8.63901052489489));
#6859=CARTESIAN_POINT('',(16.0861465995196,17.4,8.25001219815809));
#6860=CARTESIAN_POINT('Origin',(14.7582409803834,17.4,5.95001219815809));
#6861=CARTESIAN_POINT('',(14.7582409803834,15.8,5.95001219815809));
#6862=CARTESIAN_POINT('',(11.6252454287275,15.8,0.523504722802691));
#6863=CARTESIAN_POINT('',(14.7582409803834,17.4,5.95001219815809));
#6864=CARTESIAN_POINT('Origin',(12.1024297421112,17.4,5.95001219815809));
#6865=CARTESIAN_POINT('',(6.05121487105579,15.8,5.95001219815809));
#6866=CARTESIAN_POINT('Origin',(-9.24175901961653,17.4,10.5500121981581));
#6867=CARTESIAN_POINT('',(-11.8975702578888,15.8,10.5500121981581));
#6868=CARTESIAN_POINT('',(-9.24175901961653,15.8,10.5500121981581));
#6869=CARTESIAN_POINT('',(-4.62087950980807,15.8,10.5500121981581));
#6870=CARTESIAN_POINT('',(-11.8975702578888,17.4,10.5500121981581));
#6871=CARTESIAN_POINT('',(-9.24175901961653,17.4,10.5500121981581));
#6872=CARTESIAN_POINT('Origin',(-7.9138534004804,17.4,8.25001219815809));
#6873=CARTESIAN_POINT('',(-7.9138534004804,15.8,8.25001219815809));
#6874=CARTESIAN_POINT('',(-5.13844168913622,15.8,3.44285810218819));
#6875=CARTESIAN_POINT('',(-7.9138534004804,17.4,8.25001219815809));
#6876=CARTESIAN_POINT('Origin',(-9.24175901961654,17.4,5.95001219815809));
#6877=CARTESIAN_POINT('',(-9.24175901961654,15.8,5.95001219815809));
#6878=CARTESIAN_POINT('',(-9.37475457127247,15.8,5.71965714550938));
#6879=CARTESIAN_POINT('',(-9.24175901961654,17.4,5.95001219815809));
#6880=CARTESIAN_POINT('Origin',(-11.8975702578888,17.4,5.95001219815809));
#6881=CARTESIAN_POINT('',(-11.8975702578888,15.8,5.95001219815809));
#6882=CARTESIAN_POINT('',(-5.94878512894422,15.8,5.95001219815809));
#6883=CARTESIAN_POINT('',(-11.8975702578888,17.4,5.95001219815809));
#6884=CARTESIAN_POINT('Origin',(-13.225475877025,17.4,8.25001219815809));
#6885=CARTESIAN_POINT('',(-13.225475877025,15.8,8.25001219815809));
#6886=CARTESIAN_POINT('',(-9.7861113561127,15.8,2.29285810218819));
#6887=CARTESIAN_POINT('',(-13.225475877025,17.4,8.25001219815809));
#6888=CARTESIAN_POINT('Origin',(-11.8975702578888,17.4,10.5500121981581));
#6889=CARTESIAN_POINT('',(-12.6945186191128,15.8,9.16965714550929));
#6890=CARTESIAN_POINT('Origin',(9.20000000000019,15.3,-12.25));
#6891=CARTESIAN_POINT('',(17.4,15.8,-11.75));
#6892=CARTESIAN_POINT('',(18.4,14.8,-12.75));
#6893=CARTESIAN_POINT('',(13.3458333333333,19.8541666666666,-7.69583333333342));
#6894=CARTESIAN_POINT('',(-17.4,15.8,-11.75));
#6895=CARTESIAN_POINT('',(9.20000000000019,15.8,-11.75));
#6896=CARTESIAN_POINT('',(-18.4,14.8,-12.75));
#6897=CARTESIAN_POINT('',(-12.4041666666666,20.7958333333334,-6.75416666666661));
#6898=CARTESIAN_POINT('',(9.20000000000019,14.8,-12.75));
#6899=CARTESIAN_POINT('Origin',(17.9,15.3,6.37499999999999));
#6900=CARTESIAN_POINT('',(18.4,14.8,12.75));
#6901=CARTESIAN_POINT('',(18.4,14.8,6.37499999999999));
#6902=CARTESIAN_POINT('',(17.4,15.8,11.75));
#6903=CARTESIAN_POINT('',(12.4041666666667,20.7958333333333,6.75416666666669));
#6904=CARTESIAN_POINT('',(17.4,15.8,6.37499999999999));
#6905=CARTESIAN_POINT('Origin',(18.4,15.8,-12.75));
#6906=CARTESIAN_POINT('',(-18.4,8.8,-12.75));
#6907=CARTESIAN_POINT('',(-18.4,15.8,-12.75));
#6908=CARTESIAN_POINT('',(18.4,8.8,-12.75));
#6909=CARTESIAN_POINT('',(9.20000000000003,8.8,-12.75));
#6910=CARTESIAN_POINT('',(18.4,15.8,-12.75));
#6911=CARTESIAN_POINT('Origin',(-9.19999999999979,15.3,12.25));
#6912=CARTESIAN_POINT('',(-17.4,15.8,11.75));
#6913=CARTESIAN_POINT('',(-18.4,14.8,12.75));
#6914=CARTESIAN_POINT('',(-13.3458333333333,19.8541666666667,7.69583333333329));
#6915=CARTESIAN_POINT('',(-9.19999999999979,15.8,11.75));
#6916=CARTESIAN_POINT('',(-9.19999999999979,14.8,12.75));
#6917=CARTESIAN_POINT('Origin',(-17.9,15.3,-6.37500000000001));
#6918=CARTESIAN_POINT('',(-17.4,15.8,-6.37500000000001));
#6919=CARTESIAN_POINT('',(-18.4,14.8,-6.37500000000001));
#6920=CARTESIAN_POINT('Origin',(-18.4,15.8,12.75));
#6921=CARTESIAN_POINT('',(18.4,8.8,12.75));
#6922=CARTESIAN_POINT('',(18.4,15.8,12.75));
#6923=CARTESIAN_POINT('',(-18.4,8.8,12.75));
#6924=CARTESIAN_POINT('',(-9.19999999999997,8.8,12.75));
#6925=CARTESIAN_POINT('',(-18.4,15.8,12.75));
#6926=CARTESIAN_POINT('Origin',(-18.4,15.8,-12.75));
#6927=CARTESIAN_POINT('',(-18.4,8.8,-6.37500000000001));
#6928=CARTESIAN_POINT('Origin',(18.4,15.8,12.75));
#6929=CARTESIAN_POINT('',(18.4,8.8,6.37499999999999));
#6930=CARTESIAN_POINT('Origin',(10.1,14.4839181399545,14.1456139503413));
#6931=CARTESIAN_POINT('',(-19.1833333333333,8.80000000000001,13.3877581983474));
#6932=CARTESIAN_POINT('',(19.1833333333333,8.8,13.3877581983474));
#6933=CARTESIAN_POINT('',(5.05000000000003,8.8,13.3877581983474));
#6934=CARTESIAN_POINT('',(19.695575134986,12.6418135123946,13.9));
#6935=CARTESIAN_POINT('',(19.6799669551071,12.5247521633029,13.8843918201211));
#6936=CARTESIAN_POINT('',(-19.6955751349859,12.6418135123946,13.9));
#6937=CARTESIAN_POINT('',(15.15,12.6418135123947,13.9));
#6938=CARTESIAN_POINT('',(-19.6258897018882,12.1191727641613,13.8303145669022));
#6939=CARTESIAN_POINT('Origin',(19.95,14.55,-6.95000000000002));
#6940=CARTESIAN_POINT('',(19.1833333333333,8.8,-13.3877581983474));
#6941=CARTESIAN_POINT('',(19.1833333333333,8.8,-3.47500000000001));
#6942=CARTESIAN_POINT('',(19.695575134986,12.6418135123946,-13.9));
#6943=CARTESIAN_POINT('',(19.6258897018882,12.1191727641613,-13.8303145669022));
#6944=CARTESIAN_POINT('',(20.05,15.3,-13.9));
#6945=CARTESIAN_POINT('',(19.6812227074236,12.5341703056768,-13.9));
#6946=CARTESIAN_POINT('',(20.05,15.3,13.9));
#6947=CARTESIAN_POINT('',(20.05,15.3,-6.95000000000002));
#6948=CARTESIAN_POINT('',(20.0340611353712,15.1804585152838,13.9));
#6949=CARTESIAN_POINT('Origin',(-10.1,14.4839181399545,-14.1456139503413));
#6950=CARTESIAN_POINT('',(-19.1833333333333,8.8,-13.3877581983474));
#6951=CARTESIAN_POINT('',(-5.04999999999997,8.8,-13.3877581983474));
#6952=CARTESIAN_POINT('',(-19.6955751349859,12.6418135123946,-13.9));
#6953=CARTESIAN_POINT('',(-19.679966955107,12.5247521633029,-13.8843918201211));
#6954=CARTESIAN_POINT('',(-15.15,12.6418135123946,-13.9));
#6955=CARTESIAN_POINT('Origin',(-19.95,14.55,6.94999999999999));
#6956=CARTESIAN_POINT('',(-19.1833333333333,8.8,3.47499999999999));
#6957=CARTESIAN_POINT('',(-20.05,15.3,13.9));
#6958=CARTESIAN_POINT('',(-19.6812227074236,12.5341703056768,13.9));
#6959=CARTESIAN_POINT('',(-20.05,15.3,-13.9));
#6960=CARTESIAN_POINT('',(-20.05,15.3,6.94999999999999));
#6961=CARTESIAN_POINT('',(-20.0340611353712,15.1804585152838,-13.9));
#6962=CARTESIAN_POINT('Origin',(-20.05,15.8,13.9));
#6963=CARTESIAN_POINT('',(-20.05,15.8,13.9));
#6964=CARTESIAN_POINT('',(-20.05,15.8,13.9));
#6965=CARTESIAN_POINT('',(-20.05,15.8,-13.9));
#6966=CARTESIAN_POINT('',(-20.05,15.8,6.94999999999999));
#6967=CARTESIAN_POINT('',(-20.05,15.8,-13.9));
#6968=CARTESIAN_POINT('Origin',(20.2,15.8,13.9));
#6969=CARTESIAN_POINT('',(20.05,15.8,13.9));
#6970=CARTESIAN_POINT('',(10.1000000000002,15.8,13.9));
#6971=CARTESIAN_POINT('',(20.05,15.8,13.9));
#6972=CARTESIAN_POINT('Origin',(4.88498130835069E-14,8.8,-1.29306967648234E-14));
#6973=CARTESIAN_POINT('Origin',(20.05,15.8,-13.9));
#6974=CARTESIAN_POINT('',(20.05,15.8,-13.9));
#6975=CARTESIAN_POINT('',(20.05,15.8,-13.9));
#6976=CARTESIAN_POINT('',(20.05,15.8,-6.95000000000002));
#6977=CARTESIAN_POINT('Origin',(-20.2,15.8,-13.9));
#6978=CARTESIAN_POINT('',(-10.0999999999998,15.8,-13.9));
#6979=CARTESIAN_POINT('Origin',(3.77475828372554E-13,15.8,-1.41553435639707E-14));
#6980=CARTESIAN_POINT('',(21.8000000000007,15.8,15.5));
#6981=CARTESIAN_POINT('',(-21.8,15.8,15.5));
#6982=CARTESIAN_POINT('Origin',(-21.8,15.8,-15.5));
#6983=CARTESIAN_POINT('Origin',(-21.8,15.8,15.5));
#6984=CARTESIAN_POINT('Origin',(3.77475828372554E-13,15.8,-1.41553435639707E-14));
#6985=CARTESIAN_POINT('',(61.8870556240542,63.9879638872241,-3.44351923805946));
#6986=CARTESIAN_POINT('',(23.4619138574737,63.857963887224,18.4145989158936));
#6987=CARTESIAN_POINT('',(23.4619138574733,63.8579638872242,18.4145989158938));
#6988=UNCERTAINTY_MEASURE_WITH_UNIT(LENGTH_MEASURE(0.01),#6998,
'DISTANCE_ACCURACY_VALUE',
'Maximum model space distance between geometric entities at asserted c
onnectivities');
#6989=UNCERTAINTY_MEASURE_WITH_UNIT(LENGTH_MEASURE(0.01),#6998,
'DISTANCE_ACCURACY_VALUE',
'Maximum model space distance between geometric entities at asserted c
onnectivities');
#6990=UNCERTAINTY_MEASURE_WITH_UNIT(LENGTH_MEASURE(0.01),#6998,
'DISTANCE_ACCURACY_VALUE',
'Maximum model space distance between geometric entities at asserted c
onnectivities');
#6991=UNCERTAINTY_MEASURE_WITH_UNIT(LENGTH_MEASURE(0.01),#6998,
'DISTANCE_ACCURACY_VALUE',
'Maximum model space distance between geometric entities at asserted c
onnectivities');
#6992=UNCERTAINTY_MEASURE_WITH_UNIT(LENGTH_MEASURE(0.01),#6998,
'DISTANCE_ACCURACY_VALUE',
'Maximum model space distance between geometric entities at asserted c
onnectivities');
#6993=(
GEOMETRIC_REPRESENTATION_CONTEXT(3)
GLOBAL_UNCERTAINTY_ASSIGNED_CONTEXT((#6988))
GLOBAL_UNIT_ASSIGNED_CONTEXT((#6998,#7000,#7001))
REPRESENTATION_CONTEXT('','3D')
);
#6994=(
GEOMETRIC_REPRESENTATION_CONTEXT(3)
GLOBAL_UNCERTAINTY_ASSIGNED_CONTEXT((#6989))
GLOBAL_UNIT_ASSIGNED_CONTEXT((#6998,#7000,#7001))
REPRESENTATION_CONTEXT('','3D')
);
#6995=(
GEOMETRIC_REPRESENTATION_CONTEXT(3)
GLOBAL_UNCERTAINTY_ASSIGNED_CONTEXT((#6990))
GLOBAL_UNIT_ASSIGNED_CONTEXT((#6998,#7000,#7001))
REPRESENTATION_CONTEXT('','3D')
);
#6996=(
GEOMETRIC_REPRESENTATION_CONTEXT(3)
GLOBAL_UNCERTAINTY_ASSIGNED_CONTEXT((#6991))
GLOBAL_UNIT_ASSIGNED_CONTEXT((#6998,#7000,#7001))
REPRESENTATION_CONTEXT('','3D')
);
#6997=(
GEOMETRIC_REPRESENTATION_CONTEXT(3)
GLOBAL_UNCERTAINTY_ASSIGNED_CONTEXT((#6992))
GLOBAL_UNIT_ASSIGNED_CONTEXT((#6998,#7000,#7001))
REPRESENTATION_CONTEXT('','3D')
);
#6998=(
LENGTH_UNIT()
NAMED_UNIT(*)
SI_UNIT(.MILLI.,.METRE.)
);
#6999=(
LENGTH_UNIT()
NAMED_UNIT(*)
SI_UNIT($,.METRE.)
);
#7000=(
NAMED_UNIT(*)
PLANE_ANGLE_UNIT()
SI_UNIT($,.RADIAN.)
);
#7001=(
NAMED_UNIT(*)
SI_UNIT($,.STERADIAN.)
SOLID_ANGLE_UNIT()
);
#7002=SHAPE_DEFINITION_REPRESENTATION(#7006,#7013);
#7003=SHAPE_DEFINITION_REPRESENTATION(#7007,#7014);
#7004=SHAPE_DEFINITION_REPRESENTATION(#7008,#7015);
#7005=SHAPE_DEFINITION_REPRESENTATION(#7009,#7016);
#7006=PRODUCT_DEFINITION_SHAPE('',$,#7018);
#7007=PRODUCT_DEFINITION_SHAPE('',$,#7019);
#7008=PRODUCT_DEFINITION_SHAPE('',$,#7020);
#7009=PRODUCT_DEFINITION_SHAPE('',$,#7021);
#7010=PRODUCT_DEFINITION_SHAPE($,$,#20);
#7011=PRODUCT_DEFINITION_SHAPE($,$,#21);
#7012=PRODUCT_DEFINITION_SHAPE($,$,#22);
#7013=SHAPE_REPRESENTATION('',(#4376,#4661,#4662,#4663),#6993);
#7014=SHAPE_REPRESENTATION('',(#4377),#6994);
#7015=SHAPE_REPRESENTATION('',(#4446),#6995);
#7016=SHAPE_REPRESENTATION('',(#4504),#6996);
#7017=PRODUCT_DEFINITION_CONTEXT('part definition',#7031,'design');
#7018=PRODUCT_DEFINITION('ESP32_CAM','ESP32_CAM v3',#7022,#7017);
#7019=PRODUCT_DEFINITION('Klammer','Klammer',#7023,#7017);
#7020=PRODUCT_DEFINITION('Geh\X\E4use','Geh\X\E4use',#7024,#7017);
#7021=PRODUCT_DEFINITION('Deckel','Deckel',#7025,#7017);
#7022=PRODUCT_DEFINITION_FORMATION('',$,#7033);
#7023=PRODUCT_DEFINITION_FORMATION('',$,#7034);
#7024=PRODUCT_DEFINITION_FORMATION('',$,#7035);
#7025=PRODUCT_DEFINITION_FORMATION('',$,#7036);
#7026=PRODUCT_RELATED_PRODUCT_CATEGORY('ESP32_CAM v3','ESP32_CAM v3',(#7033));
#7027=PRODUCT_RELATED_PRODUCT_CATEGORY('Klammer','Klammer',(#7034));
#7028=PRODUCT_RELATED_PRODUCT_CATEGORY('Geh\X\E4use','Geh\X\E4use',(#7035));
#7029=PRODUCT_RELATED_PRODUCT_CATEGORY('Deckel','Deckel',(#7036));
#7030=APPLICATION_PROTOCOL_DEFINITION('international standard',
'automotive_design',2009,#7031);
#7031=APPLICATION_CONTEXT(
'Core Data for Automotive Mechanical Design Process');
#7032=PRODUCT_CONTEXT('part definition',#7031,'mechanical');
#7033=PRODUCT('ESP32_CAM','ESP32_CAM v3',$,(#7032));
#7034=PRODUCT('Klammer','Klammer',$,(#7032));
#7035=PRODUCT('Geh\X\E4use','Geh\X\E4use',$,(#7032));
#7036=PRODUCT('Deckel','Deckel',$,(#7032));
#7037=PRESENTATION_STYLE_ASSIGNMENT((#7041));
#7038=PRESENTATION_STYLE_ASSIGNMENT((#7042));
#7039=PRESENTATION_STYLE_ASSIGNMENT((#7043));
#7040=PRESENTATION_STYLE_ASSIGNMENT((#7044));
#7041=SURFACE_STYLE_USAGE(.BOTH.,#7045);
#7042=SURFACE_STYLE_USAGE(.BOTH.,#7046);
#7043=SURFACE_STYLE_USAGE(.BOTH.,#7047);
#7044=SURFACE_STYLE_USAGE(.BOTH.,#7048);
#7045=SURFACE_SIDE_STYLE('',(#7049));
#7046=SURFACE_SIDE_STYLE('',(#7050));
#7047=SURFACE_SIDE_STYLE('',(#7051));
#7048=SURFACE_SIDE_STYLE('',(#7052));
#7049=SURFACE_STYLE_FILL_AREA(#7053);
#7050=SURFACE_STYLE_FILL_AREA(#7054);
#7051=SURFACE_STYLE_FILL_AREA(#7055);
#7052=SURFACE_STYLE_FILL_AREA(#7056);
#7053=FILL_AREA_STYLE('Stahl - satiniert',(#7057));
#7054=FILL_AREA_STYLE('Papier (Wei\X\DF)',(#7058));
#7055=FILL_AREA_STYLE('Kunststoff - gl\X\E4nzend (Gr\X\FCn)',(#7059));
#7056=FILL_AREA_STYLE('Kunststoff - matt (Gr\X\FCn)',(#7060));
#7057=FILL_AREA_STYLE_COLOUR('Stahl - satiniert',#7061);
#7058=FILL_AREA_STYLE_COLOUR('Papier (Wei\X\DF)',#7062);
#7059=FILL_AREA_STYLE_COLOUR('Kunststoff - gl\X\E4nzend (Gr\X\FCn)',#7063);
#7060=FILL_AREA_STYLE_COLOUR('Kunststoff - matt (Gr\X\FCn)',#7064);
#7061=COLOUR_RGB('Stahl - satiniert',0.627450980392157,0.627450980392157,
0.627450980392157);
#7062=COLOUR_RGB('Papier (Wei\X\DF)',0.,0.,0.);
#7063=COLOUR_RGB('Kunststoff - gl\X\E4nzend (Gr\X\FCn)',0.266666666666667,
0.588235294117647,0.282352941176471);
#7064=COLOUR_RGB('Kunststoff - matt (Gr\X\FCn)',0.266666666666667,0.588235294117647,
0.282352941176471);
ENDSEC;
END-ISO-10303-21;
