ISO-10303-21;
HEADER;
FILE_DESCRIPTION(('FreeCAD Model'),'2;1');
FILE_NAME('Open CASCADE Shape Model','2026-01-11T19:27:27',(''),(''),
  'Open CASCADE STEP processor 7.8','FreeCAD','Unknown');
FILE_SCHEMA(('AUTOMOTIVE_DESIGN { 1 0 10303 214 1 1 1 1 }'));
ENDSEC;
DATA;
#1 = APPLICATION_PROTOCOL_DEFINITION('international standard',
  'automotive_design',2000,#2);
#2 = APPLICATION_CONTEXT(
  'core data for automotive mechanical design processes');
#3 = SHAPE_DEFINITION_REPRESENTATION(#4,#10);
#4 = PRODUCT_DEFINITION_SHAPE('','',#5);
#5 = PRODUCT_DEFINITION('design','',#6,#9);
#6 = PRODUCT_DEFINITION_FORMATION('','',#7);
#7 = PRODUCT('bottom','bottom','',(#8));
#8 = PRODUCT_CONTEXT('',#2,'mechanical');
#9 = PRODUCT_DEFINITION_CONTEXT('part definition',#2,'design');
#10 = ADVANCED_BREP_SHAPE_REPRESENTATION('',(#11,#15),#17134);
#11 = AXIS2_PLACEMENT_3D('',#12,#13,#14);
#12 = CARTESIAN_POINT('',(0.,0.,0.));
#13 = DIRECTION('',(0.,0.,1.));
#14 = DIRECTION('',(1.,0.,-0.));
#15 = MANIFOLD_SOLID_BREP('',#16);
#16 = CLOSED_SHELL('',(#17,#500,#643,#666,#689,#832,#855,#878,#901,#924,
    #947,#970,#993,#1016,#1039,#1062,#1085,#1108,#1131,#1154,#1185,#1208
    ,#1248,#1271,#1295,#1326,#1382,#1422,#1446,#1470,#1526,#1582,#1606,
    #1630,#1686,#1742,#1766,#1790,#1846,#1902,#1926,#1950,#2006,#2062,
    #2086,#2110,#2166,#2222,#2246,#2270,#2326,#2382,#2406,#2430,#2486,
    #2542,#2566,#2590,#2639,#2664,#3129,#3160,#3214,#4302,#4326,#4350,
    #4374,#4512,#4557,#4581,#4605,#4629,#4646,#4663,#4679,#4695,#4719,
    #4750,#4774,#4791,#4815,#4839,#4863,#4880,#4897,#4913,#4929,#4945,
    #4961,#4977,#4993,#5009,#5025,#5041,#5057,#5073,#5089,#5113,#5129,
    #5145,#5162,#5286,#5310,#5327,#5339,#5351,#5363,#5380,#5392,#5409,
    #5421,#5433,#5445,#5462,#5474,#5491,#5503,#5515,#5527,#5544,#5556,
    #5573,#5585,#5597,#5609,#5626,#5638,#5663,#5679,#5702,#5725,#5741,
    #5764,#5787,#5810,#5833,#5856,#5879,#5902,#5925,#5948,#5971,#5994,
    #6017,#6039,#6062,#6095,#6118,#6142,#6164,#6211,#6244,#6261,#6285,
    #6334,#6381,#6405,#6422,#6469,#6518,#6535,#6559,#6608,#6655,#6679,
    #6696,#6743,#6792,#6809,#6833,#6882,#6929,#6953,#6970,#7017,#7066,
    #7083,#7107,#7156,#7203,#7227,#7244,#7286,#7311,#7327,#7356,#7430,
    #7504,#7527,#7558,#7581,#7604,#7627,#7650,#7673,#7696,#7719,#7742,
    #7765,#7788,#7811,#7876,#7899,#7922,#7945,#7968,#7991,#8014,#8037,
    #8060,#8083,#8106,#8129,#8160,#8183,#8206,#8229,#8252,#8275,#8298,
    #8321,#8344,#8367,#8390,#8413,#8478,#8501,#8524,#8547,#8570,#8593,
    #8616,#8639,#8662,#8685,#8708,#8724,#8747,#8770,#8793,#8816,#8839,
    #8862,#8885,#8901,#8917,#8940,#8963,#8986,#9009,#9032,#9055,#9078,
    #9101,#9230,#9253,#9276,#9299,#9322,#9345,#9368,#9391,#9412,#9428,
    #9451,#9474,#9497,#9520,#9543,#9566,#9589,#9605,#9622,#9639,#9656,
    #9673,#9690,#9707,#9724,#9741,#9763,#9788,#9813,#9835,#9857,#9884,
    #9906,#9928,#9950,#9972,#9994,#10016,#10038,#10060,#10082,#10099,
    #10121,#10143,#10160,#10185,#10196,#10212,#10228,#10239,#10255,
    #10271,#10287,#10303,#10319,#10335,#10351,#10367,#10383,#10399,
    #10416,#10432,#10448,#10460,#10477,#10489,#10501,#10513,#10525,
    #10537,#10549,#10561,#10573,#10585,#10597,#10609,#10621,#10633,
    #10645,#10657,#10669,#10694,#10705,#10727,#10886,#10964,#10993,
    #11144,#11989,#12011,#12162,#12184,#12335,#12357,#12373,#12389,
    #12405,#12421,#12437,#12453,#12469,#12485,#12501,#12517,#12533,
    #12549,#12565,#12581,#12597,#12620,#12644,#12660,#12672,#12688,
    #12704,#12720,#12736,#12752,#12768,#12784,#12800,#12816,#12832,
    #12848,#12864,#12880,#12896,#12912,#12928,#12944,#12960,#12976,
    #12992,#13008,#13024,#13040,#13056,#13079,#13103,#13119,#13131,
    #13147,#13163,#13179,#13195,#13211,#13227,#13243,#13259,#13275,
    #13286,#13297,#13308,#13319,#13330,#13341,#13352,#13363,#13374,
    #13390,#13406,#13422,#13438,#13454,#13470,#13486,#13502,#13518,
    #13534,#13550,#13566,#13582,#13593,#13604,#13615,#13626,#13637,
    #13648,#13659,#13670,#13681,#13698,#13715,#13732,#13749,#13766,
    #13783,#13800,#13817,#13834,#13851,#13863,#13880,#13897,#13909,
    #13926,#13936,#13951,#13966,#13981,#14005,#14020,#14035,#14050,
    #14065,#14080,#14095,#14110,#14125,#14140,#14155,#14170,#14194,
    #14211,#14226,#14241,#14256,#14271,#14286,#14301,#14311,#14326,
    #14341,#14356,#14371,#14386,#14401,#14416,#14431,#14448,#14465,
    #14482,#14499,#14516,#14533,#14550,#14567,#14584,#14601,#14618,
    #14635,#14647,#14669,#14691,#14713,#14735,#14757,#14779,#14801,
    #14823,#14845,#14867,#14889,#14911,#14933,#14950,#14972,#14994,
    #15016,#15038,#15060,#15082,#15104,#15126,#15148,#15170,#15192,
    #15214,#15236,#15253,#15270,#15287,#15304,#15321,#15338,#15355,
    #15372,#15389,#15406,#15423,#15440,#15457,#15474,#15486,#15502,
    #15523,#15544,#15565,#15586,#15607,#15628,#15649,#15670,#15691,
    #15707,#15723,#15744,#15765,#15786,#15807,#15828,#15849,#15870,
    #15891,#15912,#15928,#15944,#15965,#15986,#16007,#16028,#16049,
    #16070,#16091,#16112,#16133,#16149,#16165,#16186,#16207,#16228,
    #16249,#16270,#16291,#16312,#16333,#16354,#16370,#16380,#16390,
    #16400,#16410,#16420,#16430,#16440,#16450,#16460,#16470,#16480,
    #16490,#16500,#16510,#16520,#16530,#16540,#16550,#16560,#16570,
    #16580,#16590,#16600,#16610,#16620,#16630,#16640,#16650,#16660,
    #16670,#16681,#16692,#16703,#16714,#16725,#16736,#16747,#16758,
    #16769,#16780,#16791,#16802,#16813,#16824,#16835,#16846,#16857,
    #16868,#16879,#16890,#16901,#16912,#16923,#16934,#16945,#16956,
    #16967,#16978,#16989,#17000,#17011,#17022,#17033,#17044,#17055,
    #17066,#17077,#17088,#17099,#17110,#17122));
#17 = ADVANCED_FACE('',(#18,#484),#495,.T.);
#18 = FACE_BOUND('',#19,.T.);
#19 = EDGE_LOOP('',(#20,#30,#38,#46,#54,#62,#70,#78,#86,#94,#102,#110,
    #118,#126,#134,#142,#150,#158,#166,#174,#182,#190,#198,#206,#214,
    #222,#230,#238,#246,#254,#262,#270,#278,#286,#294,#302,#310,#318,
    #326,#334,#342,#350,#358,#366,#374,#382,#390,#398,#406,#414,#422,
    #430,#438,#446,#454,#462,#470,#478));
#20 = ORIENTED_EDGE('',*,*,#21,.T.);
#21 = EDGE_CURVE('',#22,#24,#26,.T.);
#22 = VERTEX_POINT('',#23);
#23 = CARTESIAN_POINT('',(-20.5,13.25,0.));
#24 = VERTEX_POINT('',#25);
#25 = CARTESIAN_POINT('',(-20.5,5.4,-3.330669073875E-16));
#26 = LINE('',#27,#28);
#27 = CARTESIAN_POINT('',(-20.5,13.25,0.));
#28 = VECTOR('',#29,1.);
#29 = DIRECTION('',(0.,-1.,0.));
#30 = ORIENTED_EDGE('',*,*,#31,.F.);
#31 = EDGE_CURVE('',#32,#24,#34,.T.);
#32 = VERTEX_POINT('',#33);
#33 = CARTESIAN_POINT('',(20.5,5.4,-3.330669073875E-16));
#34 = LINE('',#35,#36);
#35 = CARTESIAN_POINT('',(-2.143165644952E-08,5.4,0.));
#36 = VECTOR('',#37,1.);
#37 = DIRECTION('',(-1.,0.,0.));
#38 = ORIENTED_EDGE('',*,*,#39,.T.);
#39 = EDGE_CURVE('',#32,#40,#42,.T.);
#40 = VERTEX_POINT('',#41);
#41 = CARTESIAN_POINT('',(20.5,13.25,0.));
#42 = LINE('',#43,#44);
#43 = CARTESIAN_POINT('',(20.5,-13.25,0.));
#44 = VECTOR('',#45,1.);
#45 = DIRECTION('',(0.,1.,0.));
#46 = ORIENTED_EDGE('',*,*,#47,.T.);
#47 = EDGE_CURVE('',#40,#48,#50,.T.);
#48 = VERTEX_POINT('',#49);
#49 = CARTESIAN_POINT('',(20.492403030396,13.336824417114,0.));
#50 = LINE('',#51,#52);
#51 = CARTESIAN_POINT('',(20.5,13.25,0.));
#52 = VECTOR('',#53,1.);
#53 = DIRECTION('',(-8.716504995643E-02,0.996193883773,0.));
#54 = ORIENTED_EDGE('',*,*,#55,.T.);
#55 = EDGE_CURVE('',#48,#56,#58,.T.);
#56 = VERTEX_POINT('',#57);
#57 = CARTESIAN_POINT('',(20.469846725464,13.421010017395,0.));
#58 = LINE('',#59,#60);
#59 = CARTESIAN_POINT('',(20.492403030396,13.336824417114,0.));
#60 = VECTOR('',#61,1.);
#61 = DIRECTION('',(-0.258806641196,0.965929149821,0.));
#62 = ORIENTED_EDGE('',*,*,#63,.T.);
#63 = EDGE_CURVE('',#56,#64,#66,.T.);
#64 = VERTEX_POINT('',#65);
#65 = CARTESIAN_POINT('',(20.433012008667,13.5,0.));
#66 = LINE('',#67,#68);
#67 = CARTESIAN_POINT('',(20.469846725464,13.421010017395,0.));
#68 = VECTOR('',#69,1.);
#69 = DIRECTION('',(-0.42262846823,0.906303027602,0.));
#70 = ORIENTED_EDGE('',*,*,#71,.T.);
#71 = EDGE_CURVE('',#64,#72,#74,.T.);
#72 = VERTEX_POINT('',#73);
#73 = CARTESIAN_POINT('',(20.38302230835,13.571393966675,0.));
#74 = LINE('',#75,#76);
#75 = CARTESIAN_POINT('',(20.433012008667,13.5,0.));
#76 = VECTOR('',#77,1.);
#77 = DIRECTION('',(-0.573569558571,0.819156860119,0.));
#78 = ORIENTED_EDGE('',*,*,#79,.T.);
#79 = EDGE_CURVE('',#72,#80,#82,.T.);
#80 = VERTEX_POINT('',#81);
#81 = CARTESIAN_POINT('',(20.321393966675,13.63302230835,0.));
#82 = LINE('',#83,#84);
#83 = CARTESIAN_POINT('',(20.38302230835,13.571393966675,0.));
#84 = VECTOR('',#85,1.);
#85 = DIRECTION('',(-0.707106781187,0.707106781187,0.));
#86 = ORIENTED_EDGE('',*,*,#87,.T.);
#87 = EDGE_CURVE('',#80,#88,#90,.T.);
#88 = VERTEX_POINT('',#89);
#89 = CARTESIAN_POINT('',(20.25,13.683012962341,0.));
#90 = LINE('',#91,#92);
#91 = CARTESIAN_POINT('',(20.321393966675,13.63302230835,0.));
#92 = VECTOR('',#93,1.);
#93 = DIRECTION('',(-0.819151718986,0.573576900931,0.));
#94 = ORIENTED_EDGE('',*,*,#95,.T.);
#95 = EDGE_CURVE('',#88,#96,#98,.T.);
#96 = VERTEX_POINT('',#97);
#97 = CARTESIAN_POINT('',(20.171010971069,13.719846725464,0.));
#98 = LINE('',#99,#100);
#99 = CARTESIAN_POINT('',(20.25,13.683012962341,0.));
#100 = VECTOR('',#101,1.);
#101 = DIRECTION('',(-0.906305264352,0.422623671614,0.));
#102 = ORIENTED_EDGE('',*,*,#103,.T.);
#103 = EDGE_CURVE('',#96,#104,#106,.T.);
#104 = VERTEX_POINT('',#105);
#105 = CARTESIAN_POINT('',(20.086824417114,13.74240398407,0.));
#106 = LINE('',#107,#108);
#107 = CARTESIAN_POINT('',(20.171010971069,13.719846725464,0.));
#108 = VECTOR('',#109,1.);
#109 = DIRECTION('',(-0.965927147295,0.258814114991,0.));
#110 = ORIENTED_EDGE('',*,*,#111,.T.);
#111 = EDGE_CURVE('',#104,#112,#114,.T.);
#112 = VERTEX_POINT('',#113);
#113 = CARTESIAN_POINT('',(20.,13.75,0.));
#114 = LINE('',#115,#116);
#115 = CARTESIAN_POINT('',(20.086824417114,13.74240398407,0.));
#116 = VECTOR('',#117,1.);
#117 = DIRECTION('',(-0.996194833856,8.715419094114E-02,0.));
#118 = ORIENTED_EDGE('',*,*,#119,.T.);
#119 = EDGE_CURVE('',#112,#120,#122,.T.);
#120 = VERTEX_POINT('',#121);
#121 = CARTESIAN_POINT('',(17.950000762939,13.75,0.));
#122 = LINE('',#123,#124);
#123 = CARTESIAN_POINT('',(20.,13.75,0.));
#124 = VECTOR('',#125,1.);
#125 = DIRECTION('',(-1.,0.,0.));
#126 = ORIENTED_EDGE('',*,*,#127,.T.);
#127 = EDGE_CURVE('',#120,#128,#130,.T.);
#128 = VERTEX_POINT('',#129);
#129 = CARTESIAN_POINT('',(17.950000762939,6.5,0.));
#130 = LINE('',#131,#132);
#131 = CARTESIAN_POINT('',(17.950000762939,13.75,0.));
#132 = VECTOR('',#133,1.);
#133 = DIRECTION('',(0.,-1.,0.));
#134 = ORIENTED_EDGE('',*,*,#135,.T.);
#135 = EDGE_CURVE('',#128,#136,#138,.T.);
#136 = VERTEX_POINT('',#137);
#137 = CARTESIAN_POINT('',(16.549999237061,6.5,0.));
#138 = LINE('',#139,#140);
#139 = CARTESIAN_POINT('',(8.731327681081,6.5,0.));
#140 = VECTOR('',#141,1.);
#141 = DIRECTION('',(-1.,0.,0.));
#142 = ORIENTED_EDGE('',*,*,#143,.F.);
#143 = EDGE_CURVE('',#144,#136,#146,.T.);
#144 = VERTEX_POINT('',#145);
#145 = CARTESIAN_POINT('',(16.549999237061,12.479999542236,0.));
#146 = LINE('',#147,#148);
#147 = CARTESIAN_POINT('',(16.549999237061,12.479999542236,0.));
#148 = VECTOR('',#149,1.);
#149 = DIRECTION('',(0.,-1.,0.));
#150 = ORIENTED_EDGE('',*,*,#151,.F.);
#151 = EDGE_CURVE('',#152,#144,#154,.T.);
#152 = VERTEX_POINT('',#153);
#153 = CARTESIAN_POINT('',(14.449999809265,12.479999542236,0.));
#154 = LINE('',#155,#156);
#155 = CARTESIAN_POINT('',(14.449999809265,12.479999542236,0.));
#156 = VECTOR('',#157,1.);
#157 = DIRECTION('',(1.,0.,0.));
#158 = ORIENTED_EDGE('',*,*,#159,.F.);
#159 = EDGE_CURVE('',#160,#152,#162,.T.);
#160 = VERTEX_POINT('',#161);
#161 = CARTESIAN_POINT('',(14.449999809265,6.5,0.));
#162 = LINE('',#163,#164);
#163 = CARTESIAN_POINT('',(14.449999809265,6.5,0.));
#164 = VECTOR('',#165,1.);
#165 = DIRECTION('',(0.,1.,0.));
#166 = ORIENTED_EDGE('',*,*,#167,.T.);
#167 = EDGE_CURVE('',#160,#168,#170,.T.);
#168 = VERTEX_POINT('',#169);
#169 = CARTESIAN_POINT('',(14.010000228882,6.5,0.));
#170 = LINE('',#171,#172);
#171 = CARTESIAN_POINT('',(7.115000007044,6.5,0.));
#172 = VECTOR('',#173,1.);
#173 = DIRECTION('',(-1.,0.,0.));
#174 = ORIENTED_EDGE('',*,*,#175,.F.);
#175 = EDGE_CURVE('',#176,#168,#178,.T.);
#176 = VERTEX_POINT('',#177);
#177 = CARTESIAN_POINT('',(14.010000228882,12.479999542236,0.));
#178 = LINE('',#179,#180);
#179 = CARTESIAN_POINT('',(14.010000228882,12.479999542236,0.));
#180 = VECTOR('',#181,1.);
#181 = DIRECTION('',(0.,-1.,0.));
#182 = ORIENTED_EDGE('',*,*,#183,.F.);
#183 = EDGE_CURVE('',#184,#176,#186,.T.);
#184 = VERTEX_POINT('',#185);
#185 = CARTESIAN_POINT('',(11.909999847412,12.479999542236,0.));
#186 = LINE('',#187,#188);
#187 = CARTESIAN_POINT('',(11.909999847412,12.479999542236,0.));
#188 = VECTOR('',#189,1.);
#189 = DIRECTION('',(1.,0.,0.));
#190 = ORIENTED_EDGE('',*,*,#191,.T.);
#191 = EDGE_CURVE('',#184,#192,#194,.T.);
#192 = VERTEX_POINT('',#193);
#193 = CARTESIAN_POINT('',(11.909999847412,6.5,0.));
#194 = LINE('',#195,#196);
#195 = CARTESIAN_POINT('',(11.909999847412,12.479999542236,0.));
#196 = VECTOR('',#197,1.);
#197 = DIRECTION('',(0.,-1.,0.));
#198 = ORIENTED_EDGE('',*,*,#199,.T.);
#199 = EDGE_CURVE('',#192,#200,#202,.T.);
#200 = VERTEX_POINT('',#201);
#201 = CARTESIAN_POINT('',(11.470000267029,6.5,0.));
#202 = LINE('',#203,#204);
#203 = CARTESIAN_POINT('',(5.845000026118,6.5,0.));
#204 = VECTOR('',#205,1.);
#205 = DIRECTION('',(-1.,0.,0.));
#206 = ORIENTED_EDGE('',*,*,#207,.F.);
#207 = EDGE_CURVE('',#208,#200,#210,.T.);
#208 = VERTEX_POINT('',#209);
#209 = CARTESIAN_POINT('',(11.470000267029,12.479999542236,0.));
#210 = LINE('',#211,#212);
#211 = CARTESIAN_POINT('',(11.470000267029,12.479999542236,0.));
#212 = VECTOR('',#213,1.);
#213 = DIRECTION('',(0.,-1.,0.));
#214 = ORIENTED_EDGE('',*,*,#215,.F.);
#215 = EDGE_CURVE('',#216,#208,#218,.T.);
#216 = VERTEX_POINT('',#217);
#217 = CARTESIAN_POINT('',(9.369999885559,12.479999542236,0.));
#218 = LINE('',#219,#220);
#219 = CARTESIAN_POINT('',(9.369999885559,12.479999542236,0.));
#220 = VECTOR('',#221,1.);
#221 = DIRECTION('',(1.,0.,0.));
#222 = ORIENTED_EDGE('',*,*,#223,.T.);
#223 = EDGE_CURVE('',#216,#224,#226,.T.);
#224 = VERTEX_POINT('',#225);
#225 = CARTESIAN_POINT('',(9.369999885559,6.5,0.));
#226 = LINE('',#227,#228);
#227 = CARTESIAN_POINT('',(9.369999885559,12.479999542236,0.));
#228 = VECTOR('',#229,1.);
#229 = DIRECTION('',(0.,-1.,0.));
#230 = ORIENTED_EDGE('',*,*,#231,.T.);
#231 = EDGE_CURVE('',#224,#232,#234,.T.);
#232 = VERTEX_POINT('',#233);
#233 = CARTESIAN_POINT('',(8.930000305176,6.5,0.));
#234 = LINE('',#235,#236);
#235 = CARTESIAN_POINT('',(4.575000045191,6.5,0.));
#236 = VECTOR('',#237,1.);
#237 = DIRECTION('',(-1.,0.,0.));
#238 = ORIENTED_EDGE('',*,*,#239,.F.);
#239 = EDGE_CURVE('',#240,#232,#242,.T.);
#240 = VERTEX_POINT('',#241);
#241 = CARTESIAN_POINT('',(8.930000305176,12.479999542236,0.));
#242 = LINE('',#243,#244);
#243 = CARTESIAN_POINT('',(8.930000305176,12.479999542236,0.));
#244 = VECTOR('',#245,1.);
#245 = DIRECTION('',(0.,-1.,0.));
#246 = ORIENTED_EDGE('',*,*,#247,.F.);
#247 = EDGE_CURVE('',#248,#240,#250,.T.);
#248 = VERTEX_POINT('',#249);
#249 = CARTESIAN_POINT('',(6.829999923706,12.479999542236,0.));
#250 = LINE('',#251,#252);
#251 = CARTESIAN_POINT('',(6.829999923706,12.479999542236,0.));
#252 = VECTOR('',#253,1.);
#253 = DIRECTION('',(1.,0.,0.));
#254 = ORIENTED_EDGE('',*,*,#255,.T.);
#255 = EDGE_CURVE('',#248,#256,#258,.T.);
#256 = VERTEX_POINT('',#257);
#257 = CARTESIAN_POINT('',(6.829999923706,6.5,0.));
#258 = LINE('',#259,#260);
#259 = CARTESIAN_POINT('',(6.829999923706,12.479999542236,0.));
#260 = VECTOR('',#261,1.);
#261 = DIRECTION('',(0.,-1.,0.));
#262 = ORIENTED_EDGE('',*,*,#263,.T.);
#263 = EDGE_CURVE('',#256,#264,#266,.T.);
#264 = VERTEX_POINT('',#265);
#265 = CARTESIAN_POINT('',(6.389999866486,6.5,0.));
#266 = LINE('',#267,#268);
#267 = CARTESIAN_POINT('',(3.304999945055,6.5,0.));
#268 = VECTOR('',#269,1.);
#269 = DIRECTION('',(-1.,0.,0.));
#270 = ORIENTED_EDGE('',*,*,#271,.F.);
#271 = EDGE_CURVE('',#272,#264,#274,.T.);
#272 = VERTEX_POINT('',#273);
#273 = CARTESIAN_POINT('',(6.389999866486,12.479999542236,0.));
#274 = LINE('',#275,#276);
#275 = CARTESIAN_POINT('',(6.389999866486,12.479999542236,0.));
#276 = VECTOR('',#277,1.);
#277 = DIRECTION('',(0.,-1.,0.));
#278 = ORIENTED_EDGE('',*,*,#279,.F.);
#279 = EDGE_CURVE('',#280,#272,#282,.T.);
#280 = VERTEX_POINT('',#281);
#281 = CARTESIAN_POINT('',(4.289999961853,12.479999542236,0.));
#282 = LINE('',#283,#284);
#283 = CARTESIAN_POINT('',(4.289999961853,12.479999542236,0.));
#284 = VECTOR('',#285,1.);
#285 = DIRECTION('',(1.,0.,0.));
#286 = ORIENTED_EDGE('',*,*,#287,.T.);
#287 = EDGE_CURVE('',#280,#288,#290,.T.);
#288 = VERTEX_POINT('',#289);
#289 = CARTESIAN_POINT('',(4.289999961853,6.5,0.));
#290 = LINE('',#291,#292);
#291 = CARTESIAN_POINT('',(4.289999961853,12.479999542236,0.));
#292 = VECTOR('',#293,1.);
#293 = DIRECTION('',(0.,-1.,0.));
#294 = ORIENTED_EDGE('',*,*,#295,.T.);
#295 = EDGE_CURVE('',#288,#296,#298,.T.);
#296 = VERTEX_POINT('',#297);
#297 = CARTESIAN_POINT('',(3.849999904633,6.5,0.));
#298 = LINE('',#299,#300);
#299 = CARTESIAN_POINT('',(2.034999976912,6.5,0.));
#300 = VECTOR('',#301,1.);
#301 = DIRECTION('',(-1.,0.,0.));
#302 = ORIENTED_EDGE('',*,*,#303,.F.);
#303 = EDGE_CURVE('',#304,#296,#306,.T.);
#304 = VERTEX_POINT('',#305);
#305 = CARTESIAN_POINT('',(3.849999904633,12.479999542236,0.));
#306 = LINE('',#307,#308);
#307 = CARTESIAN_POINT('',(3.849999904633,12.479999542236,0.));
#308 = VECTOR('',#309,1.);
#309 = DIRECTION('',(0.,-1.,0.));
#310 = ORIENTED_EDGE('',*,*,#311,.F.);
#311 = EDGE_CURVE('',#312,#304,#314,.T.);
#312 = VERTEX_POINT('',#313);
#313 = CARTESIAN_POINT('',(1.75,12.479999542236,0.));
#314 = LINE('',#315,#316);
#315 = CARTESIAN_POINT('',(1.75,12.479999542236,0.));
#316 = VECTOR('',#317,1.);
#317 = DIRECTION('',(1.,0.,0.));
#318 = ORIENTED_EDGE('',*,*,#319,.F.);
#319 = EDGE_CURVE('',#320,#312,#322,.T.);
#320 = VERTEX_POINT('',#321);
#321 = CARTESIAN_POINT('',(1.75,6.5,0.));
#322 = LINE('',#323,#324);
#323 = CARTESIAN_POINT('',(1.75,6.5,0.));
#324 = VECTOR('',#325,1.);
#325 = DIRECTION('',(0.,1.,0.));
#326 = ORIENTED_EDGE('',*,*,#327,.T.);
#327 = EDGE_CURVE('',#320,#328,#330,.T.);
#328 = VERTEX_POINT('',#329);
#329 = CARTESIAN_POINT('',(1.30999994278,6.5,0.));
#330 = LINE('',#331,#332);
#331 = CARTESIAN_POINT('',(0.764999989594,6.5,0.));
#332 = VECTOR('',#333,1.);
#333 = DIRECTION('',(-1.,0.,0.));
#334 = ORIENTED_EDGE('',*,*,#335,.F.);
#335 = EDGE_CURVE('',#336,#328,#338,.T.);
#336 = VERTEX_POINT('',#337);
#337 = CARTESIAN_POINT('',(1.30999994278,12.479999542236,0.));
#338 = LINE('',#339,#340);
#339 = CARTESIAN_POINT('',(1.30999994278,12.479999542236,0.));
#340 = VECTOR('',#341,1.);
#341 = DIRECTION('',(0.,-1.,0.));
#342 = ORIENTED_EDGE('',*,*,#343,.F.);
#343 = EDGE_CURVE('',#344,#336,#346,.T.);
#344 = VERTEX_POINT('',#345);
#345 = CARTESIAN_POINT('',(-0.790000021458,12.479999542236,0.));
#346 = LINE('',#347,#348);
#347 = CARTESIAN_POINT('',(-0.790000021458,12.479999542236,0.));
#348 = VECTOR('',#349,1.);
#349 = DIRECTION('',(1.,0.,0.));
#350 = ORIENTED_EDGE('',*,*,#351,.F.);
#351 = EDGE_CURVE('',#352,#344,#354,.T.);
#352 = VERTEX_POINT('',#353);
#353 = CARTESIAN_POINT('',(-0.790000021458,6.5,0.));
#354 = LINE('',#355,#356);
#355 = CARTESIAN_POINT('',(-0.790000021458,6.5,0.));
#356 = VECTOR('',#357,1.);
#357 = DIRECTION('',(0.,1.,0.));
#358 = ORIENTED_EDGE('',*,*,#359,.T.);
#359 = EDGE_CURVE('',#352,#360,#362,.T.);
#360 = VERTEX_POINT('',#361);
#361 = CARTESIAN_POINT('',(-1.230000019073,6.5,0.));
#362 = LINE('',#363,#364);
#363 = CARTESIAN_POINT('',(-0.505000012625,6.5,0.));
#364 = VECTOR('',#365,1.);
#365 = DIRECTION('',(-1.,0.,0.));
#366 = ORIENTED_EDGE('',*,*,#367,.F.);
#367 = EDGE_CURVE('',#368,#360,#370,.T.);
#368 = VERTEX_POINT('',#369);
#369 = CARTESIAN_POINT('',(-1.230000019073,12.479999542236,0.));
#370 = LINE('',#371,#372);
#371 = CARTESIAN_POINT('',(-1.230000019073,12.479999542236,0.));
#372 = VECTOR('',#373,1.);
#373 = DIRECTION('',(0.,-1.,0.));
#374 = ORIENTED_EDGE('',*,*,#375,.F.);
#375 = EDGE_CURVE('',#376,#368,#378,.T.);
#376 = VERTEX_POINT('',#377);
#377 = CARTESIAN_POINT('',(-3.329999923706,12.479999542236,0.));
#378 = LINE('',#379,#380);
#379 = CARTESIAN_POINT('',(-3.329999923706,12.479999542236,0.));
#380 = VECTOR('',#381,1.);
#381 = DIRECTION('',(1.,0.,0.));
#382 = ORIENTED_EDGE('',*,*,#383,.F.);
#383 = EDGE_CURVE('',#384,#376,#386,.T.);
#384 = VERTEX_POINT('',#385);
#385 = CARTESIAN_POINT('',(-3.329999923706,6.5,0.));
#386 = LINE('',#387,#388);
#387 = CARTESIAN_POINT('',(-3.329999923706,6.5,0.));
#388 = VECTOR('',#389,1.);
#389 = DIRECTION('',(0.,1.,0.));
#390 = ORIENTED_EDGE('',*,*,#391,.T.);
#391 = EDGE_CURVE('',#384,#392,#394,.T.);
#392 = VERTEX_POINT('',#393);
#393 = CARTESIAN_POINT('',(-4.730000019073,6.5,0.));
#394 = LINE('',#395,#396);
#395 = CARTESIAN_POINT('',(-2.171171010102,6.5,0.));
#396 = VECTOR('',#397,1.);
#397 = DIRECTION('',(-1.,0.,0.));
#398 = ORIENTED_EDGE('',*,*,#399,.T.);
#399 = EDGE_CURVE('',#392,#400,#402,.T.);
#400 = VERTEX_POINT('',#401);
#401 = CARTESIAN_POINT('',(-4.730000019073,13.75,0.));
#402 = LINE('',#403,#404);
#403 = CARTESIAN_POINT('',(-4.730000019073,6.5,0.));
#404 = VECTOR('',#405,1.);
#405 = DIRECTION('',(0.,1.,0.));
#406 = ORIENTED_EDGE('',*,*,#407,.T.);
#407 = EDGE_CURVE('',#400,#408,#410,.T.);
#408 = VERTEX_POINT('',#409);
#409 = CARTESIAN_POINT('',(-20.,13.75,0.));
#410 = LINE('',#411,#412);
#411 = CARTESIAN_POINT('',(-4.730000019073,13.75,0.));
#412 = VECTOR('',#413,1.);
#413 = DIRECTION('',(-1.,0.,0.));
#414 = ORIENTED_EDGE('',*,*,#415,.F.);
#415 = EDGE_CURVE('',#416,#408,#418,.T.);
#416 = VERTEX_POINT('',#417);
#417 = CARTESIAN_POINT('',(-20.08682441711,13.74240398407,0.));
#418 = LINE('',#419,#420);
#419 = CARTESIAN_POINT('',(-20.08682441711,13.74240398407,0.));
#420 = VECTOR('',#421,1.);
#421 = DIRECTION('',(0.996194833856,8.715419094114E-02,0.));
#422 = ORIENTED_EDGE('',*,*,#423,.F.);
#423 = EDGE_CURVE('',#424,#416,#426,.T.);
#424 = VERTEX_POINT('',#425);
#425 = CARTESIAN_POINT('',(-20.17101097106,13.719846725464,0.));
#426 = LINE('',#427,#428);
#427 = CARTESIAN_POINT('',(-20.17101097106,13.719846725464,0.));
#428 = VECTOR('',#429,1.);
#429 = DIRECTION('',(0.965927147295,0.258814114991,0.));
#430 = ORIENTED_EDGE('',*,*,#431,.F.);
#431 = EDGE_CURVE('',#432,#424,#434,.T.);
#432 = VERTEX_POINT('',#433);
#433 = CARTESIAN_POINT('',(-20.25,13.683012962341,0.));
#434 = LINE('',#435,#436);
#435 = CARTESIAN_POINT('',(-20.25,13.683012962341,0.));
#436 = VECTOR('',#437,1.);
#437 = DIRECTION('',(0.906305264352,0.422623671614,0.));
#438 = ORIENTED_EDGE('',*,*,#439,.F.);
#439 = EDGE_CURVE('',#440,#432,#442,.T.);
#440 = VERTEX_POINT('',#441);
#441 = CARTESIAN_POINT('',(-20.32139396667,13.63302230835,0.));
#442 = LINE('',#443,#444);
#443 = CARTESIAN_POINT('',(-20.32139396667,13.63302230835,0.));
#444 = VECTOR('',#445,1.);
#445 = DIRECTION('',(0.819151718986,0.573576900931,0.));
#446 = ORIENTED_EDGE('',*,*,#447,.F.);
#447 = EDGE_CURVE('',#448,#440,#450,.T.);
#448 = VERTEX_POINT('',#449);
#449 = CARTESIAN_POINT('',(-20.38302230835,13.571393966675,0.));
#450 = LINE('',#451,#452);
#451 = CARTESIAN_POINT('',(-20.38302230835,13.571393966675,0.));
#452 = VECTOR('',#453,1.);
#453 = DIRECTION('',(0.707106781187,0.707106781187,0.));
#454 = ORIENTED_EDGE('',*,*,#455,.F.);
#455 = EDGE_CURVE('',#456,#448,#458,.T.);
#456 = VERTEX_POINT('',#457);
#457 = CARTESIAN_POINT('',(-20.43301200866,13.5,0.));
#458 = LINE('',#459,#460);
#459 = CARTESIAN_POINT('',(-20.43301200866,13.5,0.));
#460 = VECTOR('',#461,1.);
#461 = DIRECTION('',(0.573569558571,0.819156860119,0.));
#462 = ORIENTED_EDGE('',*,*,#463,.F.);
#463 = EDGE_CURVE('',#464,#456,#466,.T.);
#464 = VERTEX_POINT('',#465);
#465 = CARTESIAN_POINT('',(-20.46984672546,13.421010017395,0.));
#466 = LINE('',#467,#468);
#467 = CARTESIAN_POINT('',(-20.46984672546,13.421010017395,0.));
#468 = VECTOR('',#469,1.);
#469 = DIRECTION('',(0.42262846823,0.906303027602,0.));
#470 = ORIENTED_EDGE('',*,*,#471,.F.);
#471 = EDGE_CURVE('',#472,#464,#474,.T.);
#472 = VERTEX_POINT('',#473);
#473 = CARTESIAN_POINT('',(-20.49240303039,13.336824417114,0.));
#474 = LINE('',#475,#476);
#475 = CARTESIAN_POINT('',(-20.49240303039,13.336824417114,0.));
#476 = VECTOR('',#477,1.);
#477 = DIRECTION('',(0.258806641196,0.965929149821,0.));
#478 = ORIENTED_EDGE('',*,*,#479,.F.);
#479 = EDGE_CURVE('',#22,#472,#480,.T.);
#480 = LINE('',#481,#482);
#481 = CARTESIAN_POINT('',(-20.5,13.25,0.));
#482 = VECTOR('',#483,1.);
#483 = DIRECTION('',(8.716504995643E-02,0.996193883773,0.));
#484 = FACE_BOUND('',#485,.T.);
#485 = EDGE_LOOP('',(#486));
#486 = ORIENTED_EDGE('',*,*,#487,.F.);
#487 = EDGE_CURVE('',#488,#488,#490,.T.);
#488 = VERTEX_POINT('',#489);
#489 = CARTESIAN_POINT('',(-9.815000009535,8.875,0.));
#490 = CIRCLE('',#491,2.8);
#491 = AXIS2_PLACEMENT_3D('',#492,#493,#494);
#492 = CARTESIAN_POINT('',(-12.61500000953,8.875,0.));
#493 = DIRECTION('',(0.,0.,1.));
#494 = DIRECTION('',(1.,0.,0.));
#495 = PLANE('',#496);
#496 = AXIS2_PLACEMENT_3D('',#497,#498,#499);
#497 = CARTESIAN_POINT('',(4.085804604835,-4.982801784206E-18,0.));
#498 = DIRECTION('',(0.,0.,1.));
#499 = DIRECTION('',(1.,0.,0.));
#500 = ADVANCED_FACE('',(#501),#638,.T.);
#501 = FACE_BOUND('',#502,.T.);
#502 = EDGE_LOOP('',(#503,#513,#521,#529,#537,#545,#553,#561,#569,#577,
    #585,#593,#601,#609,#615,#616,#624,#632));
#503 = ORIENTED_EDGE('',*,*,#504,.F.);
#504 = EDGE_CURVE('',#505,#507,#509,.T.);
#505 = VERTEX_POINT('',#506);
#506 = CARTESIAN_POINT('',(-20.5,-5.4,-3.330669073875E-16));
#507 = VERTEX_POINT('',#508);
#508 = CARTESIAN_POINT('',(-20.5,-13.25,0.));
#509 = LINE('',#510,#511);
#510 = CARTESIAN_POINT('',(-20.5,13.25,0.));
#511 = VECTOR('',#512,1.);
#512 = DIRECTION('',(0.,-1.,0.));
#513 = ORIENTED_EDGE('',*,*,#514,.T.);
#514 = EDGE_CURVE('',#505,#515,#517,.T.);
#515 = VERTEX_POINT('',#516);
#516 = CARTESIAN_POINT('',(-20.5,-4.5,-0.9));
#517 = LINE('',#518,#519);
#518 = CARTESIAN_POINT('',(-20.5,-4.608441558442,-0.791558441558));
#519 = VECTOR('',#520,1.);
#520 = DIRECTION('',(0.,0.707106781187,-0.707106781187));
#521 = ORIENTED_EDGE('',*,*,#522,.F.);
#522 = EDGE_CURVE('',#523,#515,#525,.T.);
#523 = VERTEX_POINT('',#524);
#524 = CARTESIAN_POINT('',(-20.5,-4.5,1.));
#525 = LINE('',#526,#527);
#526 = CARTESIAN_POINT('',(-20.5,-4.5,2.066883116883));
#527 = VECTOR('',#528,1.);
#528 = DIRECTION('',(0.,0.,-1.));
#529 = ORIENTED_EDGE('',*,*,#530,.F.);
#530 = EDGE_CURVE('',#531,#523,#533,.T.);
#531 = VERTEX_POINT('',#532);
#532 = CARTESIAN_POINT('',(-20.5,-2.033333333333,1.));
#533 = LINE('',#534,#535);
#534 = CARTESIAN_POINT('',(-20.5,-1.016666666667,1.));
#535 = VECTOR('',#536,1.);
#536 = DIRECTION('',(0.,-1.,0.));
#537 = ORIENTED_EDGE('',*,*,#538,.T.);
#538 = EDGE_CURVE('',#531,#539,#541,.T.);
#539 = VERTEX_POINT('',#540);
#540 = CARTESIAN_POINT('',(-20.5,-2.033333333333,-1.));
#541 = LINE('',#542,#543);
#542 = CARTESIAN_POINT('',(-20.5,-2.033333333333,1.));
#543 = VECTOR('',#544,1.);
#544 = DIRECTION('',(0.,0.,-1.));
#545 = ORIENTED_EDGE('',*,*,#546,.T.);
#546 = EDGE_CURVE('',#539,#547,#549,.T.);
#547 = VERTEX_POINT('',#548);
#548 = CARTESIAN_POINT('',(-20.5,-1.233333333333,-1.));
#549 = LINE('',#550,#551);
#550 = CARTESIAN_POINT('',(-20.5,1.233333333333,-1.));
#551 = VECTOR('',#552,1.);
#552 = DIRECTION('',(0.,1.,0.));
#553 = ORIENTED_EDGE('',*,*,#554,.F.);
#554 = EDGE_CURVE('',#555,#547,#557,.T.);
#555 = VERTEX_POINT('',#556);
#556 = CARTESIAN_POINT('',(-20.5,-1.233333333333,1.));
#557 = LINE('',#558,#559);
#558 = CARTESIAN_POINT('',(-20.5,-1.233333333333,2.25));
#559 = VECTOR('',#560,1.);
#560 = DIRECTION('',(0.,0.,-1.));
#561 = ORIENTED_EDGE('',*,*,#562,.F.);
#562 = EDGE_CURVE('',#563,#555,#565,.T.);
#563 = VERTEX_POINT('',#564);
#564 = CARTESIAN_POINT('',(-20.5,1.233333333333,1.));
#565 = LINE('',#566,#567);
#566 = CARTESIAN_POINT('',(-20.5,0.616666666667,1.));
#567 = VECTOR('',#568,1.);
#568 = DIRECTION('',(0.,-1.,0.));
#569 = ORIENTED_EDGE('',*,*,#570,.F.);
#570 = EDGE_CURVE('',#571,#563,#573,.T.);
#571 = VERTEX_POINT('',#572);
#572 = CARTESIAN_POINT('',(-20.5,1.233333333333,-1.));
#573 = LINE('',#574,#575);
#574 = CARTESIAN_POINT('',(-20.5,1.233333333333,0.5));
#575 = VECTOR('',#576,1.);
#576 = DIRECTION('',(0.,0.,1.));
#577 = ORIENTED_EDGE('',*,*,#578,.T.);
#578 = EDGE_CURVE('',#571,#579,#581,.T.);
#579 = VERTEX_POINT('',#580);
#580 = CARTESIAN_POINT('',(-20.5,2.033333333333,-1.));
#581 = LINE('',#582,#583);
#582 = CARTESIAN_POINT('',(-20.5,1.233333333333,-1.));
#583 = VECTOR('',#584,1.);
#584 = DIRECTION('',(0.,1.,0.));
#585 = ORIENTED_EDGE('',*,*,#586,.F.);
#586 = EDGE_CURVE('',#587,#579,#589,.T.);
#587 = VERTEX_POINT('',#588);
#588 = CARTESIAN_POINT('',(-20.5,2.033333333333,1.));
#589 = LINE('',#590,#591);
#590 = CARTESIAN_POINT('',(-20.5,2.033333333333,2.25));
#591 = VECTOR('',#592,1.);
#592 = DIRECTION('',(0.,0.,-1.));
#593 = ORIENTED_EDGE('',*,*,#594,.F.);
#594 = EDGE_CURVE('',#595,#587,#597,.T.);
#595 = VERTEX_POINT('',#596);
#596 = CARTESIAN_POINT('',(-20.5,4.5,1.));
#597 = LINE('',#598,#599);
#598 = CARTESIAN_POINT('',(-20.5,2.25,1.));
#599 = VECTOR('',#600,1.);
#600 = DIRECTION('',(0.,-1.,0.));
#601 = ORIENTED_EDGE('',*,*,#602,.F.);
#602 = EDGE_CURVE('',#603,#595,#605,.T.);
#603 = VERTEX_POINT('',#604);
#604 = CARTESIAN_POINT('',(-20.5,4.5,-0.9));
#605 = LINE('',#606,#607);
#606 = CARTESIAN_POINT('',(-20.5,4.5,1.25));
#607 = VECTOR('',#608,1.);
#608 = DIRECTION('',(0.,0.,1.));
#609 = ORIENTED_EDGE('',*,*,#610,.F.);
#610 = EDGE_CURVE('',#24,#603,#611,.T.);
#611 = LINE('',#612,#613);
#612 = CARTESIAN_POINT('',(-20.5,4.608441558442,-0.791558441558));
#613 = VECTOR('',#614,1.);
#614 = DIRECTION('',(0.,-0.707106781187,-0.707106781187));
#615 = ORIENTED_EDGE('',*,*,#21,.F.);
#616 = ORIENTED_EDGE('',*,*,#617,.F.);
#617 = EDGE_CURVE('',#618,#22,#620,.T.);
#618 = VERTEX_POINT('',#619);
#619 = CARTESIAN_POINT('',(-20.5,13.25,7.));
#620 = LINE('',#621,#622);
#621 = CARTESIAN_POINT('',(-20.5,13.25,7.));
#622 = VECTOR('',#623,1.);
#623 = DIRECTION('',(0.,0.,-1.));
#624 = ORIENTED_EDGE('',*,*,#625,.T.);
#625 = EDGE_CURVE('',#618,#626,#628,.T.);
#626 = VERTEX_POINT('',#627);
#627 = CARTESIAN_POINT('',(-20.5,-13.25,7.));
#628 = LINE('',#629,#630);
#629 = CARTESIAN_POINT('',(-20.5,13.25,7.));
#630 = VECTOR('',#631,1.);
#631 = DIRECTION('',(0.,-1.,0.));
#632 = ORIENTED_EDGE('',*,*,#633,.T.);
#633 = EDGE_CURVE('',#626,#507,#634,.T.);
#634 = LINE('',#635,#636);
#635 = CARTESIAN_POINT('',(-20.5,-13.25,7.));
#636 = VECTOR('',#637,1.);
#637 = DIRECTION('',(0.,0.,-1.));
#638 = PLANE('',#639);
#639 = AXIS2_PLACEMENT_3D('',#640,#641,#642);
#640 = CARTESIAN_POINT('',(-20.5,0.,3.133766233766));
#641 = DIRECTION('',(1.,0.,0.));
#642 = DIRECTION('',(0.,0.,1.));
#643 = ADVANCED_FACE('',(#644),#661,.T.);
#644 = FACE_BOUND('',#645,.T.);
#645 = EDGE_LOOP('',(#646,#647,#655));
#646 = ORIENTED_EDGE('',*,*,#479,.T.);
#647 = ORIENTED_EDGE('',*,*,#648,.T.);
#648 = EDGE_CURVE('',#472,#649,#651,.T.);
#649 = VERTEX_POINT('',#650);
#650 = CARTESIAN_POINT('',(-20.49809646606,13.293578147888,1.75));
#651 = LINE('',#652,#653);
#652 = CARTESIAN_POINT('',(-20.49240303039,13.336824417114,0.));
#653 = VECTOR('',#654,1.);
#654 = DIRECTION('',(-3.252381655819E-03,-2.470448089555E-02,
    0.999689507116));
#655 = ORIENTED_EDGE('',*,*,#656,.T.);
#656 = EDGE_CURVE('',#649,#22,#657,.T.);
#657 = LINE('',#658,#659);
#658 = CARTESIAN_POINT('',(-20.49809646606,13.293578147888,1.75));
#659 = VECTOR('',#660,1.);
#660 = DIRECTION('',(-1.087395939736E-03,-2.489406686686E-02,
    -0.999689503298));
#661 = PLANE('',#662);
#662 = AXIS2_PLACEMENT_3D('',#663,#664,#665);
#663 = CARTESIAN_POINT('',(-20.49712597705,13.293493162902,
    0.853746806985));
#664 = DIRECTION('',(0.996193295267,-8.716499846328E-02,
    1.08697225703E-03));
#665 = DIRECTION('',(8.716504995643E-02,0.996193883773,
    2.710505431214E-20));
#666 = ADVANCED_FACE('',(#667),#684,.T.);
#667 = FACE_BOUND('',#668,.T.);
#668 = EDGE_LOOP('',(#669,#670,#678));
#669 = ORIENTED_EDGE('',*,*,#471,.T.);
#670 = ORIENTED_EDGE('',*,*,#671,.F.);
#671 = EDGE_CURVE('',#672,#464,#674,.T.);
#672 = VERTEX_POINT('',#673);
#673 = CARTESIAN_POINT('',(-20.48296356201,13.379409790039,1.75));
#674 = LINE('',#675,#676);
#675 = CARTESIAN_POINT('',(-20.48296356201,13.379409790039,1.75));
#676 = VECTOR('',#677,1.);
#677 = DIRECTION('',(7.493007952156E-03,2.376417768511E-02,
    -0.999689511144));
#678 = ORIENTED_EDGE('',*,*,#679,.T.);
#679 = EDGE_CURVE('',#672,#472,#680,.T.);
#680 = LINE('',#681,#682);
#681 = CARTESIAN_POINT('',(-20.48296356201,13.379409790039,1.75));
#682 = VECTOR('',#683,1.);
#683 = DIRECTION('',(-5.392307173545E-03,-2.432694327414E-02,
    -0.999689513226));
#684 = PLANE('',#685);
#685 = AXIS2_PLACEMENT_3D('',#686,#687,#688);
#686 = CARTESIAN_POINT('',(-20.48202189,13.379157521602,0.853747067778)
  );
#687 = DIRECTION('',(0.965928578403,-0.258806488093,1.087724876546E-03)
  );
#688 = DIRECTION('',(0.258806641196,0.965929149821,0.));
#689 = ADVANCED_FACE('',(#690),#827,.T.);
#690 = FACE_BOUND('',#691,.T.);
#691 = EDGE_LOOP('',(#692,#693,#701,#709,#717,#725,#733,#741,#749,#757,
    #765,#773,#781,#789,#797,#805,#813,#821));
#692 = ORIENTED_EDGE('',*,*,#39,.F.);
#693 = ORIENTED_EDGE('',*,*,#694,.T.);
#694 = EDGE_CURVE('',#32,#695,#697,.T.);
#695 = VERTEX_POINT('',#696);
#696 = CARTESIAN_POINT('',(20.5,4.5,-0.9));
#697 = LINE('',#698,#699);
#698 = CARTESIAN_POINT('',(20.5,4.608441558442,-0.791558441558));
#699 = VECTOR('',#700,1.);
#700 = DIRECTION('',(0.,-0.707106781187,-0.707106781187));
#701 = ORIENTED_EDGE('',*,*,#702,.F.);
#702 = EDGE_CURVE('',#703,#695,#705,.T.);
#703 = VERTEX_POINT('',#704);
#704 = CARTESIAN_POINT('',(20.5,4.5,1.));
#705 = LINE('',#706,#707);
#706 = CARTESIAN_POINT('',(20.5,4.5,1.066883116883));
#707 = VECTOR('',#708,1.);
#708 = DIRECTION('',(-0.,-0.,-1.));
#709 = ORIENTED_EDGE('',*,*,#710,.F.);
#710 = EDGE_CURVE('',#711,#703,#713,.T.);
#711 = VERTEX_POINT('',#712);
#712 = CARTESIAN_POINT('',(20.5,2.033333333333,1.));
#713 = LINE('',#714,#715);
#714 = CARTESIAN_POINT('',(20.5,2.25,1.));
#715 = VECTOR('',#716,1.);
#716 = DIRECTION('',(0.,1.,0.));
#717 = ORIENTED_EDGE('',*,*,#718,.T.);
#718 = EDGE_CURVE('',#711,#719,#721,.T.);
#719 = VERTEX_POINT('',#720);
#720 = CARTESIAN_POINT('',(20.5,2.033333333333,-1.));
#721 = LINE('',#722,#723);
#722 = CARTESIAN_POINT('',(20.5,2.033333333333,1.));
#723 = VECTOR('',#724,1.);
#724 = DIRECTION('',(0.,0.,-1.));
#725 = ORIENTED_EDGE('',*,*,#726,.F.);
#726 = EDGE_CURVE('',#727,#719,#729,.T.);
#727 = VERTEX_POINT('',#728);
#728 = CARTESIAN_POINT('',(20.5,1.233333333333,-1.));
#729 = LINE('',#730,#731);
#730 = CARTESIAN_POINT('',(20.5,-2.033333333333,-1.));
#731 = VECTOR('',#732,1.);
#732 = DIRECTION('',(0.,1.,0.));
#733 = ORIENTED_EDGE('',*,*,#734,.T.);
#734 = EDGE_CURVE('',#727,#735,#737,.T.);
#735 = VERTEX_POINT('',#736);
#736 = CARTESIAN_POINT('',(20.5,1.233333333333,1.));
#737 = LINE('',#738,#739);
#738 = CARTESIAN_POINT('',(20.5,1.233333333333,2.25));
#739 = VECTOR('',#740,1.);
#740 = DIRECTION('',(0.,0.,1.));
#741 = ORIENTED_EDGE('',*,*,#742,.F.);
#742 = EDGE_CURVE('',#743,#735,#745,.T.);
#743 = VERTEX_POINT('',#744);
#744 = CARTESIAN_POINT('',(20.5,-1.233333333333,1.));
#745 = LINE('',#746,#747);
#746 = CARTESIAN_POINT('',(20.5,0.616666666667,1.));
#747 = VECTOR('',#748,1.);
#748 = DIRECTION('',(0.,1.,0.));
#749 = ORIENTED_EDGE('',*,*,#750,.F.);
#750 = EDGE_CURVE('',#751,#743,#753,.T.);
#751 = VERTEX_POINT('',#752);
#752 = CARTESIAN_POINT('',(20.5,-1.233333333333,-1.));
#753 = LINE('',#754,#755);
#754 = CARTESIAN_POINT('',(20.5,-1.233333333333,0.5));
#755 = VECTOR('',#756,1.);
#756 = DIRECTION('',(0.,0.,1.));
#757 = ORIENTED_EDGE('',*,*,#758,.F.);
#758 = EDGE_CURVE('',#759,#751,#761,.T.);
#759 = VERTEX_POINT('',#760);
#760 = CARTESIAN_POINT('',(20.5,-2.033333333333,-1.));
#761 = LINE('',#762,#763);
#762 = CARTESIAN_POINT('',(20.5,-2.033333333333,-1.));
#763 = VECTOR('',#764,1.);
#764 = DIRECTION('',(0.,1.,0.));
#765 = ORIENTED_EDGE('',*,*,#766,.T.);
#766 = EDGE_CURVE('',#759,#767,#769,.T.);
#767 = VERTEX_POINT('',#768);
#768 = CARTESIAN_POINT('',(20.5,-2.033333333333,1.));
#769 = LINE('',#770,#771);
#770 = CARTESIAN_POINT('',(20.5,-2.033333333333,2.25));
#771 = VECTOR('',#772,1.);
#772 = DIRECTION('',(0.,0.,1.));
#773 = ORIENTED_EDGE('',*,*,#774,.F.);
#774 = EDGE_CURVE('',#775,#767,#777,.T.);
#775 = VERTEX_POINT('',#776);
#776 = CARTESIAN_POINT('',(20.5,-4.5,1.));
#777 = LINE('',#778,#779);
#778 = CARTESIAN_POINT('',(20.5,-1.016666666667,1.));
#779 = VECTOR('',#780,1.);
#780 = DIRECTION('',(0.,1.,0.));
#781 = ORIENTED_EDGE('',*,*,#782,.F.);
#782 = EDGE_CURVE('',#783,#775,#785,.T.);
#783 = VERTEX_POINT('',#784);
#784 = CARTESIAN_POINT('',(20.5,-4.5,-0.9));
#785 = LINE('',#786,#787);
#786 = CARTESIAN_POINT('',(20.5,-4.5,2.25));
#787 = VECTOR('',#788,1.);
#788 = DIRECTION('',(0.,0.,1.));
#789 = ORIENTED_EDGE('',*,*,#790,.F.);
#790 = EDGE_CURVE('',#791,#783,#793,.T.);
#791 = VERTEX_POINT('',#792);
#792 = CARTESIAN_POINT('',(20.5,-5.4,-3.330669073875E-16));
#793 = LINE('',#794,#795);
#794 = CARTESIAN_POINT('',(20.5,-4.608441558442,-0.791558441558));
#795 = VECTOR('',#796,1.);
#796 = DIRECTION('',(0.,0.707106781187,-0.707106781187));
#797 = ORIENTED_EDGE('',*,*,#798,.F.);
#798 = EDGE_CURVE('',#799,#791,#801,.T.);
#799 = VERTEX_POINT('',#800);
#800 = CARTESIAN_POINT('',(20.5,-13.25,0.));
#801 = LINE('',#802,#803);
#802 = CARTESIAN_POINT('',(20.5,-13.25,0.));
#803 = VECTOR('',#804,1.);
#804 = DIRECTION('',(0.,1.,0.));
#805 = ORIENTED_EDGE('',*,*,#806,.F.);
#806 = EDGE_CURVE('',#807,#799,#809,.T.);
#807 = VERTEX_POINT('',#808);
#808 = CARTESIAN_POINT('',(20.5,-13.25,7.));
#809 = LINE('',#810,#811);
#810 = CARTESIAN_POINT('',(20.5,-13.25,7.));
#811 = VECTOR('',#812,1.);
#812 = DIRECTION('',(0.,0.,-1.));
#813 = ORIENTED_EDGE('',*,*,#814,.T.);
#814 = EDGE_CURVE('',#807,#815,#817,.T.);
#815 = VERTEX_POINT('',#816);
#816 = CARTESIAN_POINT('',(20.5,13.25,7.));
#817 = LINE('',#818,#819);
#818 = CARTESIAN_POINT('',(20.5,-13.25,7.));
#819 = VECTOR('',#820,1.);
#820 = DIRECTION('',(0.,1.,0.));
#821 = ORIENTED_EDGE('',*,*,#822,.T.);
#822 = EDGE_CURVE('',#815,#40,#823,.T.);
#823 = LINE('',#824,#825);
#824 = CARTESIAN_POINT('',(20.5,13.25,7.));
#825 = VECTOR('',#826,1.);
#826 = DIRECTION('',(0.,0.,-1.));
#827 = PLANE('',#828);
#828 = AXIS2_PLACEMENT_3D('',#829,#830,#831);
#829 = CARTESIAN_POINT('',(20.5,0.,3.133766233766));
#830 = DIRECTION('',(-1.,-0.,-0.));
#831 = DIRECTION('',(0.,0.,-1.));
#832 = ADVANCED_FACE('',(#833),#850,.T.);
#833 = FACE_BOUND('',#834,.T.);
#834 = EDGE_LOOP('',(#835,#836,#844));
#835 = ORIENTED_EDGE('',*,*,#463,.T.);
#836 = ORIENTED_EDGE('',*,*,#837,.F.);
#837 = EDGE_CURVE('',#838,#456,#840,.T.);
#838 = VERTEX_POINT('',#839);
#839 = CARTESIAN_POINT('',(-20.45315361022,13.461309432983,1.75));
#840 = LINE('',#841,#842);
#841 = CARTESIAN_POINT('',(-20.45315361022,13.461309432983,1.75));
#842 = VECTOR('',#843,1.);
#843 = DIRECTION('',(1.150591301395E-02,2.210203082273E-02,
    -0.999689508897));
#844 = ORIENTED_EDGE('',*,*,#845,.T.);
#845 = EDGE_CURVE('',#838,#464,#846,.T.);
#846 = LINE('',#847,#848);
#847 = CARTESIAN_POINT('',(-20.45315361022,13.461309432983,1.75));
#848 = VECTOR('',#849,1.);
#849 = DIRECTION('',(-9.535961148704E-03,-2.302108719497E-02,
    -0.999689499289));
#850 = PLANE('',#851);
#851 = AXIS2_PLACEMENT_3D('',#852,#853,#854);
#852 = CARTESIAN_POINT('',(-20.45227054827,13.460897451258,
    0.853746779219));
#853 = DIRECTION('',(0.906302491943,-0.422628218441,1.087233302355E-03)
  );
#854 = DIRECTION('',(0.42262846823,0.906303027602,-5.421010862428E-20));
#855 = ADVANCED_FACE('',(#856),#873,.T.);
#856 = FACE_BOUND('',#857,.T.);
#857 = EDGE_LOOP('',(#858,#859,#867));
#858 = ORIENTED_EDGE('',*,*,#47,.F.);
#859 = ORIENTED_EDGE('',*,*,#860,.F.);
#860 = EDGE_CURVE('',#861,#40,#863,.T.);
#861 = VERTEX_POINT('',#862);
#862 = CARTESIAN_POINT('',(20.498096466064,13.293578147888,1.75));
#863 = LINE('',#864,#865);
#864 = CARTESIAN_POINT('',(20.498096466064,13.293578147888,1.75));
#865 = VECTOR('',#866,1.);
#866 = DIRECTION('',(1.087395939736E-03,-2.489406686686E-02,
    -0.999689503298));
#867 = ORIENTED_EDGE('',*,*,#868,.T.);
#868 = EDGE_CURVE('',#861,#48,#869,.T.);
#869 = LINE('',#870,#871);
#870 = CARTESIAN_POINT('',(20.498096466064,13.293578147888,1.75));
#871 = VECTOR('',#872,1.);
#872 = DIRECTION('',(-3.252381655819E-03,2.470448089555E-02,
    -0.999689507116));
#873 = PLANE('',#874);
#874 = AXIS2_PLACEMENT_3D('',#875,#876,#877);
#875 = CARTESIAN_POINT('',(20.497125977059,13.293493162902,
    0.853746806985));
#876 = DIRECTION('',(-0.996193295267,-8.716499846328E-02,
    1.08697225703E-03));
#877 = DIRECTION('',(8.716504995643E-02,-0.996193883773,
    -1.355252715607E-20));
#878 = ADVANCED_FACE('',(#879),#896,.T.);
#879 = FACE_BOUND('',#880,.T.);
#880 = EDGE_LOOP('',(#881,#882,#890));
#881 = ORIENTED_EDGE('',*,*,#455,.T.);
#882 = ORIENTED_EDGE('',*,*,#883,.F.);
#883 = EDGE_CURVE('',#884,#448,#886,.T.);
#884 = VERTEX_POINT('',#885);
#885 = CARTESIAN_POINT('',(-20.40957641601,13.536787986755,1.75));
#886 = LINE('',#887,#888);
#887 = CARTESIAN_POINT('',(-20.40957641601,13.536787986755,1.75));
#888 = VECTOR('',#889,1.);
#889 = DIRECTION('',(1.516906436205E-02,1.976870559207E-02,
    -0.999689500678));
#890 = ORIENTED_EDGE('',*,*,#891,.T.);
#891 = EDGE_CURVE('',#884,#456,#892,.T.);
#892 = LINE('',#893,#894);
#893 = CARTESIAN_POINT('',(-20.40957641601,13.536787986755,1.75));
#894 = VECTOR('',#895,1.);
#895 = DIRECTION('',(-1.338760933828E-02,-2.101517987402E-02,
    -0.999689518866));
#896 = PLANE('',#897);
#897 = AXIS2_PLACEMENT_3D('',#898,#899,#900);
#898 = CARTESIAN_POINT('',(-20.40877785061,13.536229235422,
    0.853746977155));
#899 = DIRECTION('',(0.819156375771,-0.573569219433,1.087452404249E-03)
  );
#900 = DIRECTION('',(0.573569558571,0.819156860119,0.));
#901 = ADVANCED_FACE('',(#902),#919,.T.);
#902 = FACE_BOUND('',#903,.T.);
#903 = EDGE_LOOP('',(#904,#905,#913));
#904 = ORIENTED_EDGE('',*,*,#55,.F.);
#905 = ORIENTED_EDGE('',*,*,#906,.F.);
#906 = EDGE_CURVE('',#907,#48,#909,.T.);
#907 = VERTEX_POINT('',#908);
#908 = CARTESIAN_POINT('',(20.482963562012,13.379409790039,1.75));
#909 = LINE('',#910,#911);
#910 = CARTESIAN_POINT('',(20.482963562012,13.379409790039,1.75));
#911 = VECTOR('',#912,1.);
#912 = DIRECTION('',(5.392307173545E-03,-2.432694327414E-02,
    -0.999689513226));
#913 = ORIENTED_EDGE('',*,*,#914,.T.);
#914 = EDGE_CURVE('',#907,#56,#915,.T.);
#915 = LINE('',#916,#917);
#916 = CARTESIAN_POINT('',(20.482963562012,13.379409790039,1.75));
#917 = VECTOR('',#918,1.);
#918 = DIRECTION('',(-7.493007952156E-03,2.376417768511E-02,
    -0.999689511144));
#919 = PLANE('',#920);
#920 = AXIS2_PLACEMENT_3D('',#921,#922,#923);
#921 = CARTESIAN_POINT('',(20.482021890006,13.379157521602,
    0.853747067778));
#922 = DIRECTION('',(-0.965928578403,-0.258806488093,1.087724876546E-03)
  );
#923 = DIRECTION('',(0.258806641196,-0.965929149821,0.));
#924 = ADVANCED_FACE('',(#925),#942,.T.);
#925 = FACE_BOUND('',#926,.T.);
#926 = EDGE_LOOP('',(#927,#928,#936));
#927 = ORIENTED_EDGE('',*,*,#447,.T.);
#928 = ORIENTED_EDGE('',*,*,#929,.F.);
#929 = EDGE_CURVE('',#930,#440,#932,.T.);
#930 = VERTEX_POINT('',#931);
#931 = CARTESIAN_POINT('',(-20.35355377197,13.603553771973,1.75));
#932 = LINE('',#933,#934);
#933 = CARTESIAN_POINT('',(-20.35355377197,13.603553771973,1.75));
#934 = VECTOR('',#935,1.);
#935 = DIRECTION('',(1.83713256831E-02,1.683393522353E-02,
    -0.999689508306));
#936 = ORIENTED_EDGE('',*,*,#937,.T.);
#937 = EDGE_CURVE('',#930,#448,#938,.T.);
#938 = LINE('',#939,#940);
#939 = CARTESIAN_POINT('',(-20.35355377197,13.603553771973,1.75));
#940 = VECTOR('',#941,1.);
#941 = DIRECTION('',(-1.683393522353E-02,-1.83713256831E-02,
    -0.999689508306));
#942 = PLANE('',#943);
#943 = AXIS2_PLACEMENT_3D('',#944,#945,#946);
#944 = CARTESIAN_POINT('',(-20.35286461253,13.602864612533,
    0.853746927528));
#945 = DIRECTION('',(0.707106363103,-0.707106363103,1.087436216451E-03)
  );
#946 = DIRECTION('',(0.707106781187,0.707106781187,-1.084202172486E-19)
  );
#947 = ADVANCED_FACE('',(#948),#965,.T.);
#948 = FACE_BOUND('',#949,.T.);
#949 = EDGE_LOOP('',(#950,#951,#959));
#950 = ORIENTED_EDGE('',*,*,#63,.F.);
#951 = ORIENTED_EDGE('',*,*,#952,.F.);
#952 = EDGE_CURVE('',#953,#56,#955,.T.);
#953 = VERTEX_POINT('',#954);
#954 = CARTESIAN_POINT('',(20.453153610229,13.461309432983,1.75));
#955 = LINE('',#956,#957);
#956 = CARTESIAN_POINT('',(20.453153610229,13.461309432983,1.75));
#957 = VECTOR('',#958,1.);
#958 = DIRECTION('',(9.535961148704E-03,-2.302108719497E-02,
    -0.999689499289));
#959 = ORIENTED_EDGE('',*,*,#960,.T.);
#960 = EDGE_CURVE('',#953,#64,#961,.T.);
#961 = LINE('',#962,#963);
#962 = CARTESIAN_POINT('',(20.453153610229,13.461309432983,1.75));
#963 = VECTOR('',#964,1.);
#964 = DIRECTION('',(-1.150591301395E-02,2.210203082273E-02,
    -0.999689508897));
#965 = PLANE('',#966);
#966 = AXIS2_PLACEMENT_3D('',#967,#968,#969);
#967 = CARTESIAN_POINT('',(20.452270548279,13.460897451258,
    0.853746779219));
#968 = DIRECTION('',(-0.906302491943,-0.422628218441,1.087233302355E-03)
  );
#969 = DIRECTION('',(0.42262846823,-0.906303027602,0.));
#970 = ADVANCED_FACE('',(#971),#988,.T.);
#971 = FACE_BOUND('',#972,.T.);
#972 = EDGE_LOOP('',(#973,#974,#982));
#973 = ORIENTED_EDGE('',*,*,#439,.T.);
#974 = ORIENTED_EDGE('',*,*,#975,.F.);
#975 = EDGE_CURVE('',#976,#432,#978,.T.);
#976 = VERTEX_POINT('',#977);
#977 = CARTESIAN_POINT('',(-20.28678894043,13.659576416016,1.75));
#978 = LINE('',#979,#980);
#979 = CARTESIAN_POINT('',(-20.28678894043,13.659576416016,1.75));
#980 = VECTOR('',#981,1.);
#981 = DIRECTION('',(2.101572426769E-02,1.338815387491E-02,
    -0.99968950013));
#982 = ORIENTED_EDGE('',*,*,#983,.T.);
#983 = EDGE_CURVE('',#976,#440,#984,.T.);
#984 = LINE('',#985,#986);
#985 = CARTESIAN_POINT('',(-20.28678894043,13.659576416016,1.75));
#986 = VECTOR('',#987,1.);
#987 = DIRECTION('',(-1.976816101742E-02,-1.516906452541E-02,
    -0.999689511444));
#988 = PLANE('',#989);
#989 = AXIS2_PLACEMENT_3D('',#990,#991,#992);
#990 = CARTESIAN_POINT('',(-20.28622970033,13.65877809489,0.85374684709)
  );
#991 = DIRECTION('',(0.573576561733,-0.819151234561,1.087541774246E-03)
  );
#992 = DIRECTION('',(-0.819151718986,-0.573576900931,0.));
#993 = ADVANCED_FACE('',(#994),#1011,.T.);
#994 = FACE_BOUND('',#995,.T.);
#995 = EDGE_LOOP('',(#996,#997,#1005));
#996 = ORIENTED_EDGE('',*,*,#71,.F.);
#997 = ORIENTED_EDGE('',*,*,#998,.F.);
#998 = EDGE_CURVE('',#999,#64,#1001,.T.);
#999 = VERTEX_POINT('',#1000);
#1000 = CARTESIAN_POINT('',(20.409576416016,13.536787986755,1.75));
#1001 = LINE('',#1002,#1003);
#1002 = CARTESIAN_POINT('',(20.409576416016,13.536787986755,1.75));
#1003 = VECTOR('',#1004,1.);
#1004 = DIRECTION('',(1.338760933828E-02,-2.101517987402E-02,
    -0.999689518866));
#1005 = ORIENTED_EDGE('',*,*,#1006,.T.);
#1006 = EDGE_CURVE('',#999,#72,#1007,.T.);
#1007 = LINE('',#1008,#1009);
#1008 = CARTESIAN_POINT('',(20.409576416016,13.536787986755,1.75));
#1009 = VECTOR('',#1010,1.);
#1010 = DIRECTION('',(-1.516906436205E-02,1.976870559207E-02,
    -0.999689500678));
#1011 = PLANE('',#1012);
#1012 = AXIS2_PLACEMENT_3D('',#1013,#1014,#1015);
#1013 = CARTESIAN_POINT('',(20.408777850617,13.536229235422,
    0.853746977155));
#1014 = DIRECTION('',(-0.819156375771,-0.573569219433,1.087452404249E-03
    ));
#1015 = DIRECTION('',(0.573569558571,-0.819156860119,1.084202172486E-19)
  );
#1016 = ADVANCED_FACE('',(#1017),#1034,.T.);
#1017 = FACE_BOUND('',#1018,.T.);
#1018 = EDGE_LOOP('',(#1019,#1020,#1028));
#1019 = ORIENTED_EDGE('',*,*,#431,.T.);
#1020 = ORIENTED_EDGE('',*,*,#1021,.F.);
#1021 = EDGE_CURVE('',#1022,#424,#1024,.T.);
#1022 = VERTEX_POINT('',#1023);
#1023 = CARTESIAN_POINT('',(-20.21130943298,13.703153610229,1.75));
#1024 = LINE('',#1025,#1026);
#1025 = CARTESIAN_POINT('',(-20.21130943298,13.703153610229,1.75));
#1026 = VECTOR('',#1027,1.);
#1027 = DIRECTION('',(2.302054269614E-02,9.535961268298E-03,
    -0.999689511827));
#1028 = ORIENTED_EDGE('',*,*,#1029,.T.);
#1029 = EDGE_CURVE('',#1022,#432,#1030,.T.);
#1030 = LINE('',#1031,#1032);
#1031 = CARTESIAN_POINT('',(-20.21130943298,13.703153610229,1.75));
#1032 = VECTOR('',#1033,1.);
#1033 = DIRECTION('',(-2.210203096127E-02,-1.150536829852E-02,
    -0.999689515163));
#1034 = PLANE('',#1035);
#1035 = AXIS2_PLACEMENT_3D('',#1036,#1037,#1038);
#1036 = CARTESIAN_POINT('',(-20.21089769566,13.702270792757,
    0.853747080568));
#1037 = DIRECTION('',(0.422623421993,-0.906304729047,1.086871197561E-03)
  );
#1038 = DIRECTION('',(-0.906305264352,-0.422623671614,0.));
#1039 = ADVANCED_FACE('',(#1040),#1057,.T.);
#1040 = FACE_BOUND('',#1041,.T.);
#1041 = EDGE_LOOP('',(#1042,#1043,#1051));
#1042 = ORIENTED_EDGE('',*,*,#79,.F.);
#1043 = ORIENTED_EDGE('',*,*,#1044,.F.);
#1044 = EDGE_CURVE('',#1045,#72,#1047,.T.);
#1045 = VERTEX_POINT('',#1046);
#1046 = CARTESIAN_POINT('',(20.353553771973,13.603553771973,1.75));
#1047 = LINE('',#1048,#1049);
#1048 = CARTESIAN_POINT('',(20.353553771973,13.603553771973,1.75));
#1049 = VECTOR('',#1050,1.);
#1050 = DIRECTION('',(1.683393522353E-02,-1.83713256831E-02,
    -0.999689508306));
#1051 = ORIENTED_EDGE('',*,*,#1052,.T.);
#1052 = EDGE_CURVE('',#1045,#80,#1053,.T.);
#1053 = LINE('',#1054,#1055);
#1054 = CARTESIAN_POINT('',(20.353553771973,13.603553771973,1.75));
#1055 = VECTOR('',#1056,1.);
#1056 = DIRECTION('',(-1.83713256831E-02,1.683393522353E-02,
    -0.999689508306));
#1057 = PLANE('',#1058);
#1058 = AXIS2_PLACEMENT_3D('',#1059,#1060,#1061);
#1059 = CARTESIAN_POINT('',(20.352864612533,13.602864612533,
    0.853746927528));
#1060 = DIRECTION('',(-0.707106363103,-0.707106363103,1.087436216451E-03
    ));
#1061 = DIRECTION('',(-0.707106781187,0.707106781187,0.));
#1062 = ADVANCED_FACE('',(#1063),#1080,.T.);
#1063 = FACE_BOUND('',#1064,.T.);
#1064 = EDGE_LOOP('',(#1065,#1066,#1074));
#1065 = ORIENTED_EDGE('',*,*,#423,.T.);
#1066 = ORIENTED_EDGE('',*,*,#1067,.F.);
#1067 = EDGE_CURVE('',#1068,#416,#1070,.T.);
#1068 = VERTEX_POINT('',#1069);
#1069 = CARTESIAN_POINT('',(-20.12940979003,13.732962608337,1.75));
#1070 = LINE('',#1071,#1072);
#1071 = CARTESIAN_POINT('',(-20.12940979003,13.732962608337,1.75));
#1072 = VECTOR('',#1073,1.);
#1073 = DIRECTION('',(2.43269431312E-02,5.393396716954E-03,
    -0.999689507352));
#1074 = ORIENTED_EDGE('',*,*,#1075,.T.);
#1075 = EDGE_CURVE('',#1068,#424,#1076,.T.);
#1076 = LINE('',#1077,#1078);
#1077 = CARTESIAN_POINT('',(-20.12940979003,13.732962608337,1.75));
#1078 = VECTOR('',#1079,1.);
#1079 = DIRECTION('',(-2.376472226199E-02,-7.492463098189E-03,
    -0.999689502282));
#1080 = PLANE('',#1081);
#1081 = AXIS2_PLACEMENT_3D('',#1082,#1083,#1084);
#1082 = CARTESIAN_POINT('',(-20.12915776576,13.732021668661,
    0.853746790029));
#1083 = DIRECTION('',(0.258813962126,-0.965926576782,1.086864773683E-03)
  );
#1084 = DIRECTION('',(-0.965927147295,-0.258814114991,
    -5.421010862428E-20));
#1085 = ADVANCED_FACE('',(#1086),#1103,.T.);
#1086 = FACE_BOUND('',#1087,.T.);
#1087 = EDGE_LOOP('',(#1088,#1089,#1097));
#1088 = ORIENTED_EDGE('',*,*,#87,.F.);
#1089 = ORIENTED_EDGE('',*,*,#1090,.F.);
#1090 = EDGE_CURVE('',#1091,#80,#1093,.T.);
#1091 = VERTEX_POINT('',#1092);
#1092 = CARTESIAN_POINT('',(20.28678894043,13.659576416016,1.75));
#1093 = LINE('',#1094,#1095);
#1094 = CARTESIAN_POINT('',(20.28678894043,13.659576416016,1.75));
#1095 = VECTOR('',#1096,1.);
#1096 = DIRECTION('',(1.976816101742E-02,-1.516906452541E-02,
    -0.999689511444));
#1097 = ORIENTED_EDGE('',*,*,#1098,.T.);
#1098 = EDGE_CURVE('',#1091,#88,#1099,.T.);
#1099 = LINE('',#1100,#1101);
#1100 = CARTESIAN_POINT('',(20.28678894043,13.659576416016,1.75));
#1101 = VECTOR('',#1102,1.);
#1102 = DIRECTION('',(-2.101572426769E-02,1.338815387491E-02,
    -0.99968950013));
#1103 = PLANE('',#1104);
#1104 = AXIS2_PLACEMENT_3D('',#1105,#1106,#1107);
#1105 = CARTESIAN_POINT('',(20.286229700339,13.65877809489,0.85374684709
    ));
#1106 = DIRECTION('',(-0.573576561733,-0.819151234561,1.087541774246E-03
    ));
#1107 = DIRECTION('',(-0.819151718986,0.573576900931,0.));
#1108 = ADVANCED_FACE('',(#1109),#1126,.T.);
#1109 = FACE_BOUND('',#1110,.T.);
#1110 = EDGE_LOOP('',(#1111,#1112,#1120));
#1111 = ORIENTED_EDGE('',*,*,#415,.T.);
#1112 = ORIENTED_EDGE('',*,*,#1113,.F.);
#1113 = EDGE_CURVE('',#1114,#408,#1116,.T.);
#1114 = VERTEX_POINT('',#1115);
#1115 = CARTESIAN_POINT('',(-20.04357719421,13.748097419739,1.75));
#1116 = LINE('',#1117,#1118);
#1117 = CARTESIAN_POINT('',(-20.04357719421,13.748097419739,1.75));
#1118 = VECTOR('',#1119,1.);
#1119 = DIRECTION('',(2.489352243166E-02,1.086851167575E-03,
    -0.999689517448));
#1120 = ORIENTED_EDGE('',*,*,#1121,.T.);
#1121 = EDGE_CURVE('',#1114,#416,#1122,.T.);
#1122 = LINE('',#1123,#1124);
#1123 = CARTESIAN_POINT('',(-20.04357719421,13.748097419739,1.75));
#1124 = VECTOR('',#1125,1.);
#1125 = DIRECTION('',(-2.470502535059E-02,-3.252381612046E-03,
    -0.999689493661));
#1126 = PLANE('',#1127);
#1127 = AXIS2_PLACEMENT_3D('',#1128,#1129,#1130);
#1128 = CARTESIAN_POINT('',(-20.04349269794,13.74712668652,
    0.853746826755));
#1129 = DIRECTION('',(8.715413943319E-02,-0.996194245107,
    1.087196202018E-03));
#1130 = DIRECTION('',(-0.996194833856,-8.715419094114E-02,0.));
#1131 = ADVANCED_FACE('',(#1132),#1149,.T.);
#1132 = FACE_BOUND('',#1133,.T.);
#1133 = EDGE_LOOP('',(#1134,#1135,#1143));
#1134 = ORIENTED_EDGE('',*,*,#95,.F.);
#1135 = ORIENTED_EDGE('',*,*,#1136,.F.);
#1136 = EDGE_CURVE('',#1137,#88,#1139,.T.);
#1137 = VERTEX_POINT('',#1138);
#1138 = CARTESIAN_POINT('',(20.211309432983,13.703153610229,1.75));
#1139 = LINE('',#1140,#1141);
#1140 = CARTESIAN_POINT('',(20.211309432983,13.703153610229,1.75));
#1141 = VECTOR('',#1142,1.);
#1142 = DIRECTION('',(2.210203096127E-02,-1.150536829852E-02,
    -0.999689515163));
#1143 = ORIENTED_EDGE('',*,*,#1144,.T.);
#1144 = EDGE_CURVE('',#1137,#96,#1145,.T.);
#1145 = LINE('',#1146,#1147);
#1146 = CARTESIAN_POINT('',(20.211309432983,13.703153610229,1.75));
#1147 = VECTOR('',#1148,1.);
#1148 = DIRECTION('',(-2.302054269614E-02,9.535961268298E-03,
    -0.999689511827));
#1149 = PLANE('',#1150);
#1150 = AXIS2_PLACEMENT_3D('',#1151,#1152,#1153);
#1151 = CARTESIAN_POINT('',(20.210897695667,13.702270792757,
    0.853747080568));
#1152 = DIRECTION('',(-0.422623421993,-0.906304729047,1.086871197561E-03
    ));
#1153 = DIRECTION('',(-0.906305264352,0.422623671614,0.));
#1154 = ADVANCED_FACE('',(#1155),#1180,.T.);
#1155 = FACE_BOUND('',#1156,.T.);
#1156 = EDGE_LOOP('',(#1157,#1165,#1166,#1174));
#1157 = ORIENTED_EDGE('',*,*,#1158,.F.);
#1158 = EDGE_CURVE('',#408,#1159,#1161,.T.);
#1159 = VERTEX_POINT('',#1160);
#1160 = CARTESIAN_POINT('',(-20.,13.75,7.));
#1161 = LINE('',#1162,#1163);
#1162 = CARTESIAN_POINT('',(-20.,13.75,0.));
#1163 = VECTOR('',#1164,1.);
#1164 = DIRECTION('',(0.,0.,1.));
#1165 = ORIENTED_EDGE('',*,*,#407,.F.);
#1166 = ORIENTED_EDGE('',*,*,#1167,.T.);
#1167 = EDGE_CURVE('',#400,#1168,#1170,.T.);
#1168 = VERTEX_POINT('',#1169);
#1169 = CARTESIAN_POINT('',(-4.730000019073,13.75,7.));
#1170 = LINE('',#1171,#1172);
#1171 = CARTESIAN_POINT('',(-4.730000019073,13.75,0.));
#1172 = VECTOR('',#1173,1.);
#1173 = DIRECTION('',(0.,0.,1.));
#1174 = ORIENTED_EDGE('',*,*,#1175,.F.);
#1175 = EDGE_CURVE('',#1159,#1168,#1176,.T.);
#1176 = LINE('',#1177,#1178);
#1177 = CARTESIAN_POINT('',(-20.,13.75,7.));
#1178 = VECTOR('',#1179,1.);
#1179 = DIRECTION('',(1.,0.,0.));
#1180 = PLANE('',#1181);
#1181 = AXIS2_PLACEMENT_3D('',#1182,#1183,#1184);
#1182 = CARTESIAN_POINT('',(-12.36500000953,13.75,3.5));
#1183 = DIRECTION('',(-0.,-1.,-0.));
#1184 = DIRECTION('',(0.,0.,-1.));
#1185 = ADVANCED_FACE('',(#1186),#1203,.T.);
#1186 = FACE_BOUND('',#1187,.T.);
#1187 = EDGE_LOOP('',(#1188,#1189,#1197));
#1188 = ORIENTED_EDGE('',*,*,#103,.F.);
#1189 = ORIENTED_EDGE('',*,*,#1190,.F.);
#1190 = EDGE_CURVE('',#1191,#96,#1193,.T.);
#1191 = VERTEX_POINT('',#1192);
#1192 = CARTESIAN_POINT('',(20.129409790039,13.732962608337,1.75));
#1193 = LINE('',#1194,#1195);
#1194 = CARTESIAN_POINT('',(20.129409790039,13.732962608337,1.75));
#1195 = VECTOR('',#1196,1.);
#1196 = DIRECTION('',(2.376472226199E-02,-7.492463098189E-03,
    -0.999689502282));
#1197 = ORIENTED_EDGE('',*,*,#1198,.T.);
#1198 = EDGE_CURVE('',#1191,#104,#1199,.T.);
#1199 = LINE('',#1200,#1201);
#1200 = CARTESIAN_POINT('',(20.129409790039,13.732962608337,1.75));
#1201 = VECTOR('',#1202,1.);
#1202 = DIRECTION('',(-2.43269431312E-02,5.393396716954E-03,
    -0.999689507352));
#1203 = PLANE('',#1204);
#1204 = AXIS2_PLACEMENT_3D('',#1205,#1206,#1207);
#1205 = CARTESIAN_POINT('',(20.129157765764,13.732021668661,
    0.853746790029));
#1206 = DIRECTION('',(-0.258813962126,-0.965926576782,1.086864773683E-03
    ));
#1207 = DIRECTION('',(-0.965927147295,0.258814114991,5.421010862428E-20)
  );
#1208 = ADVANCED_FACE('',(#1209),#1243,.T.);
#1209 = FACE_BOUND('',#1210,.T.);
#1210 = EDGE_LOOP('',(#1211,#1219,#1227,#1235,#1241,#1242));
#1211 = ORIENTED_EDGE('',*,*,#1212,.F.);
#1212 = EDGE_CURVE('',#1213,#392,#1215,.T.);
#1213 = VERTEX_POINT('',#1214);
#1214 = CARTESIAN_POINT('',(-4.730000019073,6.5,2.));
#1215 = LINE('',#1216,#1217);
#1216 = CARTESIAN_POINT('',(-4.730000019073,6.5,2.));
#1217 = VECTOR('',#1218,1.);
#1218 = DIRECTION('',(0.,0.,-1.));
#1219 = ORIENTED_EDGE('',*,*,#1220,.T.);
#1220 = EDGE_CURVE('',#1213,#1221,#1223,.T.);
#1221 = VERTEX_POINT('',#1222);
#1222 = CARTESIAN_POINT('',(-4.730000019073,8.979999542236,2.));
#1223 = LINE('',#1224,#1225);
#1224 = CARTESIAN_POINT('',(-4.730000019073,6.5,2.));
#1225 = VECTOR('',#1226,1.);
#1226 = DIRECTION('',(0.,1.,0.));
#1227 = ORIENTED_EDGE('',*,*,#1228,.T.);
#1228 = EDGE_CURVE('',#1221,#1229,#1231,.T.);
#1229 = VERTEX_POINT('',#1230);
#1230 = CARTESIAN_POINT('',(-4.730000019073,8.979999542236,7.));
#1231 = LINE('',#1232,#1233);
#1232 = CARTESIAN_POINT('',(-4.730000019073,8.979999542236,2.));
#1233 = VECTOR('',#1234,1.);
#1234 = DIRECTION('',(0.,0.,1.));
#1235 = ORIENTED_EDGE('',*,*,#1236,.F.);
#1236 = EDGE_CURVE('',#1168,#1229,#1237,.T.);
#1237 = LINE('',#1238,#1239);
#1238 = CARTESIAN_POINT('',(-4.730000019073,13.75,7.));
#1239 = VECTOR('',#1240,1.);
#1240 = DIRECTION('',(0.,-1.,0.));
#1241 = ORIENTED_EDGE('',*,*,#1167,.F.);
#1242 = ORIENTED_EDGE('',*,*,#399,.F.);
#1243 = PLANE('',#1244);
#1244 = AXIS2_PLACEMENT_3D('',#1245,#1246,#1247);
#1245 = CARTESIAN_POINT('',(-4.730000019073,10.560087638989,
    3.064912361011));
#1246 = DIRECTION('',(-1.,-0.,-0.));
#1247 = DIRECTION('',(0.,0.,-1.));
#1248 = ADVANCED_FACE('',(#1249),#1266,.T.);
#1249 = FACE_BOUND('',#1250,.T.);
#1250 = EDGE_LOOP('',(#1251,#1252,#1260));
#1251 = ORIENTED_EDGE('',*,*,#111,.F.);
#1252 = ORIENTED_EDGE('',*,*,#1253,.T.);
#1253 = EDGE_CURVE('',#104,#1254,#1256,.T.);
#1254 = VERTEX_POINT('',#1255);
#1255 = CARTESIAN_POINT('',(20.043577194214,13.748097419739,1.75));
#1256 = LINE('',#1257,#1258);
#1257 = CARTESIAN_POINT('',(20.086824417114,13.74240398407,0.));
#1258 = VECTOR('',#1259,1.);
#1259 = DIRECTION('',(-2.470502535059E-02,3.252381612046E-03,
    0.999689493661));
#1260 = ORIENTED_EDGE('',*,*,#1261,.T.);
#1261 = EDGE_CURVE('',#1254,#112,#1262,.T.);
#1262 = LINE('',#1263,#1264);
#1263 = CARTESIAN_POINT('',(20.043577194214,13.748097419739,1.75));
#1264 = VECTOR('',#1265,1.);
#1265 = DIRECTION('',(-2.489352243166E-02,1.086851167575E-03,
    -0.999689517448));
#1266 = PLANE('',#1267);
#1267 = AXIS2_PLACEMENT_3D('',#1268,#1269,#1270);
#1268 = CARTESIAN_POINT('',(20.043492697941,13.74712668652,
    0.853746826755));
#1269 = DIRECTION('',(-8.715413943319E-02,-0.996194245107,
    1.087196202018E-03));
#1270 = DIRECTION('',(-0.996194833856,8.715419094114E-02,0.));
#1271 = ADVANCED_FACE('',(#1272),#1290,.T.);
#1272 = FACE_BOUND('',#1273,.T.);
#1273 = EDGE_LOOP('',(#1274,#1275,#1276,#1284));
#1274 = ORIENTED_EDGE('',*,*,#1212,.T.);
#1275 = ORIENTED_EDGE('',*,*,#391,.F.);
#1276 = ORIENTED_EDGE('',*,*,#1277,.T.);
#1277 = EDGE_CURVE('',#384,#1278,#1280,.T.);
#1278 = VERTEX_POINT('',#1279);
#1279 = CARTESIAN_POINT('',(-3.329999923706,6.5,2.));
#1280 = LINE('',#1281,#1282);
#1281 = CARTESIAN_POINT('',(-3.329999923706,6.5,0.));
#1282 = VECTOR('',#1283,1.);
#1283 = DIRECTION('',(0.,0.,1.));
#1284 = ORIENTED_EDGE('',*,*,#1285,.T.);
#1285 = EDGE_CURVE('',#1278,#1213,#1286,.T.);
#1286 = LINE('',#1287,#1288);
#1287 = CARTESIAN_POINT('',(-3.329999923706,6.5,2.));
#1288 = VECTOR('',#1289,1.);
#1289 = DIRECTION('',(-1.,0.,0.));
#1290 = PLANE('',#1291);
#1291 = AXIS2_PLACEMENT_3D('',#1292,#1293,#1294);
#1292 = CARTESIAN_POINT('',(-4.342342015219,6.5,0.312681782211));
#1293 = DIRECTION('',(-0.,-1.,-0.));
#1294 = DIRECTION('',(0.,0.,-1.));
#1295 = ADVANCED_FACE('',(#1296),#1321,.T.);
#1296 = FACE_BOUND('',#1297,.T.);
#1297 = EDGE_LOOP('',(#1298,#1306,#1314,#1320));
#1298 = ORIENTED_EDGE('',*,*,#1299,.F.);
#1299 = EDGE_CURVE('',#1300,#112,#1302,.T.);
#1300 = VERTEX_POINT('',#1301);
#1301 = CARTESIAN_POINT('',(20.,13.75,7.));
#1302 = LINE('',#1303,#1304);
#1303 = CARTESIAN_POINT('',(20.,13.75,7.));
#1304 = VECTOR('',#1305,1.);
#1305 = DIRECTION('',(0.,0.,-1.));
#1306 = ORIENTED_EDGE('',*,*,#1307,.F.);
#1307 = EDGE_CURVE('',#1308,#1300,#1310,.T.);
#1308 = VERTEX_POINT('',#1309);
#1309 = CARTESIAN_POINT('',(17.950000762939,13.75,7.));
#1310 = LINE('',#1311,#1312);
#1311 = CARTESIAN_POINT('',(17.950000762939,13.75,7.));
#1312 = VECTOR('',#1313,1.);
#1313 = DIRECTION('',(1.,0.,0.));
#1314 = ORIENTED_EDGE('',*,*,#1315,.F.);
#1315 = EDGE_CURVE('',#120,#1308,#1316,.T.);
#1316 = LINE('',#1317,#1318);
#1317 = CARTESIAN_POINT('',(17.950000762939,13.75,0.));
#1318 = VECTOR('',#1319,1.);
#1319 = DIRECTION('',(0.,0.,1.));
#1320 = ORIENTED_EDGE('',*,*,#119,.F.);
#1321 = PLANE('',#1322);
#1322 = AXIS2_PLACEMENT_3D('',#1323,#1324,#1325);
#1323 = CARTESIAN_POINT('',(18.97500038147,13.75,3.5));
#1324 = DIRECTION('',(-0.,-1.,-0.));
#1325 = DIRECTION('',(0.,0.,-1.));
#1326 = ADVANCED_FACE('',(#1327),#1377,.T.);
#1327 = FACE_BOUND('',#1328,.T.);
#1328 = EDGE_LOOP('',(#1329,#1337,#1338,#1339,#1347,#1355,#1363,#1371));
#1329 = ORIENTED_EDGE('',*,*,#1330,.T.);
#1330 = EDGE_CURVE('',#1331,#1278,#1333,.T.);
#1331 = VERTEX_POINT('',#1332);
#1332 = CARTESIAN_POINT('',(-3.329999923706,8.979999542236,2.));
#1333 = LINE('',#1334,#1335);
#1334 = CARTESIAN_POINT('',(-3.329999923706,8.979999542236,2.));
#1335 = VECTOR('',#1336,1.);
#1336 = DIRECTION('',(0.,-1.,0.));
#1337 = ORIENTED_EDGE('',*,*,#1277,.F.);
#1338 = ORIENTED_EDGE('',*,*,#383,.T.);
#1339 = ORIENTED_EDGE('',*,*,#1340,.F.);
#1340 = EDGE_CURVE('',#1341,#376,#1343,.T.);
#1341 = VERTEX_POINT('',#1342);
#1342 = CARTESIAN_POINT('',(-3.329999923706,12.479999542236,7.));
#1343 = LINE('',#1344,#1345);
#1344 = CARTESIAN_POINT('',(-3.329999923706,12.479999542236,7.));
#1345 = VECTOR('',#1346,1.);
#1346 = DIRECTION('',(0.,0.,-1.));
#1347 = ORIENTED_EDGE('',*,*,#1348,.F.);
#1348 = EDGE_CURVE('',#1349,#1341,#1351,.T.);
#1349 = VERTEX_POINT('',#1350);
#1350 = CARTESIAN_POINT('',(-3.329999923706,10.380000114441,7.));
#1351 = LINE('',#1352,#1353);
#1352 = CARTESIAN_POINT('',(-3.329999923706,10.380000114441,7.));
#1353 = VECTOR('',#1354,1.);
#1354 = DIRECTION('',(0.,1.,0.));
#1355 = ORIENTED_EDGE('',*,*,#1356,.F.);
#1356 = EDGE_CURVE('',#1357,#1349,#1359,.T.);
#1357 = VERTEX_POINT('',#1358);
#1358 = CARTESIAN_POINT('',(-3.329999923706,10.380000114441,
    5.400000095367));
#1359 = LINE('',#1360,#1361);
#1360 = CARTESIAN_POINT('',(-3.329999923706,10.380000114441,
    5.400000095367));
#1361 = VECTOR('',#1362,1.);
#1362 = DIRECTION('',(0.,0.,1.));
#1363 = ORIENTED_EDGE('',*,*,#1364,.T.);
#1364 = EDGE_CURVE('',#1357,#1365,#1367,.T.);
#1365 = VERTEX_POINT('',#1366);
#1366 = CARTESIAN_POINT('',(-3.329999923706,8.979999542236,
    5.400000095367));
#1367 = LINE('',#1368,#1369);
#1368 = CARTESIAN_POINT('',(-3.329999923706,10.380000114441,
    5.400000095367));
#1369 = VECTOR('',#1370,1.);
#1370 = DIRECTION('',(0.,-1.,0.));
#1371 = ORIENTED_EDGE('',*,*,#1372,.T.);
#1372 = EDGE_CURVE('',#1365,#1331,#1373,.T.);
#1373 = LINE('',#1374,#1375);
#1374 = CARTESIAN_POINT('',(-3.329999923706,8.979999542236,
    5.400000095367));
#1375 = VECTOR('',#1376,1.);
#1376 = DIRECTION('',(0.,0.,-1.));
#1377 = PLANE('',#1378);
#1378 = AXIS2_PLACEMENT_3D('',#1379,#1380,#1381);
#1379 = CARTESIAN_POINT('',(-3.329999923706,10.05394426301,
    2.936055508109));
#1380 = DIRECTION('',(1.,0.,0.));
#1381 = DIRECTION('',(0.,0.,1.));
#1382 = ADVANCED_FACE('',(#1383),#1417,.T.);
#1383 = FACE_BOUND('',#1384,.T.);
#1384 = EDGE_LOOP('',(#1385,#1395,#1401,#1402,#1403,#1411));
#1385 = ORIENTED_EDGE('',*,*,#1386,.T.);
#1386 = EDGE_CURVE('',#1387,#1389,#1391,.T.);
#1387 = VERTEX_POINT('',#1388);
#1388 = CARTESIAN_POINT('',(17.950000762939,8.979999542236,2.));
#1389 = VERTEX_POINT('',#1390);
#1390 = CARTESIAN_POINT('',(17.950000762939,6.5,2.));
#1391 = LINE('',#1392,#1393);
#1392 = CARTESIAN_POINT('',(17.950000762939,8.979999542236,2.));
#1393 = VECTOR('',#1394,1.);
#1394 = DIRECTION('',(0.,-1.,0.));
#1395 = ORIENTED_EDGE('',*,*,#1396,.T.);
#1396 = EDGE_CURVE('',#1389,#128,#1397,.T.);
#1397 = LINE('',#1398,#1399);
#1398 = CARTESIAN_POINT('',(17.950000762939,6.5,2.));
#1399 = VECTOR('',#1400,1.);
#1400 = DIRECTION('',(0.,0.,-1.));
#1401 = ORIENTED_EDGE('',*,*,#127,.F.);
#1402 = ORIENTED_EDGE('',*,*,#1315,.T.);
#1403 = ORIENTED_EDGE('',*,*,#1404,.F.);
#1404 = EDGE_CURVE('',#1405,#1308,#1407,.T.);
#1405 = VERTEX_POINT('',#1406);
#1406 = CARTESIAN_POINT('',(17.950000762939,8.979999542236,7.));
#1407 = LINE('',#1408,#1409);
#1408 = CARTESIAN_POINT('',(17.950000762939,8.979999542236,7.));
#1409 = VECTOR('',#1410,1.);
#1410 = DIRECTION('',(0.,1.,0.));
#1411 = ORIENTED_EDGE('',*,*,#1412,.T.);
#1412 = EDGE_CURVE('',#1405,#1387,#1413,.T.);
#1413 = LINE('',#1414,#1415);
#1414 = CARTESIAN_POINT('',(17.950000762939,8.979999542236,7.));
#1415 = VECTOR('',#1416,1.);
#1416 = DIRECTION('',(0.,0.,-1.));
#1417 = PLANE('',#1418);
#1418 = AXIS2_PLACEMENT_3D('',#1419,#1420,#1421);
#1419 = CARTESIAN_POINT('',(17.950000762939,10.560087638989,
    3.064912361011));
#1420 = DIRECTION('',(1.,0.,0.));
#1421 = DIRECTION('',(0.,0.,1.));
#1422 = ADVANCED_FACE('',(#1423),#1441,.T.);
#1423 = FACE_BOUND('',#1424,.T.);
#1424 = EDGE_LOOP('',(#1425,#1433,#1434,#1435));
#1425 = ORIENTED_EDGE('',*,*,#1426,.F.);
#1426 = EDGE_CURVE('',#1341,#1427,#1429,.T.);
#1427 = VERTEX_POINT('',#1428);
#1428 = CARTESIAN_POINT('',(-1.230000019073,12.479999542236,7.));
#1429 = LINE('',#1430,#1431);
#1430 = CARTESIAN_POINT('',(-3.329999923706,12.479999542236,7.));
#1431 = VECTOR('',#1432,1.);
#1432 = DIRECTION('',(1.,0.,0.));
#1433 = ORIENTED_EDGE('',*,*,#1340,.T.);
#1434 = ORIENTED_EDGE('',*,*,#375,.T.);
#1435 = ORIENTED_EDGE('',*,*,#1436,.T.);
#1436 = EDGE_CURVE('',#368,#1427,#1437,.T.);
#1437 = LINE('',#1438,#1439);
#1438 = CARTESIAN_POINT('',(-1.230000019073,12.479999542236,0.));
#1439 = VECTOR('',#1440,1.);
#1440 = DIRECTION('',(0.,0.,1.));
#1441 = PLANE('',#1442);
#1442 = AXIS2_PLACEMENT_3D('',#1443,#1444,#1445);
#1443 = CARTESIAN_POINT('',(-2.27999997139,12.479999542236,3.5));
#1444 = DIRECTION('',(-0.,-1.,-0.));
#1445 = DIRECTION('',(0.,0.,-1.));
#1446 = ADVANCED_FACE('',(#1447),#1465,.T.);
#1447 = FACE_BOUND('',#1448,.T.);
#1448 = EDGE_LOOP('',(#1449,#1457,#1463,#1464));
#1449 = ORIENTED_EDGE('',*,*,#1450,.F.);
#1450 = EDGE_CURVE('',#1451,#1389,#1453,.T.);
#1451 = VERTEX_POINT('',#1452);
#1452 = CARTESIAN_POINT('',(16.549999237061,6.5,2.));
#1453 = LINE('',#1454,#1455);
#1454 = CARTESIAN_POINT('',(16.549999237061,6.5,2.));
#1455 = VECTOR('',#1456,1.);
#1456 = DIRECTION('',(1.,0.,0.));
#1457 = ORIENTED_EDGE('',*,*,#1458,.F.);
#1458 = EDGE_CURVE('',#136,#1451,#1459,.T.);
#1459 = LINE('',#1460,#1461);
#1460 = CARTESIAN_POINT('',(16.549999237061,6.5,0.));
#1461 = VECTOR('',#1462,1.);
#1462 = DIRECTION('',(0.,0.,1.));
#1463 = ORIENTED_EDGE('',*,*,#135,.F.);
#1464 = ORIENTED_EDGE('',*,*,#1396,.F.);
#1465 = PLANE('',#1466);
#1466 = AXIS2_PLACEMENT_3D('',#1467,#1468,#1469);
#1467 = CARTESIAN_POINT('',(17.462655367147,6.5,0.408076294063));
#1468 = DIRECTION('',(-0.,-1.,-0.));
#1469 = DIRECTION('',(0.,0.,-1.));
#1470 = ADVANCED_FACE('',(#1471),#1521,.T.);
#1471 = FACE_BOUND('',#1472,.T.);
#1472 = EDGE_LOOP('',(#1473,#1474,#1475,#1483,#1491,#1499,#1507,#1515));
#1473 = ORIENTED_EDGE('',*,*,#1436,.F.);
#1474 = ORIENTED_EDGE('',*,*,#367,.T.);
#1475 = ORIENTED_EDGE('',*,*,#1476,.T.);
#1476 = EDGE_CURVE('',#360,#1477,#1479,.T.);
#1477 = VERTEX_POINT('',#1478);
#1478 = CARTESIAN_POINT('',(-1.230000019073,6.5,2.));
#1479 = LINE('',#1480,#1481);
#1480 = CARTESIAN_POINT('',(-1.230000019073,6.5,0.));
#1481 = VECTOR('',#1482,1.);
#1482 = DIRECTION('',(0.,0.,1.));
#1483 = ORIENTED_EDGE('',*,*,#1484,.T.);
#1484 = EDGE_CURVE('',#1477,#1485,#1487,.T.);
#1485 = VERTEX_POINT('',#1486);
#1486 = CARTESIAN_POINT('',(-1.230000019073,8.979999542236,2.));
#1487 = LINE('',#1488,#1489);
#1488 = CARTESIAN_POINT('',(-1.230000019073,6.5,2.));
#1489 = VECTOR('',#1490,1.);
#1490 = DIRECTION('',(0.,1.,0.));
#1491 = ORIENTED_EDGE('',*,*,#1492,.T.);
#1492 = EDGE_CURVE('',#1485,#1493,#1495,.T.);
#1493 = VERTEX_POINT('',#1494);
#1494 = CARTESIAN_POINT('',(-1.230000019073,8.979999542236,
    5.400000095367));
#1495 = LINE('',#1496,#1497);
#1496 = CARTESIAN_POINT('',(-1.230000019073,8.979999542236,2.));
#1497 = VECTOR('',#1498,1.);
#1498 = DIRECTION('',(0.,0.,1.));
#1499 = ORIENTED_EDGE('',*,*,#1500,.T.);
#1500 = EDGE_CURVE('',#1493,#1501,#1503,.T.);
#1501 = VERTEX_POINT('',#1502);
#1502 = CARTESIAN_POINT('',(-1.230000019073,10.380000114441,
    5.400000095367));
#1503 = LINE('',#1504,#1505);
#1504 = CARTESIAN_POINT('',(-1.230000019073,8.979999542236,
    5.400000095367));
#1505 = VECTOR('',#1506,1.);
#1506 = DIRECTION('',(0.,1.,0.));
#1507 = ORIENTED_EDGE('',*,*,#1508,.F.);
#1508 = EDGE_CURVE('',#1509,#1501,#1511,.T.);
#1509 = VERTEX_POINT('',#1510);
#1510 = CARTESIAN_POINT('',(-1.230000019073,10.380000114441,7.));
#1511 = LINE('',#1512,#1513);
#1512 = CARTESIAN_POINT('',(-1.230000019073,10.380000114441,7.));
#1513 = VECTOR('',#1514,1.);
#1514 = DIRECTION('',(0.,0.,-1.));
#1515 = ORIENTED_EDGE('',*,*,#1516,.F.);
#1516 = EDGE_CURVE('',#1427,#1509,#1517,.T.);
#1517 = LINE('',#1518,#1519);
#1518 = CARTESIAN_POINT('',(-1.230000019073,12.479999542236,7.));
#1519 = VECTOR('',#1520,1.);
#1520 = DIRECTION('',(0.,-1.,0.));
#1521 = PLANE('',#1522);
#1522 = AXIS2_PLACEMENT_3D('',#1523,#1524,#1525);
#1523 = CARTESIAN_POINT('',(-1.230000019073,10.05394426301,
    2.936055508109));
#1524 = DIRECTION('',(-1.,-0.,-0.));
#1525 = DIRECTION('',(0.,0.,-1.));
#1526 = ADVANCED_FACE('',(#1527),#1577,.T.);
#1527 = FACE_BOUND('',#1528,.T.);
#1528 = EDGE_LOOP('',(#1529,#1537,#1538,#1539,#1547,#1555,#1563,#1571));
#1529 = ORIENTED_EDGE('',*,*,#1530,.F.);
#1530 = EDGE_CURVE('',#144,#1531,#1533,.T.);
#1531 = VERTEX_POINT('',#1532);
#1532 = CARTESIAN_POINT('',(16.549999237061,12.479999542236,7.));
#1533 = LINE('',#1534,#1535);
#1534 = CARTESIAN_POINT('',(16.549999237061,12.479999542236,0.));
#1535 = VECTOR('',#1536,1.);
#1536 = DIRECTION('',(0.,0.,1.));
#1537 = ORIENTED_EDGE('',*,*,#143,.T.);
#1538 = ORIENTED_EDGE('',*,*,#1458,.T.);
#1539 = ORIENTED_EDGE('',*,*,#1540,.T.);
#1540 = EDGE_CURVE('',#1451,#1541,#1543,.T.);
#1541 = VERTEX_POINT('',#1542);
#1542 = CARTESIAN_POINT('',(16.549999237061,8.979999542236,2.));
#1543 = LINE('',#1544,#1545);
#1544 = CARTESIAN_POINT('',(16.549999237061,6.5,2.));
#1545 = VECTOR('',#1546,1.);
#1546 = DIRECTION('',(0.,1.,0.));
#1547 = ORIENTED_EDGE('',*,*,#1548,.T.);
#1548 = EDGE_CURVE('',#1541,#1549,#1551,.T.);
#1549 = VERTEX_POINT('',#1550);
#1550 = CARTESIAN_POINT('',(16.549999237061,8.979999542236,
    5.400000095367));
#1551 = LINE('',#1552,#1553);
#1552 = CARTESIAN_POINT('',(16.549999237061,8.979999542236,2.));
#1553 = VECTOR('',#1554,1.);
#1554 = DIRECTION('',(0.,0.,1.));
#1555 = ORIENTED_EDGE('',*,*,#1556,.T.);
#1556 = EDGE_CURVE('',#1549,#1557,#1559,.T.);
#1557 = VERTEX_POINT('',#1558);
#1558 = CARTESIAN_POINT('',(16.549999237061,10.380000114441,
    5.400000095367));
#1559 = LINE('',#1560,#1561);
#1560 = CARTESIAN_POINT('',(16.549999237061,8.979999542236,
    5.400000095367));
#1561 = VECTOR('',#1562,1.);
#1562 = DIRECTION('',(0.,1.,0.));
#1563 = ORIENTED_EDGE('',*,*,#1564,.F.);
#1564 = EDGE_CURVE('',#1565,#1557,#1567,.T.);
#1565 = VERTEX_POINT('',#1566);
#1566 = CARTESIAN_POINT('',(16.549999237061,10.380000114441,7.));
#1567 = LINE('',#1568,#1569);
#1568 = CARTESIAN_POINT('',(16.549999237061,10.380000114441,7.));
#1569 = VECTOR('',#1570,1.);
#1570 = DIRECTION('',(0.,0.,-1.));
#1571 = ORIENTED_EDGE('',*,*,#1572,.F.);
#1572 = EDGE_CURVE('',#1531,#1565,#1573,.T.);
#1573 = LINE('',#1574,#1575);
#1574 = CARTESIAN_POINT('',(16.549999237061,12.479999542236,7.));
#1575 = VECTOR('',#1576,1.);
#1576 = DIRECTION('',(0.,-1.,0.));
#1577 = PLANE('',#1578);
#1578 = AXIS2_PLACEMENT_3D('',#1579,#1580,#1581);
#1579 = CARTESIAN_POINT('',(16.549999237061,10.05394426301,
    2.936055508109));
#1580 = DIRECTION('',(-1.,-0.,-0.));
#1581 = DIRECTION('',(0.,0.,-1.));
#1582 = ADVANCED_FACE('',(#1583),#1601,.T.);
#1583 = FACE_BOUND('',#1584,.T.);
#1584 = EDGE_LOOP('',(#1585,#1586,#1594,#1600));
#1585 = ORIENTED_EDGE('',*,*,#359,.F.);
#1586 = ORIENTED_EDGE('',*,*,#1587,.F.);
#1587 = EDGE_CURVE('',#1588,#352,#1590,.T.);
#1588 = VERTEX_POINT('',#1589);
#1589 = CARTESIAN_POINT('',(-0.790000021458,6.5,2.));
#1590 = LINE('',#1591,#1592);
#1591 = CARTESIAN_POINT('',(-0.790000021458,6.5,2.));
#1592 = VECTOR('',#1593,1.);
#1593 = DIRECTION('',(0.,0.,-1.));
#1594 = ORIENTED_EDGE('',*,*,#1595,.F.);
#1595 = EDGE_CURVE('',#1477,#1588,#1596,.T.);
#1596 = LINE('',#1597,#1598);
#1597 = CARTESIAN_POINT('',(-1.230000019073,6.5,2.));
#1598 = VECTOR('',#1599,1.);
#1599 = DIRECTION('',(1.,0.,0.));
#1600 = ORIENTED_EDGE('',*,*,#1476,.F.);
#1601 = PLANE('',#1602);
#1602 = AXIS2_PLACEMENT_3D('',#1603,#1604,#1605);
#1603 = CARTESIAN_POINT('',(-1.010000020266,6.5,0.492383467254));
#1604 = DIRECTION('',(-0.,-1.,-0.));
#1605 = DIRECTION('',(0.,0.,-1.));
#1606 = ADVANCED_FACE('',(#1607),#1625,.T.);
#1607 = FACE_BOUND('',#1608,.T.);
#1608 = EDGE_LOOP('',(#1609,#1617,#1618,#1619));
#1609 = ORIENTED_EDGE('',*,*,#1610,.F.);
#1610 = EDGE_CURVE('',#152,#1611,#1613,.T.);
#1611 = VERTEX_POINT('',#1612);
#1612 = CARTESIAN_POINT('',(14.449999809265,12.479999542236,7.));
#1613 = LINE('',#1614,#1615);
#1614 = CARTESIAN_POINT('',(14.449999809265,12.479999542236,0.));
#1615 = VECTOR('',#1616,1.);
#1616 = DIRECTION('',(0.,0.,1.));
#1617 = ORIENTED_EDGE('',*,*,#151,.T.);
#1618 = ORIENTED_EDGE('',*,*,#1530,.T.);
#1619 = ORIENTED_EDGE('',*,*,#1620,.F.);
#1620 = EDGE_CURVE('',#1611,#1531,#1621,.T.);
#1621 = LINE('',#1622,#1623);
#1622 = CARTESIAN_POINT('',(14.449999809265,12.479999542236,7.));
#1623 = VECTOR('',#1624,1.);
#1624 = DIRECTION('',(1.,0.,0.));
#1625 = PLANE('',#1626);
#1626 = AXIS2_PLACEMENT_3D('',#1627,#1628,#1629);
#1627 = CARTESIAN_POINT('',(15.499999523163,12.479999542236,3.5));
#1628 = DIRECTION('',(-0.,-1.,-0.));
#1629 = DIRECTION('',(0.,0.,-1.));
#1630 = ADVANCED_FACE('',(#1631),#1681,.T.);
#1631 = FACE_BOUND('',#1632,.T.);
#1632 = EDGE_LOOP('',(#1633,#1641,#1642,#1643,#1651,#1659,#1667,#1675));
#1633 = ORIENTED_EDGE('',*,*,#1634,.T.);
#1634 = EDGE_CURVE('',#1635,#1588,#1637,.T.);
#1635 = VERTEX_POINT('',#1636);
#1636 = CARTESIAN_POINT('',(-0.790000021458,8.979999542236,2.));
#1637 = LINE('',#1638,#1639);
#1638 = CARTESIAN_POINT('',(-0.790000021458,8.979999542236,2.));
#1639 = VECTOR('',#1640,1.);
#1640 = DIRECTION('',(0.,-1.,0.));
#1641 = ORIENTED_EDGE('',*,*,#1587,.T.);
#1642 = ORIENTED_EDGE('',*,*,#351,.T.);
#1643 = ORIENTED_EDGE('',*,*,#1644,.T.);
#1644 = EDGE_CURVE('',#344,#1645,#1647,.T.);
#1645 = VERTEX_POINT('',#1646);
#1646 = CARTESIAN_POINT('',(-0.790000021458,12.479999542236,7.));
#1647 = LINE('',#1648,#1649);
#1648 = CARTESIAN_POINT('',(-0.790000021458,12.479999542236,0.));
#1649 = VECTOR('',#1650,1.);
#1650 = DIRECTION('',(0.,0.,1.));
#1651 = ORIENTED_EDGE('',*,*,#1652,.F.);
#1652 = EDGE_CURVE('',#1653,#1645,#1655,.T.);
#1653 = VERTEX_POINT('',#1654);
#1654 = CARTESIAN_POINT('',(-0.790000021458,10.380000114441,7.));
#1655 = LINE('',#1656,#1657);
#1656 = CARTESIAN_POINT('',(-0.790000021458,10.380000114441,7.));
#1657 = VECTOR('',#1658,1.);
#1658 = DIRECTION('',(0.,1.,0.));
#1659 = ORIENTED_EDGE('',*,*,#1660,.T.);
#1660 = EDGE_CURVE('',#1653,#1661,#1663,.T.);
#1661 = VERTEX_POINT('',#1662);
#1662 = CARTESIAN_POINT('',(-0.790000021458,10.380000114441,
    5.400000095367));
#1663 = LINE('',#1664,#1665);
#1664 = CARTESIAN_POINT('',(-0.790000021458,10.380000114441,7.));
#1665 = VECTOR('',#1666,1.);
#1666 = DIRECTION('',(0.,0.,-1.));
#1667 = ORIENTED_EDGE('',*,*,#1668,.T.);
#1668 = EDGE_CURVE('',#1661,#1669,#1671,.T.);
#1669 = VERTEX_POINT('',#1670);
#1670 = CARTESIAN_POINT('',(-0.790000021458,8.979999542236,
    5.400000095367));
#1671 = LINE('',#1672,#1673);
#1672 = CARTESIAN_POINT('',(-0.790000021458,10.380000114441,
    5.400000095367));
#1673 = VECTOR('',#1674,1.);
#1674 = DIRECTION('',(0.,-1.,0.));
#1675 = ORIENTED_EDGE('',*,*,#1676,.T.);
#1676 = EDGE_CURVE('',#1669,#1635,#1677,.T.);
#1677 = LINE('',#1678,#1679);
#1678 = CARTESIAN_POINT('',(-0.790000021458,8.979999542236,
    5.400000095367));
#1679 = VECTOR('',#1680,1.);
#1680 = DIRECTION('',(0.,0.,-1.));
#1681 = PLANE('',#1682);
#1682 = AXIS2_PLACEMENT_3D('',#1683,#1684,#1685);
#1683 = CARTESIAN_POINT('',(-0.790000021458,10.05394426301,
    2.936055508109));
#1684 = DIRECTION('',(1.,0.,0.));
#1685 = DIRECTION('',(0.,0.,1.));
#1686 = ADVANCED_FACE('',(#1687),#1737,.T.);
#1687 = FACE_BOUND('',#1688,.T.);
#1688 = EDGE_LOOP('',(#1689,#1699,#1705,#1706,#1707,#1715,#1723,#1731));
#1689 = ORIENTED_EDGE('',*,*,#1690,.T.);
#1690 = EDGE_CURVE('',#1691,#1693,#1695,.T.);
#1691 = VERTEX_POINT('',#1692);
#1692 = CARTESIAN_POINT('',(14.449999809265,8.979999542236,2.));
#1693 = VERTEX_POINT('',#1694);
#1694 = CARTESIAN_POINT('',(14.449999809265,6.5,2.));
#1695 = LINE('',#1696,#1697);
#1696 = CARTESIAN_POINT('',(14.449999809265,8.979999542236,2.));
#1697 = VECTOR('',#1698,1.);
#1698 = DIRECTION('',(0.,-1.,0.));
#1699 = ORIENTED_EDGE('',*,*,#1700,.T.);
#1700 = EDGE_CURVE('',#1693,#160,#1701,.T.);
#1701 = LINE('',#1702,#1703);
#1702 = CARTESIAN_POINT('',(14.449999809265,6.5,2.));
#1703 = VECTOR('',#1704,1.);
#1704 = DIRECTION('',(0.,0.,-1.));
#1705 = ORIENTED_EDGE('',*,*,#159,.T.);
#1706 = ORIENTED_EDGE('',*,*,#1610,.T.);
#1707 = ORIENTED_EDGE('',*,*,#1708,.F.);
#1708 = EDGE_CURVE('',#1709,#1611,#1711,.T.);
#1709 = VERTEX_POINT('',#1710);
#1710 = CARTESIAN_POINT('',(14.449999809265,10.380000114441,7.));
#1711 = LINE('',#1712,#1713);
#1712 = CARTESIAN_POINT('',(14.449999809265,10.380000114441,7.));
#1713 = VECTOR('',#1714,1.);
#1714 = DIRECTION('',(0.,1.,0.));
#1715 = ORIENTED_EDGE('',*,*,#1716,.T.);
#1716 = EDGE_CURVE('',#1709,#1717,#1719,.T.);
#1717 = VERTEX_POINT('',#1718);
#1718 = CARTESIAN_POINT('',(14.449999809265,10.380000114441,
    5.400000095367));
#1719 = LINE('',#1720,#1721);
#1720 = CARTESIAN_POINT('',(14.449999809265,10.380000114441,7.));
#1721 = VECTOR('',#1722,1.);
#1722 = DIRECTION('',(0.,0.,-1.));
#1723 = ORIENTED_EDGE('',*,*,#1724,.T.);
#1724 = EDGE_CURVE('',#1717,#1725,#1727,.T.);
#1725 = VERTEX_POINT('',#1726);
#1726 = CARTESIAN_POINT('',(14.449999809265,8.979999542236,
    5.400000095367));
#1727 = LINE('',#1728,#1729);
#1728 = CARTESIAN_POINT('',(14.449999809265,10.380000114441,
    5.400000095367));
#1729 = VECTOR('',#1730,1.);
#1730 = DIRECTION('',(0.,-1.,0.));
#1731 = ORIENTED_EDGE('',*,*,#1732,.T.);
#1732 = EDGE_CURVE('',#1725,#1691,#1733,.T.);
#1733 = LINE('',#1734,#1735);
#1734 = CARTESIAN_POINT('',(14.449999809265,8.979999542236,
    5.400000095367));
#1735 = VECTOR('',#1736,1.);
#1736 = DIRECTION('',(0.,0.,-1.));
#1737 = PLANE('',#1738);
#1738 = AXIS2_PLACEMENT_3D('',#1739,#1740,#1741);
#1739 = CARTESIAN_POINT('',(14.449999809265,10.05394426301,
    2.936055508109));
#1740 = DIRECTION('',(1.,0.,0.));
#1741 = DIRECTION('',(0.,0.,1.));
#1742 = ADVANCED_FACE('',(#1743),#1761,.T.);
#1743 = FACE_BOUND('',#1744,.T.);
#1744 = EDGE_LOOP('',(#1745,#1746,#1747,#1755));
#1745 = ORIENTED_EDGE('',*,*,#1644,.F.);
#1746 = ORIENTED_EDGE('',*,*,#343,.T.);
#1747 = ORIENTED_EDGE('',*,*,#1748,.T.);
#1748 = EDGE_CURVE('',#336,#1749,#1751,.T.);
#1749 = VERTEX_POINT('',#1750);
#1750 = CARTESIAN_POINT('',(1.30999994278,12.479999542236,7.));
#1751 = LINE('',#1752,#1753);
#1752 = CARTESIAN_POINT('',(1.30999994278,12.479999542236,0.));
#1753 = VECTOR('',#1754,1.);
#1754 = DIRECTION('',(0.,0.,1.));
#1755 = ORIENTED_EDGE('',*,*,#1756,.F.);
#1756 = EDGE_CURVE('',#1645,#1749,#1757,.T.);
#1757 = LINE('',#1758,#1759);
#1758 = CARTESIAN_POINT('',(-0.790000021458,12.479999542236,7.));
#1759 = VECTOR('',#1760,1.);
#1760 = DIRECTION('',(1.,0.,0.));
#1761 = PLANE('',#1762);
#1762 = AXIS2_PLACEMENT_3D('',#1763,#1764,#1765);
#1763 = CARTESIAN_POINT('',(0.259999960661,12.479999542236,3.5));
#1764 = DIRECTION('',(-0.,-1.,-0.));
#1765 = DIRECTION('',(0.,0.,-1.));
#1766 = ADVANCED_FACE('',(#1767),#1785,.T.);
#1767 = FACE_BOUND('',#1768,.T.);
#1768 = EDGE_LOOP('',(#1769,#1777,#1778,#1779));
#1769 = ORIENTED_EDGE('',*,*,#1770,.F.);
#1770 = EDGE_CURVE('',#168,#1771,#1773,.T.);
#1771 = VERTEX_POINT('',#1772);
#1772 = CARTESIAN_POINT('',(14.010000228882,6.5,2.));
#1773 = LINE('',#1774,#1775);
#1774 = CARTESIAN_POINT('',(14.010000228882,6.5,0.));
#1775 = VECTOR('',#1776,1.);
#1776 = DIRECTION('',(0.,0.,1.));
#1777 = ORIENTED_EDGE('',*,*,#167,.F.);
#1778 = ORIENTED_EDGE('',*,*,#1700,.F.);
#1779 = ORIENTED_EDGE('',*,*,#1780,.F.);
#1780 = EDGE_CURVE('',#1771,#1693,#1781,.T.);
#1781 = LINE('',#1782,#1783);
#1782 = CARTESIAN_POINT('',(14.010000228882,6.5,2.));
#1783 = VECTOR('',#1784,1.);
#1784 = DIRECTION('',(1.,0.,0.));
#1785 = PLANE('',#1786);
#1786 = AXIS2_PLACEMENT_3D('',#1787,#1788,#1789);
#1787 = CARTESIAN_POINT('',(14.230000019073,6.5,0.492383466335));
#1788 = DIRECTION('',(-0.,-1.,-0.));
#1789 = DIRECTION('',(0.,0.,-1.));
#1790 = ADVANCED_FACE('',(#1791),#1841,.T.);
#1791 = FACE_BOUND('',#1792,.T.);
#1792 = EDGE_LOOP('',(#1793,#1794,#1795,#1803,#1811,#1819,#1827,#1835));
#1793 = ORIENTED_EDGE('',*,*,#1748,.F.);
#1794 = ORIENTED_EDGE('',*,*,#335,.T.);
#1795 = ORIENTED_EDGE('',*,*,#1796,.T.);
#1796 = EDGE_CURVE('',#328,#1797,#1799,.T.);
#1797 = VERTEX_POINT('',#1798);
#1798 = CARTESIAN_POINT('',(1.30999994278,6.5,2.));
#1799 = LINE('',#1800,#1801);
#1800 = CARTESIAN_POINT('',(1.30999994278,6.5,0.));
#1801 = VECTOR('',#1802,1.);
#1802 = DIRECTION('',(0.,0.,1.));
#1803 = ORIENTED_EDGE('',*,*,#1804,.T.);
#1804 = EDGE_CURVE('',#1797,#1805,#1807,.T.);
#1805 = VERTEX_POINT('',#1806);
#1806 = CARTESIAN_POINT('',(1.30999994278,8.979999542236,2.));
#1807 = LINE('',#1808,#1809);
#1808 = CARTESIAN_POINT('',(1.30999994278,6.5,2.));
#1809 = VECTOR('',#1810,1.);
#1810 = DIRECTION('',(0.,1.,0.));
#1811 = ORIENTED_EDGE('',*,*,#1812,.T.);
#1812 = EDGE_CURVE('',#1805,#1813,#1815,.T.);
#1813 = VERTEX_POINT('',#1814);
#1814 = CARTESIAN_POINT('',(1.30999994278,8.979999542236,5.400000095367)
  );
#1815 = LINE('',#1816,#1817);
#1816 = CARTESIAN_POINT('',(1.30999994278,8.979999542236,2.));
#1817 = VECTOR('',#1818,1.);
#1818 = DIRECTION('',(0.,0.,1.));
#1819 = ORIENTED_EDGE('',*,*,#1820,.T.);
#1820 = EDGE_CURVE('',#1813,#1821,#1823,.T.);
#1821 = VERTEX_POINT('',#1822);
#1822 = CARTESIAN_POINT('',(1.30999994278,10.380000114441,5.400000095367
    ));
#1823 = LINE('',#1824,#1825);
#1824 = CARTESIAN_POINT('',(1.30999994278,8.979999542236,5.400000095367)
  );
#1825 = VECTOR('',#1826,1.);
#1826 = DIRECTION('',(0.,1.,0.));
#1827 = ORIENTED_EDGE('',*,*,#1828,.F.);
#1828 = EDGE_CURVE('',#1829,#1821,#1831,.T.);
#1829 = VERTEX_POINT('',#1830);
#1830 = CARTESIAN_POINT('',(1.30999994278,10.380000114441,7.));
#1831 = LINE('',#1832,#1833);
#1832 = CARTESIAN_POINT('',(1.30999994278,10.380000114441,7.));
#1833 = VECTOR('',#1834,1.);
#1834 = DIRECTION('',(0.,0.,-1.));
#1835 = ORIENTED_EDGE('',*,*,#1836,.F.);
#1836 = EDGE_CURVE('',#1749,#1829,#1837,.T.);
#1837 = LINE('',#1838,#1839);
#1838 = CARTESIAN_POINT('',(1.30999994278,12.479999542236,7.));
#1839 = VECTOR('',#1840,1.);
#1840 = DIRECTION('',(0.,-1.,0.));
#1841 = PLANE('',#1842);
#1842 = AXIS2_PLACEMENT_3D('',#1843,#1844,#1845);
#1843 = CARTESIAN_POINT('',(1.30999994278,10.05394426301,2.936055508109)
  );
#1844 = DIRECTION('',(-1.,-0.,-0.));
#1845 = DIRECTION('',(0.,0.,-1.));
#1846 = ADVANCED_FACE('',(#1847),#1897,.T.);
#1847 = FACE_BOUND('',#1848,.T.);
#1848 = EDGE_LOOP('',(#1849,#1850,#1858,#1866,#1874,#1882,#1890,#1896));
#1849 = ORIENTED_EDGE('',*,*,#1770,.T.);
#1850 = ORIENTED_EDGE('',*,*,#1851,.F.);
#1851 = EDGE_CURVE('',#1852,#1771,#1854,.T.);
#1852 = VERTEX_POINT('',#1853);
#1853 = CARTESIAN_POINT('',(14.010000228882,8.979999542236,2.));
#1854 = LINE('',#1855,#1856);
#1855 = CARTESIAN_POINT('',(14.010000228882,8.979999542236,2.));
#1856 = VECTOR('',#1857,1.);
#1857 = DIRECTION('',(0.,-1.,0.));
#1858 = ORIENTED_EDGE('',*,*,#1859,.F.);
#1859 = EDGE_CURVE('',#1860,#1852,#1862,.T.);
#1860 = VERTEX_POINT('',#1861);
#1861 = CARTESIAN_POINT('',(14.010000228882,8.979999542236,
    5.400000095367));
#1862 = LINE('',#1863,#1864);
#1863 = CARTESIAN_POINT('',(14.010000228882,8.979999542236,
    5.400000095367));
#1864 = VECTOR('',#1865,1.);
#1865 = DIRECTION('',(0.,0.,-1.));
#1866 = ORIENTED_EDGE('',*,*,#1867,.F.);
#1867 = EDGE_CURVE('',#1868,#1860,#1870,.T.);
#1868 = VERTEX_POINT('',#1869);
#1869 = CARTESIAN_POINT('',(14.010000228882,10.380000114441,
    5.400000095367));
#1870 = LINE('',#1871,#1872);
#1871 = CARTESIAN_POINT('',(14.010000228882,10.380000114441,
    5.400000095367));
#1872 = VECTOR('',#1873,1.);
#1873 = DIRECTION('',(0.,-1.,0.));
#1874 = ORIENTED_EDGE('',*,*,#1875,.F.);
#1875 = EDGE_CURVE('',#1876,#1868,#1878,.T.);
#1876 = VERTEX_POINT('',#1877);
#1877 = CARTESIAN_POINT('',(14.010000228882,10.380000114441,7.));
#1878 = LINE('',#1879,#1880);
#1879 = CARTESIAN_POINT('',(14.010000228882,10.380000114441,7.));
#1880 = VECTOR('',#1881,1.);
#1881 = DIRECTION('',(0.,0.,-1.));
#1882 = ORIENTED_EDGE('',*,*,#1883,.F.);
#1883 = EDGE_CURVE('',#1884,#1876,#1886,.T.);
#1884 = VERTEX_POINT('',#1885);
#1885 = CARTESIAN_POINT('',(14.010000228882,12.479999542236,7.));
#1886 = LINE('',#1887,#1888);
#1887 = CARTESIAN_POINT('',(14.010000228882,12.479999542236,7.));
#1888 = VECTOR('',#1889,1.);
#1889 = DIRECTION('',(0.,-1.,0.));
#1890 = ORIENTED_EDGE('',*,*,#1891,.F.);
#1891 = EDGE_CURVE('',#176,#1884,#1892,.T.);
#1892 = LINE('',#1893,#1894);
#1893 = CARTESIAN_POINT('',(14.010000228882,12.479999542236,0.));
#1894 = VECTOR('',#1895,1.);
#1895 = DIRECTION('',(0.,0.,1.));
#1896 = ORIENTED_EDGE('',*,*,#175,.T.);
#1897 = PLANE('',#1898);
#1898 = AXIS2_PLACEMENT_3D('',#1899,#1900,#1901);
#1899 = CARTESIAN_POINT('',(14.010000228882,10.05394426301,
    2.936055508109));
#1900 = DIRECTION('',(-1.,-0.,-0.));
#1901 = DIRECTION('',(0.,0.,-1.));
#1902 = ADVANCED_FACE('',(#1903),#1921,.T.);
#1903 = FACE_BOUND('',#1904,.T.);
#1904 = EDGE_LOOP('',(#1905,#1906,#1914,#1920));
#1905 = ORIENTED_EDGE('',*,*,#327,.F.);
#1906 = ORIENTED_EDGE('',*,*,#1907,.F.);
#1907 = EDGE_CURVE('',#1908,#320,#1910,.T.);
#1908 = VERTEX_POINT('',#1909);
#1909 = CARTESIAN_POINT('',(1.75,6.5,2.));
#1910 = LINE('',#1911,#1912);
#1911 = CARTESIAN_POINT('',(1.75,6.5,2.));
#1912 = VECTOR('',#1913,1.);
#1913 = DIRECTION('',(0.,0.,-1.));
#1914 = ORIENTED_EDGE('',*,*,#1915,.F.);
#1915 = EDGE_CURVE('',#1797,#1908,#1916,.T.);
#1916 = LINE('',#1917,#1918);
#1917 = CARTESIAN_POINT('',(1.30999994278,6.5,2.));
#1918 = VECTOR('',#1919,1.);
#1919 = DIRECTION('',(1.,0.,0.));
#1920 = ORIENTED_EDGE('',*,*,#1796,.F.);
#1921 = PLANE('',#1922);
#1922 = AXIS2_PLACEMENT_3D('',#1923,#1924,#1925);
#1923 = CARTESIAN_POINT('',(1.529999984173,6.5,0.49238349341));
#1924 = DIRECTION('',(-0.,-1.,-0.));
#1925 = DIRECTION('',(0.,0.,-1.));
#1926 = ADVANCED_FACE('',(#1927),#1945,.T.);
#1927 = FACE_BOUND('',#1928,.T.);
#1928 = EDGE_LOOP('',(#1929,#1937,#1943,#1944));
#1929 = ORIENTED_EDGE('',*,*,#1930,.F.);
#1930 = EDGE_CURVE('',#1931,#1884,#1933,.T.);
#1931 = VERTEX_POINT('',#1932);
#1932 = CARTESIAN_POINT('',(11.909999847412,12.479999542236,7.));
#1933 = LINE('',#1934,#1935);
#1934 = CARTESIAN_POINT('',(11.909999847412,12.479999542236,7.));
#1935 = VECTOR('',#1936,1.);
#1936 = DIRECTION('',(1.,0.,0.));
#1937 = ORIENTED_EDGE('',*,*,#1938,.T.);
#1938 = EDGE_CURVE('',#1931,#184,#1939,.T.);
#1939 = LINE('',#1940,#1941);
#1940 = CARTESIAN_POINT('',(11.909999847412,12.479999542236,7.));
#1941 = VECTOR('',#1942,1.);
#1942 = DIRECTION('',(0.,0.,-1.));
#1943 = ORIENTED_EDGE('',*,*,#183,.T.);
#1944 = ORIENTED_EDGE('',*,*,#1891,.T.);
#1945 = PLANE('',#1946);
#1946 = AXIS2_PLACEMENT_3D('',#1947,#1948,#1949);
#1947 = CARTESIAN_POINT('',(12.960000038147,12.479999542236,3.5));
#1948 = DIRECTION('',(-0.,-1.,-0.));
#1949 = DIRECTION('',(0.,0.,-1.));
#1950 = ADVANCED_FACE('',(#1951),#2001,.T.);
#1951 = FACE_BOUND('',#1952,.T.);
#1952 = EDGE_LOOP('',(#1953,#1961,#1962,#1963,#1971,#1979,#1987,#1995));
#1953 = ORIENTED_EDGE('',*,*,#1954,.T.);
#1954 = EDGE_CURVE('',#1955,#1908,#1957,.T.);
#1955 = VERTEX_POINT('',#1956);
#1956 = CARTESIAN_POINT('',(1.75,8.979999542236,2.));
#1957 = LINE('',#1958,#1959);
#1958 = CARTESIAN_POINT('',(1.75,8.979999542236,2.));
#1959 = VECTOR('',#1960,1.);
#1960 = DIRECTION('',(0.,-1.,0.));
#1961 = ORIENTED_EDGE('',*,*,#1907,.T.);
#1962 = ORIENTED_EDGE('',*,*,#319,.T.);
#1963 = ORIENTED_EDGE('',*,*,#1964,.T.);
#1964 = EDGE_CURVE('',#312,#1965,#1967,.T.);
#1965 = VERTEX_POINT('',#1966);
#1966 = CARTESIAN_POINT('',(1.75,12.479999542236,7.));
#1967 = LINE('',#1968,#1969);
#1968 = CARTESIAN_POINT('',(1.75,12.479999542236,0.));
#1969 = VECTOR('',#1970,1.);
#1970 = DIRECTION('',(0.,0.,1.));
#1971 = ORIENTED_EDGE('',*,*,#1972,.F.);
#1972 = EDGE_CURVE('',#1973,#1965,#1975,.T.);
#1973 = VERTEX_POINT('',#1974);
#1974 = CARTESIAN_POINT('',(1.75,10.380000114441,7.));
#1975 = LINE('',#1976,#1977);
#1976 = CARTESIAN_POINT('',(1.75,10.380000114441,7.));
#1977 = VECTOR('',#1978,1.);
#1978 = DIRECTION('',(0.,1.,0.));
#1979 = ORIENTED_EDGE('',*,*,#1980,.T.);
#1980 = EDGE_CURVE('',#1973,#1981,#1983,.T.);
#1981 = VERTEX_POINT('',#1982);
#1982 = CARTESIAN_POINT('',(1.75,10.380000114441,5.400000095367));
#1983 = LINE('',#1984,#1985);
#1984 = CARTESIAN_POINT('',(1.75,10.380000114441,7.));
#1985 = VECTOR('',#1986,1.);
#1986 = DIRECTION('',(0.,0.,-1.));
#1987 = ORIENTED_EDGE('',*,*,#1988,.T.);
#1988 = EDGE_CURVE('',#1981,#1989,#1991,.T.);
#1989 = VERTEX_POINT('',#1990);
#1990 = CARTESIAN_POINT('',(1.75,8.979999542236,5.400000095367));
#1991 = LINE('',#1992,#1993);
#1992 = CARTESIAN_POINT('',(1.75,10.380000114441,5.400000095367));
#1993 = VECTOR('',#1994,1.);
#1994 = DIRECTION('',(0.,-1.,0.));
#1995 = ORIENTED_EDGE('',*,*,#1996,.T.);
#1996 = EDGE_CURVE('',#1989,#1955,#1997,.T.);
#1997 = LINE('',#1998,#1999);
#1998 = CARTESIAN_POINT('',(1.75,8.979999542236,5.400000095367));
#1999 = VECTOR('',#2000,1.);
#2000 = DIRECTION('',(0.,0.,-1.));
#2001 = PLANE('',#2002);
#2002 = AXIS2_PLACEMENT_3D('',#2003,#2004,#2005);
#2003 = CARTESIAN_POINT('',(1.75,10.05394426301,2.936055508109));
#2004 = DIRECTION('',(1.,0.,0.));
#2005 = DIRECTION('',(0.,0.,1.));
#2006 = ADVANCED_FACE('',(#2007),#2057,.T.);
#2007 = FACE_BOUND('',#2008,.T.);
#2008 = EDGE_LOOP('',(#2009,#2019,#2025,#2026,#2027,#2035,#2043,#2051));
#2009 = ORIENTED_EDGE('',*,*,#2010,.T.);
#2010 = EDGE_CURVE('',#2011,#2013,#2015,.T.);
#2011 = VERTEX_POINT('',#2012);
#2012 = CARTESIAN_POINT('',(11.909999847412,8.979999542236,2.));
#2013 = VERTEX_POINT('',#2014);
#2014 = CARTESIAN_POINT('',(11.909999847412,6.5,2.));
#2015 = LINE('',#2016,#2017);
#2016 = CARTESIAN_POINT('',(11.909999847412,8.979999542236,2.));
#2017 = VECTOR('',#2018,1.);
#2018 = DIRECTION('',(0.,-1.,0.));
#2019 = ORIENTED_EDGE('',*,*,#2020,.T.);
#2020 = EDGE_CURVE('',#2013,#192,#2021,.T.);
#2021 = LINE('',#2022,#2023);
#2022 = CARTESIAN_POINT('',(11.909999847412,6.5,2.));
#2023 = VECTOR('',#2024,1.);
#2024 = DIRECTION('',(0.,0.,-1.));
#2025 = ORIENTED_EDGE('',*,*,#191,.F.);
#2026 = ORIENTED_EDGE('',*,*,#1938,.F.);
#2027 = ORIENTED_EDGE('',*,*,#2028,.F.);
#2028 = EDGE_CURVE('',#2029,#1931,#2031,.T.);
#2029 = VERTEX_POINT('',#2030);
#2030 = CARTESIAN_POINT('',(11.909999847412,10.380000114441,7.));
#2031 = LINE('',#2032,#2033);
#2032 = CARTESIAN_POINT('',(11.909999847412,10.380000114441,7.));
#2033 = VECTOR('',#2034,1.);
#2034 = DIRECTION('',(0.,1.,0.));
#2035 = ORIENTED_EDGE('',*,*,#2036,.F.);
#2036 = EDGE_CURVE('',#2037,#2029,#2039,.T.);
#2037 = VERTEX_POINT('',#2038);
#2038 = CARTESIAN_POINT('',(11.909999847412,10.380000114441,
    5.400000095367));
#2039 = LINE('',#2040,#2041);
#2040 = CARTESIAN_POINT('',(11.909999847412,10.380000114441,
    5.400000095367));
#2041 = VECTOR('',#2042,1.);
#2042 = DIRECTION('',(0.,0.,1.));
#2043 = ORIENTED_EDGE('',*,*,#2044,.F.);
#2044 = EDGE_CURVE('',#2045,#2037,#2047,.T.);
#2045 = VERTEX_POINT('',#2046);
#2046 = CARTESIAN_POINT('',(11.909999847412,8.979999542236,
    5.400000095367));
#2047 = LINE('',#2048,#2049);
#2048 = CARTESIAN_POINT('',(11.909999847412,8.979999542236,
    5.400000095367));
#2049 = VECTOR('',#2050,1.);
#2050 = DIRECTION('',(0.,1.,0.));
#2051 = ORIENTED_EDGE('',*,*,#2052,.F.);
#2052 = EDGE_CURVE('',#2011,#2045,#2053,.T.);
#2053 = LINE('',#2054,#2055);
#2054 = CARTESIAN_POINT('',(11.909999847412,8.979999542236,2.));
#2055 = VECTOR('',#2056,1.);
#2056 = DIRECTION('',(0.,0.,1.));
#2057 = PLANE('',#2058);
#2058 = AXIS2_PLACEMENT_3D('',#2059,#2060,#2061);
#2059 = CARTESIAN_POINT('',(11.909999847412,10.05394426301,
    2.936055508109));
#2060 = DIRECTION('',(1.,0.,0.));
#2061 = DIRECTION('',(0.,0.,1.));
#2062 = ADVANCED_FACE('',(#2063),#2081,.T.);
#2063 = FACE_BOUND('',#2064,.T.);
#2064 = EDGE_LOOP('',(#2065,#2066,#2067,#2075));
#2065 = ORIENTED_EDGE('',*,*,#1964,.F.);
#2066 = ORIENTED_EDGE('',*,*,#311,.T.);
#2067 = ORIENTED_EDGE('',*,*,#2068,.T.);
#2068 = EDGE_CURVE('',#304,#2069,#2071,.T.);
#2069 = VERTEX_POINT('',#2070);
#2070 = CARTESIAN_POINT('',(3.849999904633,12.479999542236,7.));
#2071 = LINE('',#2072,#2073);
#2072 = CARTESIAN_POINT('',(3.849999904633,12.479999542236,0.));
#2073 = VECTOR('',#2074,1.);
#2074 = DIRECTION('',(0.,0.,1.));
#2075 = ORIENTED_EDGE('',*,*,#2076,.F.);
#2076 = EDGE_CURVE('',#1965,#2069,#2077,.T.);
#2077 = LINE('',#2078,#2079);
#2078 = CARTESIAN_POINT('',(1.75,12.479999542236,7.));
#2079 = VECTOR('',#2080,1.);
#2080 = DIRECTION('',(1.,0.,0.));
#2081 = PLANE('',#2082);
#2082 = AXIS2_PLACEMENT_3D('',#2083,#2084,#2085);
#2083 = CARTESIAN_POINT('',(2.799999952316,12.479999542236,3.5));
#2084 = DIRECTION('',(-0.,-1.,-0.));
#2085 = DIRECTION('',(0.,0.,-1.));
#2086 = ADVANCED_FACE('',(#2087),#2105,.T.);
#2087 = FACE_BOUND('',#2088,.T.);
#2088 = EDGE_LOOP('',(#2089,#2097,#2098,#2099));
#2089 = ORIENTED_EDGE('',*,*,#2090,.F.);
#2090 = EDGE_CURVE('',#200,#2091,#2093,.T.);
#2091 = VERTEX_POINT('',#2092);
#2092 = CARTESIAN_POINT('',(11.470000267029,6.5,2.));
#2093 = LINE('',#2094,#2095);
#2094 = CARTESIAN_POINT('',(11.470000267029,6.5,0.));
#2095 = VECTOR('',#2096,1.);
#2096 = DIRECTION('',(0.,0.,1.));
#2097 = ORIENTED_EDGE('',*,*,#199,.F.);
#2098 = ORIENTED_EDGE('',*,*,#2020,.F.);
#2099 = ORIENTED_EDGE('',*,*,#2100,.F.);
#2100 = EDGE_CURVE('',#2091,#2013,#2101,.T.);
#2101 = LINE('',#2102,#2103);
#2102 = CARTESIAN_POINT('',(11.470000267029,6.5,2.));
#2103 = VECTOR('',#2104,1.);
#2104 = DIRECTION('',(1.,0.,0.));
#2105 = PLANE('',#2106);
#2106 = AXIS2_PLACEMENT_3D('',#2107,#2108,#2109);
#2107 = CARTESIAN_POINT('',(11.69000005722,6.5,0.492383466335));
#2108 = DIRECTION('',(-0.,-1.,-0.));
#2109 = DIRECTION('',(0.,0.,-1.));
#2110 = ADVANCED_FACE('',(#2111),#2161,.T.);
#2111 = FACE_BOUND('',#2112,.T.);
#2112 = EDGE_LOOP('',(#2113,#2121,#2129,#2137,#2145,#2153,#2159,#2160));
#2113 = ORIENTED_EDGE('',*,*,#2114,.T.);
#2114 = EDGE_CURVE('',#296,#2115,#2117,.T.);
#2115 = VERTEX_POINT('',#2116);
#2116 = CARTESIAN_POINT('',(3.849999904633,6.5,2.));
#2117 = LINE('',#2118,#2119);
#2118 = CARTESIAN_POINT('',(3.849999904633,6.5,0.));
#2119 = VECTOR('',#2120,1.);
#2120 = DIRECTION('',(0.,0.,1.));
#2121 = ORIENTED_EDGE('',*,*,#2122,.F.);
#2122 = EDGE_CURVE('',#2123,#2115,#2125,.T.);
#2123 = VERTEX_POINT('',#2124);
#2124 = CARTESIAN_POINT('',(3.849999904633,8.979999542236,2.));
#2125 = LINE('',#2126,#2127);
#2126 = CARTESIAN_POINT('',(3.849999904633,8.979999542236,2.));
#2127 = VECTOR('',#2128,1.);
#2128 = DIRECTION('',(0.,-1.,0.));
#2129 = ORIENTED_EDGE('',*,*,#2130,.F.);
#2130 = EDGE_CURVE('',#2131,#2123,#2133,.T.);
#2131 = VERTEX_POINT('',#2132);
#2132 = CARTESIAN_POINT('',(3.849999904633,8.979999542236,5.400000095367
    ));
#2133 = LINE('',#2134,#2135);
#2134 = CARTESIAN_POINT('',(3.849999904633,8.979999542236,5.400000095367
    ));
#2135 = VECTOR('',#2136,1.);
#2136 = DIRECTION('',(0.,0.,-1.));
#2137 = ORIENTED_EDGE('',*,*,#2138,.F.);
#2138 = EDGE_CURVE('',#2139,#2131,#2141,.T.);
#2139 = VERTEX_POINT('',#2140);
#2140 = CARTESIAN_POINT('',(3.849999904633,10.380000114441,
    5.400000095367));
#2141 = LINE('',#2142,#2143);
#2142 = CARTESIAN_POINT('',(3.849999904633,10.380000114441,
    5.400000095367));
#2143 = VECTOR('',#2144,1.);
#2144 = DIRECTION('',(0.,-1.,0.));
#2145 = ORIENTED_EDGE('',*,*,#2146,.F.);
#2146 = EDGE_CURVE('',#2147,#2139,#2149,.T.);
#2147 = VERTEX_POINT('',#2148);
#2148 = CARTESIAN_POINT('',(3.849999904633,10.380000114441,7.));
#2149 = LINE('',#2150,#2151);
#2150 = CARTESIAN_POINT('',(3.849999904633,10.380000114441,7.));
#2151 = VECTOR('',#2152,1.);
#2152 = DIRECTION('',(0.,0.,-1.));
#2153 = ORIENTED_EDGE('',*,*,#2154,.F.);
#2154 = EDGE_CURVE('',#2069,#2147,#2155,.T.);
#2155 = LINE('',#2156,#2157);
#2156 = CARTESIAN_POINT('',(3.849999904633,12.479999542236,7.));
#2157 = VECTOR('',#2158,1.);
#2158 = DIRECTION('',(0.,-1.,0.));
#2159 = ORIENTED_EDGE('',*,*,#2068,.F.);
#2160 = ORIENTED_EDGE('',*,*,#303,.T.);
#2161 = PLANE('',#2162);
#2162 = AXIS2_PLACEMENT_3D('',#2163,#2164,#2165);
#2163 = CARTESIAN_POINT('',(3.849999904633,10.05394426301,2.936055508109
    ));
#2164 = DIRECTION('',(-1.,-0.,-0.));
#2165 = DIRECTION('',(0.,0.,-1.));
#2166 = ADVANCED_FACE('',(#2167),#2217,.T.);
#2167 = FACE_BOUND('',#2168,.T.);
#2168 = EDGE_LOOP('',(#2169,#2170,#2178,#2186,#2194,#2202,#2210,#2216));
#2169 = ORIENTED_EDGE('',*,*,#2090,.T.);
#2170 = ORIENTED_EDGE('',*,*,#2171,.F.);
#2171 = EDGE_CURVE('',#2172,#2091,#2174,.T.);
#2172 = VERTEX_POINT('',#2173);
#2173 = CARTESIAN_POINT('',(11.470000267029,8.979999542236,2.));
#2174 = LINE('',#2175,#2176);
#2175 = CARTESIAN_POINT('',(11.470000267029,8.979999542236,2.));
#2176 = VECTOR('',#2177,1.);
#2177 = DIRECTION('',(0.,-1.,0.));
#2178 = ORIENTED_EDGE('',*,*,#2179,.F.);
#2179 = EDGE_CURVE('',#2180,#2172,#2182,.T.);
#2180 = VERTEX_POINT('',#2181);
#2181 = CARTESIAN_POINT('',(11.470000267029,8.979999542236,
    5.400000095367));
#2182 = LINE('',#2183,#2184);
#2183 = CARTESIAN_POINT('',(11.470000267029,8.979999542236,
    5.400000095367));
#2184 = VECTOR('',#2185,1.);
#2185 = DIRECTION('',(0.,0.,-1.));
#2186 = ORIENTED_EDGE('',*,*,#2187,.F.);
#2187 = EDGE_CURVE('',#2188,#2180,#2190,.T.);
#2188 = VERTEX_POINT('',#2189);
#2189 = CARTESIAN_POINT('',(11.470000267029,10.380000114441,
    5.400000095367));
#2190 = LINE('',#2191,#2192);
#2191 = CARTESIAN_POINT('',(11.470000267029,10.380000114441,
    5.400000095367));
#2192 = VECTOR('',#2193,1.);
#2193 = DIRECTION('',(0.,-1.,0.));
#2194 = ORIENTED_EDGE('',*,*,#2195,.F.);
#2195 = EDGE_CURVE('',#2196,#2188,#2198,.T.);
#2196 = VERTEX_POINT('',#2197);
#2197 = CARTESIAN_POINT('',(11.470000267029,10.380000114441,7.));
#2198 = LINE('',#2199,#2200);
#2199 = CARTESIAN_POINT('',(11.470000267029,10.380000114441,7.));
#2200 = VECTOR('',#2201,1.);
#2201 = DIRECTION('',(0.,0.,-1.));
#2202 = ORIENTED_EDGE('',*,*,#2203,.F.);
#2203 = EDGE_CURVE('',#2204,#2196,#2206,.T.);
#2204 = VERTEX_POINT('',#2205);
#2205 = CARTESIAN_POINT('',(11.470000267029,12.479999542236,7.));
#2206 = LINE('',#2207,#2208);
#2207 = CARTESIAN_POINT('',(11.470000267029,12.479999542236,7.));
#2208 = VECTOR('',#2209,1.);
#2209 = DIRECTION('',(0.,-1.,0.));
#2210 = ORIENTED_EDGE('',*,*,#2211,.F.);
#2211 = EDGE_CURVE('',#208,#2204,#2212,.T.);
#2212 = LINE('',#2213,#2214);
#2213 = CARTESIAN_POINT('',(11.470000267029,12.479999542236,0.));
#2214 = VECTOR('',#2215,1.);
#2215 = DIRECTION('',(0.,0.,1.));
#2216 = ORIENTED_EDGE('',*,*,#207,.T.);
#2217 = PLANE('',#2218);
#2218 = AXIS2_PLACEMENT_3D('',#2219,#2220,#2221);
#2219 = CARTESIAN_POINT('',(11.470000267029,10.05394426301,
    2.936055508109));
#2220 = DIRECTION('',(-1.,-0.,-0.));
#2221 = DIRECTION('',(0.,0.,-1.));
#2222 = ADVANCED_FACE('',(#2223),#2241,.T.);
#2223 = FACE_BOUND('',#2224,.T.);
#2224 = EDGE_LOOP('',(#2225,#2226,#2227,#2235));
#2225 = ORIENTED_EDGE('',*,*,#2114,.F.);
#2226 = ORIENTED_EDGE('',*,*,#295,.F.);
#2227 = ORIENTED_EDGE('',*,*,#2228,.F.);
#2228 = EDGE_CURVE('',#2229,#288,#2231,.T.);
#2229 = VERTEX_POINT('',#2230);
#2230 = CARTESIAN_POINT('',(4.289999961853,6.5,2.));
#2231 = LINE('',#2232,#2233);
#2232 = CARTESIAN_POINT('',(4.289999961853,6.5,2.));
#2233 = VECTOR('',#2234,1.);
#2234 = DIRECTION('',(0.,0.,-1.));
#2235 = ORIENTED_EDGE('',*,*,#2236,.F.);
#2236 = EDGE_CURVE('',#2115,#2229,#2237,.T.);
#2237 = LINE('',#2238,#2239);
#2238 = CARTESIAN_POINT('',(3.849999904633,6.5,2.));
#2239 = VECTOR('',#2240,1.);
#2240 = DIRECTION('',(1.,0.,0.));
#2241 = PLANE('',#2242);
#2242 = AXIS2_PLACEMENT_3D('',#2243,#2244,#2245);
#2243 = CARTESIAN_POINT('',(4.069999958809,6.5,0.492383519436));
#2244 = DIRECTION('',(-0.,-1.,-0.));
#2245 = DIRECTION('',(0.,0.,-1.));
#2246 = ADVANCED_FACE('',(#2247),#2265,.T.);
#2247 = FACE_BOUND('',#2248,.T.);
#2248 = EDGE_LOOP('',(#2249,#2257,#2263,#2264));
#2249 = ORIENTED_EDGE('',*,*,#2250,.F.);
#2250 = EDGE_CURVE('',#2251,#2204,#2253,.T.);
#2251 = VERTEX_POINT('',#2252);
#2252 = CARTESIAN_POINT('',(9.369999885559,12.479999542236,7.));
#2253 = LINE('',#2254,#2255);
#2254 = CARTESIAN_POINT('',(9.369999885559,12.479999542236,7.));
#2255 = VECTOR('',#2256,1.);
#2256 = DIRECTION('',(1.,0.,0.));
#2257 = ORIENTED_EDGE('',*,*,#2258,.T.);
#2258 = EDGE_CURVE('',#2251,#216,#2259,.T.);
#2259 = LINE('',#2260,#2261);
#2260 = CARTESIAN_POINT('',(9.369999885559,12.479999542236,7.));
#2261 = VECTOR('',#2262,1.);
#2262 = DIRECTION('',(0.,0.,-1.));
#2263 = ORIENTED_EDGE('',*,*,#215,.T.);
#2264 = ORIENTED_EDGE('',*,*,#2211,.T.);
#2265 = PLANE('',#2266);
#2266 = AXIS2_PLACEMENT_3D('',#2267,#2268,#2269);
#2267 = CARTESIAN_POINT('',(10.420000076294,12.479999542236,3.5));
#2268 = DIRECTION('',(-0.,-1.,-0.));
#2269 = DIRECTION('',(0.,0.,-1.));
#2270 = ADVANCED_FACE('',(#2271),#2321,.T.);
#2271 = FACE_BOUND('',#2272,.T.);
#2272 = EDGE_LOOP('',(#2273,#2281,#2282,#2283,#2291,#2299,#2307,#2315));
#2273 = ORIENTED_EDGE('',*,*,#2274,.T.);
#2274 = EDGE_CURVE('',#2275,#2229,#2277,.T.);
#2275 = VERTEX_POINT('',#2276);
#2276 = CARTESIAN_POINT('',(4.289999961853,8.979999542236,2.));
#2277 = LINE('',#2278,#2279);
#2278 = CARTESIAN_POINT('',(4.289999961853,8.979999542236,2.));
#2279 = VECTOR('',#2280,1.);
#2280 = DIRECTION('',(0.,-1.,0.));
#2281 = ORIENTED_EDGE('',*,*,#2228,.T.);
#2282 = ORIENTED_EDGE('',*,*,#287,.F.);
#2283 = ORIENTED_EDGE('',*,*,#2284,.F.);
#2284 = EDGE_CURVE('',#2285,#280,#2287,.T.);
#2285 = VERTEX_POINT('',#2286);
#2286 = CARTESIAN_POINT('',(4.289999961853,12.479999542236,7.));
#2287 = LINE('',#2288,#2289);
#2288 = CARTESIAN_POINT('',(4.289999961853,12.479999542236,7.));
#2289 = VECTOR('',#2290,1.);
#2290 = DIRECTION('',(0.,0.,-1.));
#2291 = ORIENTED_EDGE('',*,*,#2292,.F.);
#2292 = EDGE_CURVE('',#2293,#2285,#2295,.T.);
#2293 = VERTEX_POINT('',#2294);
#2294 = CARTESIAN_POINT('',(4.289999961853,10.380000114441,7.));
#2295 = LINE('',#2296,#2297);
#2296 = CARTESIAN_POINT('',(4.289999961853,10.380000114441,7.));
#2297 = VECTOR('',#2298,1.);
#2298 = DIRECTION('',(0.,1.,0.));
#2299 = ORIENTED_EDGE('',*,*,#2300,.F.);
#2300 = EDGE_CURVE('',#2301,#2293,#2303,.T.);
#2301 = VERTEX_POINT('',#2302);
#2302 = CARTESIAN_POINT('',(4.289999961853,10.380000114441,
    5.400000095367));
#2303 = LINE('',#2304,#2305);
#2304 = CARTESIAN_POINT('',(4.289999961853,10.380000114441,
    5.400000095367));
#2305 = VECTOR('',#2306,1.);
#2306 = DIRECTION('',(0.,0.,1.));
#2307 = ORIENTED_EDGE('',*,*,#2308,.F.);
#2308 = EDGE_CURVE('',#2309,#2301,#2311,.T.);
#2309 = VERTEX_POINT('',#2310);
#2310 = CARTESIAN_POINT('',(4.289999961853,8.979999542236,5.400000095367
    ));
#2311 = LINE('',#2312,#2313);
#2312 = CARTESIAN_POINT('',(4.289999961853,8.979999542236,5.400000095367
    ));
#2313 = VECTOR('',#2314,1.);
#2314 = DIRECTION('',(0.,1.,0.));
#2315 = ORIENTED_EDGE('',*,*,#2316,.F.);
#2316 = EDGE_CURVE('',#2275,#2309,#2317,.T.);
#2317 = LINE('',#2318,#2319);
#2318 = CARTESIAN_POINT('',(4.289999961853,8.979999542236,2.));
#2319 = VECTOR('',#2320,1.);
#2320 = DIRECTION('',(0.,0.,1.));
#2321 = PLANE('',#2322);
#2322 = AXIS2_PLACEMENT_3D('',#2323,#2324,#2325);
#2323 = CARTESIAN_POINT('',(4.289999961853,10.05394426301,2.936055508109
    ));
#2324 = DIRECTION('',(1.,0.,0.));
#2325 = DIRECTION('',(0.,0.,1.));
#2326 = ADVANCED_FACE('',(#2327),#2377,.T.);
#2327 = FACE_BOUND('',#2328,.T.);
#2328 = EDGE_LOOP('',(#2329,#2339,#2345,#2346,#2347,#2355,#2363,#2371));
#2329 = ORIENTED_EDGE('',*,*,#2330,.T.);
#2330 = EDGE_CURVE('',#2331,#2333,#2335,.T.);
#2331 = VERTEX_POINT('',#2332);
#2332 = CARTESIAN_POINT('',(9.369999885559,8.979999542236,2.));
#2333 = VERTEX_POINT('',#2334);
#2334 = CARTESIAN_POINT('',(9.369999885559,6.5,2.));
#2335 = LINE('',#2336,#2337);
#2336 = CARTESIAN_POINT('',(9.369999885559,8.979999542236,2.));
#2337 = VECTOR('',#2338,1.);
#2338 = DIRECTION('',(0.,-1.,0.));
#2339 = ORIENTED_EDGE('',*,*,#2340,.T.);
#2340 = EDGE_CURVE('',#2333,#224,#2341,.T.);
#2341 = LINE('',#2342,#2343);
#2342 = CARTESIAN_POINT('',(9.369999885559,6.5,2.));
#2343 = VECTOR('',#2344,1.);
#2344 = DIRECTION('',(0.,0.,-1.));
#2345 = ORIENTED_EDGE('',*,*,#223,.F.);
#2346 = ORIENTED_EDGE('',*,*,#2258,.F.);
#2347 = ORIENTED_EDGE('',*,*,#2348,.F.);
#2348 = EDGE_CURVE('',#2349,#2251,#2351,.T.);
#2349 = VERTEX_POINT('',#2350);
#2350 = CARTESIAN_POINT('',(9.369999885559,10.380000114441,7.));
#2351 = LINE('',#2352,#2353);
#2352 = CARTESIAN_POINT('',(9.369999885559,10.380000114441,7.));
#2353 = VECTOR('',#2354,1.);
#2354 = DIRECTION('',(0.,1.,0.));
#2355 = ORIENTED_EDGE('',*,*,#2356,.F.);
#2356 = EDGE_CURVE('',#2357,#2349,#2359,.T.);
#2357 = VERTEX_POINT('',#2358);
#2358 = CARTESIAN_POINT('',(9.369999885559,10.380000114441,
    5.400000095367));
#2359 = LINE('',#2360,#2361);
#2360 = CARTESIAN_POINT('',(9.369999885559,10.380000114441,
    5.400000095367));
#2361 = VECTOR('',#2362,1.);
#2362 = DIRECTION('',(0.,0.,1.));
#2363 = ORIENTED_EDGE('',*,*,#2364,.F.);
#2364 = EDGE_CURVE('',#2365,#2357,#2367,.T.);
#2365 = VERTEX_POINT('',#2366);
#2366 = CARTESIAN_POINT('',(9.369999885559,8.979999542236,5.400000095367
    ));
#2367 = LINE('',#2368,#2369);
#2368 = CARTESIAN_POINT('',(9.369999885559,8.979999542236,5.400000095367
    ));
#2369 = VECTOR('',#2370,1.);
#2370 = DIRECTION('',(0.,1.,0.));
#2371 = ORIENTED_EDGE('',*,*,#2372,.F.);
#2372 = EDGE_CURVE('',#2331,#2365,#2373,.T.);
#2373 = LINE('',#2374,#2375);
#2374 = CARTESIAN_POINT('',(9.369999885559,8.979999542236,2.));
#2375 = VECTOR('',#2376,1.);
#2376 = DIRECTION('',(0.,0.,1.));
#2377 = PLANE('',#2378);
#2378 = AXIS2_PLACEMENT_3D('',#2379,#2380,#2381);
#2379 = CARTESIAN_POINT('',(9.369999885559,10.05394426301,2.936055508109
    ));
#2380 = DIRECTION('',(1.,0.,0.));
#2381 = DIRECTION('',(0.,0.,1.));
#2382 = ADVANCED_FACE('',(#2383),#2401,.T.);
#2383 = FACE_BOUND('',#2384,.T.);
#2384 = EDGE_LOOP('',(#2385,#2393,#2394,#2395));
#2385 = ORIENTED_EDGE('',*,*,#2386,.F.);
#2386 = EDGE_CURVE('',#2285,#2387,#2389,.T.);
#2387 = VERTEX_POINT('',#2388);
#2388 = CARTESIAN_POINT('',(6.389999866486,12.479999542236,7.));
#2389 = LINE('',#2390,#2391);
#2390 = CARTESIAN_POINT('',(4.289999961853,12.479999542236,7.));
#2391 = VECTOR('',#2392,1.);
#2392 = DIRECTION('',(1.,0.,0.));
#2393 = ORIENTED_EDGE('',*,*,#2284,.T.);
#2394 = ORIENTED_EDGE('',*,*,#279,.T.);
#2395 = ORIENTED_EDGE('',*,*,#2396,.T.);
#2396 = EDGE_CURVE('',#272,#2387,#2397,.T.);
#2397 = LINE('',#2398,#2399);
#2398 = CARTESIAN_POINT('',(6.389999866486,12.479999542236,0.));
#2399 = VECTOR('',#2400,1.);
#2400 = DIRECTION('',(0.,0.,1.));
#2401 = PLANE('',#2402);
#2402 = AXIS2_PLACEMENT_3D('',#2403,#2404,#2405);
#2403 = CARTESIAN_POINT('',(5.339999914169,12.479999542236,3.5));
#2404 = DIRECTION('',(-0.,-1.,-0.));
#2405 = DIRECTION('',(0.,0.,-1.));
#2406 = ADVANCED_FACE('',(#2407),#2425,.T.);
#2407 = FACE_BOUND('',#2408,.T.);
#2408 = EDGE_LOOP('',(#2409,#2417,#2418,#2419));
#2409 = ORIENTED_EDGE('',*,*,#2410,.F.);
#2410 = EDGE_CURVE('',#232,#2411,#2413,.T.);
#2411 = VERTEX_POINT('',#2412);
#2412 = CARTESIAN_POINT('',(8.930000305176,6.5,2.));
#2413 = LINE('',#2414,#2415);
#2414 = CARTESIAN_POINT('',(8.930000305176,6.5,0.));
#2415 = VECTOR('',#2416,1.);
#2416 = DIRECTION('',(0.,0.,1.));
#2417 = ORIENTED_EDGE('',*,*,#231,.F.);
#2418 = ORIENTED_EDGE('',*,*,#2340,.F.);
#2419 = ORIENTED_EDGE('',*,*,#2420,.F.);
#2420 = EDGE_CURVE('',#2411,#2333,#2421,.T.);
#2421 = LINE('',#2422,#2423);
#2422 = CARTESIAN_POINT('',(8.930000305176,6.5,2.));
#2423 = VECTOR('',#2424,1.);
#2424 = DIRECTION('',(1.,0.,0.));
#2425 = PLANE('',#2426);
#2426 = AXIS2_PLACEMENT_3D('',#2427,#2428,#2429);
#2427 = CARTESIAN_POINT('',(9.150000095367,6.5,0.492383466335));
#2428 = DIRECTION('',(-0.,-1.,-0.));
#2429 = DIRECTION('',(0.,0.,-1.));
#2430 = ADVANCED_FACE('',(#2431),#2481,.T.);
#2431 = FACE_BOUND('',#2432,.T.);
#2432 = EDGE_LOOP('',(#2433,#2441,#2449,#2457,#2465,#2473,#2479,#2480));
#2433 = ORIENTED_EDGE('',*,*,#2434,.T.);
#2434 = EDGE_CURVE('',#264,#2435,#2437,.T.);
#2435 = VERTEX_POINT('',#2436);
#2436 = CARTESIAN_POINT('',(6.389999866486,6.5,2.));
#2437 = LINE('',#2438,#2439);
#2438 = CARTESIAN_POINT('',(6.389999866486,6.5,0.));
#2439 = VECTOR('',#2440,1.);
#2440 = DIRECTION('',(0.,0.,1.));
#2441 = ORIENTED_EDGE('',*,*,#2442,.F.);
#2442 = EDGE_CURVE('',#2443,#2435,#2445,.T.);
#2443 = VERTEX_POINT('',#2444);
#2444 = CARTESIAN_POINT('',(6.389999866486,8.979999542236,2.));
#2445 = LINE('',#2446,#2447);
#2446 = CARTESIAN_POINT('',(6.389999866486,8.979999542236,2.));
#2447 = VECTOR('',#2448,1.);
#2448 = DIRECTION('',(0.,-1.,0.));
#2449 = ORIENTED_EDGE('',*,*,#2450,.F.);
#2450 = EDGE_CURVE('',#2451,#2443,#2453,.T.);
#2451 = VERTEX_POINT('',#2452);
#2452 = CARTESIAN_POINT('',(6.389999866486,8.979999542236,5.400000095367
    ));
#2453 = LINE('',#2454,#2455);
#2454 = CARTESIAN_POINT('',(6.389999866486,8.979999542236,5.400000095367
    ));
#2455 = VECTOR('',#2456,1.);
#2456 = DIRECTION('',(0.,0.,-1.));
#2457 = ORIENTED_EDGE('',*,*,#2458,.F.);
#2458 = EDGE_CURVE('',#2459,#2451,#2461,.T.);
#2459 = VERTEX_POINT('',#2460);
#2460 = CARTESIAN_POINT('',(6.389999866486,10.380000114441,
    5.400000095367));
#2461 = LINE('',#2462,#2463);
#2462 = CARTESIAN_POINT('',(6.389999866486,10.380000114441,
    5.400000095367));
#2463 = VECTOR('',#2464,1.);
#2464 = DIRECTION('',(0.,-1.,0.));
#2465 = ORIENTED_EDGE('',*,*,#2466,.F.);
#2466 = EDGE_CURVE('',#2467,#2459,#2469,.T.);
#2467 = VERTEX_POINT('',#2468);
#2468 = CARTESIAN_POINT('',(6.389999866486,10.380000114441,7.));
#2469 = LINE('',#2470,#2471);
#2470 = CARTESIAN_POINT('',(6.389999866486,10.380000114441,7.));
#2471 = VECTOR('',#2472,1.);
#2472 = DIRECTION('',(0.,0.,-1.));
#2473 = ORIENTED_EDGE('',*,*,#2474,.F.);
#2474 = EDGE_CURVE('',#2387,#2467,#2475,.T.);
#2475 = LINE('',#2476,#2477);
#2476 = CARTESIAN_POINT('',(6.389999866486,12.479999542236,7.));
#2477 = VECTOR('',#2478,1.);
#2478 = DIRECTION('',(0.,-1.,0.));
#2479 = ORIENTED_EDGE('',*,*,#2396,.F.);
#2480 = ORIENTED_EDGE('',*,*,#271,.T.);
#2481 = PLANE('',#2482);
#2482 = AXIS2_PLACEMENT_3D('',#2483,#2484,#2485);
#2483 = CARTESIAN_POINT('',(6.389999866486,10.05394426301,2.936055508109
    ));
#2484 = DIRECTION('',(-1.,-0.,-0.));
#2485 = DIRECTION('',(0.,0.,-1.));
#2486 = ADVANCED_FACE('',(#2487),#2537,.T.);
#2487 = FACE_BOUND('',#2488,.T.);
#2488 = EDGE_LOOP('',(#2489,#2490,#2498,#2506,#2514,#2522,#2530,#2536));
#2489 = ORIENTED_EDGE('',*,*,#2410,.T.);
#2490 = ORIENTED_EDGE('',*,*,#2491,.F.);
#2491 = EDGE_CURVE('',#2492,#2411,#2494,.T.);
#2492 = VERTEX_POINT('',#2493);
#2493 = CARTESIAN_POINT('',(8.930000305176,8.979999542236,2.));
#2494 = LINE('',#2495,#2496);
#2495 = CARTESIAN_POINT('',(8.930000305176,8.979999542236,2.));
#2496 = VECTOR('',#2497,1.);
#2497 = DIRECTION('',(0.,-1.,0.));
#2498 = ORIENTED_EDGE('',*,*,#2499,.F.);
#2499 = EDGE_CURVE('',#2500,#2492,#2502,.T.);
#2500 = VERTEX_POINT('',#2501);
#2501 = CARTESIAN_POINT('',(8.930000305176,8.979999542236,5.400000095367
    ));
#2502 = LINE('',#2503,#2504);
#2503 = CARTESIAN_POINT('',(8.930000305176,8.979999542236,5.400000095367
    ));
#2504 = VECTOR('',#2505,1.);
#2505 = DIRECTION('',(0.,0.,-1.));
#2506 = ORIENTED_EDGE('',*,*,#2507,.F.);
#2507 = EDGE_CURVE('',#2508,#2500,#2510,.T.);
#2508 = VERTEX_POINT('',#2509);
#2509 = CARTESIAN_POINT('',(8.930000305176,10.380000114441,
    5.400000095367));
#2510 = LINE('',#2511,#2512);
#2511 = CARTESIAN_POINT('',(8.930000305176,10.380000114441,
    5.400000095367));
#2512 = VECTOR('',#2513,1.);
#2513 = DIRECTION('',(0.,-1.,0.));
#2514 = ORIENTED_EDGE('',*,*,#2515,.F.);
#2515 = EDGE_CURVE('',#2516,#2508,#2518,.T.);
#2516 = VERTEX_POINT('',#2517);
#2517 = CARTESIAN_POINT('',(8.930000305176,10.380000114441,7.));
#2518 = LINE('',#2519,#2520);
#2519 = CARTESIAN_POINT('',(8.930000305176,10.380000114441,7.));
#2520 = VECTOR('',#2521,1.);
#2521 = DIRECTION('',(0.,0.,-1.));
#2522 = ORIENTED_EDGE('',*,*,#2523,.F.);
#2523 = EDGE_CURVE('',#2524,#2516,#2526,.T.);
#2524 = VERTEX_POINT('',#2525);
#2525 = CARTESIAN_POINT('',(8.930000305176,12.479999542236,7.));
#2526 = LINE('',#2527,#2528);
#2527 = CARTESIAN_POINT('',(8.930000305176,12.479999542236,7.));
#2528 = VECTOR('',#2529,1.);
#2529 = DIRECTION('',(0.,-1.,0.));
#2530 = ORIENTED_EDGE('',*,*,#2531,.F.);
#2531 = EDGE_CURVE('',#240,#2524,#2532,.T.);
#2532 = LINE('',#2533,#2534);
#2533 = CARTESIAN_POINT('',(8.930000305176,12.479999542236,0.));
#2534 = VECTOR('',#2535,1.);
#2535 = DIRECTION('',(0.,0.,1.));
#2536 = ORIENTED_EDGE('',*,*,#239,.T.);
#2537 = PLANE('',#2538);
#2538 = AXIS2_PLACEMENT_3D('',#2539,#2540,#2541);
#2539 = CARTESIAN_POINT('',(8.930000305176,10.05394426301,2.936055508109
    ));
#2540 = DIRECTION('',(-1.,-0.,-0.));
#2541 = DIRECTION('',(0.,0.,-1.));
#2542 = ADVANCED_FACE('',(#2543),#2561,.T.);
#2543 = FACE_BOUND('',#2544,.T.);
#2544 = EDGE_LOOP('',(#2545,#2546,#2547,#2555));
#2545 = ORIENTED_EDGE('',*,*,#2434,.F.);
#2546 = ORIENTED_EDGE('',*,*,#263,.F.);
#2547 = ORIENTED_EDGE('',*,*,#2548,.F.);
#2548 = EDGE_CURVE('',#2549,#256,#2551,.T.);
#2549 = VERTEX_POINT('',#2550);
#2550 = CARTESIAN_POINT('',(6.829999923706,6.5,2.));
#2551 = LINE('',#2552,#2553);
#2552 = CARTESIAN_POINT('',(6.829999923706,6.5,2.));
#2553 = VECTOR('',#2554,1.);
#2554 = DIRECTION('',(0.,0.,-1.));
#2555 = ORIENTED_EDGE('',*,*,#2556,.F.);
#2556 = EDGE_CURVE('',#2435,#2549,#2557,.T.);
#2557 = LINE('',#2558,#2559);
#2558 = CARTESIAN_POINT('',(6.389999866486,6.5,2.));
#2559 = VECTOR('',#2560,1.);
#2560 = DIRECTION('',(1.,0.,0.));
#2561 = PLANE('',#2562);
#2562 = AXIS2_PLACEMENT_3D('',#2563,#2564,#2565);
#2563 = CARTESIAN_POINT('',(6.609999895096,6.5,0.492383467385));
#2564 = DIRECTION('',(-0.,-1.,-0.));
#2565 = DIRECTION('',(0.,0.,-1.));
#2566 = ADVANCED_FACE('',(#2567),#2585,.T.);
#2567 = FACE_BOUND('',#2568,.T.);
#2568 = EDGE_LOOP('',(#2569,#2577,#2583,#2584));
#2569 = ORIENTED_EDGE('',*,*,#2570,.F.);
#2570 = EDGE_CURVE('',#2571,#2524,#2573,.T.);
#2571 = VERTEX_POINT('',#2572);
#2572 = CARTESIAN_POINT('',(6.829999923706,12.479999542236,7.));
#2573 = LINE('',#2574,#2575);
#2574 = CARTESIAN_POINT('',(6.829999923706,12.479999542236,7.));
#2575 = VECTOR('',#2576,1.);
#2576 = DIRECTION('',(1.,0.,0.));
#2577 = ORIENTED_EDGE('',*,*,#2578,.T.);
#2578 = EDGE_CURVE('',#2571,#248,#2579,.T.);
#2579 = LINE('',#2580,#2581);
#2580 = CARTESIAN_POINT('',(6.829999923706,12.479999542236,7.));
#2581 = VECTOR('',#2582,1.);
#2582 = DIRECTION('',(0.,0.,-1.));
#2583 = ORIENTED_EDGE('',*,*,#247,.T.);
#2584 = ORIENTED_EDGE('',*,*,#2531,.T.);
#2585 = PLANE('',#2586);
#2586 = AXIS2_PLACEMENT_3D('',#2587,#2588,#2589);
#2587 = CARTESIAN_POINT('',(7.880000114441,12.479999542236,3.5));
#2588 = DIRECTION('',(-0.,-1.,-0.));
#2589 = DIRECTION('',(0.,0.,-1.));
#2590 = ADVANCED_FACE('',(#2591),#2634,.T.);
#2591 = FACE_BOUND('',#2592,.T.);
#2592 = EDGE_LOOP('',(#2593,#2601,#2602,#2603,#2604,#2612,#2620,#2628));
#2593 = ORIENTED_EDGE('',*,*,#2594,.T.);
#2594 = EDGE_CURVE('',#2595,#2549,#2597,.T.);
#2595 = VERTEX_POINT('',#2596);
#2596 = CARTESIAN_POINT('',(6.829999923706,8.979999542236,2.));
#2597 = LINE('',#2598,#2599);
#2598 = CARTESIAN_POINT('',(6.829999923706,8.979999542236,2.));
#2599 = VECTOR('',#2600,1.);
#2600 = DIRECTION('',(0.,-1.,0.));
#2601 = ORIENTED_EDGE('',*,*,#2548,.T.);
#2602 = ORIENTED_EDGE('',*,*,#255,.F.);
#2603 = ORIENTED_EDGE('',*,*,#2578,.F.);
#2604 = ORIENTED_EDGE('',*,*,#2605,.F.);
#2605 = EDGE_CURVE('',#2606,#2571,#2608,.T.);
#2606 = VERTEX_POINT('',#2607);
#2607 = CARTESIAN_POINT('',(6.829999923706,10.380000114441,7.));
#2608 = LINE('',#2609,#2610);
#2609 = CARTESIAN_POINT('',(6.829999923706,10.380000114441,7.));
#2610 = VECTOR('',#2611,1.);
#2611 = DIRECTION('',(0.,1.,0.));
#2612 = ORIENTED_EDGE('',*,*,#2613,.F.);
#2613 = EDGE_CURVE('',#2614,#2606,#2616,.T.);
#2614 = VERTEX_POINT('',#2615);
#2615 = CARTESIAN_POINT('',(6.829999923706,10.380000114441,
    5.400000095367));
#2616 = LINE('',#2617,#2618);
#2617 = CARTESIAN_POINT('',(6.829999923706,10.380000114441,
    5.400000095367));
#2618 = VECTOR('',#2619,1.);
#2619 = DIRECTION('',(0.,0.,1.));
#2620 = ORIENTED_EDGE('',*,*,#2621,.F.);
#2621 = EDGE_CURVE('',#2622,#2614,#2624,.T.);
#2622 = VERTEX_POINT('',#2623);
#2623 = CARTESIAN_POINT('',(6.829999923706,8.979999542236,5.400000095367
    ));
#2624 = LINE('',#2625,#2626);
#2625 = CARTESIAN_POINT('',(6.829999923706,8.979999542236,5.400000095367
    ));
#2626 = VECTOR('',#2627,1.);
#2627 = DIRECTION('',(0.,1.,0.));
#2628 = ORIENTED_EDGE('',*,*,#2629,.F.);
#2629 = EDGE_CURVE('',#2595,#2622,#2630,.T.);
#2630 = LINE('',#2631,#2632);
#2631 = CARTESIAN_POINT('',(6.829999923706,8.979999542236,2.));
#2632 = VECTOR('',#2633,1.);
#2633 = DIRECTION('',(0.,0.,1.));
#2634 = PLANE('',#2635);
#2635 = AXIS2_PLACEMENT_3D('',#2636,#2637,#2638);
#2636 = CARTESIAN_POINT('',(6.829999923706,10.05394426301,2.936055508109
    ));
#2637 = DIRECTION('',(1.,0.,0.));
#2638 = DIRECTION('',(0.,0.,1.));
#2639 = ADVANCED_FACE('',(#2640),#2659,.F.);
#2640 = FACE_BOUND('',#2641,.T.);
#2641 = EDGE_LOOP('',(#2642,#2650,#2651,#2652));
#2642 = ORIENTED_EDGE('',*,*,#2643,.F.);
#2643 = EDGE_CURVE('',#488,#2644,#2646,.T.);
#2644 = VERTEX_POINT('',#2645);
#2645 = CARTESIAN_POINT('',(-9.815000009535,8.875,-0.6));
#2646 = LINE('',#2647,#2648);
#2647 = CARTESIAN_POINT('',(-9.815000009535,8.875,0.));
#2648 = VECTOR('',#2649,1.);
#2649 = DIRECTION('',(0.,0.,-1.));
#2650 = ORIENTED_EDGE('',*,*,#487,.T.);
#2651 = ORIENTED_EDGE('',*,*,#2643,.T.);
#2652 = ORIENTED_EDGE('',*,*,#2653,.F.);
#2653 = EDGE_CURVE('',#2644,#2644,#2654,.T.);
#2654 = CIRCLE('',#2655,2.8);
#2655 = AXIS2_PLACEMENT_3D('',#2656,#2657,#2658);
#2656 = CARTESIAN_POINT('',(-12.61500000953,8.875,-0.6));
#2657 = DIRECTION('',(0.,0.,1.));
#2658 = DIRECTION('',(1.,0.,0.));
#2659 = CYLINDRICAL_SURFACE('',#2660,2.8);
#2660 = AXIS2_PLACEMENT_3D('',#2661,#2662,#2663);
#2661 = CARTESIAN_POINT('',(-12.61500000953,8.875,0.));
#2662 = DIRECTION('',(-0.,-0.,-1.));
#2663 = DIRECTION('',(1.,0.,0.));
#2664 = ADVANCED_FACE('',(#2665,#3113),#3124,.T.);
#2665 = FACE_BOUND('',#2666,.T.);
#2666 = EDGE_LOOP('',(#2667,#2668,#2676,#2684,#2692,#2700,#2708,#2716,
    #2724,#2732,#2740,#2748,#2756,#2764,#2772,#2780,#2788,#2796,#2804,
    #2812,#2820,#2828,#2836,#2844,#2852,#2860,#2868,#2876,#2884,#2892,
    #2900,#2908,#2916,#2924,#2932,#2940,#2948,#2956,#2964,#2972,#2980,
    #2988,#2996,#3004,#3012,#3020,#3028,#3036,#3044,#3052,#3060,#3068,
    #3076,#3084,#3092,#3100,#3106,#3107));
#2667 = ORIENTED_EDGE('',*,*,#504,.T.);
#2668 = ORIENTED_EDGE('',*,*,#2669,.T.);
#2669 = EDGE_CURVE('',#507,#2670,#2672,.T.);
#2670 = VERTEX_POINT('',#2671);
#2671 = CARTESIAN_POINT('',(-20.49240303039,-13.33682441711,0.));
#2672 = LINE('',#2673,#2674);
#2673 = CARTESIAN_POINT('',(-20.5,-13.25,0.));
#2674 = VECTOR('',#2675,1.);
#2675 = DIRECTION('',(8.716504995643E-02,-0.996193883773,0.));
#2676 = ORIENTED_EDGE('',*,*,#2677,.T.);
#2677 = EDGE_CURVE('',#2670,#2678,#2680,.T.);
#2678 = VERTEX_POINT('',#2679);
#2679 = CARTESIAN_POINT('',(-20.46984672546,-13.42101001739,0.));
#2680 = LINE('',#2681,#2682);
#2681 = CARTESIAN_POINT('',(-20.49240303039,-13.33682441711,0.));
#2682 = VECTOR('',#2683,1.);
#2683 = DIRECTION('',(0.258806641196,-0.965929149821,0.));
#2684 = ORIENTED_EDGE('',*,*,#2685,.T.);
#2685 = EDGE_CURVE('',#2678,#2686,#2688,.T.);
#2686 = VERTEX_POINT('',#2687);
#2687 = CARTESIAN_POINT('',(-20.43301200866,-13.5,0.));
#2688 = LINE('',#2689,#2690);
#2689 = CARTESIAN_POINT('',(-20.46984672546,-13.42101001739,0.));
#2690 = VECTOR('',#2691,1.);
#2691 = DIRECTION('',(0.42262846823,-0.906303027602,0.));
#2692 = ORIENTED_EDGE('',*,*,#2693,.T.);
#2693 = EDGE_CURVE('',#2686,#2694,#2696,.T.);
#2694 = VERTEX_POINT('',#2695);
#2695 = CARTESIAN_POINT('',(-20.38302230835,-13.57139396667,0.));
#2696 = LINE('',#2697,#2698);
#2697 = CARTESIAN_POINT('',(-20.43301200866,-13.5,0.));
#2698 = VECTOR('',#2699,1.);
#2699 = DIRECTION('',(0.573569558571,-0.819156860119,0.));
#2700 = ORIENTED_EDGE('',*,*,#2701,.T.);
#2701 = EDGE_CURVE('',#2694,#2702,#2704,.T.);
#2702 = VERTEX_POINT('',#2703);
#2703 = CARTESIAN_POINT('',(-20.32139396667,-13.63302230835,0.));
#2704 = LINE('',#2705,#2706);
#2705 = CARTESIAN_POINT('',(-20.38302230835,-13.57139396667,0.));
#2706 = VECTOR('',#2707,1.);
#2707 = DIRECTION('',(0.707106781187,-0.707106781187,0.));
#2708 = ORIENTED_EDGE('',*,*,#2709,.T.);
#2709 = EDGE_CURVE('',#2702,#2710,#2712,.T.);
#2710 = VERTEX_POINT('',#2711);
#2711 = CARTESIAN_POINT('',(-20.25,-13.68301296234,0.));
#2712 = LINE('',#2713,#2714);
#2713 = CARTESIAN_POINT('',(-20.32139396667,-13.63302230835,0.));
#2714 = VECTOR('',#2715,1.);
#2715 = DIRECTION('',(0.819151718986,-0.573576900931,0.));
#2716 = ORIENTED_EDGE('',*,*,#2717,.T.);
#2717 = EDGE_CURVE('',#2710,#2718,#2720,.T.);
#2718 = VERTEX_POINT('',#2719);
#2719 = CARTESIAN_POINT('',(-20.17101097106,-13.71984672546,0.));
#2720 = LINE('',#2721,#2722);
#2721 = CARTESIAN_POINT('',(-20.25,-13.68301296234,0.));
#2722 = VECTOR('',#2723,1.);
#2723 = DIRECTION('',(0.906305264352,-0.422623671614,0.));
#2724 = ORIENTED_EDGE('',*,*,#2725,.T.);
#2725 = EDGE_CURVE('',#2718,#2726,#2728,.T.);
#2726 = VERTEX_POINT('',#2727);
#2727 = CARTESIAN_POINT('',(-20.08682441711,-13.74240398407,0.));
#2728 = LINE('',#2729,#2730);
#2729 = CARTESIAN_POINT('',(-20.17101097106,-13.71984672546,0.));
#2730 = VECTOR('',#2731,1.);
#2731 = DIRECTION('',(0.965927147295,-0.258814114991,0.));
#2732 = ORIENTED_EDGE('',*,*,#2733,.T.);
#2733 = EDGE_CURVE('',#2726,#2734,#2736,.T.);
#2734 = VERTEX_POINT('',#2735);
#2735 = CARTESIAN_POINT('',(-20.,-13.75,0.));
#2736 = LINE('',#2737,#2738);
#2737 = CARTESIAN_POINT('',(-20.08682441711,-13.74240398407,0.));
#2738 = VECTOR('',#2739,1.);
#2739 = DIRECTION('',(0.996194833856,-8.715419094114E-02,0.));
#2740 = ORIENTED_EDGE('',*,*,#2741,.T.);
#2741 = EDGE_CURVE('',#2734,#2742,#2744,.T.);
#2742 = VERTEX_POINT('',#2743);
#2743 = CARTESIAN_POINT('',(-4.730000019073,-13.75,0.));
#2744 = LINE('',#2745,#2746);
#2745 = CARTESIAN_POINT('',(-20.,-13.75,0.));
#2746 = VECTOR('',#2747,1.);
#2747 = DIRECTION('',(1.,0.,0.));
#2748 = ORIENTED_EDGE('',*,*,#2749,.T.);
#2749 = EDGE_CURVE('',#2742,#2750,#2752,.T.);
#2750 = VERTEX_POINT('',#2751);
#2751 = CARTESIAN_POINT('',(-4.730000019073,-6.5,0.));
#2752 = LINE('',#2753,#2754);
#2753 = CARTESIAN_POINT('',(-4.730000019073,-13.75,0.));
#2754 = VECTOR('',#2755,1.);
#2755 = DIRECTION('',(0.,1.,0.));
#2756 = ORIENTED_EDGE('',*,*,#2757,.T.);
#2757 = EDGE_CURVE('',#2750,#2758,#2760,.T.);
#2758 = VERTEX_POINT('',#2759);
#2759 = CARTESIAN_POINT('',(-3.329999923706,-6.5,0.));
#2760 = LINE('',#2761,#2762);
#2761 = CARTESIAN_POINT('',(-2.171171010102,-6.5,0.));
#2762 = VECTOR('',#2763,1.);
#2763 = DIRECTION('',(1.,0.,0.));
#2764 = ORIENTED_EDGE('',*,*,#2765,.F.);
#2765 = EDGE_CURVE('',#2766,#2758,#2768,.T.);
#2766 = VERTEX_POINT('',#2767);
#2767 = CARTESIAN_POINT('',(-3.329999923706,-12.47999954223,0.));
#2768 = LINE('',#2769,#2770);
#2769 = CARTESIAN_POINT('',(-3.329999923706,-12.47999954223,0.));
#2770 = VECTOR('',#2771,1.);
#2771 = DIRECTION('',(0.,1.,0.));
#2772 = ORIENTED_EDGE('',*,*,#2773,.F.);
#2773 = EDGE_CURVE('',#2774,#2766,#2776,.T.);
#2774 = VERTEX_POINT('',#2775);
#2775 = CARTESIAN_POINT('',(-1.230000019073,-12.47999954223,0.));
#2776 = LINE('',#2777,#2778);
#2777 = CARTESIAN_POINT('',(-1.230000019073,-12.47999954223,0.));
#2778 = VECTOR('',#2779,1.);
#2779 = DIRECTION('',(-1.,0.,0.));
#2780 = ORIENTED_EDGE('',*,*,#2781,.T.);
#2781 = EDGE_CURVE('',#2774,#2782,#2784,.T.);
#2782 = VERTEX_POINT('',#2783);
#2783 = CARTESIAN_POINT('',(-1.230000019073,-6.5,0.));
#2784 = LINE('',#2785,#2786);
#2785 = CARTESIAN_POINT('',(-1.230000019073,-12.47999954223,0.));
#2786 = VECTOR('',#2787,1.);
#2787 = DIRECTION('',(0.,1.,0.));
#2788 = ORIENTED_EDGE('',*,*,#2789,.T.);
#2789 = EDGE_CURVE('',#2782,#2790,#2792,.T.);
#2790 = VERTEX_POINT('',#2791);
#2791 = CARTESIAN_POINT('',(-0.790000021458,-6.5,0.));
#2792 = LINE('',#2793,#2794);
#2793 = CARTESIAN_POINT('',(-0.505000012625,-6.5,0.));
#2794 = VECTOR('',#2795,1.);
#2795 = DIRECTION('',(1.,0.,0.));
#2796 = ORIENTED_EDGE('',*,*,#2797,.F.);
#2797 = EDGE_CURVE('',#2798,#2790,#2800,.T.);
#2798 = VERTEX_POINT('',#2799);
#2799 = CARTESIAN_POINT('',(-0.790000021458,-12.47999954223,0.));
#2800 = LINE('',#2801,#2802);
#2801 = CARTESIAN_POINT('',(-0.790000021458,-12.47999954223,0.));
#2802 = VECTOR('',#2803,1.);
#2803 = DIRECTION('',(0.,1.,0.));
#2804 = ORIENTED_EDGE('',*,*,#2805,.F.);
#2805 = EDGE_CURVE('',#2806,#2798,#2808,.T.);
#2806 = VERTEX_POINT('',#2807);
#2807 = CARTESIAN_POINT('',(1.30999994278,-12.47999954223,0.));
#2808 = LINE('',#2809,#2810);
#2809 = CARTESIAN_POINT('',(1.30999994278,-12.47999954223,0.));
#2810 = VECTOR('',#2811,1.);
#2811 = DIRECTION('',(-1.,0.,0.));
#2812 = ORIENTED_EDGE('',*,*,#2813,.T.);
#2813 = EDGE_CURVE('',#2806,#2814,#2816,.T.);
#2814 = VERTEX_POINT('',#2815);
#2815 = CARTESIAN_POINT('',(1.30999994278,-6.5,0.));
#2816 = LINE('',#2817,#2818);
#2817 = CARTESIAN_POINT('',(1.30999994278,-12.47999954223,0.));
#2818 = VECTOR('',#2819,1.);
#2819 = DIRECTION('',(0.,1.,0.));
#2820 = ORIENTED_EDGE('',*,*,#2821,.T.);
#2821 = EDGE_CURVE('',#2814,#2822,#2824,.T.);
#2822 = VERTEX_POINT('',#2823);
#2823 = CARTESIAN_POINT('',(1.75,-6.5,0.));
#2824 = LINE('',#2825,#2826);
#2825 = CARTESIAN_POINT('',(0.764999989594,-6.5,0.));
#2826 = VECTOR('',#2827,1.);
#2827 = DIRECTION('',(1.,0.,0.));
#2828 = ORIENTED_EDGE('',*,*,#2829,.F.);
#2829 = EDGE_CURVE('',#2830,#2822,#2832,.T.);
#2830 = VERTEX_POINT('',#2831);
#2831 = CARTESIAN_POINT('',(1.75,-12.47999954223,0.));
#2832 = LINE('',#2833,#2834);
#2833 = CARTESIAN_POINT('',(1.75,-12.47999954223,0.));
#2834 = VECTOR('',#2835,1.);
#2835 = DIRECTION('',(0.,1.,0.));
#2836 = ORIENTED_EDGE('',*,*,#2837,.F.);
#2837 = EDGE_CURVE('',#2838,#2830,#2840,.T.);
#2838 = VERTEX_POINT('',#2839);
#2839 = CARTESIAN_POINT('',(3.849999904633,-12.47999954223,0.));
#2840 = LINE('',#2841,#2842);
#2841 = CARTESIAN_POINT('',(3.849999904633,-12.47999954223,0.));
#2842 = VECTOR('',#2843,1.);
#2843 = DIRECTION('',(-1.,0.,0.));
#2844 = ORIENTED_EDGE('',*,*,#2845,.T.);
#2845 = EDGE_CURVE('',#2838,#2846,#2848,.T.);
#2846 = VERTEX_POINT('',#2847);
#2847 = CARTESIAN_POINT('',(3.849999904633,-6.5,0.));
#2848 = LINE('',#2849,#2850);
#2849 = CARTESIAN_POINT('',(3.849999904633,-12.47999954223,0.));
#2850 = VECTOR('',#2851,1.);
#2851 = DIRECTION('',(0.,1.,0.));
#2852 = ORIENTED_EDGE('',*,*,#2853,.T.);
#2853 = EDGE_CURVE('',#2846,#2854,#2856,.T.);
#2854 = VERTEX_POINT('',#2855);
#2855 = CARTESIAN_POINT('',(4.289999961853,-6.5,0.));
#2856 = LINE('',#2857,#2858);
#2857 = CARTESIAN_POINT('',(2.034999976912,-6.5,0.));
#2858 = VECTOR('',#2859,1.);
#2859 = DIRECTION('',(1.,0.,0.));
#2860 = ORIENTED_EDGE('',*,*,#2861,.F.);
#2861 = EDGE_CURVE('',#2862,#2854,#2864,.T.);
#2862 = VERTEX_POINT('',#2863);
#2863 = CARTESIAN_POINT('',(4.289999961853,-12.47999954223,0.));
#2864 = LINE('',#2865,#2866);
#2865 = CARTESIAN_POINT('',(4.289999961853,-12.47999954223,0.));
#2866 = VECTOR('',#2867,1.);
#2867 = DIRECTION('',(0.,1.,0.));
#2868 = ORIENTED_EDGE('',*,*,#2869,.F.);
#2869 = EDGE_CURVE('',#2870,#2862,#2872,.T.);
#2870 = VERTEX_POINT('',#2871);
#2871 = CARTESIAN_POINT('',(6.389999866486,-12.47999954223,0.));
#2872 = LINE('',#2873,#2874);
#2873 = CARTESIAN_POINT('',(6.389999866486,-12.47999954223,0.));
#2874 = VECTOR('',#2875,1.);
#2875 = DIRECTION('',(-1.,0.,0.));
#2876 = ORIENTED_EDGE('',*,*,#2877,.F.);
#2877 = EDGE_CURVE('',#2878,#2870,#2880,.T.);
#2878 = VERTEX_POINT('',#2879);
#2879 = CARTESIAN_POINT('',(6.389999866486,-6.5,0.));
#2880 = LINE('',#2881,#2882);
#2881 = CARTESIAN_POINT('',(6.389999866486,-6.5,0.));
#2882 = VECTOR('',#2883,1.);
#2883 = DIRECTION('',(0.,-1.,0.));
#2884 = ORIENTED_EDGE('',*,*,#2885,.T.);
#2885 = EDGE_CURVE('',#2878,#2886,#2888,.T.);
#2886 = VERTEX_POINT('',#2887);
#2887 = CARTESIAN_POINT('',(6.829999923706,-6.5,0.));
#2888 = LINE('',#2889,#2890);
#2889 = CARTESIAN_POINT('',(3.304999945055,-6.5,0.));
#2890 = VECTOR('',#2891,1.);
#2891 = DIRECTION('',(1.,0.,0.));
#2892 = ORIENTED_EDGE('',*,*,#2893,.F.);
#2893 = EDGE_CURVE('',#2894,#2886,#2896,.T.);
#2894 = VERTEX_POINT('',#2895);
#2895 = CARTESIAN_POINT('',(6.829999923706,-12.47999954223,0.));
#2896 = LINE('',#2897,#2898);
#2897 = CARTESIAN_POINT('',(6.829999923706,-12.47999954223,0.));
#2898 = VECTOR('',#2899,1.);
#2899 = DIRECTION('',(0.,1.,0.));
#2900 = ORIENTED_EDGE('',*,*,#2901,.F.);
#2901 = EDGE_CURVE('',#2902,#2894,#2904,.T.);
#2902 = VERTEX_POINT('',#2903);
#2903 = CARTESIAN_POINT('',(8.930000305176,-12.47999954223,0.));
#2904 = LINE('',#2905,#2906);
#2905 = CARTESIAN_POINT('',(8.930000305176,-12.47999954223,0.));
#2906 = VECTOR('',#2907,1.);
#2907 = DIRECTION('',(-1.,0.,0.));
#2908 = ORIENTED_EDGE('',*,*,#2909,.F.);
#2909 = EDGE_CURVE('',#2910,#2902,#2912,.T.);
#2910 = VERTEX_POINT('',#2911);
#2911 = CARTESIAN_POINT('',(8.930000305176,-6.5,0.));
#2912 = LINE('',#2913,#2914);
#2913 = CARTESIAN_POINT('',(8.930000305176,-6.5,0.));
#2914 = VECTOR('',#2915,1.);
#2915 = DIRECTION('',(0.,-1.,0.));
#2916 = ORIENTED_EDGE('',*,*,#2917,.T.);
#2917 = EDGE_CURVE('',#2910,#2918,#2920,.T.);
#2918 = VERTEX_POINT('',#2919);
#2919 = CARTESIAN_POINT('',(9.369999885559,-6.5,0.));
#2920 = LINE('',#2921,#2922);
#2921 = CARTESIAN_POINT('',(4.575000045191,-6.5,0.));
#2922 = VECTOR('',#2923,1.);
#2923 = DIRECTION('',(1.,0.,0.));
#2924 = ORIENTED_EDGE('',*,*,#2925,.F.);
#2925 = EDGE_CURVE('',#2926,#2918,#2928,.T.);
#2926 = VERTEX_POINT('',#2927);
#2927 = CARTESIAN_POINT('',(9.369999885559,-12.47999954223,0.));
#2928 = LINE('',#2929,#2930);
#2929 = CARTESIAN_POINT('',(9.369999885559,-12.47999954223,0.));
#2930 = VECTOR('',#2931,1.);
#2931 = DIRECTION('',(0.,1.,0.));
#2932 = ORIENTED_EDGE('',*,*,#2933,.F.);
#2933 = EDGE_CURVE('',#2934,#2926,#2936,.T.);
#2934 = VERTEX_POINT('',#2935);
#2935 = CARTESIAN_POINT('',(11.470000267029,-12.47999954223,0.));
#2936 = LINE('',#2937,#2938);
#2937 = CARTESIAN_POINT('',(11.470000267029,-12.47999954223,0.));
#2938 = VECTOR('',#2939,1.);
#2939 = DIRECTION('',(-1.,0.,0.));
#2940 = ORIENTED_EDGE('',*,*,#2941,.F.);
#2941 = EDGE_CURVE('',#2942,#2934,#2944,.T.);
#2942 = VERTEX_POINT('',#2943);
#2943 = CARTESIAN_POINT('',(11.470000267029,-6.5,0.));
#2944 = LINE('',#2945,#2946);
#2945 = CARTESIAN_POINT('',(11.470000267029,-6.5,0.));
#2946 = VECTOR('',#2947,1.);
#2947 = DIRECTION('',(0.,-1.,0.));
#2948 = ORIENTED_EDGE('',*,*,#2949,.T.);
#2949 = EDGE_CURVE('',#2942,#2950,#2952,.T.);
#2950 = VERTEX_POINT('',#2951);
#2951 = CARTESIAN_POINT('',(11.909999847412,-6.5,0.));
#2952 = LINE('',#2953,#2954);
#2953 = CARTESIAN_POINT('',(5.845000026118,-6.5,0.));
#2954 = VECTOR('',#2955,1.);
#2955 = DIRECTION('',(1.,0.,0.));
#2956 = ORIENTED_EDGE('',*,*,#2957,.F.);
#2957 = EDGE_CURVE('',#2958,#2950,#2960,.T.);
#2958 = VERTEX_POINT('',#2959);
#2959 = CARTESIAN_POINT('',(11.909999847412,-12.47999954223,0.));
#2960 = LINE('',#2961,#2962);
#2961 = CARTESIAN_POINT('',(11.909999847412,-12.47999954223,0.));
#2962 = VECTOR('',#2963,1.);
#2963 = DIRECTION('',(0.,1.,0.));
#2964 = ORIENTED_EDGE('',*,*,#2965,.F.);
#2965 = EDGE_CURVE('',#2966,#2958,#2968,.T.);
#2966 = VERTEX_POINT('',#2967);
#2967 = CARTESIAN_POINT('',(14.010000228882,-12.47999954223,0.));
#2968 = LINE('',#2969,#2970);
#2969 = CARTESIAN_POINT('',(14.010000228882,-12.47999954223,0.));
#2970 = VECTOR('',#2971,1.);
#2971 = DIRECTION('',(-1.,0.,0.));
#2972 = ORIENTED_EDGE('',*,*,#2973,.F.);
#2973 = EDGE_CURVE('',#2974,#2966,#2976,.T.);
#2974 = VERTEX_POINT('',#2975);
#2975 = CARTESIAN_POINT('',(14.010000228882,-6.5,0.));
#2976 = LINE('',#2977,#2978);
#2977 = CARTESIAN_POINT('',(14.010000228882,-6.5,0.));
#2978 = VECTOR('',#2979,1.);
#2979 = DIRECTION('',(0.,-1.,0.));
#2980 = ORIENTED_EDGE('',*,*,#2981,.T.);
#2981 = EDGE_CURVE('',#2974,#2982,#2984,.T.);
#2982 = VERTEX_POINT('',#2983);
#2983 = CARTESIAN_POINT('',(14.449999809265,-6.5,0.));
#2984 = LINE('',#2985,#2986);
#2985 = CARTESIAN_POINT('',(7.115000007044,-6.5,0.));
#2986 = VECTOR('',#2987,1.);
#2987 = DIRECTION('',(1.,0.,0.));
#2988 = ORIENTED_EDGE('',*,*,#2989,.F.);
#2989 = EDGE_CURVE('',#2990,#2982,#2992,.T.);
#2990 = VERTEX_POINT('',#2991);
#2991 = CARTESIAN_POINT('',(14.449999809265,-12.47999954223,0.));
#2992 = LINE('',#2993,#2994);
#2993 = CARTESIAN_POINT('',(14.449999809265,-12.47999954223,0.));
#2994 = VECTOR('',#2995,1.);
#2995 = DIRECTION('',(0.,1.,0.));
#2996 = ORIENTED_EDGE('',*,*,#2997,.F.);
#2997 = EDGE_CURVE('',#2998,#2990,#3000,.T.);
#2998 = VERTEX_POINT('',#2999);
#2999 = CARTESIAN_POINT('',(16.549999237061,-12.47999954223,0.));
#3000 = LINE('',#3001,#3002);
#3001 = CARTESIAN_POINT('',(16.549999237061,-12.47999954223,0.));
#3002 = VECTOR('',#3003,1.);
#3003 = DIRECTION('',(-1.,0.,0.));
#3004 = ORIENTED_EDGE('',*,*,#3005,.F.);
#3005 = EDGE_CURVE('',#3006,#2998,#3008,.T.);
#3006 = VERTEX_POINT('',#3007);
#3007 = CARTESIAN_POINT('',(16.549999237061,-6.5,0.));
#3008 = LINE('',#3009,#3010);
#3009 = CARTESIAN_POINT('',(16.549999237061,-6.5,0.));
#3010 = VECTOR('',#3011,1.);
#3011 = DIRECTION('',(0.,-1.,0.));
#3012 = ORIENTED_EDGE('',*,*,#3013,.T.);
#3013 = EDGE_CURVE('',#3006,#3014,#3016,.T.);
#3014 = VERTEX_POINT('',#3015);
#3015 = CARTESIAN_POINT('',(17.950000762939,-6.5,0.));
#3016 = LINE('',#3017,#3018);
#3017 = CARTESIAN_POINT('',(8.731327681081,-6.5,0.));
#3018 = VECTOR('',#3019,1.);
#3019 = DIRECTION('',(1.,0.,0.));
#3020 = ORIENTED_EDGE('',*,*,#3021,.T.);
#3021 = EDGE_CURVE('',#3014,#3022,#3024,.T.);
#3022 = VERTEX_POINT('',#3023);
#3023 = CARTESIAN_POINT('',(17.950000762939,-13.75,0.));
#3024 = LINE('',#3025,#3026);
#3025 = CARTESIAN_POINT('',(17.950000762939,-6.5,0.));
#3026 = VECTOR('',#3027,1.);
#3027 = DIRECTION('',(0.,-1.,0.));
#3028 = ORIENTED_EDGE('',*,*,#3029,.T.);
#3029 = EDGE_CURVE('',#3022,#3030,#3032,.T.);
#3030 = VERTEX_POINT('',#3031);
#3031 = CARTESIAN_POINT('',(20.,-13.75,0.));
#3032 = LINE('',#3033,#3034);
#3033 = CARTESIAN_POINT('',(17.950000762939,-13.75,0.));
#3034 = VECTOR('',#3035,1.);
#3035 = DIRECTION('',(1.,0.,0.));
#3036 = ORIENTED_EDGE('',*,*,#3037,.F.);
#3037 = EDGE_CURVE('',#3038,#3030,#3040,.T.);
#3038 = VERTEX_POINT('',#3039);
#3039 = CARTESIAN_POINT('',(20.086824417114,-13.74240398407,0.));
#3040 = LINE('',#3041,#3042);
#3041 = CARTESIAN_POINT('',(20.086824417114,-13.74240398407,0.));
#3042 = VECTOR('',#3043,1.);
#3043 = DIRECTION('',(-0.996194833856,-8.715419094114E-02,0.));
#3044 = ORIENTED_EDGE('',*,*,#3045,.F.);
#3045 = EDGE_CURVE('',#3046,#3038,#3048,.T.);
#3046 = VERTEX_POINT('',#3047);
#3047 = CARTESIAN_POINT('',(20.171010971069,-13.71984672546,0.));
#3048 = LINE('',#3049,#3050);
#3049 = CARTESIAN_POINT('',(20.171010971069,-13.71984672546,0.));
#3050 = VECTOR('',#3051,1.);
#3051 = DIRECTION('',(-0.965927147295,-0.258814114991,0.));
#3052 = ORIENTED_EDGE('',*,*,#3053,.F.);
#3053 = EDGE_CURVE('',#3054,#3046,#3056,.T.);
#3054 = VERTEX_POINT('',#3055);
#3055 = CARTESIAN_POINT('',(20.25,-13.68301296234,0.));
#3056 = LINE('',#3057,#3058);
#3057 = CARTESIAN_POINT('',(20.25,-13.68301296234,0.));
#3058 = VECTOR('',#3059,1.);
#3059 = DIRECTION('',(-0.906305264352,-0.422623671614,0.));
#3060 = ORIENTED_EDGE('',*,*,#3061,.F.);
#3061 = EDGE_CURVE('',#3062,#3054,#3064,.T.);
#3062 = VERTEX_POINT('',#3063);
#3063 = CARTESIAN_POINT('',(20.321393966675,-13.63302230835,0.));
#3064 = LINE('',#3065,#3066);
#3065 = CARTESIAN_POINT('',(20.321393966675,-13.63302230835,0.));
#3066 = VECTOR('',#3067,1.);
#3067 = DIRECTION('',(-0.819151718986,-0.573576900931,0.));
#3068 = ORIENTED_EDGE('',*,*,#3069,.F.);
#3069 = EDGE_CURVE('',#3070,#3062,#3072,.T.);
#3070 = VERTEX_POINT('',#3071);
#3071 = CARTESIAN_POINT('',(20.38302230835,-13.57139396667,0.));
#3072 = LINE('',#3073,#3074);
#3073 = CARTESIAN_POINT('',(20.38302230835,-13.57139396667,0.));
#3074 = VECTOR('',#3075,1.);
#3075 = DIRECTION('',(-0.707106781187,-0.707106781187,0.));
#3076 = ORIENTED_EDGE('',*,*,#3077,.F.);
#3077 = EDGE_CURVE('',#3078,#3070,#3080,.T.);
#3078 = VERTEX_POINT('',#3079);
#3079 = CARTESIAN_POINT('',(20.433012008667,-13.5,0.));
#3080 = LINE('',#3081,#3082);
#3081 = CARTESIAN_POINT('',(20.433012008667,-13.5,0.));
#3082 = VECTOR('',#3083,1.);
#3083 = DIRECTION('',(-0.573569558571,-0.819156860119,0.));
#3084 = ORIENTED_EDGE('',*,*,#3085,.F.);
#3085 = EDGE_CURVE('',#3086,#3078,#3088,.T.);
#3086 = VERTEX_POINT('',#3087);
#3087 = CARTESIAN_POINT('',(20.469846725464,-13.42101001739,0.));
#3088 = LINE('',#3089,#3090);
#3089 = CARTESIAN_POINT('',(20.469846725464,-13.42101001739,0.));
#3090 = VECTOR('',#3091,1.);
#3091 = DIRECTION('',(-0.42262846823,-0.906303027602,0.));
#3092 = ORIENTED_EDGE('',*,*,#3093,.F.);
#3093 = EDGE_CURVE('',#3094,#3086,#3096,.T.);
#3094 = VERTEX_POINT('',#3095);
#3095 = CARTESIAN_POINT('',(20.492403030396,-13.33682441711,0.));
#3096 = LINE('',#3097,#3098);
#3097 = CARTESIAN_POINT('',(20.492403030396,-13.33682441711,0.));
#3098 = VECTOR('',#3099,1.);
#3099 = DIRECTION('',(-0.258806641196,-0.965929149821,0.));
#3100 = ORIENTED_EDGE('',*,*,#3101,.F.);
#3101 = EDGE_CURVE('',#799,#3094,#3102,.T.);
#3102 = LINE('',#3103,#3104);
#3103 = CARTESIAN_POINT('',(20.5,-13.25,0.));
#3104 = VECTOR('',#3105,1.);
#3105 = DIRECTION('',(-8.716504995643E-02,-0.996193883773,0.));
#3106 = ORIENTED_EDGE('',*,*,#798,.T.);
#3107 = ORIENTED_EDGE('',*,*,#3108,.F.);
#3108 = EDGE_CURVE('',#505,#791,#3109,.T.);
#3109 = LINE('',#3110,#3111);
#3110 = CARTESIAN_POINT('',(1.989519660128E-13,-5.4,0.));
#3111 = VECTOR('',#3112,1.);
#3112 = DIRECTION('',(1.,0.,0.));
#3113 = FACE_BOUND('',#3114,.T.);
#3114 = EDGE_LOOP('',(#3115));
#3115 = ORIENTED_EDGE('',*,*,#3116,.F.);
#3116 = EDGE_CURVE('',#3117,#3117,#3119,.T.);
#3117 = VERTEX_POINT('',#3118);
#3118 = CARTESIAN_POINT('',(-9.815000009535,-8.875,0.));
#3119 = CIRCLE('',#3120,2.8);
#3120 = AXIS2_PLACEMENT_3D('',#3121,#3122,#3123);
#3121 = CARTESIAN_POINT('',(-12.61500000953,-8.875,0.));
#3122 = DIRECTION('',(0.,0.,1.));
#3123 = DIRECTION('',(1.,0.,0.));
#3124 = PLANE('',#3125);
#3125 = AXIS2_PLACEMENT_3D('',#3126,#3127,#3128);
#3126 = CARTESIAN_POINT('',(4.085804604835,-4.982801784206E-18,0.));
#3127 = DIRECTION('',(0.,0.,1.));
#3128 = DIRECTION('',(1.,0.,0.));
#3129 = ADVANCED_FACE('',(#3130),#3155,.T.);
#3130 = FACE_BOUND('',#3131,.T.);
#3131 = EDGE_LOOP('',(#3132,#3140,#3148,#3154));
#3132 = ORIENTED_EDGE('',*,*,#3133,.F.);
#3133 = EDGE_CURVE('',#3134,#626,#3136,.T.);
#3134 = VERTEX_POINT('',#3135);
#3135 = CARTESIAN_POINT('',(-20.49809646606,-13.29357814788,5.25));
#3136 = LINE('',#3137,#3138);
#3137 = CARTESIAN_POINT('',(-20.49809646606,-13.29357814788,5.25));
#3138 = VECTOR('',#3139,1.);
#3139 = DIRECTION('',(-1.087395939736E-03,2.489406686686E-02,
    0.999689503298));
#3140 = ORIENTED_EDGE('',*,*,#3141,.T.);
#3141 = EDGE_CURVE('',#3134,#3142,#3144,.T.);
#3142 = VERTEX_POINT('',#3143);
#3143 = CARTESIAN_POINT('',(-20.49809646606,-13.29357814788,1.75));
#3144 = LINE('',#3145,#3146);
#3145 = CARTESIAN_POINT('',(-20.49809646606,-13.29357814788,5.25));
#3146 = VECTOR('',#3147,1.);
#3147 = DIRECTION('',(0.,0.,-1.));
#3148 = ORIENTED_EDGE('',*,*,#3149,.T.);
#3149 = EDGE_CURVE('',#3142,#507,#3150,.T.);
#3150 = LINE('',#3151,#3152);
#3151 = CARTESIAN_POINT('',(-20.49809646606,-13.29357814788,1.75));
#3152 = VECTOR('',#3153,1.);
#3153 = DIRECTION('',(-1.087395939736E-03,2.489406686686E-02,
    -0.999689503298));
#3154 = ORIENTED_EDGE('',*,*,#633,.F.);
#3155 = PLANE('',#3156);
#3156 = AXIS2_PLACEMENT_3D('',#3157,#3158,#3159);
#3157 = CARTESIAN_POINT('',(-20.4992861563,-13.26634222839,3.5));
#3158 = DIRECTION('',(0.99904735131,4.363931531271E-02,0.));
#3159 = DIRECTION('',(-4.363931531271E-02,0.99904735131,0.));
#3160 = ADVANCED_FACE('',(#3161),#3209,.F.);
#3161 = FACE_BOUND('',#3162,.F.);
#3162 = EDGE_LOOP('',(#3163,#3164,#3172,#3180,#3188,#3196,#3202,#3203));
#3163 = ORIENTED_EDGE('',*,*,#522,.F.);
#3164 = ORIENTED_EDGE('',*,*,#3165,.T.);
#3165 = EDGE_CURVE('',#523,#3166,#3168,.T.);
#3166 = VERTEX_POINT('',#3167);
#3167 = CARTESIAN_POINT('',(-22.5,-4.5,1.));
#3168 = LINE('',#3169,#3170);
#3169 = CARTESIAN_POINT('',(56.218545205297,-4.5,1.));
#3170 = VECTOR('',#3171,1.);
#3171 = DIRECTION('',(-1.,-0.,-0.));
#3172 = ORIENTED_EDGE('',*,*,#3173,.F.);
#3173 = EDGE_CURVE('',#3174,#3166,#3176,.T.);
#3174 = VERTEX_POINT('',#3175);
#3175 = CARTESIAN_POINT('',(-22.5,-4.5,-1.));
#3176 = LINE('',#3177,#3178);
#3177 = CARTESIAN_POINT('',(-22.5,-4.5,0.5));
#3178 = VECTOR('',#3179,1.);
#3179 = DIRECTION('',(0.,0.,1.));
#3180 = ORIENTED_EDGE('',*,*,#3181,.F.);
#3181 = EDGE_CURVE('',#3182,#3174,#3184,.T.);
#3182 = VERTEX_POINT('',#3183);
#3183 = CARTESIAN_POINT('',(22.5,-4.5,-1.));
#3184 = LINE('',#3185,#3186);
#3185 = CARTESIAN_POINT('',(56.218545205297,-4.5,-1.));
#3186 = VECTOR('',#3187,1.);
#3187 = DIRECTION('',(-1.,-0.,-0.));
#3188 = ORIENTED_EDGE('',*,*,#3189,.F.);
#3189 = EDGE_CURVE('',#3190,#3182,#3192,.T.);
#3190 = VERTEX_POINT('',#3191);
#3191 = CARTESIAN_POINT('',(22.5,-4.5,1.));
#3192 = LINE('',#3193,#3194);
#3193 = CARTESIAN_POINT('',(22.5,-4.5,0.5));
#3194 = VECTOR('',#3195,1.);
#3195 = DIRECTION('',(0.,0.,-1.));
#3196 = ORIENTED_EDGE('',*,*,#3197,.T.);
#3197 = EDGE_CURVE('',#3190,#775,#3198,.T.);
#3198 = LINE('',#3199,#3200);
#3199 = CARTESIAN_POINT('',(56.218545205297,-4.5,1.));
#3200 = VECTOR('',#3201,1.);
#3201 = DIRECTION('',(-1.,-0.,-0.));
#3202 = ORIENTED_EDGE('',*,*,#782,.F.);
#3203 = ORIENTED_EDGE('',*,*,#3204,.F.);
#3204 = EDGE_CURVE('',#515,#783,#3205,.T.);
#3205 = LINE('',#3206,#3207);
#3206 = CARTESIAN_POINT('',(-20.5,-4.5,-0.9));
#3207 = VECTOR('',#3208,1.);
#3208 = DIRECTION('',(1.,0.,0.));
#3209 = PLANE('',#3210);
#3210 = AXIS2_PLACEMENT_3D('',#3211,#3212,#3213);
#3211 = CARTESIAN_POINT('',(56.218545205297,-4.5,1.));
#3212 = DIRECTION('',(0.,-1.,0.));
#3213 = DIRECTION('',(0.,0.,-1.));
#3214 = ADVANCED_FACE('',(#3215,#3601,#3937,#3971,#4005,#4016,#4027,
    #4038,#4072,#4083,#4117,#4128,#4139,#4173,#4207,#4218,#4252,#4263),
  #4297,.T.);
#3215 = FACE_BOUND('',#3216,.T.);
#3216 = EDGE_LOOP('',(#3217,#3227,#3235,#3243,#3251,#3259,#3267,#3275,
    #3283,#3291,#3299,#3307,#3315,#3323,#3331,#3339,#3347,#3355,#3363,
    #3371,#3379,#3387,#3395,#3403,#3411,#3419,#3427,#3435,#3443,#3451,
    #3459,#3467,#3475,#3483,#3491,#3499,#3507,#3515,#3523,#3531,#3539,
    #3547,#3555,#3563,#3571,#3579,#3587,#3595));
#3217 = ORIENTED_EDGE('',*,*,#3218,.T.);
#3218 = EDGE_CURVE('',#3219,#3221,#3223,.T.);
#3219 = VERTEX_POINT('',#3220);
#3220 = CARTESIAN_POINT('',(20.642314910889,14.739821434021,7.));
#3221 = VERTEX_POINT('',#3222);
#3222 = CARTESIAN_POINT('',(20.5,14.75,7.));
#3223 = LINE('',#3224,#3225);
#3224 = CARTESIAN_POINT('',(20.642314910889,14.739821434021,7.));
#3225 = VECTOR('',#3226,1.);
#3226 = DIRECTION('',(-0.99745211328,7.133920179217E-02,0.));
#3227 = ORIENTED_EDGE('',*,*,#3228,.T.);
#3228 = EDGE_CURVE('',#3221,#3229,#3231,.T.);
#3229 = VERTEX_POINT('',#3230);
#3230 = CARTESIAN_POINT('',(-20.5,14.75,7.));
#3231 = LINE('',#3232,#3233);
#3232 = CARTESIAN_POINT('',(20.5,14.75,7.));
#3233 = VECTOR('',#3234,1.);
#3234 = DIRECTION('',(-1.,0.,0.));
#3235 = ORIENTED_EDGE('',*,*,#3236,.T.);
#3236 = EDGE_CURVE('',#3229,#3237,#3239,.T.);
#3237 = VERTEX_POINT('',#3238);
#3238 = CARTESIAN_POINT('',(-20.64231491088,14.739821434021,7.));
#3239 = LINE('',#3240,#3241);
#3240 = CARTESIAN_POINT('',(-20.5,14.75,7.));
#3241 = VECTOR('',#3242,1.);
#3242 = DIRECTION('',(-0.99745211328,-7.133920179217E-02,0.));
#3243 = ORIENTED_EDGE('',*,*,#3244,.T.);
#3244 = EDGE_CURVE('',#3237,#3245,#3247,.T.);
#3245 = VERTEX_POINT('',#3246);
#3246 = CARTESIAN_POINT('',(-20.7817325592,14.709492683411,7.));
#3247 = LINE('',#3248,#3249);
#3248 = CARTESIAN_POINT('',(-20.64231491088,14.739821434021,7.));
#3249 = VECTOR('',#3250,1.);
#3250 = DIRECTION('',(-0.977146432692,-0.212567281295,0.));
#3251 = ORIENTED_EDGE('',*,*,#3252,.T.);
#3252 = EDGE_CURVE('',#3245,#3253,#3255,.T.);
#3253 = VERTEX_POINT('',#3254);
#3254 = CARTESIAN_POINT('',(-20.91541481018,14.659631729126,7.));
#3255 = LINE('',#3256,#3257);
#3256 = CARTESIAN_POINT('',(-20.7817325592,14.709492683411,7.));
#3257 = VECTOR('',#3258,1.);
#3258 = DIRECTION('',(-0.936949604393,-0.349464502957,0.));
#3259 = ORIENTED_EDGE('',*,*,#3260,.T.);
#3260 = EDGE_CURVE('',#3253,#3261,#3263,.T.);
#3261 = VERTEX_POINT('',#3262);
#3262 = CARTESIAN_POINT('',(-21.04063987731,14.59125328064,7.));
#3263 = LINE('',#3264,#3265);
#3264 = CARTESIAN_POINT('',(-20.91541481018,14.659631729126,7.));
#3265 = VECTOR('',#3266,1.);
#3266 = DIRECTION('',(-0.877677844033,-0.479251084604,0.));
#3267 = ORIENTED_EDGE('',*,*,#3268,.T.);
#3268 = EDGE_CURVE('',#3261,#3269,#3271,.T.);
#3269 = VERTEX_POINT('',#3270);
#3270 = CARTESIAN_POINT('',(-21.15486145019,14.505749702454,7.));
#3271 = LINE('',#3272,#3273);
#3272 = CARTESIAN_POINT('',(-21.04063987731,14.59125328064,7.));
#3273 = VECTOR('',#3274,1.);
#3274 = DIRECTION('',(-0.800546688819,-0.599270388907,0.));
#3275 = ORIENTED_EDGE('',*,*,#3276,.T.);
#3276 = EDGE_CURVE('',#3269,#3277,#3279,.T.);
#3277 = VERTEX_POINT('',#3278);
#3278 = CARTESIAN_POINT('',(-21.25574874877,14.404860496521,7.));
#3279 = LINE('',#3280,#3281);
#3280 = CARTESIAN_POINT('',(-21.15486145019,14.505749702454,7.));
#3281 = VECTOR('',#3282,1.);
#3282 = DIRECTION('',(-0.707100097031,-0.707113465279,0.));
#3283 = ORIENTED_EDGE('',*,*,#3284,.T.);
#3284 = EDGE_CURVE('',#3277,#3285,#3287,.T.);
#3285 = VERTEX_POINT('',#3286);
#3286 = CARTESIAN_POINT('',(-21.34125328064,14.290640830994,7.));
#3287 = LINE('',#3288,#3289);
#3288 = CARTESIAN_POINT('',(-21.25574874877,14.404860496521,7.));
#3289 = VECTOR('',#3290,1.);
#3290 = DIRECTION('',(-0.599281085804,-0.800538681262,0.));
#3291 = ORIENTED_EDGE('',*,*,#3292,.T.);
#3292 = EDGE_CURVE('',#3285,#3293,#3295,.T.);
#3293 = VERTEX_POINT('',#3294);
#3294 = CARTESIAN_POINT('',(-21.40963172912,14.165414810181,7.));
#3295 = LINE('',#3296,#3297);
#3296 = CARTESIAN_POINT('',(-21.34125328064,14.290640830994,7.));
#3297 = VECTOR('',#3298,1.);
#3298 = DIRECTION('',(-0.479248273091,-0.877679379238,0.));
#3299 = ORIENTED_EDGE('',*,*,#3300,.T.);
#3300 = EDGE_CURVE('',#3293,#3301,#3303,.T.);
#3301 = VERTEX_POINT('',#3302);
#3302 = CARTESIAN_POINT('',(-21.45949363708,14.031732559204,7.));
#3303 = LINE('',#3304,#3305);
#3304 = CARTESIAN_POINT('',(-21.40963172912,14.165414810181,7.));
#3305 = VECTOR('',#3306,1.);
#3306 = DIRECTION('',(-0.349470370733,-0.936947415803,0.));
#3307 = ORIENTED_EDGE('',*,*,#3308,.T.);
#3308 = EDGE_CURVE('',#3301,#3309,#3311,.T.);
#3309 = VERTEX_POINT('',#3310);
#3310 = CARTESIAN_POINT('',(-21.48982238769,13.892314910889,7.));
#3311 = LINE('',#3312,#3313);
#3312 = CARTESIAN_POINT('',(-21.45949363708,14.031732559204,7.));
#3313 = VECTOR('',#3314,1.);
#3314 = DIRECTION('',(-0.212567281295,-0.977146432692,0.));
#3315 = ORIENTED_EDGE('',*,*,#3316,.T.);
#3316 = EDGE_CURVE('',#3309,#3317,#3319,.T.);
#3317 = VERTEX_POINT('',#3318);
#3318 = CARTESIAN_POINT('',(-21.5,13.75,7.));
#3319 = LINE('',#3320,#3321);
#3320 = CARTESIAN_POINT('',(-21.48982238769,13.892314910889,7.));
#3321 = VECTOR('',#3322,1.);
#3322 = DIRECTION('',(-7.13325517231E-02,-0.997452588881,0.));
#3323 = ORIENTED_EDGE('',*,*,#3324,.T.);
#3324 = EDGE_CURVE('',#3317,#3325,#3327,.T.);
#3325 = VERTEX_POINT('',#3326);
#3326 = CARTESIAN_POINT('',(-21.5,-13.75,7.));
#3327 = LINE('',#3328,#3329);
#3328 = CARTESIAN_POINT('',(-21.5,13.75,7.));
#3329 = VECTOR('',#3330,1.);
#3330 = DIRECTION('',(0.,-1.,0.));
#3331 = ORIENTED_EDGE('',*,*,#3332,.T.);
#3332 = EDGE_CURVE('',#3325,#3333,#3335,.T.);
#3333 = VERTEX_POINT('',#3334);
#3334 = CARTESIAN_POINT('',(-21.48982238769,-13.89231491088,7.));
#3335 = LINE('',#3336,#3337);
#3336 = CARTESIAN_POINT('',(-21.5,-13.75,7.));
#3337 = VECTOR('',#3338,1.);
#3338 = DIRECTION('',(7.13325517231E-02,-0.997452588881,0.));
#3339 = ORIENTED_EDGE('',*,*,#3340,.T.);
#3340 = EDGE_CURVE('',#3333,#3341,#3343,.T.);
#3341 = VERTEX_POINT('',#3342);
#3342 = CARTESIAN_POINT('',(-21.45949363708,-14.0317325592,7.));
#3343 = LINE('',#3344,#3345);
#3344 = CARTESIAN_POINT('',(-21.48982238769,-13.89231491088,7.));
#3345 = VECTOR('',#3346,1.);
#3346 = DIRECTION('',(0.212567281295,-0.977146432692,0.));
#3347 = ORIENTED_EDGE('',*,*,#3348,.T.);
#3348 = EDGE_CURVE('',#3341,#3349,#3351,.T.);
#3349 = VERTEX_POINT('',#3350);
#3350 = CARTESIAN_POINT('',(-21.40963172912,-14.16541481018,7.));
#3351 = LINE('',#3352,#3353);
#3352 = CARTESIAN_POINT('',(-21.45949363708,-14.0317325592,7.));
#3353 = VECTOR('',#3354,1.);
#3354 = DIRECTION('',(0.349470370733,-0.936947415803,0.));
#3355 = ORIENTED_EDGE('',*,*,#3356,.T.);
#3356 = EDGE_CURVE('',#3349,#3357,#3359,.T.);
#3357 = VERTEX_POINT('',#3358);
#3358 = CARTESIAN_POINT('',(-21.34125328064,-14.29064083099,7.));
#3359 = LINE('',#3360,#3361);
#3360 = CARTESIAN_POINT('',(-21.40963172912,-14.16541481018,7.));
#3361 = VECTOR('',#3362,1.);
#3362 = DIRECTION('',(0.479248273091,-0.877679379238,0.));
#3363 = ORIENTED_EDGE('',*,*,#3364,.T.);
#3364 = EDGE_CURVE('',#3357,#3365,#3367,.T.);
#3365 = VERTEX_POINT('',#3366);
#3366 = CARTESIAN_POINT('',(-21.25574874877,-14.40486049652,7.));
#3367 = LINE('',#3368,#3369);
#3368 = CARTESIAN_POINT('',(-21.34125328064,-14.29064083099,7.));
#3369 = VECTOR('',#3370,1.);
#3370 = DIRECTION('',(0.599281085804,-0.800538681262,0.));
#3371 = ORIENTED_EDGE('',*,*,#3372,.T.);
#3372 = EDGE_CURVE('',#3365,#3373,#3375,.T.);
#3373 = VERTEX_POINT('',#3374);
#3374 = CARTESIAN_POINT('',(-21.15486145019,-14.50574970245,7.));
#3375 = LINE('',#3376,#3377);
#3376 = CARTESIAN_POINT('',(-21.25574874877,-14.40486049652,7.));
#3377 = VECTOR('',#3378,1.);
#3378 = DIRECTION('',(0.707100097031,-0.707113465279,0.));
#3379 = ORIENTED_EDGE('',*,*,#3380,.T.);
#3380 = EDGE_CURVE('',#3373,#3381,#3383,.T.);
#3381 = VERTEX_POINT('',#3382);
#3382 = CARTESIAN_POINT('',(-21.04063987731,-14.59125328064,7.));
#3383 = LINE('',#3384,#3385);
#3384 = CARTESIAN_POINT('',(-21.15486145019,-14.50574970245,7.));
#3385 = VECTOR('',#3386,1.);
#3386 = DIRECTION('',(0.800546688819,-0.599270388907,0.));
#3387 = ORIENTED_EDGE('',*,*,#3388,.T.);
#3388 = EDGE_CURVE('',#3381,#3389,#3391,.T.);
#3389 = VERTEX_POINT('',#3390);
#3390 = CARTESIAN_POINT('',(-20.91541481018,-14.65963172912,7.));
#3391 = LINE('',#3392,#3393);
#3392 = CARTESIAN_POINT('',(-21.04063987731,-14.59125328064,7.));
#3393 = VECTOR('',#3394,1.);
#3394 = DIRECTION('',(0.877677844033,-0.479251084604,0.));
#3395 = ORIENTED_EDGE('',*,*,#3396,.T.);
#3396 = EDGE_CURVE('',#3389,#3397,#3399,.T.);
#3397 = VERTEX_POINT('',#3398);
#3398 = CARTESIAN_POINT('',(-20.7817325592,-14.70949268341,7.));
#3399 = LINE('',#3400,#3401);
#3400 = CARTESIAN_POINT('',(-20.91541481018,-14.65963172912,7.));
#3401 = VECTOR('',#3402,1.);
#3402 = DIRECTION('',(0.936949604393,-0.349464502957,0.));
#3403 = ORIENTED_EDGE('',*,*,#3404,.T.);
#3404 = EDGE_CURVE('',#3397,#3405,#3407,.T.);
#3405 = VERTEX_POINT('',#3406);
#3406 = CARTESIAN_POINT('',(-20.64231491088,-14.73982143402,7.));
#3407 = LINE('',#3408,#3409);
#3408 = CARTESIAN_POINT('',(-20.7817325592,-14.70949268341,7.));
#3409 = VECTOR('',#3410,1.);
#3410 = DIRECTION('',(0.977146432692,-0.212567281295,0.));
#3411 = ORIENTED_EDGE('',*,*,#3412,.T.);
#3412 = EDGE_CURVE('',#3405,#3413,#3415,.T.);
#3413 = VERTEX_POINT('',#3414);
#3414 = CARTESIAN_POINT('',(-20.5,-14.75,7.));
#3415 = LINE('',#3416,#3417);
#3416 = CARTESIAN_POINT('',(-20.64231491088,-14.73982143402,7.));
#3417 = VECTOR('',#3418,1.);
#3418 = DIRECTION('',(0.99745211328,-7.133920179217E-02,0.));
#3419 = ORIENTED_EDGE('',*,*,#3420,.F.);
#3420 = EDGE_CURVE('',#3421,#3413,#3423,.T.);
#3421 = VERTEX_POINT('',#3422);
#3422 = CARTESIAN_POINT('',(20.5,-14.75,7.));
#3423 = LINE('',#3424,#3425);
#3424 = CARTESIAN_POINT('',(20.5,-14.75,7.));
#3425 = VECTOR('',#3426,1.);
#3426 = DIRECTION('',(-1.,0.,0.));
#3427 = ORIENTED_EDGE('',*,*,#3428,.F.);
#3428 = EDGE_CURVE('',#3429,#3421,#3431,.T.);
#3429 = VERTEX_POINT('',#3430);
#3430 = CARTESIAN_POINT('',(20.642314910889,-14.73982143402,7.));
#3431 = LINE('',#3432,#3433);
#3432 = CARTESIAN_POINT('',(20.642314910889,-14.73982143402,7.));
#3433 = VECTOR('',#3434,1.);
#3434 = DIRECTION('',(-0.99745211328,-7.133920179217E-02,0.));
#3435 = ORIENTED_EDGE('',*,*,#3436,.F.);
#3436 = EDGE_CURVE('',#3437,#3429,#3439,.T.);
#3437 = VERTEX_POINT('',#3438);
#3438 = CARTESIAN_POINT('',(20.781732559204,-14.70949268341,7.));
#3439 = LINE('',#3440,#3441);
#3440 = CARTESIAN_POINT('',(20.781732559204,-14.70949268341,7.));
#3441 = VECTOR('',#3442,1.);
#3442 = DIRECTION('',(-0.977146432692,-0.212567281295,0.));
#3443 = ORIENTED_EDGE('',*,*,#3444,.F.);
#3444 = EDGE_CURVE('',#3445,#3437,#3447,.T.);
#3445 = VERTEX_POINT('',#3446);
#3446 = CARTESIAN_POINT('',(20.915414810181,-14.65963172912,7.));
#3447 = LINE('',#3448,#3449);
#3448 = CARTESIAN_POINT('',(20.915414810181,-14.65963172912,7.));
#3449 = VECTOR('',#3450,1.);
#3450 = DIRECTION('',(-0.936949604393,-0.349464502957,0.));
#3451 = ORIENTED_EDGE('',*,*,#3452,.F.);
#3452 = EDGE_CURVE('',#3453,#3445,#3455,.T.);
#3453 = VERTEX_POINT('',#3454);
#3454 = CARTESIAN_POINT('',(21.040639877319,-14.59125328064,7.));
#3455 = LINE('',#3456,#3457);
#3456 = CARTESIAN_POINT('',(21.040639877319,-14.59125328064,7.));
#3457 = VECTOR('',#3458,1.);
#3458 = DIRECTION('',(-0.877677844033,-0.479251084604,0.));
#3459 = ORIENTED_EDGE('',*,*,#3460,.F.);
#3460 = EDGE_CURVE('',#3461,#3453,#3463,.T.);
#3461 = VERTEX_POINT('',#3462);
#3462 = CARTESIAN_POINT('',(21.154861450195,-14.50574970245,7.));
#3463 = LINE('',#3464,#3465);
#3464 = CARTESIAN_POINT('',(21.154861450195,-14.50574970245,7.));
#3465 = VECTOR('',#3466,1.);
#3466 = DIRECTION('',(-0.800546688819,-0.599270388907,0.));
#3467 = ORIENTED_EDGE('',*,*,#3468,.F.);
#3468 = EDGE_CURVE('',#3469,#3461,#3471,.T.);
#3469 = VERTEX_POINT('',#3470);
#3470 = CARTESIAN_POINT('',(21.255748748779,-14.40486049652,7.));
#3471 = LINE('',#3472,#3473);
#3472 = CARTESIAN_POINT('',(21.255748748779,-14.40486049652,7.));
#3473 = VECTOR('',#3474,1.);
#3474 = DIRECTION('',(-0.707100097031,-0.707113465279,0.));
#3475 = ORIENTED_EDGE('',*,*,#3476,.F.);
#3476 = EDGE_CURVE('',#3477,#3469,#3479,.T.);
#3477 = VERTEX_POINT('',#3478);
#3478 = CARTESIAN_POINT('',(21.34125328064,-14.29064083099,7.));
#3479 = LINE('',#3480,#3481);
#3480 = CARTESIAN_POINT('',(21.34125328064,-14.29064083099,7.));
#3481 = VECTOR('',#3482,1.);
#3482 = DIRECTION('',(-0.599281085804,-0.800538681262,0.));
#3483 = ORIENTED_EDGE('',*,*,#3484,.F.);
#3484 = EDGE_CURVE('',#3485,#3477,#3487,.T.);
#3485 = VERTEX_POINT('',#3486);
#3486 = CARTESIAN_POINT('',(21.409631729126,-14.16541481018,7.));
#3487 = LINE('',#3488,#3489);
#3488 = CARTESIAN_POINT('',(21.409631729126,-14.16541481018,7.));
#3489 = VECTOR('',#3490,1.);
#3490 = DIRECTION('',(-0.479248273091,-0.877679379238,0.));
#3491 = ORIENTED_EDGE('',*,*,#3492,.F.);
#3492 = EDGE_CURVE('',#3493,#3485,#3495,.T.);
#3493 = VERTEX_POINT('',#3494);
#3494 = CARTESIAN_POINT('',(21.459493637085,-14.0317325592,7.));
#3495 = LINE('',#3496,#3497);
#3496 = CARTESIAN_POINT('',(21.459493637085,-14.0317325592,7.));
#3497 = VECTOR('',#3498,1.);
#3498 = DIRECTION('',(-0.349470370733,-0.936947415803,0.));
#3499 = ORIENTED_EDGE('',*,*,#3500,.F.);
#3500 = EDGE_CURVE('',#3501,#3493,#3503,.T.);
#3501 = VERTEX_POINT('',#3502);
#3502 = CARTESIAN_POINT('',(21.489822387695,-13.89231491088,7.));
#3503 = LINE('',#3504,#3505);
#3504 = CARTESIAN_POINT('',(21.489822387695,-13.89231491088,7.));
#3505 = VECTOR('',#3506,1.);
#3506 = DIRECTION('',(-0.212567281295,-0.977146432692,0.));
#3507 = ORIENTED_EDGE('',*,*,#3508,.F.);
#3508 = EDGE_CURVE('',#3509,#3501,#3511,.T.);
#3509 = VERTEX_POINT('',#3510);
#3510 = CARTESIAN_POINT('',(21.5,-13.75,7.));
#3511 = LINE('',#3512,#3513);
#3512 = CARTESIAN_POINT('',(21.5,-13.75,7.));
#3513 = VECTOR('',#3514,1.);
#3514 = DIRECTION('',(-7.13325517231E-02,-0.997452588881,0.));
#3515 = ORIENTED_EDGE('',*,*,#3516,.T.);
#3516 = EDGE_CURVE('',#3509,#3517,#3519,.T.);
#3517 = VERTEX_POINT('',#3518);
#3518 = CARTESIAN_POINT('',(21.5,13.75,7.));
#3519 = LINE('',#3520,#3521);
#3520 = CARTESIAN_POINT('',(21.5,-13.75,7.));
#3521 = VECTOR('',#3522,1.);
#3522 = DIRECTION('',(0.,1.,0.));
#3523 = ORIENTED_EDGE('',*,*,#3524,.T.);
#3524 = EDGE_CURVE('',#3517,#3525,#3527,.T.);
#3525 = VERTEX_POINT('',#3526);
#3526 = CARTESIAN_POINT('',(21.489822387695,13.892314910889,7.));
#3527 = LINE('',#3528,#3529);
#3528 = CARTESIAN_POINT('',(21.5,13.75,7.));
#3529 = VECTOR('',#3530,1.);
#3530 = DIRECTION('',(-7.13325517231E-02,0.997452588881,0.));
#3531 = ORIENTED_EDGE('',*,*,#3532,.T.);
#3532 = EDGE_CURVE('',#3525,#3533,#3535,.T.);
#3533 = VERTEX_POINT('',#3534);
#3534 = CARTESIAN_POINT('',(21.459493637085,14.031732559204,7.));
#3535 = LINE('',#3536,#3537);
#3536 = CARTESIAN_POINT('',(21.489822387695,13.892314910889,7.));
#3537 = VECTOR('',#3538,1.);
#3538 = DIRECTION('',(-0.212567281295,0.977146432692,0.));
#3539 = ORIENTED_EDGE('',*,*,#3540,.T.);
#3540 = EDGE_CURVE('',#3533,#3541,#3543,.T.);
#3541 = VERTEX_POINT('',#3542);
#3542 = CARTESIAN_POINT('',(21.409631729126,14.165414810181,7.));
#3543 = LINE('',#3544,#3545);
#3544 = CARTESIAN_POINT('',(21.459493637085,14.031732559204,7.));
#3545 = VECTOR('',#3546,1.);
#3546 = DIRECTION('',(-0.349470370733,0.936947415803,0.));
#3547 = ORIENTED_EDGE('',*,*,#3548,.T.);
#3548 = EDGE_CURVE('',#3541,#3549,#3551,.T.);
#3549 = VERTEX_POINT('',#3550);
#3550 = CARTESIAN_POINT('',(21.34125328064,14.290640830994,7.));
#3551 = LINE('',#3552,#3553);
#3552 = CARTESIAN_POINT('',(21.409631729126,14.165414810181,7.));
#3553 = VECTOR('',#3554,1.);
#3554 = DIRECTION('',(-0.479248273091,0.877679379238,0.));
#3555 = ORIENTED_EDGE('',*,*,#3556,.T.);
#3556 = EDGE_CURVE('',#3549,#3557,#3559,.T.);
#3557 = VERTEX_POINT('',#3558);
#3558 = CARTESIAN_POINT('',(21.255748748779,14.404860496521,7.));
#3559 = LINE('',#3560,#3561);
#3560 = CARTESIAN_POINT('',(21.34125328064,14.290640830994,7.));
#3561 = VECTOR('',#3562,1.);
#3562 = DIRECTION('',(-0.599281085804,0.800538681262,0.));
#3563 = ORIENTED_EDGE('',*,*,#3564,.T.);
#3564 = EDGE_CURVE('',#3557,#3565,#3567,.T.);
#3565 = VERTEX_POINT('',#3566);
#3566 = CARTESIAN_POINT('',(21.154861450195,14.505749702454,7.));
#3567 = LINE('',#3568,#3569);
#3568 = CARTESIAN_POINT('',(21.255748748779,14.404860496521,7.));
#3569 = VECTOR('',#3570,1.);
#3570 = DIRECTION('',(-0.707100097031,0.707113465279,0.));
#3571 = ORIENTED_EDGE('',*,*,#3572,.T.);
#3572 = EDGE_CURVE('',#3565,#3573,#3575,.T.);
#3573 = VERTEX_POINT('',#3574);
#3574 = CARTESIAN_POINT('',(21.040639877319,14.59125328064,7.));
#3575 = LINE('',#3576,#3577);
#3576 = CARTESIAN_POINT('',(21.154861450195,14.505749702454,7.));
#3577 = VECTOR('',#3578,1.);
#3578 = DIRECTION('',(-0.800546688819,0.599270388907,0.));
#3579 = ORIENTED_EDGE('',*,*,#3580,.T.);
#3580 = EDGE_CURVE('',#3573,#3581,#3583,.T.);
#3581 = VERTEX_POINT('',#3582);
#3582 = CARTESIAN_POINT('',(20.915414810181,14.659631729126,7.));
#3583 = LINE('',#3584,#3585);
#3584 = CARTESIAN_POINT('',(21.040639877319,14.59125328064,7.));
#3585 = VECTOR('',#3586,1.);
#3586 = DIRECTION('',(-0.877677844033,0.479251084604,0.));
#3587 = ORIENTED_EDGE('',*,*,#3588,.T.);
#3588 = EDGE_CURVE('',#3581,#3589,#3591,.T.);
#3589 = VERTEX_POINT('',#3590);
#3590 = CARTESIAN_POINT('',(20.781732559204,14.709492683411,7.));
#3591 = LINE('',#3592,#3593);
#3592 = CARTESIAN_POINT('',(20.915414810181,14.659631729126,7.));
#3593 = VECTOR('',#3594,1.);
#3594 = DIRECTION('',(-0.936949604393,0.349464502957,0.));
#3595 = ORIENTED_EDGE('',*,*,#3596,.T.);
#3596 = EDGE_CURVE('',#3589,#3219,#3597,.T.);
#3597 = LINE('',#3598,#3599);
#3598 = CARTESIAN_POINT('',(20.781732559204,14.709492683411,7.));
#3599 = VECTOR('',#3600,1.);
#3600 = DIRECTION('',(-0.977146432692,0.212567281295,0.));
#3601 = FACE_BOUND('',#3602,.T.);
#3602 = EDGE_LOOP('',(#3603,#3604,#3610,#3611,#3612,#3620,#3628,#3636,
    #3644,#3652,#3660,#3668,#3676,#3682,#3683,#3691,#3699,#3707,#3715,
    #3723,#3731,#3739,#3747,#3755,#3763,#3771,#3779,#3787,#3795,#3803,
    #3811,#3819,#3827,#3835,#3843,#3851,#3859,#3865,#3866,#3874,#3882,
    #3890,#3898,#3906,#3914,#3922,#3930,#3936));
#3603 = ORIENTED_EDGE('',*,*,#1236,.T.);
#3604 = ORIENTED_EDGE('',*,*,#3605,.T.);
#3605 = EDGE_CURVE('',#1229,#1405,#3606,.T.);
#3606 = LINE('',#3607,#3608);
#3607 = CARTESIAN_POINT('',(-4.730000019073,8.979999542236,7.));
#3608 = VECTOR('',#3609,1.);
#3609 = DIRECTION('',(1.,0.,0.));
#3610 = ORIENTED_EDGE('',*,*,#1404,.T.);
#3611 = ORIENTED_EDGE('',*,*,#1307,.T.);
#3612 = ORIENTED_EDGE('',*,*,#3613,.F.);
#3613 = EDGE_CURVE('',#3614,#1300,#3616,.T.);
#3614 = VERTEX_POINT('',#3615);
#3615 = CARTESIAN_POINT('',(20.086824417114,13.74240398407,7.));
#3616 = LINE('',#3617,#3618);
#3617 = CARTESIAN_POINT('',(20.086824417114,13.74240398407,7.));
#3618 = VECTOR('',#3619,1.);
#3619 = DIRECTION('',(-0.996194833856,8.715419094114E-02,0.));
#3620 = ORIENTED_EDGE('',*,*,#3621,.F.);
#3621 = EDGE_CURVE('',#3622,#3614,#3624,.T.);
#3622 = VERTEX_POINT('',#3623);
#3623 = CARTESIAN_POINT('',(20.171010971069,13.719846725464,7.));
#3624 = LINE('',#3625,#3626);
#3625 = CARTESIAN_POINT('',(20.171010971069,13.719846725464,7.));
#3626 = VECTOR('',#3627,1.);
#3627 = DIRECTION('',(-0.965927147295,0.258814114991,0.));
#3628 = ORIENTED_EDGE('',*,*,#3629,.F.);
#3629 = EDGE_CURVE('',#3630,#3622,#3632,.T.);
#3630 = VERTEX_POINT('',#3631);
#3631 = CARTESIAN_POINT('',(20.25,13.683012962341,7.));
#3632 = LINE('',#3633,#3634);
#3633 = CARTESIAN_POINT('',(20.25,13.683012962341,7.));
#3634 = VECTOR('',#3635,1.);
#3635 = DIRECTION('',(-0.906305264352,0.422623671614,0.));
#3636 = ORIENTED_EDGE('',*,*,#3637,.F.);
#3637 = EDGE_CURVE('',#3638,#3630,#3640,.T.);
#3638 = VERTEX_POINT('',#3639);
#3639 = CARTESIAN_POINT('',(20.321393966675,13.63302230835,7.));
#3640 = LINE('',#3641,#3642);
#3641 = CARTESIAN_POINT('',(20.321393966675,13.63302230835,7.));
#3642 = VECTOR('',#3643,1.);
#3643 = DIRECTION('',(-0.819151718986,0.573576900931,0.));
#3644 = ORIENTED_EDGE('',*,*,#3645,.F.);
#3645 = EDGE_CURVE('',#3646,#3638,#3648,.T.);
#3646 = VERTEX_POINT('',#3647);
#3647 = CARTESIAN_POINT('',(20.38302230835,13.571393966675,7.));
#3648 = LINE('',#3649,#3650);
#3649 = CARTESIAN_POINT('',(20.38302230835,13.571393966675,7.));
#3650 = VECTOR('',#3651,1.);
#3651 = DIRECTION('',(-0.707106781187,0.707106781187,0.));
#3652 = ORIENTED_EDGE('',*,*,#3653,.F.);
#3653 = EDGE_CURVE('',#3654,#3646,#3656,.T.);
#3654 = VERTEX_POINT('',#3655);
#3655 = CARTESIAN_POINT('',(20.433012008667,13.5,7.));
#3656 = LINE('',#3657,#3658);
#3657 = CARTESIAN_POINT('',(20.433012008667,13.5,7.));
#3658 = VECTOR('',#3659,1.);
#3659 = DIRECTION('',(-0.573569558571,0.819156860119,0.));
#3660 = ORIENTED_EDGE('',*,*,#3661,.F.);
#3661 = EDGE_CURVE('',#3662,#3654,#3664,.T.);
#3662 = VERTEX_POINT('',#3663);
#3663 = CARTESIAN_POINT('',(20.469846725464,13.421010017395,7.));
#3664 = LINE('',#3665,#3666);
#3665 = CARTESIAN_POINT('',(20.469846725464,13.421010017395,7.));
#3666 = VECTOR('',#3667,1.);
#3667 = DIRECTION('',(-0.42262846823,0.906303027602,0.));
#3668 = ORIENTED_EDGE('',*,*,#3669,.F.);
#3669 = EDGE_CURVE('',#3670,#3662,#3672,.T.);
#3670 = VERTEX_POINT('',#3671);
#3671 = CARTESIAN_POINT('',(20.492403030396,13.336824417114,7.));
#3672 = LINE('',#3673,#3674);
#3673 = CARTESIAN_POINT('',(20.492403030396,13.336824417114,7.));
#3674 = VECTOR('',#3675,1.);
#3675 = DIRECTION('',(-0.258806641196,0.965929149821,0.));
#3676 = ORIENTED_EDGE('',*,*,#3677,.F.);
#3677 = EDGE_CURVE('',#815,#3670,#3678,.T.);
#3678 = LINE('',#3679,#3680);
#3679 = CARTESIAN_POINT('',(20.5,13.25,7.));
#3680 = VECTOR('',#3681,1.);
#3681 = DIRECTION('',(-8.716504995643E-02,0.996193883773,0.));
#3682 = ORIENTED_EDGE('',*,*,#814,.F.);
#3683 = ORIENTED_EDGE('',*,*,#3684,.F.);
#3684 = EDGE_CURVE('',#3685,#807,#3687,.T.);
#3685 = VERTEX_POINT('',#3686);
#3686 = CARTESIAN_POINT('',(20.492403030396,-13.33682441711,7.));
#3687 = LINE('',#3688,#3689);
#3688 = CARTESIAN_POINT('',(20.492403030396,-13.33682441711,7.));
#3689 = VECTOR('',#3690,1.);
#3690 = DIRECTION('',(8.716504995643E-02,0.996193883773,0.));
#3691 = ORIENTED_EDGE('',*,*,#3692,.F.);
#3692 = EDGE_CURVE('',#3693,#3685,#3695,.T.);
#3693 = VERTEX_POINT('',#3694);
#3694 = CARTESIAN_POINT('',(20.469846725464,-13.42101001739,7.));
#3695 = LINE('',#3696,#3697);
#3696 = CARTESIAN_POINT('',(20.469846725464,-13.42101001739,7.));
#3697 = VECTOR('',#3698,1.);
#3698 = DIRECTION('',(0.258806641196,0.965929149821,0.));
#3699 = ORIENTED_EDGE('',*,*,#3700,.F.);
#3700 = EDGE_CURVE('',#3701,#3693,#3703,.T.);
#3701 = VERTEX_POINT('',#3702);
#3702 = CARTESIAN_POINT('',(20.433012008667,-13.5,7.));
#3703 = LINE('',#3704,#3705);
#3704 = CARTESIAN_POINT('',(20.433012008667,-13.5,7.));
#3705 = VECTOR('',#3706,1.);
#3706 = DIRECTION('',(0.42262846823,0.906303027602,0.));
#3707 = ORIENTED_EDGE('',*,*,#3708,.F.);
#3708 = EDGE_CURVE('',#3709,#3701,#3711,.T.);
#3709 = VERTEX_POINT('',#3710);
#3710 = CARTESIAN_POINT('',(20.38302230835,-13.57139396667,7.));
#3711 = LINE('',#3712,#3713);
#3712 = CARTESIAN_POINT('',(20.38302230835,-13.57139396667,7.));
#3713 = VECTOR('',#3714,1.);
#3714 = DIRECTION('',(0.573569558571,0.819156860119,0.));
#3715 = ORIENTED_EDGE('',*,*,#3716,.F.);
#3716 = EDGE_CURVE('',#3717,#3709,#3719,.T.);
#3717 = VERTEX_POINT('',#3718);
#3718 = CARTESIAN_POINT('',(20.321393966675,-13.63302230835,7.));
#3719 = LINE('',#3720,#3721);
#3720 = CARTESIAN_POINT('',(20.321393966675,-13.63302230835,7.));
#3721 = VECTOR('',#3722,1.);
#3722 = DIRECTION('',(0.707106781187,0.707106781187,0.));
#3723 = ORIENTED_EDGE('',*,*,#3724,.F.);
#3724 = EDGE_CURVE('',#3725,#3717,#3727,.T.);
#3725 = VERTEX_POINT('',#3726);
#3726 = CARTESIAN_POINT('',(20.25,-13.68301296234,7.));
#3727 = LINE('',#3728,#3729);
#3728 = CARTESIAN_POINT('',(20.25,-13.68301296234,7.));
#3729 = VECTOR('',#3730,1.);
#3730 = DIRECTION('',(0.819151718986,0.573576900931,0.));
#3731 = ORIENTED_EDGE('',*,*,#3732,.F.);
#3732 = EDGE_CURVE('',#3733,#3725,#3735,.T.);
#3733 = VERTEX_POINT('',#3734);
#3734 = CARTESIAN_POINT('',(20.171010971069,-13.71984672546,7.));
#3735 = LINE('',#3736,#3737);
#3736 = CARTESIAN_POINT('',(20.171010971069,-13.71984672546,7.));
#3737 = VECTOR('',#3738,1.);
#3738 = DIRECTION('',(0.906305264352,0.422623671614,0.));
#3739 = ORIENTED_EDGE('',*,*,#3740,.F.);
#3740 = EDGE_CURVE('',#3741,#3733,#3743,.T.);
#3741 = VERTEX_POINT('',#3742);
#3742 = CARTESIAN_POINT('',(20.086824417114,-13.74240398407,7.));
#3743 = LINE('',#3744,#3745);
#3744 = CARTESIAN_POINT('',(20.086824417114,-13.74240398407,7.));
#3745 = VECTOR('',#3746,1.);
#3746 = DIRECTION('',(0.965927147295,0.258814114991,0.));
#3747 = ORIENTED_EDGE('',*,*,#3748,.F.);
#3748 = EDGE_CURVE('',#3749,#3741,#3751,.T.);
#3749 = VERTEX_POINT('',#3750);
#3750 = CARTESIAN_POINT('',(20.,-13.75,7.));
#3751 = LINE('',#3752,#3753);
#3752 = CARTESIAN_POINT('',(20.,-13.75,7.));
#3753 = VECTOR('',#3754,1.);
#3754 = DIRECTION('',(0.996194833856,8.715419094114E-02,0.));
#3755 = ORIENTED_EDGE('',*,*,#3756,.T.);
#3756 = EDGE_CURVE('',#3749,#3757,#3759,.T.);
#3757 = VERTEX_POINT('',#3758);
#3758 = CARTESIAN_POINT('',(17.950000762939,-13.75,7.));
#3759 = LINE('',#3760,#3761);
#3760 = CARTESIAN_POINT('',(20.,-13.75,7.));
#3761 = VECTOR('',#3762,1.);
#3762 = DIRECTION('',(-1.,0.,0.));
#3763 = ORIENTED_EDGE('',*,*,#3764,.T.);
#3764 = EDGE_CURVE('',#3757,#3765,#3767,.T.);
#3765 = VERTEX_POINT('',#3766);
#3766 = CARTESIAN_POINT('',(17.950000762939,-8.979999542236,7.));
#3767 = LINE('',#3768,#3769);
#3768 = CARTESIAN_POINT('',(17.950000762939,-13.75,7.));
#3769 = VECTOR('',#3770,1.);
#3770 = DIRECTION('',(0.,1.,0.));
#3771 = ORIENTED_EDGE('',*,*,#3772,.T.);
#3772 = EDGE_CURVE('',#3765,#3773,#3775,.T.);
#3773 = VERTEX_POINT('',#3774);
#3774 = CARTESIAN_POINT('',(-4.730000019073,-8.979999542236,7.));
#3775 = LINE('',#3776,#3777);
#3776 = CARTESIAN_POINT('',(17.950000762939,-8.979999542236,7.));
#3777 = VECTOR('',#3778,1.);
#3778 = DIRECTION('',(-1.,0.,0.));
#3779 = ORIENTED_EDGE('',*,*,#3780,.T.);
#3780 = EDGE_CURVE('',#3773,#3781,#3783,.T.);
#3781 = VERTEX_POINT('',#3782);
#3782 = CARTESIAN_POINT('',(-4.730000019073,-13.75,7.));
#3783 = LINE('',#3784,#3785);
#3784 = CARTESIAN_POINT('',(-4.730000019073,-8.979999542236,7.));
#3785 = VECTOR('',#3786,1.);
#3786 = DIRECTION('',(0.,-1.,0.));
#3787 = ORIENTED_EDGE('',*,*,#3788,.T.);
#3788 = EDGE_CURVE('',#3781,#3789,#3791,.T.);
#3789 = VERTEX_POINT('',#3790);
#3790 = CARTESIAN_POINT('',(-20.,-13.75,7.));
#3791 = LINE('',#3792,#3793);
#3792 = CARTESIAN_POINT('',(-4.730000019073,-13.75,7.));
#3793 = VECTOR('',#3794,1.);
#3794 = DIRECTION('',(-1.,0.,0.));
#3795 = ORIENTED_EDGE('',*,*,#3796,.F.);
#3796 = EDGE_CURVE('',#3797,#3789,#3799,.T.);
#3797 = VERTEX_POINT('',#3798);
#3798 = CARTESIAN_POINT('',(-20.08682441711,-13.74240398407,7.));
#3799 = LINE('',#3800,#3801);
#3800 = CARTESIAN_POINT('',(-20.08682441711,-13.74240398407,7.));
#3801 = VECTOR('',#3802,1.);
#3802 = DIRECTION('',(0.996194833856,-8.715419094114E-02,0.));
#3803 = ORIENTED_EDGE('',*,*,#3804,.F.);
#3804 = EDGE_CURVE('',#3805,#3797,#3807,.T.);
#3805 = VERTEX_POINT('',#3806);
#3806 = CARTESIAN_POINT('',(-20.17101097106,-13.71984672546,7.));
#3807 = LINE('',#3808,#3809);
#3808 = CARTESIAN_POINT('',(-20.17101097106,-13.71984672546,7.));
#3809 = VECTOR('',#3810,1.);
#3810 = DIRECTION('',(0.965927147295,-0.258814114991,0.));
#3811 = ORIENTED_EDGE('',*,*,#3812,.F.);
#3812 = EDGE_CURVE('',#3813,#3805,#3815,.T.);
#3813 = VERTEX_POINT('',#3814);
#3814 = CARTESIAN_POINT('',(-20.25,-13.68301296234,7.));
#3815 = LINE('',#3816,#3817);
#3816 = CARTESIAN_POINT('',(-20.25,-13.68301296234,7.));
#3817 = VECTOR('',#3818,1.);
#3818 = DIRECTION('',(0.906305264352,-0.422623671614,0.));
#3819 = ORIENTED_EDGE('',*,*,#3820,.F.);
#3820 = EDGE_CURVE('',#3821,#3813,#3823,.T.);
#3821 = VERTEX_POINT('',#3822);
#3822 = CARTESIAN_POINT('',(-20.32139396667,-13.63302230835,7.));
#3823 = LINE('',#3824,#3825);
#3824 = CARTESIAN_POINT('',(-20.32139396667,-13.63302230835,7.));
#3825 = VECTOR('',#3826,1.);
#3826 = DIRECTION('',(0.819151718986,-0.573576900931,0.));
#3827 = ORIENTED_EDGE('',*,*,#3828,.F.);
#3828 = EDGE_CURVE('',#3829,#3821,#3831,.T.);
#3829 = VERTEX_POINT('',#3830);
#3830 = CARTESIAN_POINT('',(-20.38302230835,-13.57139396667,7.));
#3831 = LINE('',#3832,#3833);
#3832 = CARTESIAN_POINT('',(-20.38302230835,-13.57139396667,7.));
#3833 = VECTOR('',#3834,1.);
#3834 = DIRECTION('',(0.707106781187,-0.707106781187,0.));
#3835 = ORIENTED_EDGE('',*,*,#3836,.F.);
#3836 = EDGE_CURVE('',#3837,#3829,#3839,.T.);
#3837 = VERTEX_POINT('',#3838);
#3838 = CARTESIAN_POINT('',(-20.43301200866,-13.5,7.));
#3839 = LINE('',#3840,#3841);
#3840 = CARTESIAN_POINT('',(-20.43301200866,-13.5,7.));
#3841 = VECTOR('',#3842,1.);
#3842 = DIRECTION('',(0.573569558571,-0.819156860119,0.));
#3843 = ORIENTED_EDGE('',*,*,#3844,.F.);
#3844 = EDGE_CURVE('',#3845,#3837,#3847,.T.);
#3845 = VERTEX_POINT('',#3846);
#3846 = CARTESIAN_POINT('',(-20.46984672546,-13.42101001739,7.));
#3847 = LINE('',#3848,#3849);
#3848 = CARTESIAN_POINT('',(-20.46984672546,-13.42101001739,7.));
#3849 = VECTOR('',#3850,1.);
#3850 = DIRECTION('',(0.42262846823,-0.906303027602,0.));
#3851 = ORIENTED_EDGE('',*,*,#3852,.F.);
#3852 = EDGE_CURVE('',#3853,#3845,#3855,.T.);
#3853 = VERTEX_POINT('',#3854);
#3854 = CARTESIAN_POINT('',(-20.49240303039,-13.33682441711,7.));
#3855 = LINE('',#3856,#3857);
#3856 = CARTESIAN_POINT('',(-20.49240303039,-13.33682441711,7.));
#3857 = VECTOR('',#3858,1.);
#3858 = DIRECTION('',(0.258806641196,-0.965929149821,0.));
#3859 = ORIENTED_EDGE('',*,*,#3860,.F.);
#3860 = EDGE_CURVE('',#626,#3853,#3861,.T.);
#3861 = LINE('',#3862,#3863);
#3862 = CARTESIAN_POINT('',(-20.5,-13.25,7.));
#3863 = VECTOR('',#3864,1.);
#3864 = DIRECTION('',(8.716504995643E-02,-0.996193883773,0.));
#3865 = ORIENTED_EDGE('',*,*,#625,.F.);
#3866 = ORIENTED_EDGE('',*,*,#3867,.F.);
#3867 = EDGE_CURVE('',#3868,#618,#3870,.T.);
#3868 = VERTEX_POINT('',#3869);
#3869 = CARTESIAN_POINT('',(-20.49240303039,13.336824417114,7.));
#3870 = LINE('',#3871,#3872);
#3871 = CARTESIAN_POINT('',(-20.49240303039,13.336824417114,7.));
#3872 = VECTOR('',#3873,1.);
#3873 = DIRECTION('',(-8.716504995643E-02,-0.996193883773,0.));
#3874 = ORIENTED_EDGE('',*,*,#3875,.F.);
#3875 = EDGE_CURVE('',#3876,#3868,#3878,.T.);
#3876 = VERTEX_POINT('',#3877);
#3877 = CARTESIAN_POINT('',(-20.46984672546,13.421010017395,7.));
#3878 = LINE('',#3879,#3880);
#3879 = CARTESIAN_POINT('',(-20.46984672546,13.421010017395,7.));
#3880 = VECTOR('',#3881,1.);
#3881 = DIRECTION('',(-0.258806641196,-0.965929149821,0.));
#3882 = ORIENTED_EDGE('',*,*,#3883,.F.);
#3883 = EDGE_CURVE('',#3884,#3876,#3886,.T.);
#3884 = VERTEX_POINT('',#3885);
#3885 = CARTESIAN_POINT('',(-20.43301200866,13.5,7.));
#3886 = LINE('',#3887,#3888);
#3887 = CARTESIAN_POINT('',(-20.43301200866,13.5,7.));
#3888 = VECTOR('',#3889,1.);
#3889 = DIRECTION('',(-0.42262846823,-0.906303027602,0.));
#3890 = ORIENTED_EDGE('',*,*,#3891,.F.);
#3891 = EDGE_CURVE('',#3892,#3884,#3894,.T.);
#3892 = VERTEX_POINT('',#3893);
#3893 = CARTESIAN_POINT('',(-20.38302230835,13.571393966675,7.));
#3894 = LINE('',#3895,#3896);
#3895 = CARTESIAN_POINT('',(-20.38302230835,13.571393966675,7.));
#3896 = VECTOR('',#3897,1.);
#3897 = DIRECTION('',(-0.573569558571,-0.819156860119,0.));
#3898 = ORIENTED_EDGE('',*,*,#3899,.F.);
#3899 = EDGE_CURVE('',#3900,#3892,#3902,.T.);
#3900 = VERTEX_POINT('',#3901);
#3901 = CARTESIAN_POINT('',(-20.32139396667,13.63302230835,7.));
#3902 = LINE('',#3903,#3904);
#3903 = CARTESIAN_POINT('',(-20.32139396667,13.63302230835,7.));
#3904 = VECTOR('',#3905,1.);
#3905 = DIRECTION('',(-0.707106781187,-0.707106781187,0.));
#3906 = ORIENTED_EDGE('',*,*,#3907,.F.);
#3907 = EDGE_CURVE('',#3908,#3900,#3910,.T.);
#3908 = VERTEX_POINT('',#3909);
#3909 = CARTESIAN_POINT('',(-20.25,13.683012962341,7.));
#3910 = LINE('',#3911,#3912);
#3911 = CARTESIAN_POINT('',(-20.25,13.683012962341,7.));
#3912 = VECTOR('',#3913,1.);
#3913 = DIRECTION('',(-0.819151718986,-0.573576900931,0.));
#3914 = ORIENTED_EDGE('',*,*,#3915,.F.);
#3915 = EDGE_CURVE('',#3916,#3908,#3918,.T.);
#3916 = VERTEX_POINT('',#3917);
#3917 = CARTESIAN_POINT('',(-20.17101097106,13.719846725464,7.));
#3918 = LINE('',#3919,#3920);
#3919 = CARTESIAN_POINT('',(-20.17101097106,13.719846725464,7.));
#3920 = VECTOR('',#3921,1.);
#3921 = DIRECTION('',(-0.906305264352,-0.422623671614,0.));
#3922 = ORIENTED_EDGE('',*,*,#3923,.F.);
#3923 = EDGE_CURVE('',#3924,#3916,#3926,.T.);
#3924 = VERTEX_POINT('',#3925);
#3925 = CARTESIAN_POINT('',(-20.08682441711,13.74240398407,7.));
#3926 = LINE('',#3927,#3928);
#3927 = CARTESIAN_POINT('',(-20.08682441711,13.74240398407,7.));
#3928 = VECTOR('',#3929,1.);
#3929 = DIRECTION('',(-0.965927147295,-0.258814114991,0.));
#3930 = ORIENTED_EDGE('',*,*,#3931,.F.);
#3931 = EDGE_CURVE('',#1159,#3924,#3932,.T.);
#3932 = LINE('',#3933,#3934);
#3933 = CARTESIAN_POINT('',(-20.,13.75,7.));
#3934 = VECTOR('',#3935,1.);
#3935 = DIRECTION('',(-0.996194833856,-8.715419094114E-02,0.));
#3936 = ORIENTED_EDGE('',*,*,#1175,.T.);
#3937 = FACE_BOUND('',#3938,.T.);
#3938 = EDGE_LOOP('',(#3939,#3949,#3957,#3965));
#3939 = ORIENTED_EDGE('',*,*,#3940,.T.);
#3940 = EDGE_CURVE('',#3941,#3943,#3945,.T.);
#3941 = VERTEX_POINT('',#3942);
#3942 = CARTESIAN_POINT('',(6.829999923706,-10.38000011444,7.));
#3943 = VERTEX_POINT('',#3944);
#3944 = CARTESIAN_POINT('',(8.930000305176,-10.38000011444,7.));
#3945 = LINE('',#3946,#3947);
#3946 = CARTESIAN_POINT('',(6.829999923706,-10.38000011444,7.));
#3947 = VECTOR('',#3948,1.);
#3948 = DIRECTION('',(1.,0.,0.));
#3949 = ORIENTED_EDGE('',*,*,#3950,.T.);
#3950 = EDGE_CURVE('',#3943,#3951,#3953,.T.);
#3951 = VERTEX_POINT('',#3952);
#3952 = CARTESIAN_POINT('',(8.930000305176,-12.47999954223,7.));
#3953 = LINE('',#3954,#3955);
#3954 = CARTESIAN_POINT('',(8.930000305176,-10.38000011444,7.));
#3955 = VECTOR('',#3956,1.);
#3956 = DIRECTION('',(0.,-1.,0.));
#3957 = ORIENTED_EDGE('',*,*,#3958,.T.);
#3958 = EDGE_CURVE('',#3951,#3959,#3961,.T.);
#3959 = VERTEX_POINT('',#3960);
#3960 = CARTESIAN_POINT('',(6.829999923706,-12.47999954223,7.));
#3961 = LINE('',#3962,#3963);
#3962 = CARTESIAN_POINT('',(8.930000305176,-12.47999954223,7.));
#3963 = VECTOR('',#3964,1.);
#3964 = DIRECTION('',(-1.,0.,0.));
#3965 = ORIENTED_EDGE('',*,*,#3966,.T.);
#3966 = EDGE_CURVE('',#3959,#3941,#3967,.T.);
#3967 = LINE('',#3968,#3969);
#3968 = CARTESIAN_POINT('',(6.829999923706,-12.47999954223,7.));
#3969 = VECTOR('',#3970,1.);
#3970 = DIRECTION('',(0.,1.,0.));
#3971 = FACE_BOUND('',#3972,.T.);
#3972 = EDGE_LOOP('',(#3973,#3983,#3991,#3999));
#3973 = ORIENTED_EDGE('',*,*,#3974,.T.);
#3974 = EDGE_CURVE('',#3975,#3977,#3979,.T.);
#3975 = VERTEX_POINT('',#3976);
#3976 = CARTESIAN_POINT('',(14.010000228882,-12.47999954223,7.));
#3977 = VERTEX_POINT('',#3978);
#3978 = CARTESIAN_POINT('',(11.909999847412,-12.47999954223,7.));
#3979 = LINE('',#3980,#3981);
#3980 = CARTESIAN_POINT('',(14.010000228882,-12.47999954223,7.));
#3981 = VECTOR('',#3982,1.);
#3982 = DIRECTION('',(-1.,0.,0.));
#3983 = ORIENTED_EDGE('',*,*,#3984,.T.);
#3984 = EDGE_CURVE('',#3977,#3985,#3987,.T.);
#3985 = VERTEX_POINT('',#3986);
#3986 = CARTESIAN_POINT('',(11.909999847412,-10.38000011444,7.));
#3987 = LINE('',#3988,#3989);
#3988 = CARTESIAN_POINT('',(11.909999847412,-12.47999954223,7.));
#3989 = VECTOR('',#3990,1.);
#3990 = DIRECTION('',(0.,1.,0.));
#3991 = ORIENTED_EDGE('',*,*,#3992,.T.);
#3992 = EDGE_CURVE('',#3985,#3993,#3995,.T.);
#3993 = VERTEX_POINT('',#3994);
#3994 = CARTESIAN_POINT('',(14.010000228882,-10.38000011444,7.));
#3995 = LINE('',#3996,#3997);
#3996 = CARTESIAN_POINT('',(11.909999847412,-10.38000011444,7.));
#3997 = VECTOR('',#3998,1.);
#3998 = DIRECTION('',(1.,0.,0.));
#3999 = ORIENTED_EDGE('',*,*,#4000,.T.);
#4000 = EDGE_CURVE('',#3993,#3975,#4001,.T.);
#4001 = LINE('',#4002,#4003);
#4002 = CARTESIAN_POINT('',(14.010000228882,-10.38000011444,7.));
#4003 = VECTOR('',#4004,1.);
#4004 = DIRECTION('',(0.,-1.,0.));
#4005 = FACE_BOUND('',#4006,.T.);
#4006 = EDGE_LOOP('',(#4007,#4013,#4014,#4015));
#4007 = ORIENTED_EDGE('',*,*,#4008,.T.);
#4008 = EDGE_CURVE('',#2516,#2606,#4009,.T.);
#4009 = LINE('',#4010,#4011);
#4010 = CARTESIAN_POINT('',(8.930000305176,10.380000114441,7.));
#4011 = VECTOR('',#4012,1.);
#4012 = DIRECTION('',(-1.,0.,0.));
#4013 = ORIENTED_EDGE('',*,*,#2605,.T.);
#4014 = ORIENTED_EDGE('',*,*,#2570,.T.);
#4015 = ORIENTED_EDGE('',*,*,#2523,.T.);
#4016 = FACE_BOUND('',#4017,.T.);
#4017 = EDGE_LOOP('',(#4018,#4024,#4025,#4026));
#4018 = ORIENTED_EDGE('',*,*,#4019,.T.);
#4019 = EDGE_CURVE('',#2196,#2349,#4020,.T.);
#4020 = LINE('',#4021,#4022);
#4021 = CARTESIAN_POINT('',(11.470000267029,10.380000114441,7.));
#4022 = VECTOR('',#4023,1.);
#4023 = DIRECTION('',(-1.,0.,0.));
#4024 = ORIENTED_EDGE('',*,*,#2348,.T.);
#4025 = ORIENTED_EDGE('',*,*,#2250,.T.);
#4026 = ORIENTED_EDGE('',*,*,#2203,.T.);
#4027 = FACE_BOUND('',#4028,.T.);
#4028 = EDGE_LOOP('',(#4029,#4035,#4036,#4037));
#4029 = ORIENTED_EDGE('',*,*,#4030,.T.);
#4030 = EDGE_CURVE('',#1876,#2029,#4031,.T.);
#4031 = LINE('',#4032,#4033);
#4032 = CARTESIAN_POINT('',(14.010000228882,10.380000114441,7.));
#4033 = VECTOR('',#4034,1.);
#4034 = DIRECTION('',(-1.,0.,0.));
#4035 = ORIENTED_EDGE('',*,*,#2028,.T.);
#4036 = ORIENTED_EDGE('',*,*,#1930,.T.);
#4037 = ORIENTED_EDGE('',*,*,#1883,.T.);
#4038 = FACE_BOUND('',#4039,.T.);
#4039 = EDGE_LOOP('',(#4040,#4050,#4058,#4066));
#4040 = ORIENTED_EDGE('',*,*,#4041,.T.);
#4041 = EDGE_CURVE('',#4042,#4044,#4046,.T.);
#4042 = VERTEX_POINT('',#4043);
#4043 = CARTESIAN_POINT('',(11.470000267029,-12.47999954223,7.));
#4044 = VERTEX_POINT('',#4045);
#4045 = CARTESIAN_POINT('',(9.369999885559,-12.47999954223,7.));
#4046 = LINE('',#4047,#4048);
#4047 = CARTESIAN_POINT('',(11.470000267029,-12.47999954223,7.));
#4048 = VECTOR('',#4049,1.);
#4049 = DIRECTION('',(-1.,0.,0.));
#4050 = ORIENTED_EDGE('',*,*,#4051,.T.);
#4051 = EDGE_CURVE('',#4044,#4052,#4054,.T.);
#4052 = VERTEX_POINT('',#4053);
#4053 = CARTESIAN_POINT('',(9.369999885559,-10.38000011444,7.));
#4054 = LINE('',#4055,#4056);
#4055 = CARTESIAN_POINT('',(9.369999885559,-12.47999954223,7.));
#4056 = VECTOR('',#4057,1.);
#4057 = DIRECTION('',(0.,1.,0.));
#4058 = ORIENTED_EDGE('',*,*,#4059,.T.);
#4059 = EDGE_CURVE('',#4052,#4060,#4062,.T.);
#4060 = VERTEX_POINT('',#4061);
#4061 = CARTESIAN_POINT('',(11.470000267029,-10.38000011444,7.));
#4062 = LINE('',#4063,#4064);
#4063 = CARTESIAN_POINT('',(9.369999885559,-10.38000011444,7.));
#4064 = VECTOR('',#4065,1.);
#4065 = DIRECTION('',(1.,0.,0.));
#4066 = ORIENTED_EDGE('',*,*,#4067,.T.);
#4067 = EDGE_CURVE('',#4060,#4042,#4068,.T.);
#4068 = LINE('',#4069,#4070);
#4069 = CARTESIAN_POINT('',(11.470000267029,-10.38000011444,7.));
#4070 = VECTOR('',#4071,1.);
#4071 = DIRECTION('',(0.,-1.,0.));
#4072 = FACE_BOUND('',#4073,.T.);
#4073 = EDGE_LOOP('',(#4074,#4075,#4076,#4077));
#4074 = ORIENTED_EDGE('',*,*,#1652,.T.);
#4075 = ORIENTED_EDGE('',*,*,#1756,.T.);
#4076 = ORIENTED_EDGE('',*,*,#1836,.T.);
#4077 = ORIENTED_EDGE('',*,*,#4078,.T.);
#4078 = EDGE_CURVE('',#1829,#1653,#4079,.T.);
#4079 = LINE('',#4080,#4081);
#4080 = CARTESIAN_POINT('',(1.30999994278,10.380000114441,7.));
#4081 = VECTOR('',#4082,1.);
#4082 = DIRECTION('',(-1.,0.,0.));
#4083 = FACE_BOUND('',#4084,.T.);
#4084 = EDGE_LOOP('',(#4085,#4095,#4103,#4111));
#4085 = ORIENTED_EDGE('',*,*,#4086,.T.);
#4086 = EDGE_CURVE('',#4087,#4089,#4091,.T.);
#4087 = VERTEX_POINT('',#4088);
#4088 = CARTESIAN_POINT('',(-0.790000021458,-10.38000011444,7.));
#4089 = VERTEX_POINT('',#4090);
#4090 = CARTESIAN_POINT('',(1.30999994278,-10.38000011444,7.));
#4091 = LINE('',#4092,#4093);
#4092 = CARTESIAN_POINT('',(-0.790000021458,-10.38000011444,7.));
#4093 = VECTOR('',#4094,1.);
#4094 = DIRECTION('',(1.,0.,0.));
#4095 = ORIENTED_EDGE('',*,*,#4096,.T.);
#4096 = EDGE_CURVE('',#4089,#4097,#4099,.T.);
#4097 = VERTEX_POINT('',#4098);
#4098 = CARTESIAN_POINT('',(1.30999994278,-12.47999954223,7.));
#4099 = LINE('',#4100,#4101);
#4100 = CARTESIAN_POINT('',(1.30999994278,-10.38000011444,7.));
#4101 = VECTOR('',#4102,1.);
#4102 = DIRECTION('',(0.,-1.,0.));
#4103 = ORIENTED_EDGE('',*,*,#4104,.T.);
#4104 = EDGE_CURVE('',#4097,#4105,#4107,.T.);
#4105 = VERTEX_POINT('',#4106);
#4106 = CARTESIAN_POINT('',(-0.790000021458,-12.47999954223,7.));
#4107 = LINE('',#4108,#4109);
#4108 = CARTESIAN_POINT('',(1.30999994278,-12.47999954223,7.));
#4109 = VECTOR('',#4110,1.);
#4110 = DIRECTION('',(-1.,0.,0.));
#4111 = ORIENTED_EDGE('',*,*,#4112,.T.);
#4112 = EDGE_CURVE('',#4105,#4087,#4113,.T.);
#4113 = LINE('',#4114,#4115);
#4114 = CARTESIAN_POINT('',(-0.790000021458,-12.47999954223,7.));
#4115 = VECTOR('',#4116,1.);
#4116 = DIRECTION('',(0.,1.,0.));
#4117 = FACE_BOUND('',#4118,.T.);
#4118 = EDGE_LOOP('',(#4119,#4125,#4126,#4127));
#4119 = ORIENTED_EDGE('',*,*,#4120,.T.);
#4120 = EDGE_CURVE('',#2467,#2293,#4121,.T.);
#4121 = LINE('',#4122,#4123);
#4122 = CARTESIAN_POINT('',(6.389999866486,10.380000114441,7.));
#4123 = VECTOR('',#4124,1.);
#4124 = DIRECTION('',(-1.,0.,0.));
#4125 = ORIENTED_EDGE('',*,*,#2292,.T.);
#4126 = ORIENTED_EDGE('',*,*,#2386,.T.);
#4127 = ORIENTED_EDGE('',*,*,#2474,.T.);
#4128 = FACE_BOUND('',#4129,.T.);
#4129 = EDGE_LOOP('',(#4130,#4136,#4137,#4138));
#4130 = ORIENTED_EDGE('',*,*,#4131,.T.);
#4131 = EDGE_CURVE('',#2147,#1973,#4132,.T.);
#4132 = LINE('',#4133,#4134);
#4133 = CARTESIAN_POINT('',(3.849999904633,10.380000114441,7.));
#4134 = VECTOR('',#4135,1.);
#4135 = DIRECTION('',(-1.,0.,0.));
#4136 = ORIENTED_EDGE('',*,*,#1972,.T.);
#4137 = ORIENTED_EDGE('',*,*,#2076,.T.);
#4138 = ORIENTED_EDGE('',*,*,#2154,.T.);
#4139 = FACE_BOUND('',#4140,.T.);
#4140 = EDGE_LOOP('',(#4141,#4151,#4159,#4167));
#4141 = ORIENTED_EDGE('',*,*,#4142,.T.);
#4142 = EDGE_CURVE('',#4143,#4145,#4147,.T.);
#4143 = VERTEX_POINT('',#4144);
#4144 = CARTESIAN_POINT('',(4.289999961853,-10.38000011444,7.));
#4145 = VERTEX_POINT('',#4146);
#4146 = CARTESIAN_POINT('',(6.389999866486,-10.38000011444,7.));
#4147 = LINE('',#4148,#4149);
#4148 = CARTESIAN_POINT('',(4.289999961853,-10.38000011444,7.));
#4149 = VECTOR('',#4150,1.);
#4150 = DIRECTION('',(1.,0.,0.));
#4151 = ORIENTED_EDGE('',*,*,#4152,.T.);
#4152 = EDGE_CURVE('',#4145,#4153,#4155,.T.);
#4153 = VERTEX_POINT('',#4154);
#4154 = CARTESIAN_POINT('',(6.389999866486,-12.47999954223,7.));
#4155 = LINE('',#4156,#4157);
#4156 = CARTESIAN_POINT('',(6.389999866486,-10.38000011444,7.));
#4157 = VECTOR('',#4158,1.);
#4158 = DIRECTION('',(0.,-1.,0.));
#4159 = ORIENTED_EDGE('',*,*,#4160,.T.);
#4160 = EDGE_CURVE('',#4153,#4161,#4163,.T.);
#4161 = VERTEX_POINT('',#4162);
#4162 = CARTESIAN_POINT('',(4.289999961853,-12.47999954223,7.));
#4163 = LINE('',#4164,#4165);
#4164 = CARTESIAN_POINT('',(6.389999866486,-12.47999954223,7.));
#4165 = VECTOR('',#4166,1.);
#4166 = DIRECTION('',(-1.,0.,0.));
#4167 = ORIENTED_EDGE('',*,*,#4168,.T.);
#4168 = EDGE_CURVE('',#4161,#4143,#4169,.T.);
#4169 = LINE('',#4170,#4171);
#4170 = CARTESIAN_POINT('',(4.289999961853,-12.47999954223,7.));
#4171 = VECTOR('',#4172,1.);
#4172 = DIRECTION('',(0.,1.,0.));
#4173 = FACE_BOUND('',#4174,.T.);
#4174 = EDGE_LOOP('',(#4175,#4185,#4193,#4201));
#4175 = ORIENTED_EDGE('',*,*,#4176,.T.);
#4176 = EDGE_CURVE('',#4177,#4179,#4181,.T.);
#4177 = VERTEX_POINT('',#4178);
#4178 = CARTESIAN_POINT('',(1.75,-10.38000011444,7.));
#4179 = VERTEX_POINT('',#4180);
#4180 = CARTESIAN_POINT('',(3.849999904633,-10.38000011444,7.));
#4181 = LINE('',#4182,#4183);
#4182 = CARTESIAN_POINT('',(1.75,-10.38000011444,7.));
#4183 = VECTOR('',#4184,1.);
#4184 = DIRECTION('',(1.,0.,0.));
#4185 = ORIENTED_EDGE('',*,*,#4186,.T.);
#4186 = EDGE_CURVE('',#4179,#4187,#4189,.T.);
#4187 = VERTEX_POINT('',#4188);
#4188 = CARTESIAN_POINT('',(3.849999904633,-12.47999954223,7.));
#4189 = LINE('',#4190,#4191);
#4190 = CARTESIAN_POINT('',(3.849999904633,-10.38000011444,7.));
#4191 = VECTOR('',#4192,1.);
#4192 = DIRECTION('',(0.,-1.,0.));
#4193 = ORIENTED_EDGE('',*,*,#4194,.T.);
#4194 = EDGE_CURVE('',#4187,#4195,#4197,.T.);
#4195 = VERTEX_POINT('',#4196);
#4196 = CARTESIAN_POINT('',(1.75,-12.47999954223,7.));
#4197 = LINE('',#4198,#4199);
#4198 = CARTESIAN_POINT('',(3.849999904633,-12.47999954223,7.));
#4199 = VECTOR('',#4200,1.);
#4200 = DIRECTION('',(-1.,0.,0.));
#4201 = ORIENTED_EDGE('',*,*,#4202,.T.);
#4202 = EDGE_CURVE('',#4195,#4177,#4203,.T.);
#4203 = LINE('',#4204,#4205);
#4204 = CARTESIAN_POINT('',(1.75,-12.47999954223,7.));
#4205 = VECTOR('',#4206,1.);
#4206 = DIRECTION('',(0.,1.,0.));
#4207 = FACE_BOUND('',#4208,.T.);
#4208 = EDGE_LOOP('',(#4209,#4210,#4211,#4212));
#4209 = ORIENTED_EDGE('',*,*,#1348,.T.);
#4210 = ORIENTED_EDGE('',*,*,#1426,.T.);
#4211 = ORIENTED_EDGE('',*,*,#1516,.T.);
#4212 = ORIENTED_EDGE('',*,*,#4213,.T.);
#4213 = EDGE_CURVE('',#1509,#1349,#4214,.T.);
#4214 = LINE('',#4215,#4216);
#4215 = CARTESIAN_POINT('',(-1.230000019073,10.380000114441,7.));
#4216 = VECTOR('',#4217,1.);
#4217 = DIRECTION('',(-1.,0.,0.));
#4218 = FACE_BOUND('',#4219,.T.);
#4219 = EDGE_LOOP('',(#4220,#4230,#4238,#4246));
#4220 = ORIENTED_EDGE('',*,*,#4221,.T.);
#4221 = EDGE_CURVE('',#4222,#4224,#4226,.T.);
#4222 = VERTEX_POINT('',#4223);
#4223 = CARTESIAN_POINT('',(-3.329999923706,-10.38000011444,7.));
#4224 = VERTEX_POINT('',#4225);
#4225 = CARTESIAN_POINT('',(-1.230000019073,-10.38000011444,7.));
#4226 = LINE('',#4227,#4228);
#4227 = CARTESIAN_POINT('',(-3.329999923706,-10.38000011444,7.));
#4228 = VECTOR('',#4229,1.);
#4229 = DIRECTION('',(1.,0.,0.));
#4230 = ORIENTED_EDGE('',*,*,#4231,.T.);
#4231 = EDGE_CURVE('',#4224,#4232,#4234,.T.);
#4232 = VERTEX_POINT('',#4233);
#4233 = CARTESIAN_POINT('',(-1.230000019073,-12.47999954223,7.));
#4234 = LINE('',#4235,#4236);
#4235 = CARTESIAN_POINT('',(-1.230000019073,-10.38000011444,7.));
#4236 = VECTOR('',#4237,1.);
#4237 = DIRECTION('',(0.,-1.,0.));
#4238 = ORIENTED_EDGE('',*,*,#4239,.T.);
#4239 = EDGE_CURVE('',#4232,#4240,#4242,.T.);
#4240 = VERTEX_POINT('',#4241);
#4241 = CARTESIAN_POINT('',(-3.329999923706,-12.47999954223,7.));
#4242 = LINE('',#4243,#4244);
#4243 = CARTESIAN_POINT('',(-1.230000019073,-12.47999954223,7.));
#4244 = VECTOR('',#4245,1.);
#4245 = DIRECTION('',(-1.,0.,0.));
#4246 = ORIENTED_EDGE('',*,*,#4247,.T.);
#4247 = EDGE_CURVE('',#4240,#4222,#4248,.T.);
#4248 = LINE('',#4249,#4250);
#4249 = CARTESIAN_POINT('',(-3.329999923706,-12.47999954223,7.));
#4250 = VECTOR('',#4251,1.);
#4251 = DIRECTION('',(0.,1.,0.));
#4252 = FACE_BOUND('',#4253,.T.);
#4253 = EDGE_LOOP('',(#4254,#4260,#4261,#4262));
#4254 = ORIENTED_EDGE('',*,*,#4255,.T.);
#4255 = EDGE_CURVE('',#1565,#1709,#4256,.T.);
#4256 = LINE('',#4257,#4258);
#4257 = CARTESIAN_POINT('',(16.549999237061,10.380000114441,7.));
#4258 = VECTOR('',#4259,1.);
#4259 = DIRECTION('',(-1.,0.,0.));
#4260 = ORIENTED_EDGE('',*,*,#1708,.T.);
#4261 = ORIENTED_EDGE('',*,*,#1620,.T.);
#4262 = ORIENTED_EDGE('',*,*,#1572,.T.);
#4263 = FACE_BOUND('',#4264,.T.);
#4264 = EDGE_LOOP('',(#4265,#4275,#4283,#4291));
#4265 = ORIENTED_EDGE('',*,*,#4266,.T.);
#4266 = EDGE_CURVE('',#4267,#4269,#4271,.T.);
#4267 = VERTEX_POINT('',#4268);
#4268 = CARTESIAN_POINT('',(16.549999237061,-12.47999954223,7.));
#4269 = VERTEX_POINT('',#4270);
#4270 = CARTESIAN_POINT('',(14.449999809265,-12.47999954223,7.));
#4271 = LINE('',#4272,#4273);
#4272 = CARTESIAN_POINT('',(16.549999237061,-12.47999954223,7.));
#4273 = VECTOR('',#4274,1.);
#4274 = DIRECTION('',(-1.,0.,0.));
#4275 = ORIENTED_EDGE('',*,*,#4276,.T.);
#4276 = EDGE_CURVE('',#4269,#4277,#4279,.T.);
#4277 = VERTEX_POINT('',#4278);
#4278 = CARTESIAN_POINT('',(14.449999809265,-10.38000011444,7.));
#4279 = LINE('',#4280,#4281);
#4280 = CARTESIAN_POINT('',(14.449999809265,-12.47999954223,7.));
#4281 = VECTOR('',#4282,1.);
#4282 = DIRECTION('',(0.,1.,0.));
#4283 = ORIENTED_EDGE('',*,*,#4284,.T.);
#4284 = EDGE_CURVE('',#4277,#4285,#4287,.T.);
#4285 = VERTEX_POINT('',#4286);
#4286 = CARTESIAN_POINT('',(16.549999237061,-10.38000011444,7.));
#4287 = LINE('',#4288,#4289);
#4288 = CARTESIAN_POINT('',(14.449999809265,-10.38000011444,7.));
#4289 = VECTOR('',#4290,1.);
#4290 = DIRECTION('',(1.,0.,0.));
#4291 = ORIENTED_EDGE('',*,*,#4292,.T.);
#4292 = EDGE_CURVE('',#4285,#4267,#4293,.T.);
#4293 = LINE('',#4294,#4295);
#4294 = CARTESIAN_POINT('',(16.549999237061,-10.38000011444,7.));
#4295 = VECTOR('',#4296,1.);
#4296 = DIRECTION('',(0.,-1.,0.));
#4297 = PLANE('',#4298);
#4298 = AXIS2_PLACEMENT_3D('',#4299,#4300,#4301);
#4299 = CARTESIAN_POINT('',(-1.379276010593E-16,-1.782210575486E-16,7.)
  );
#4300 = DIRECTION('',(0.,0.,1.));
#4301 = DIRECTION('',(1.,0.,0.));
#4302 = ADVANCED_FACE('',(#4303),#4321,.T.);
#4303 = FACE_BOUND('',#4304,.T.);
#4304 = EDGE_LOOP('',(#4305,#4306,#4314,#4320));
#4305 = ORIENTED_EDGE('',*,*,#656,.F.);
#4306 = ORIENTED_EDGE('',*,*,#4307,.T.);
#4307 = EDGE_CURVE('',#649,#4308,#4310,.T.);
#4308 = VERTEX_POINT('',#4309);
#4309 = CARTESIAN_POINT('',(-20.49809646606,13.293578147888,5.25));
#4310 = LINE('',#4311,#4312);
#4311 = CARTESIAN_POINT('',(-20.49809646606,13.293578147888,1.75));
#4312 = VECTOR('',#4313,1.);
#4313 = DIRECTION('',(0.,0.,1.));
#4314 = ORIENTED_EDGE('',*,*,#4315,.T.);
#4315 = EDGE_CURVE('',#4308,#618,#4316,.T.);
#4316 = LINE('',#4317,#4318);
#4317 = CARTESIAN_POINT('',(-20.49809646606,13.293578147888,5.25));
#4318 = VECTOR('',#4319,1.);
#4319 = DIRECTION('',(-1.087395939736E-03,-2.489406686686E-02,
    0.999689503298));
#4320 = ORIENTED_EDGE('',*,*,#617,.T.);
#4321 = PLANE('',#4322);
#4322 = AXIS2_PLACEMENT_3D('',#4323,#4324,#4325);
#4323 = CARTESIAN_POINT('',(-20.4992861563,13.266342228396,3.5));
#4324 = DIRECTION('',(0.99904735131,-4.363931531271E-02,0.));
#4325 = DIRECTION('',(4.363931531271E-02,0.99904735131,0.));
#4326 = ADVANCED_FACE('',(#4327),#4345,.F.);
#4327 = FACE_BOUND('',#4328,.F.);
#4328 = EDGE_LOOP('',(#4329,#4330,#4338,#4344));
#4329 = ORIENTED_EDGE('',*,*,#530,.F.);
#4330 = ORIENTED_EDGE('',*,*,#4331,.T.);
#4331 = EDGE_CURVE('',#531,#4332,#4334,.T.);
#4332 = VERTEX_POINT('',#4333);
#4333 = CARTESIAN_POINT('',(-22.5,-2.033333333333,1.));
#4334 = LINE('',#4335,#4336);
#4335 = CARTESIAN_POINT('',(56.218545205297,-2.033333333333,1.));
#4336 = VECTOR('',#4337,1.);
#4337 = DIRECTION('',(-1.,-0.,-0.));
#4338 = ORIENTED_EDGE('',*,*,#4339,.F.);
#4339 = EDGE_CURVE('',#3166,#4332,#4340,.T.);
#4340 = LINE('',#4341,#4342);
#4341 = CARTESIAN_POINT('',(-22.5,-1.016666666667,1.));
#4342 = VECTOR('',#4343,1.);
#4343 = DIRECTION('',(0.,1.,0.));
#4344 = ORIENTED_EDGE('',*,*,#3165,.F.);
#4345 = PLANE('',#4346);
#4346 = AXIS2_PLACEMENT_3D('',#4347,#4348,#4349);
#4347 = CARTESIAN_POINT('',(56.218545205297,-2.033333333333,1.));
#4348 = DIRECTION('',(0.,0.,1.));
#4349 = DIRECTION('',(0.,-1.,0.));
#4350 = ADVANCED_FACE('',(#4351),#4369,.T.);
#4351 = FACE_BOUND('',#4352,.T.);
#4352 = EDGE_LOOP('',(#4353,#4361,#4362,#4363));
#4353 = ORIENTED_EDGE('',*,*,#4354,.F.);
#4354 = EDGE_CURVE('',#539,#4355,#4357,.T.);
#4355 = VERTEX_POINT('',#4356);
#4356 = CARTESIAN_POINT('',(-22.5,-2.033333333333,-1.));
#4357 = LINE('',#4358,#4359);
#4358 = CARTESIAN_POINT('',(56.218545205297,-2.033333333333,-1.));
#4359 = VECTOR('',#4360,1.);
#4360 = DIRECTION('',(-1.,-0.,-0.));
#4361 = ORIENTED_EDGE('',*,*,#538,.F.);
#4362 = ORIENTED_EDGE('',*,*,#4331,.T.);
#4363 = ORIENTED_EDGE('',*,*,#4364,.F.);
#4364 = EDGE_CURVE('',#4355,#4332,#4365,.T.);
#4365 = LINE('',#4366,#4367);
#4366 = CARTESIAN_POINT('',(-22.5,-2.033333333333,0.5));
#4367 = VECTOR('',#4368,1.);
#4368 = DIRECTION('',(0.,0.,1.));
#4369 = PLANE('',#4370);
#4370 = AXIS2_PLACEMENT_3D('',#4371,#4372,#4373);
#4371 = CARTESIAN_POINT('',(56.218545205297,-2.033333333333,1.));
#4372 = DIRECTION('',(0.,-1.,0.));
#4373 = DIRECTION('',(0.,0.,-1.));
#4374 = ADVANCED_FACE('',(#4375,#4485,#4496),#4507,.T.);
#4375 = FACE_BOUND('',#4376,.T.);
#4376 = EDGE_LOOP('',(#4377,#4387,#4395,#4403,#4409,#4410,#4418,#4426,
    #4432,#4433,#4434,#4440,#4441,#4449,#4455,#4456,#4464,#4472,#4478,
    #4479));
#4377 = ORIENTED_EDGE('',*,*,#4378,.T.);
#4378 = EDGE_CURVE('',#4379,#4381,#4383,.T.);
#4379 = VERTEX_POINT('',#4380);
#4380 = CARTESIAN_POINT('',(22.5,2.033333333333,-1.));
#4381 = VERTEX_POINT('',#4382);
#4382 = CARTESIAN_POINT('',(22.5,4.5,-1.));
#4383 = LINE('',#4384,#4385);
#4384 = CARTESIAN_POINT('',(22.5,1.016666666667,-1.));
#4385 = VECTOR('',#4386,1.);
#4386 = DIRECTION('',(0.,1.,0.));
#4387 = ORIENTED_EDGE('',*,*,#4388,.T.);
#4388 = EDGE_CURVE('',#4381,#4389,#4391,.T.);
#4389 = VERTEX_POINT('',#4390);
#4390 = CARTESIAN_POINT('',(-22.5,4.5,-1.));
#4391 = LINE('',#4392,#4393);
#4392 = CARTESIAN_POINT('',(56.218545205297,4.5,-1.));
#4393 = VECTOR('',#4394,1.);
#4394 = DIRECTION('',(-1.,-0.,-0.));
#4395 = ORIENTED_EDGE('',*,*,#4396,.T.);
#4396 = EDGE_CURVE('',#4389,#4397,#4399,.T.);
#4397 = VERTEX_POINT('',#4398);
#4398 = CARTESIAN_POINT('',(-22.5,2.033333333333,-1.));
#4399 = LINE('',#4400,#4401);
#4400 = CARTESIAN_POINT('',(-22.5,1.016666666667,-1.));
#4401 = VECTOR('',#4402,1.);
#4402 = DIRECTION('',(0.,-1.,0.));
#4403 = ORIENTED_EDGE('',*,*,#4404,.F.);
#4404 = EDGE_CURVE('',#579,#4397,#4405,.T.);
#4405 = LINE('',#4406,#4407);
#4406 = CARTESIAN_POINT('',(56.218545205297,2.033333333333,-1.));
#4407 = VECTOR('',#4408,1.);
#4408 = DIRECTION('',(-1.,-0.,-0.));
#4409 = ORIENTED_EDGE('',*,*,#578,.F.);
#4410 = ORIENTED_EDGE('',*,*,#4411,.T.);
#4411 = EDGE_CURVE('',#571,#4412,#4414,.T.);
#4412 = VERTEX_POINT('',#4413);
#4413 = CARTESIAN_POINT('',(-22.5,1.233333333333,-1.));
#4414 = LINE('',#4415,#4416);
#4415 = CARTESIAN_POINT('',(56.218545205297,1.233333333333,-1.));
#4416 = VECTOR('',#4417,1.);
#4417 = DIRECTION('',(-1.,-0.,-0.));
#4418 = ORIENTED_EDGE('',*,*,#4419,.T.);
#4419 = EDGE_CURVE('',#4412,#4420,#4422,.T.);
#4420 = VERTEX_POINT('',#4421);
#4421 = CARTESIAN_POINT('',(-22.5,-1.233333333333,-1.));
#4422 = LINE('',#4423,#4424);
#4423 = CARTESIAN_POINT('',(-22.5,-0.616666666667,-1.));
#4424 = VECTOR('',#4425,1.);
#4425 = DIRECTION('',(0.,-1.,0.));
#4426 = ORIENTED_EDGE('',*,*,#4427,.F.);
#4427 = EDGE_CURVE('',#547,#4420,#4428,.T.);
#4428 = LINE('',#4429,#4430);
#4429 = CARTESIAN_POINT('',(56.218545205297,-1.233333333333,-1.));
#4430 = VECTOR('',#4431,1.);
#4431 = DIRECTION('',(-1.,-0.,-0.));
#4432 = ORIENTED_EDGE('',*,*,#546,.F.);
#4433 = ORIENTED_EDGE('',*,*,#4354,.T.);
#4434 = ORIENTED_EDGE('',*,*,#4435,.T.);
#4435 = EDGE_CURVE('',#4355,#3174,#4436,.T.);
#4436 = LINE('',#4437,#4438);
#4437 = CARTESIAN_POINT('',(-22.5,-2.25,-1.));
#4438 = VECTOR('',#4439,1.);
#4439 = DIRECTION('',(0.,-1.,0.));
#4440 = ORIENTED_EDGE('',*,*,#3181,.F.);
#4441 = ORIENTED_EDGE('',*,*,#4442,.T.);
#4442 = EDGE_CURVE('',#3182,#4443,#4445,.T.);
#4443 = VERTEX_POINT('',#4444);
#4444 = CARTESIAN_POINT('',(22.5,-2.033333333333,-1.));
#4445 = LINE('',#4446,#4447);
#4446 = CARTESIAN_POINT('',(22.5,-2.25,-1.));
#4447 = VECTOR('',#4448,1.);
#4448 = DIRECTION('',(0.,1.,0.));
#4449 = ORIENTED_EDGE('',*,*,#4450,.T.);
#4450 = EDGE_CURVE('',#4443,#759,#4451,.T.);
#4451 = LINE('',#4452,#4453);
#4452 = CARTESIAN_POINT('',(56.218545205297,-2.033333333333,-1.));
#4453 = VECTOR('',#4454,1.);
#4454 = DIRECTION('',(-1.,-0.,-0.));
#4455 = ORIENTED_EDGE('',*,*,#758,.T.);
#4456 = ORIENTED_EDGE('',*,*,#4457,.F.);
#4457 = EDGE_CURVE('',#4458,#751,#4460,.T.);
#4458 = VERTEX_POINT('',#4459);
#4459 = CARTESIAN_POINT('',(22.5,-1.233333333333,-1.));
#4460 = LINE('',#4461,#4462);
#4461 = CARTESIAN_POINT('',(56.218545205297,-1.233333333333,-1.));
#4462 = VECTOR('',#4463,1.);
#4463 = DIRECTION('',(-1.,-0.,-0.));
#4464 = ORIENTED_EDGE('',*,*,#4465,.T.);
#4465 = EDGE_CURVE('',#4458,#4466,#4468,.T.);
#4466 = VERTEX_POINT('',#4467);
#4467 = CARTESIAN_POINT('',(22.5,1.233333333333,-1.));
#4468 = LINE('',#4469,#4470);
#4469 = CARTESIAN_POINT('',(22.5,-0.616666666667,-1.));
#4470 = VECTOR('',#4471,1.);
#4471 = DIRECTION('',(0.,1.,0.));
#4472 = ORIENTED_EDGE('',*,*,#4473,.T.);
#4473 = EDGE_CURVE('',#4466,#727,#4474,.T.);
#4474 = LINE('',#4475,#4476);
#4475 = CARTESIAN_POINT('',(56.218545205297,1.233333333333,-1.));
#4476 = VECTOR('',#4477,1.);
#4477 = DIRECTION('',(-1.,-0.,-0.));
#4478 = ORIENTED_EDGE('',*,*,#726,.T.);
#4479 = ORIENTED_EDGE('',*,*,#4480,.F.);
#4480 = EDGE_CURVE('',#4379,#719,#4481,.T.);
#4481 = LINE('',#4482,#4483);
#4482 = CARTESIAN_POINT('',(56.218545205297,2.033333333333,-1.));
#4483 = VECTOR('',#4484,1.);
#4484 = DIRECTION('',(-1.,-0.,-0.));
#4485 = FACE_BOUND('',#4486,.T.);
#4486 = EDGE_LOOP('',(#4487));
#4487 = ORIENTED_EDGE('',*,*,#4488,.T.);
#4488 = EDGE_CURVE('',#4489,#4489,#4491,.T.);
#4489 = VERTEX_POINT('',#4490);
#4490 = CARTESIAN_POINT('',(3.5,0.,-1.));
#4491 = CIRCLE('',#4492,3.5);
#4492 = AXIS2_PLACEMENT_3D('',#4493,#4494,#4495);
#4493 = CARTESIAN_POINT('',(0.,0.,-1.));
#4494 = DIRECTION('',(0.,0.,-1.));
#4495 = DIRECTION('',(1.,0.,0.));
#4496 = FACE_BOUND('',#4497,.T.);
#4497 = EDGE_LOOP('',(#4498));
#4498 = ORIENTED_EDGE('',*,*,#4499,.T.);
#4499 = EDGE_CURVE('',#4500,#4500,#4502,.T.);
#4500 = VERTEX_POINT('',#4501);
#4501 = CARTESIAN_POINT('',(16.4,0.,-1.));
#4502 = CIRCLE('',#4503,2.4);
#4503 = AXIS2_PLACEMENT_3D('',#4504,#4505,#4506);
#4504 = CARTESIAN_POINT('',(14.,0.,-1.));
#4505 = DIRECTION('',(0.,0.,-1.));
#4506 = DIRECTION('',(1.,0.,0.));
#4507 = PLANE('',#4508);
#4508 = AXIS2_PLACEMENT_3D('',#4509,#4510,#4511);
#4509 = CARTESIAN_POINT('',(1.146036670581E-16,-5.013910433791E-17,-1.)
  );
#4510 = DIRECTION('',(0.,0.,1.));
#4511 = DIRECTION('',(1.,0.,0.));
#4512 = ADVANCED_FACE('',(#4513),#4552,.F.);
#4513 = FACE_BOUND('',#4514,.F.);
#4514 = EDGE_LOOP('',(#4515,#4516,#4524,#4530,#4531,#4539,#4545,#4546));
#4515 = ORIENTED_EDGE('',*,*,#702,.F.);
#4516 = ORIENTED_EDGE('',*,*,#4517,.F.);
#4517 = EDGE_CURVE('',#4518,#703,#4520,.T.);
#4518 = VERTEX_POINT('',#4519);
#4519 = CARTESIAN_POINT('',(22.5,4.5,1.));
#4520 = LINE('',#4521,#4522);
#4521 = CARTESIAN_POINT('',(56.218545205297,4.5,1.));
#4522 = VECTOR('',#4523,1.);
#4523 = DIRECTION('',(-1.,-0.,-0.));
#4524 = ORIENTED_EDGE('',*,*,#4525,.F.);
#4525 = EDGE_CURVE('',#4381,#4518,#4526,.T.);
#4526 = LINE('',#4527,#4528);
#4527 = CARTESIAN_POINT('',(22.5,4.5,-0.5));
#4528 = VECTOR('',#4529,1.);
#4529 = DIRECTION('',(0.,0.,1.));
#4530 = ORIENTED_EDGE('',*,*,#4388,.T.);
#4531 = ORIENTED_EDGE('',*,*,#4532,.F.);
#4532 = EDGE_CURVE('',#4533,#4389,#4535,.T.);
#4533 = VERTEX_POINT('',#4534);
#4534 = CARTESIAN_POINT('',(-22.5,4.5,1.));
#4535 = LINE('',#4536,#4537);
#4536 = CARTESIAN_POINT('',(-22.5,4.5,-0.5));
#4537 = VECTOR('',#4538,1.);
#4538 = DIRECTION('',(0.,0.,-1.));
#4539 = ORIENTED_EDGE('',*,*,#4540,.F.);
#4540 = EDGE_CURVE('',#595,#4533,#4541,.T.);
#4541 = LINE('',#4542,#4543);
#4542 = CARTESIAN_POINT('',(56.218545205297,4.5,1.));
#4543 = VECTOR('',#4544,1.);
#4544 = DIRECTION('',(-1.,-0.,-0.));
#4545 = ORIENTED_EDGE('',*,*,#602,.F.);
#4546 = ORIENTED_EDGE('',*,*,#4547,.F.);
#4547 = EDGE_CURVE('',#695,#603,#4548,.T.);
#4548 = LINE('',#4549,#4550);
#4549 = CARTESIAN_POINT('',(20.5,4.5,-0.9));
#4550 = VECTOR('',#4551,1.);
#4551 = DIRECTION('',(-1.,0.,0.));
#4552 = PLANE('',#4553);
#4553 = AXIS2_PLACEMENT_3D('',#4554,#4555,#4556);
#4554 = CARTESIAN_POINT('',(56.218545205297,4.5,-1.));
#4555 = DIRECTION('',(0.,1.,0.));
#4556 = DIRECTION('',(0.,0.,1.));
#4557 = ADVANCED_FACE('',(#4558),#4576,.F.);
#4558 = FACE_BOUND('',#4559,.F.);
#4559 = EDGE_LOOP('',(#4560,#4561,#4562,#4570));
#4560 = ORIENTED_EDGE('',*,*,#4427,.F.);
#4561 = ORIENTED_EDGE('',*,*,#554,.F.);
#4562 = ORIENTED_EDGE('',*,*,#4563,.T.);
#4563 = EDGE_CURVE('',#555,#4564,#4566,.T.);
#4564 = VERTEX_POINT('',#4565);
#4565 = CARTESIAN_POINT('',(-22.5,-1.233333333333,1.));
#4566 = LINE('',#4567,#4568);
#4567 = CARTESIAN_POINT('',(56.218545205297,-1.233333333333,1.));
#4568 = VECTOR('',#4569,1.);
#4569 = DIRECTION('',(-1.,-0.,-0.));
#4570 = ORIENTED_EDGE('',*,*,#4571,.F.);
#4571 = EDGE_CURVE('',#4420,#4564,#4572,.T.);
#4572 = LINE('',#4573,#4574);
#4573 = CARTESIAN_POINT('',(-22.5,-1.233333333333,0.5));
#4574 = VECTOR('',#4575,1.);
#4575 = DIRECTION('',(0.,0.,1.));
#4576 = PLANE('',#4577);
#4577 = AXIS2_PLACEMENT_3D('',#4578,#4579,#4580);
#4578 = CARTESIAN_POINT('',(56.218545205297,-1.233333333333,1.));
#4579 = DIRECTION('',(0.,-1.,0.));
#4580 = DIRECTION('',(0.,0.,-1.));
#4581 = ADVANCED_FACE('',(#4582),#4600,.F.);
#4582 = FACE_BOUND('',#4583,.F.);
#4583 = EDGE_LOOP('',(#4584,#4585,#4593,#4599));
#4584 = ORIENTED_EDGE('',*,*,#562,.F.);
#4585 = ORIENTED_EDGE('',*,*,#4586,.T.);
#4586 = EDGE_CURVE('',#563,#4587,#4589,.T.);
#4587 = VERTEX_POINT('',#4588);
#4588 = CARTESIAN_POINT('',(-22.5,1.233333333333,1.));
#4589 = LINE('',#4590,#4591);
#4590 = CARTESIAN_POINT('',(56.218545205297,1.233333333333,1.));
#4591 = VECTOR('',#4592,1.);
#4592 = DIRECTION('',(-1.,-0.,-0.));
#4593 = ORIENTED_EDGE('',*,*,#4594,.F.);
#4594 = EDGE_CURVE('',#4564,#4587,#4595,.T.);
#4595 = LINE('',#4596,#4597);
#4596 = CARTESIAN_POINT('',(-22.5,0.616666666667,1.));
#4597 = VECTOR('',#4598,1.);
#4598 = DIRECTION('',(0.,1.,0.));
#4599 = ORIENTED_EDGE('',*,*,#4563,.F.);
#4600 = PLANE('',#4601);
#4601 = AXIS2_PLACEMENT_3D('',#4602,#4603,#4604);
#4602 = CARTESIAN_POINT('',(56.218545205297,1.233333333333,1.));
#4603 = DIRECTION('',(0.,0.,1.));
#4604 = DIRECTION('',(0.,-1.,0.));
#4605 = ADVANCED_FACE('',(#4606),#4624,.F.);
#4606 = FACE_BOUND('',#4607,.F.);
#4607 = EDGE_LOOP('',(#4608,#4609,#4610,#4618));
#4608 = ORIENTED_EDGE('',*,*,#594,.F.);
#4609 = ORIENTED_EDGE('',*,*,#4540,.T.);
#4610 = ORIENTED_EDGE('',*,*,#4611,.F.);
#4611 = EDGE_CURVE('',#4612,#4533,#4614,.T.);
#4612 = VERTEX_POINT('',#4613);
#4613 = CARTESIAN_POINT('',(-22.5,2.033333333333,1.));
#4614 = LINE('',#4615,#4616);
#4615 = CARTESIAN_POINT('',(-22.5,2.25,1.));
#4616 = VECTOR('',#4617,1.);
#4617 = DIRECTION('',(0.,1.,0.));
#4618 = ORIENTED_EDGE('',*,*,#4619,.F.);
#4619 = EDGE_CURVE('',#587,#4612,#4620,.T.);
#4620 = LINE('',#4621,#4622);
#4621 = CARTESIAN_POINT('',(56.218545205297,2.033333333333,1.));
#4622 = VECTOR('',#4623,1.);
#4623 = DIRECTION('',(-1.,-0.,-0.));
#4624 = PLANE('',#4625);
#4625 = AXIS2_PLACEMENT_3D('',#4626,#4627,#4628);
#4626 = CARTESIAN_POINT('',(56.218545205297,4.5,1.));
#4627 = DIRECTION('',(0.,0.,1.));
#4628 = DIRECTION('',(0.,-1.,0.));
#4629 = ADVANCED_FACE('',(#4630),#4641,.T.);
#4630 = FACE_BOUND('',#4631,.T.);
#4631 = EDGE_LOOP('',(#4632,#4633,#4634,#4635));
#4632 = ORIENTED_EDGE('',*,*,#4411,.F.);
#4633 = ORIENTED_EDGE('',*,*,#570,.T.);
#4634 = ORIENTED_EDGE('',*,*,#4586,.T.);
#4635 = ORIENTED_EDGE('',*,*,#4636,.F.);
#4636 = EDGE_CURVE('',#4412,#4587,#4637,.T.);
#4637 = LINE('',#4638,#4639);
#4638 = CARTESIAN_POINT('',(-22.5,1.233333333333,0.5));
#4639 = VECTOR('',#4640,1.);
#4640 = DIRECTION('',(0.,0.,1.));
#4641 = PLANE('',#4642);
#4642 = AXIS2_PLACEMENT_3D('',#4643,#4644,#4645);
#4643 = CARTESIAN_POINT('',(56.218545205297,1.233333333333,1.));
#4644 = DIRECTION('',(0.,-1.,0.));
#4645 = DIRECTION('',(0.,0.,-1.));
#4646 = ADVANCED_FACE('',(#4647),#4658,.F.);
#4647 = FACE_BOUND('',#4648,.F.);
#4648 = EDGE_LOOP('',(#4649,#4650,#4651,#4652));
#4649 = ORIENTED_EDGE('',*,*,#4404,.F.);
#4650 = ORIENTED_EDGE('',*,*,#586,.F.);
#4651 = ORIENTED_EDGE('',*,*,#4619,.T.);
#4652 = ORIENTED_EDGE('',*,*,#4653,.F.);
#4653 = EDGE_CURVE('',#4397,#4612,#4654,.T.);
#4654 = LINE('',#4655,#4656);
#4655 = CARTESIAN_POINT('',(-22.5,2.033333333333,0.5));
#4656 = VECTOR('',#4657,1.);
#4657 = DIRECTION('',(0.,0.,1.));
#4658 = PLANE('',#4659);
#4659 = AXIS2_PLACEMENT_3D('',#4660,#4661,#4662);
#4660 = CARTESIAN_POINT('',(56.218545205297,2.033333333333,1.));
#4661 = DIRECTION('',(0.,-1.,0.));
#4662 = DIRECTION('',(0.,0.,-1.));
#4663 = ADVANCED_FACE('',(#4664),#4674,.T.);
#4664 = FACE_BOUND('',#4665,.T.);
#4665 = EDGE_LOOP('',(#4666,#4667,#4668));
#4666 = ORIENTED_EDGE('',*,*,#648,.F.);
#4667 = ORIENTED_EDGE('',*,*,#679,.F.);
#4668 = ORIENTED_EDGE('',*,*,#4669,.T.);
#4669 = EDGE_CURVE('',#672,#649,#4670,.T.);
#4670 = LINE('',#4671,#4672);
#4671 = CARTESIAN_POINT('',(-20.48296356201,13.379409790039,1.75));
#4672 = VECTOR('',#4673,1.);
#4673 = DIRECTION('',(-0.173631149288,-0.984810755423,0.));
#4674 = PLANE('',#4675);
#4675 = AXIS2_PLACEMENT_3D('',#4676,#4677,#4678);
#4676 = CARTESIAN_POINT('',(-20.49144377521,13.336655179818,
    0.896253032359));
#4677 = DIRECTION('',(0.984810173801,-0.173631046742,-1.086823784442E-03
    ));
#4678 = DIRECTION('',(0.173631149288,0.984810755423,-2.710505431214E-20)
  );
#4679 = ADVANCED_FACE('',(#4680),#4690,.T.);
#4680 = FACE_BOUND('',#4681,.T.);
#4681 = EDGE_LOOP('',(#4682,#4683,#4684));
#4682 = ORIENTED_EDGE('',*,*,#671,.T.);
#4683 = ORIENTED_EDGE('',*,*,#845,.F.);
#4684 = ORIENTED_EDGE('',*,*,#4685,.T.);
#4685 = EDGE_CURVE('',#838,#672,#4686,.T.);
#4686 = LINE('',#4687,#4688);
#4687 = CARTESIAN_POINT('',(-20.45315361022,13.461309432983,1.75));
#4688 = VECTOR('',#4689,1.);
#4689 = DIRECTION('',(-0.342029459767,-0.939689229826,0.));
#4690 = PLANE('',#4691);
#4691 = AXIS2_PLACEMENT_3D('',#4692,#4693,#4694);
#4692 = CARTESIAN_POINT('',(-20.46893093937,13.420676915603,
    0.896253181256));
#4693 = DIRECTION('',(0.939688674379,-0.342029257595,-1.087286931796E-03
    ));
#4694 = DIRECTION('',(0.342029459767,0.939689229826,0.));
#4695 = ADVANCED_FACE('',(#4696),#4714,.T.);
#4696 = FACE_BOUND('',#4697,.T.);
#4697 = EDGE_LOOP('',(#4698,#4706,#4712,#4713));
#4698 = ORIENTED_EDGE('',*,*,#4699,.F.);
#4699 = EDGE_CURVE('',#4700,#815,#4702,.T.);
#4700 = VERTEX_POINT('',#4701);
#4701 = CARTESIAN_POINT('',(20.498096466064,13.293578147888,5.25));
#4702 = LINE('',#4703,#4704);
#4703 = CARTESIAN_POINT('',(20.498096466064,13.293578147888,5.25));
#4704 = VECTOR('',#4705,1.);
#4705 = DIRECTION('',(1.087395939736E-03,-2.489406686686E-02,
    0.999689503298));
#4706 = ORIENTED_EDGE('',*,*,#4707,.T.);
#4707 = EDGE_CURVE('',#4700,#861,#4708,.T.);
#4708 = LINE('',#4709,#4710);
#4709 = CARTESIAN_POINT('',(20.498096466064,13.293578147888,5.25));
#4710 = VECTOR('',#4711,1.);
#4711 = DIRECTION('',(0.,0.,-1.));
#4712 = ORIENTED_EDGE('',*,*,#860,.T.);
#4713 = ORIENTED_EDGE('',*,*,#822,.F.);
#4714 = PLANE('',#4715);
#4715 = AXIS2_PLACEMENT_3D('',#4716,#4717,#4718);
#4716 = CARTESIAN_POINT('',(20.4992861563,13.266342228396,3.5));
#4717 = DIRECTION('',(-0.99904735131,-4.363931531271E-02,-0.));
#4718 = DIRECTION('',(4.363931531271E-02,-0.99904735131,0.));
#4719 = ADVANCED_FACE('',(#4720),#4745,.T.);
#4720 = FACE_BOUND('',#4721,.T.);
#4721 = EDGE_LOOP('',(#4722,#4730,#4738,#4744));
#4722 = ORIENTED_EDGE('',*,*,#4723,.F.);
#4723 = EDGE_CURVE('',#4724,#799,#4726,.T.);
#4724 = VERTEX_POINT('',#4725);
#4725 = CARTESIAN_POINT('',(20.498096466064,-13.29357814788,1.75));
#4726 = LINE('',#4727,#4728);
#4727 = CARTESIAN_POINT('',(20.498096466064,-13.29357814788,1.75));
#4728 = VECTOR('',#4729,1.);
#4729 = DIRECTION('',(1.087395939736E-03,2.489406686686E-02,
    -0.999689503298));
#4730 = ORIENTED_EDGE('',*,*,#4731,.T.);
#4731 = EDGE_CURVE('',#4724,#4732,#4734,.T.);
#4732 = VERTEX_POINT('',#4733);
#4733 = CARTESIAN_POINT('',(20.498096466064,-13.29357814788,5.25));
#4734 = LINE('',#4735,#4736);
#4735 = CARTESIAN_POINT('',(20.498096466064,-13.29357814788,1.75));
#4736 = VECTOR('',#4737,1.);
#4737 = DIRECTION('',(0.,0.,1.));
#4738 = ORIENTED_EDGE('',*,*,#4739,.T.);
#4739 = EDGE_CURVE('',#4732,#807,#4740,.T.);
#4740 = LINE('',#4741,#4742);
#4741 = CARTESIAN_POINT('',(20.498096466064,-13.29357814788,5.25));
#4742 = VECTOR('',#4743,1.);
#4743 = DIRECTION('',(1.087395939736E-03,2.489406686686E-02,
    0.999689503298));
#4744 = ORIENTED_EDGE('',*,*,#806,.T.);
#4745 = PLANE('',#4746);
#4746 = AXIS2_PLACEMENT_3D('',#4747,#4748,#4749);
#4747 = CARTESIAN_POINT('',(20.4992861563,-13.26634222839,3.5));
#4748 = DIRECTION('',(-0.99904735131,4.363931531271E-02,0.));
#4749 = DIRECTION('',(-4.363931531271E-02,-0.99904735131,0.));
#4750 = ADVANCED_FACE('',(#4751),#4769,.F.);
#4751 = FACE_BOUND('',#4752,.F.);
#4752 = EDGE_LOOP('',(#4753,#4761,#4762,#4763));
#4753 = ORIENTED_EDGE('',*,*,#4754,.F.);
#4754 = EDGE_CURVE('',#4518,#4755,#4757,.T.);
#4755 = VERTEX_POINT('',#4756);
#4756 = CARTESIAN_POINT('',(22.5,2.033333333333,1.));
#4757 = LINE('',#4758,#4759);
#4758 = CARTESIAN_POINT('',(22.5,2.25,1.));
#4759 = VECTOR('',#4760,1.);
#4760 = DIRECTION('',(0.,-1.,0.));
#4761 = ORIENTED_EDGE('',*,*,#4517,.T.);
#4762 = ORIENTED_EDGE('',*,*,#710,.F.);
#4763 = ORIENTED_EDGE('',*,*,#4764,.F.);
#4764 = EDGE_CURVE('',#4755,#711,#4765,.T.);
#4765 = LINE('',#4766,#4767);
#4766 = CARTESIAN_POINT('',(56.218545205297,2.033333333333,1.));
#4767 = VECTOR('',#4768,1.);
#4768 = DIRECTION('',(-1.,-0.,-0.));
#4769 = PLANE('',#4770);
#4770 = AXIS2_PLACEMENT_3D('',#4771,#4772,#4773);
#4771 = CARTESIAN_POINT('',(56.218545205297,4.5,1.));
#4772 = DIRECTION('',(0.,0.,1.));
#4773 = DIRECTION('',(0.,-1.,0.));
#4774 = ADVANCED_FACE('',(#4775),#4786,.F.);
#4775 = FACE_BOUND('',#4776,.F.);
#4776 = EDGE_LOOP('',(#4777,#4783,#4784,#4785));
#4777 = ORIENTED_EDGE('',*,*,#4778,.F.);
#4778 = EDGE_CURVE('',#4755,#4379,#4779,.T.);
#4779 = LINE('',#4780,#4781);
#4780 = CARTESIAN_POINT('',(22.5,2.033333333333,0.5));
#4781 = VECTOR('',#4782,1.);
#4782 = DIRECTION('',(0.,0.,-1.));
#4783 = ORIENTED_EDGE('',*,*,#4764,.T.);
#4784 = ORIENTED_EDGE('',*,*,#718,.T.);
#4785 = ORIENTED_EDGE('',*,*,#4480,.F.);
#4786 = PLANE('',#4787);
#4787 = AXIS2_PLACEMENT_3D('',#4788,#4789,#4790);
#4788 = CARTESIAN_POINT('',(56.218545205297,2.033333333333,1.));
#4789 = DIRECTION('',(0.,-1.,0.));
#4790 = DIRECTION('',(0.,0.,-1.));
#4791 = ADVANCED_FACE('',(#4792),#4810,.T.);
#4792 = FACE_BOUND('',#4793,.T.);
#4793 = EDGE_LOOP('',(#4794,#4802,#4808,#4809));
#4794 = ORIENTED_EDGE('',*,*,#4795,.F.);
#4795 = EDGE_CURVE('',#4796,#4466,#4798,.T.);
#4796 = VERTEX_POINT('',#4797);
#4797 = CARTESIAN_POINT('',(22.5,1.233333333333,1.));
#4798 = LINE('',#4799,#4800);
#4799 = CARTESIAN_POINT('',(22.5,1.233333333333,0.5));
#4800 = VECTOR('',#4801,1.);
#4801 = DIRECTION('',(0.,0.,-1.));
#4802 = ORIENTED_EDGE('',*,*,#4803,.T.);
#4803 = EDGE_CURVE('',#4796,#735,#4804,.T.);
#4804 = LINE('',#4805,#4806);
#4805 = CARTESIAN_POINT('',(56.218545205297,1.233333333333,1.));
#4806 = VECTOR('',#4807,1.);
#4807 = DIRECTION('',(-1.,-0.,-0.));
#4808 = ORIENTED_EDGE('',*,*,#734,.F.);
#4809 = ORIENTED_EDGE('',*,*,#4473,.F.);
#4810 = PLANE('',#4811);
#4811 = AXIS2_PLACEMENT_3D('',#4812,#4813,#4814);
#4812 = CARTESIAN_POINT('',(56.218545205297,1.233333333333,1.));
#4813 = DIRECTION('',(0.,-1.,0.));
#4814 = DIRECTION('',(0.,0.,-1.));
#4815 = ADVANCED_FACE('',(#4816),#4834,.F.);
#4816 = FACE_BOUND('',#4817,.F.);
#4817 = EDGE_LOOP('',(#4818,#4826,#4827,#4828));
#4818 = ORIENTED_EDGE('',*,*,#4819,.F.);
#4819 = EDGE_CURVE('',#4796,#4820,#4822,.T.);
#4820 = VERTEX_POINT('',#4821);
#4821 = CARTESIAN_POINT('',(22.5,-1.233333333333,1.));
#4822 = LINE('',#4823,#4824);
#4823 = CARTESIAN_POINT('',(22.5,0.616666666667,1.));
#4824 = VECTOR('',#4825,1.);
#4825 = DIRECTION('',(0.,-1.,0.));
#4826 = ORIENTED_EDGE('',*,*,#4803,.T.);
#4827 = ORIENTED_EDGE('',*,*,#742,.F.);
#4828 = ORIENTED_EDGE('',*,*,#4829,.F.);
#4829 = EDGE_CURVE('',#4820,#743,#4830,.T.);
#4830 = LINE('',#4831,#4832);
#4831 = CARTESIAN_POINT('',(56.218545205297,-1.233333333333,1.));
#4832 = VECTOR('',#4833,1.);
#4833 = DIRECTION('',(-1.,-0.,-0.));
#4834 = PLANE('',#4835);
#4835 = AXIS2_PLACEMENT_3D('',#4836,#4837,#4838);
#4836 = CARTESIAN_POINT('',(56.218545205297,1.233333333333,1.));
#4837 = DIRECTION('',(0.,0.,1.));
#4838 = DIRECTION('',(0.,-1.,0.));
#4839 = ADVANCED_FACE('',(#4840),#4858,.F.);
#4840 = FACE_BOUND('',#4841,.F.);
#4841 = EDGE_LOOP('',(#4842,#4850,#4856,#4857));
#4842 = ORIENTED_EDGE('',*,*,#4843,.F.);
#4843 = EDGE_CURVE('',#4844,#3190,#4846,.T.);
#4844 = VERTEX_POINT('',#4845);
#4845 = CARTESIAN_POINT('',(22.5,-2.033333333333,1.));
#4846 = LINE('',#4847,#4848);
#4847 = CARTESIAN_POINT('',(22.5,-1.016666666667,1.));
#4848 = VECTOR('',#4849,1.);
#4849 = DIRECTION('',(0.,-1.,0.));
#4850 = ORIENTED_EDGE('',*,*,#4851,.T.);
#4851 = EDGE_CURVE('',#4844,#767,#4852,.T.);
#4852 = LINE('',#4853,#4854);
#4853 = CARTESIAN_POINT('',(56.218545205297,-2.033333333333,1.));
#4854 = VECTOR('',#4855,1.);
#4855 = DIRECTION('',(-1.,-0.,-0.));
#4856 = ORIENTED_EDGE('',*,*,#774,.F.);
#4857 = ORIENTED_EDGE('',*,*,#3197,.F.);
#4858 = PLANE('',#4859);
#4859 = AXIS2_PLACEMENT_3D('',#4860,#4861,#4862);
#4860 = CARTESIAN_POINT('',(56.218545205297,-2.033333333333,1.));
#4861 = DIRECTION('',(0.,0.,1.));
#4862 = DIRECTION('',(0.,-1.,0.));
#4863 = ADVANCED_FACE('',(#4864),#4875,.F.);
#4864 = FACE_BOUND('',#4865,.F.);
#4865 = EDGE_LOOP('',(#4866,#4872,#4873,#4874));
#4866 = ORIENTED_EDGE('',*,*,#4867,.F.);
#4867 = EDGE_CURVE('',#4820,#4458,#4868,.T.);
#4868 = LINE('',#4869,#4870);
#4869 = CARTESIAN_POINT('',(22.5,-1.233333333333,0.5));
#4870 = VECTOR('',#4871,1.);
#4871 = DIRECTION('',(0.,0.,-1.));
#4872 = ORIENTED_EDGE('',*,*,#4829,.T.);
#4873 = ORIENTED_EDGE('',*,*,#750,.F.);
#4874 = ORIENTED_EDGE('',*,*,#4457,.F.);
#4875 = PLANE('',#4876);
#4876 = AXIS2_PLACEMENT_3D('',#4877,#4878,#4879);
#4877 = CARTESIAN_POINT('',(56.218545205297,-1.233333333333,1.));
#4878 = DIRECTION('',(0.,-1.,0.));
#4879 = DIRECTION('',(0.,0.,-1.));
#4880 = ADVANCED_FACE('',(#4881),#4892,.T.);
#4881 = FACE_BOUND('',#4882,.T.);
#4882 = EDGE_LOOP('',(#4883,#4889,#4890,#4891));
#4883 = ORIENTED_EDGE('',*,*,#4884,.F.);
#4884 = EDGE_CURVE('',#4844,#4443,#4885,.T.);
#4885 = LINE('',#4886,#4887);
#4886 = CARTESIAN_POINT('',(22.5,-2.033333333333,0.5));
#4887 = VECTOR('',#4888,1.);
#4888 = DIRECTION('',(0.,0.,-1.));
#4889 = ORIENTED_EDGE('',*,*,#4851,.T.);
#4890 = ORIENTED_EDGE('',*,*,#766,.F.);
#4891 = ORIENTED_EDGE('',*,*,#4450,.F.);
#4892 = PLANE('',#4893);
#4893 = AXIS2_PLACEMENT_3D('',#4894,#4895,#4896);
#4894 = CARTESIAN_POINT('',(56.218545205297,-2.033333333333,1.));
#4895 = DIRECTION('',(0.,-1.,0.));
#4896 = DIRECTION('',(0.,0.,-1.));
#4897 = ADVANCED_FACE('',(#4898),#4908,.T.);
#4898 = FACE_BOUND('',#4899,.T.);
#4899 = EDGE_LOOP('',(#4900,#4901,#4902));
#4900 = ORIENTED_EDGE('',*,*,#837,.T.);
#4901 = ORIENTED_EDGE('',*,*,#891,.F.);
#4902 = ORIENTED_EDGE('',*,*,#4903,.T.);
#4903 = EDGE_CURVE('',#884,#838,#4904,.T.);
#4904 = LINE('',#4905,#4906);
#4905 = CARTESIAN_POINT('',(-20.40957641601,13.536787986755,1.75));
#4906 = VECTOR('',#4907,1.);
#4907 = DIRECTION('',(-0.499996823547,-0.866027237703,0.));
#4908 = PLANE('',#4909);
#4909 = AXIS2_PLACEMENT_3D('',#4910,#4911,#4912);
#4910 = CARTESIAN_POINT('',(-20.43216850898,13.499512801882,
    0.896252907344));
#4911 = DIRECTION('',(0.86602672621,-0.499996528239,-1.086847955477E-03)
  );
#4912 = DIRECTION('',(0.499996823547,0.866027237703,5.421010862428E-20)
  );
#4913 = ADVANCED_FACE('',(#4914),#4924,.T.);
#4914 = FACE_BOUND('',#4915,.T.);
#4915 = EDGE_LOOP('',(#4916,#4917,#4918));
#4916 = ORIENTED_EDGE('',*,*,#906,.T.);
#4917 = ORIENTED_EDGE('',*,*,#868,.F.);
#4918 = ORIENTED_EDGE('',*,*,#4919,.T.);
#4919 = EDGE_CURVE('',#861,#907,#4920,.T.);
#4920 = LINE('',#4921,#4922);
#4921 = CARTESIAN_POINT('',(20.498096466064,13.293578147888,1.75));
#4922 = VECTOR('',#4923,1.);
#4923 = DIRECTION('',(-0.173631149288,0.984810755423,0.));
#4924 = PLANE('',#4925);
#4925 = AXIS2_PLACEMENT_3D('',#4926,#4927,#4928);
#4926 = CARTESIAN_POINT('',(20.491443775213,13.336655179818,
    0.896253032359));
#4927 = DIRECTION('',(-0.984810173801,-0.173631046742,
    -1.086823784442E-03));
#4928 = DIRECTION('',(0.173631149288,-0.984810755423,2.710505431214E-20)
  );
#4929 = ADVANCED_FACE('',(#4930),#4940,.T.);
#4930 = FACE_BOUND('',#4931,.T.);
#4931 = EDGE_LOOP('',(#4932,#4933,#4934));
#4932 = ORIENTED_EDGE('',*,*,#883,.T.);
#4933 = ORIENTED_EDGE('',*,*,#937,.F.);
#4934 = ORIENTED_EDGE('',*,*,#4935,.T.);
#4935 = EDGE_CURVE('',#930,#884,#4936,.T.);
#4936 = LINE('',#4937,#4938);
#4937 = CARTESIAN_POINT('',(-20.35355377197,13.603553771973,1.75));
#4938 = VECTOR('',#4939,1.);
#4939 = DIRECTION('',(-0.642784231672,-0.766047277597,0.));
#4940 = PLANE('',#4941);
#4941 = AXIS2_PLACEMENT_3D('',#4942,#4943,#4944);
#4942 = CARTESIAN_POINT('',(-20.3822760038,13.570767568938,
    0.896253211245));
#4943 = DIRECTION('',(0.766046824921,-0.642783851835,-1.087128687427E-03
    ));
#4944 = DIRECTION('',(0.642784231672,0.766047277597,-1.084202172486E-19)
  );
#4945 = ADVANCED_FACE('',(#4946),#4956,.T.);
#4946 = FACE_BOUND('',#4947,.T.);
#4947 = EDGE_LOOP('',(#4948,#4949,#4950));
#4948 = ORIENTED_EDGE('',*,*,#952,.T.);
#4949 = ORIENTED_EDGE('',*,*,#914,.F.);
#4950 = ORIENTED_EDGE('',*,*,#4951,.T.);
#4951 = EDGE_CURVE('',#907,#953,#4952,.T.);
#4952 = LINE('',#4953,#4954);
#4953 = CARTESIAN_POINT('',(20.482963562012,13.379409790039,1.75));
#4954 = VECTOR('',#4955,1.);
#4955 = DIRECTION('',(-0.342029459767,0.939689229826,0.));
#4956 = PLANE('',#4957);
#4957 = AXIS2_PLACEMENT_3D('',#4958,#4959,#4960);
#4958 = CARTESIAN_POINT('',(20.468930939378,13.420676915603,
    0.896253181256));
#4959 = DIRECTION('',(-0.939688674379,-0.342029257595,
    -1.087286931796E-03));
#4960 = DIRECTION('',(0.342029459767,-0.939689229826,0.));
#4961 = ADVANCED_FACE('',(#4962),#4972,.T.);
#4962 = FACE_BOUND('',#4963,.T.);
#4963 = EDGE_LOOP('',(#4964,#4965,#4966));
#4964 = ORIENTED_EDGE('',*,*,#929,.T.);
#4965 = ORIENTED_EDGE('',*,*,#983,.F.);
#4966 = ORIENTED_EDGE('',*,*,#4967,.T.);
#4967 = EDGE_CURVE('',#976,#930,#4968,.T.);
#4968 = LINE('',#4969,#4970);
#4969 = CARTESIAN_POINT('',(-20.28678894043,13.659576416016,1.75));
#4970 = VECTOR('',#4971,1.);
#4971 = DIRECTION('',(-0.766042756565,-0.642789619638,0.));
#4972 = PLANE('',#4973);
#4973 = AXIS2_PLACEMENT_3D('',#4974,#4975,#4976);
#4974 = CARTESIAN_POINT('',(-20.32076781335,13.632276003875,
    0.896253037536));
#4975 = DIRECTION('',(0.64278923992,-0.766042304037,-1.086953542517E-03)
  );
#4976 = DIRECTION('',(-0.766042756565,-0.642789619638,
    -1.084202172486E-19));
#4977 = ADVANCED_FACE('',(#4978),#4988,.T.);
#4978 = FACE_BOUND('',#4979,.T.);
#4979 = EDGE_LOOP('',(#4980,#4981,#4982));
#4980 = ORIENTED_EDGE('',*,*,#998,.T.);
#4981 = ORIENTED_EDGE('',*,*,#960,.F.);
#4982 = ORIENTED_EDGE('',*,*,#4983,.T.);
#4983 = EDGE_CURVE('',#953,#999,#4984,.T.);
#4984 = LINE('',#4985,#4986);
#4985 = CARTESIAN_POINT('',(20.453153610229,13.461309432983,1.75));
#4986 = VECTOR('',#4987,1.);
#4987 = DIRECTION('',(-0.499996823547,0.866027237703,0.));
#4988 = PLANE('',#4989);
#4989 = AXIS2_PLACEMENT_3D('',#4990,#4991,#4992);
#4990 = CARTESIAN_POINT('',(20.43216850898,13.499512801882,
    0.896252907344));
#4991 = DIRECTION('',(-0.86602672621,-0.499996528239,-1.086847955477E-03
    ));
#4992 = DIRECTION('',(0.499996823547,-0.866027237703,0.));
#4993 = ADVANCED_FACE('',(#4994),#5004,.T.);
#4994 = FACE_BOUND('',#4995,.T.);
#4995 = EDGE_LOOP('',(#4996,#4997,#4998));
#4996 = ORIENTED_EDGE('',*,*,#975,.T.);
#4997 = ORIENTED_EDGE('',*,*,#1029,.F.);
#4998 = ORIENTED_EDGE('',*,*,#4999,.T.);
#4999 = EDGE_CURVE('',#1022,#976,#5000,.T.);
#5000 = LINE('',#5001,#5002);
#5001 = CARTESIAN_POINT('',(-20.21130943298,13.703153610229,1.75));
#5002 = VECTOR('',#5003,1.);
#5003 = DIRECTION('',(-0.866029973201,-0.499992085455,0.));
#5004 = PLANE('',#5005);
#5005 = AXIS2_PLACEMENT_3D('',#5006,#5007,#5008);
#5006 = CARTESIAN_POINT('',(-20.24951304621,13.682168973917,
    0.896253103722));
#5007 = DIRECTION('',(0.499991789968,-0.866029461391,-1.087183665619E-03
    ));
#5008 = DIRECTION('',(-0.866029973201,-0.499992085455,
    -5.421010862428E-20));
#5009 = ADVANCED_FACE('',(#5010),#5020,.T.);
#5010 = FACE_BOUND('',#5011,.T.);
#5011 = EDGE_LOOP('',(#5012,#5013,#5014));
#5012 = ORIENTED_EDGE('',*,*,#1044,.T.);
#5013 = ORIENTED_EDGE('',*,*,#1006,.F.);
#5014 = ORIENTED_EDGE('',*,*,#5015,.T.);
#5015 = EDGE_CURVE('',#999,#1045,#5016,.T.);
#5016 = LINE('',#5017,#5018);
#5017 = CARTESIAN_POINT('',(20.409576416016,13.536787986755,1.75));
#5018 = VECTOR('',#5019,1.);
#5019 = DIRECTION('',(-0.642784231672,0.766047277597,0.));
#5020 = PLANE('',#5021);
#5021 = AXIS2_PLACEMENT_3D('',#5022,#5023,#5024);
#5022 = CARTESIAN_POINT('',(20.382276003804,13.570767568938,
    0.896253211245));
#5023 = DIRECTION('',(-0.766046824921,-0.642783851835,
    -1.087128687427E-03));
#5024 = DIRECTION('',(0.642784231672,-0.766047277597,0.));
#5025 = ADVANCED_FACE('',(#5026),#5036,.T.);
#5026 = FACE_BOUND('',#5027,.T.);
#5027 = EDGE_LOOP('',(#5028,#5029,#5030));
#5028 = ORIENTED_EDGE('',*,*,#1021,.T.);
#5029 = ORIENTED_EDGE('',*,*,#1075,.F.);
#5030 = ORIENTED_EDGE('',*,*,#5031,.T.);
#5031 = EDGE_CURVE('',#1068,#1022,#5032,.T.);
#5032 = LINE('',#5033,#5034);
#5033 = CARTESIAN_POINT('',(-20.12940979003,13.732962608337,1.75));
#5034 = VECTOR('',#5035,1.);
#5035 = DIRECTION('',(-0.939692746609,-0.342019797629,0.));
#5036 = PLANE('',#5037);
#5037 = AXIS2_PLACEMENT_3D('',#5038,#5039,#5040);
#5038 = CARTESIAN_POINT('',(-20.17067738067,13.718930695325,
    0.896253103686));
#5039 = DIRECTION('',(0.342019595297,-0.939692190708,-1.087729365355E-03
    ));
#5040 = DIRECTION('',(-0.939692746609,-0.342019797629,0.));
#5041 = ADVANCED_FACE('',(#5042),#5052,.T.);
#5042 = FACE_BOUND('',#5043,.T.);
#5043 = EDGE_LOOP('',(#5044,#5045,#5046));
#5044 = ORIENTED_EDGE('',*,*,#1090,.T.);
#5045 = ORIENTED_EDGE('',*,*,#1052,.F.);
#5046 = ORIENTED_EDGE('',*,*,#5047,.T.);
#5047 = EDGE_CURVE('',#1045,#1091,#5048,.T.);
#5048 = LINE('',#5049,#5050);
#5049 = CARTESIAN_POINT('',(20.353553771973,13.603553771973,1.75));
#5050 = VECTOR('',#5051,1.);
#5051 = DIRECTION('',(-0.766042756565,0.642789619638,0.));
#5052 = PLANE('',#5053);
#5053 = AXIS2_PLACEMENT_3D('',#5054,#5055,#5056);
#5054 = CARTESIAN_POINT('',(20.320767813357,13.632276003875,
    0.896253037536));
#5055 = DIRECTION('',(-0.64278923992,-0.766042304037,-1.086953542517E-03
    ));
#5056 = DIRECTION('',(-0.766042756565,0.642789619638,0.));
#5057 = ADVANCED_FACE('',(#5058),#5068,.T.);
#5058 = FACE_BOUND('',#5059,.T.);
#5059 = EDGE_LOOP('',(#5060,#5061,#5062));
#5060 = ORIENTED_EDGE('',*,*,#1067,.T.);
#5061 = ORIENTED_EDGE('',*,*,#1121,.F.);
#5062 = ORIENTED_EDGE('',*,*,#5063,.T.);
#5063 = EDGE_CURVE('',#1114,#1068,#5064,.T.);
#5064 = LINE('',#5065,#5066);
#5065 = CARTESIAN_POINT('',(-20.04357719421,13.748097419739,1.75));
#5066 = VECTOR('',#5067,1.);
#5067 = DIRECTION('',(-0.984807343062,-0.173650502593,0.));
#5068 = PLANE('',#5069);
#5069 = AXIS2_PLACEMENT_3D('',#5070,#5071,#5072);
#5070 = CARTESIAN_POINT('',(-20.08665493547,13.741444240158,
    0.896253334419));
#5071 = DIRECTION('',(0.173650399926,-0.984806760816,-1.087407779028E-03
    ));
#5072 = DIRECTION('',(-0.984807343062,-0.173650502593,2.710505431214E-20
    ));
#5073 = ADVANCED_FACE('',(#5074),#5084,.T.);
#5074 = FACE_BOUND('',#5075,.T.);
#5075 = EDGE_LOOP('',(#5076,#5077,#5078));
#5076 = ORIENTED_EDGE('',*,*,#1136,.T.);
#5077 = ORIENTED_EDGE('',*,*,#1098,.F.);
#5078 = ORIENTED_EDGE('',*,*,#5079,.T.);
#5079 = EDGE_CURVE('',#1091,#1137,#5080,.T.);
#5080 = LINE('',#5081,#5082);
#5081 = CARTESIAN_POINT('',(20.28678894043,13.659576416016,1.75));
#5082 = VECTOR('',#5083,1.);
#5083 = DIRECTION('',(-0.866029973201,0.499992085455,0.));
#5084 = PLANE('',#5085);
#5085 = AXIS2_PLACEMENT_3D('',#5086,#5087,#5088);
#5086 = CARTESIAN_POINT('',(20.249513046215,13.682168973917,
    0.896253103722));
#5087 = DIRECTION('',(-0.499991789968,-0.866029461391,
    -1.087183665619E-03));
#5088 = DIRECTION('',(-0.866029973201,0.499992085455,-5.421010862428E-20
    ));
#5089 = ADVANCED_FACE('',(#5090),#5108,.T.);
#5090 = FACE_BOUND('',#5091,.T.);
#5091 = EDGE_LOOP('',(#5092,#5100,#5106,#5107));
#5092 = ORIENTED_EDGE('',*,*,#5093,.F.);
#5093 = EDGE_CURVE('',#5094,#1159,#5096,.T.);
#5094 = VERTEX_POINT('',#5095);
#5095 = CARTESIAN_POINT('',(-20.04357719421,13.748097419739,5.25));
#5096 = LINE('',#5097,#5098);
#5097 = CARTESIAN_POINT('',(-20.04357719421,13.748097419739,5.25));
#5098 = VECTOR('',#5099,1.);
#5099 = DIRECTION('',(2.489352243166E-02,1.086851167575E-03,
    0.999689517448));
#5100 = ORIENTED_EDGE('',*,*,#5101,.T.);
#5101 = EDGE_CURVE('',#5094,#1114,#5102,.T.);
#5102 = LINE('',#5103,#5104);
#5103 = CARTESIAN_POINT('',(-20.04357719421,13.748097419739,5.25));
#5104 = VECTOR('',#5105,1.);
#5105 = DIRECTION('',(0.,0.,-1.));
#5106 = ORIENTED_EDGE('',*,*,#1113,.T.);
#5107 = ORIENTED_EDGE('',*,*,#1158,.T.);
#5108 = PLANE('',#5109);
#5109 = AXIS2_PLACEMENT_3D('',#5110,#5111,#5112);
#5110 = CARTESIAN_POINT('',(-20.01634187074,13.749286513938,3.5));
#5111 = DIRECTION('',(4.361844627363E-02,-0.99904826267,0.));
#5112 = DIRECTION('',(-0.99904826267,-4.361844627363E-02,0.));
#5113 = ADVANCED_FACE('',(#5114),#5124,.T.);
#5114 = FACE_BOUND('',#5115,.T.);
#5115 = EDGE_LOOP('',(#5116,#5117,#5118));
#5116 = ORIENTED_EDGE('',*,*,#1190,.T.);
#5117 = ORIENTED_EDGE('',*,*,#1144,.F.);
#5118 = ORIENTED_EDGE('',*,*,#5119,.T.);
#5119 = EDGE_CURVE('',#1137,#1191,#5120,.T.);
#5120 = LINE('',#5121,#5122);
#5121 = CARTESIAN_POINT('',(20.211309432983,13.703153610229,1.75));
#5122 = VECTOR('',#5123,1.);
#5123 = DIRECTION('',(-0.939692746609,0.342019797629,0.));
#5124 = PLANE('',#5125);
#5125 = AXIS2_PLACEMENT_3D('',#5126,#5127,#5128);
#5126 = CARTESIAN_POINT('',(20.170677380674,13.718930695325,
    0.896253103686));
#5127 = DIRECTION('',(-0.342019595297,-0.939692190708,
    -1.087729365355E-03));
#5128 = DIRECTION('',(-0.939692746609,0.342019797629,-5.421010862428E-20
    ));
#5129 = ADVANCED_FACE('',(#5130),#5140,.T.);
#5130 = FACE_BOUND('',#5131,.T.);
#5131 = EDGE_LOOP('',(#5132,#5133,#5134));
#5132 = ORIENTED_EDGE('',*,*,#1253,.F.);
#5133 = ORIENTED_EDGE('',*,*,#1198,.F.);
#5134 = ORIENTED_EDGE('',*,*,#5135,.T.);
#5135 = EDGE_CURVE('',#1191,#1254,#5136,.T.);
#5136 = LINE('',#5137,#5138);
#5137 = CARTESIAN_POINT('',(20.129409790039,13.732962608337,1.75));
#5138 = VECTOR('',#5139,1.);
#5139 = DIRECTION('',(-0.984807343062,0.173650502593,0.));
#5140 = PLANE('',#5141);
#5141 = AXIS2_PLACEMENT_3D('',#5142,#5143,#5144);
#5142 = CARTESIAN_POINT('',(20.086654935472,13.741444240158,
    0.896253334419));
#5143 = DIRECTION('',(-0.173650399926,-0.984806760816,
    -1.087407779028E-03));
#5144 = DIRECTION('',(-0.984807343062,0.173650502593,-2.710505431214E-20
    ));
#5145 = ADVANCED_FACE('',(#5146),#5157,.T.);
#5146 = FACE_BOUND('',#5147,.T.);
#5147 = EDGE_LOOP('',(#5148,#5149,#5150,#5151));
#5148 = ORIENTED_EDGE('',*,*,#1220,.F.);
#5149 = ORIENTED_EDGE('',*,*,#1285,.F.);
#5150 = ORIENTED_EDGE('',*,*,#1330,.F.);
#5151 = ORIENTED_EDGE('',*,*,#5152,.F.);
#5152 = EDGE_CURVE('',#1221,#1331,#5153,.T.);
#5153 = LINE('',#5154,#5155);
#5154 = CARTESIAN_POINT('',(-4.730000019073,8.979999542236,2.));
#5155 = VECTOR('',#5156,1.);
#5156 = DIRECTION('',(1.,0.,0.));
#5157 = PLANE('',#5158);
#5158 = AXIS2_PLACEMENT_3D('',#5159,#5160,#5161);
#5159 = CARTESIAN_POINT('',(-4.02999997139,7.739999771118,2.));
#5160 = DIRECTION('',(0.,0.,1.));
#5161 = DIRECTION('',(1.,0.,0.));
#5162 = ADVANCED_FACE('',(#5163),#5281,.T.);
#5163 = FACE_BOUND('',#5164,.T.);
#5164 = EDGE_LOOP('',(#5165,#5166,#5172,#5173,#5179,#5180,#5186,#5187,
    #5188,#5189,#5190,#5191,#5197,#5198,#5204,#5205,#5211,#5212,#5218,
    #5219,#5225,#5226,#5232,#5233,#5239,#5240,#5246,#5247,#5253,#5254,
    #5260,#5261,#5267,#5268,#5274,#5275));
#5165 = ORIENTED_EDGE('',*,*,#1859,.T.);
#5166 = ORIENTED_EDGE('',*,*,#5167,.T.);
#5167 = EDGE_CURVE('',#1852,#1691,#5168,.T.);
#5168 = LINE('',#5169,#5170);
#5169 = CARTESIAN_POINT('',(14.010000228882,8.979999542236,2.));
#5170 = VECTOR('',#5171,1.);
#5171 = DIRECTION('',(1.,0.,0.));
#5172 = ORIENTED_EDGE('',*,*,#1732,.F.);
#5173 = ORIENTED_EDGE('',*,*,#5174,.F.);
#5174 = EDGE_CURVE('',#1549,#1725,#5175,.T.);
#5175 = LINE('',#5176,#5177);
#5176 = CARTESIAN_POINT('',(16.549999237061,8.979999542236,
    5.400000095367));
#5177 = VECTOR('',#5178,1.);
#5178 = DIRECTION('',(-1.,0.,0.));
#5179 = ORIENTED_EDGE('',*,*,#1548,.F.);
#5180 = ORIENTED_EDGE('',*,*,#5181,.T.);
#5181 = EDGE_CURVE('',#1541,#1387,#5182,.T.);
#5182 = LINE('',#5183,#5184);
#5183 = CARTESIAN_POINT('',(16.549999237061,8.979999542236,2.));
#5184 = VECTOR('',#5185,1.);
#5185 = DIRECTION('',(1.,0.,0.));
#5186 = ORIENTED_EDGE('',*,*,#1412,.F.);
#5187 = ORIENTED_EDGE('',*,*,#3605,.F.);
#5188 = ORIENTED_EDGE('',*,*,#1228,.F.);
#5189 = ORIENTED_EDGE('',*,*,#5152,.T.);
#5190 = ORIENTED_EDGE('',*,*,#1372,.F.);
#5191 = ORIENTED_EDGE('',*,*,#5192,.F.);
#5192 = EDGE_CURVE('',#1493,#1365,#5193,.T.);
#5193 = LINE('',#5194,#5195);
#5194 = CARTESIAN_POINT('',(-1.230000019073,8.979999542236,
    5.400000095367));
#5195 = VECTOR('',#5196,1.);
#5196 = DIRECTION('',(-1.,0.,0.));
#5197 = ORIENTED_EDGE('',*,*,#1492,.F.);
#5198 = ORIENTED_EDGE('',*,*,#5199,.F.);
#5199 = EDGE_CURVE('',#1635,#1485,#5200,.T.);
#5200 = LINE('',#5201,#5202);
#5201 = CARTESIAN_POINT('',(-0.790000021458,8.979999542236,2.));
#5202 = VECTOR('',#5203,1.);
#5203 = DIRECTION('',(-1.,0.,0.));
#5204 = ORIENTED_EDGE('',*,*,#1676,.F.);
#5205 = ORIENTED_EDGE('',*,*,#5206,.F.);
#5206 = EDGE_CURVE('',#1813,#1669,#5207,.T.);
#5207 = LINE('',#5208,#5209);
#5208 = CARTESIAN_POINT('',(1.30999994278,8.979999542236,5.400000095367)
  );
#5209 = VECTOR('',#5210,1.);
#5210 = DIRECTION('',(-1.,0.,0.));
#5211 = ORIENTED_EDGE('',*,*,#1812,.F.);
#5212 = ORIENTED_EDGE('',*,*,#5213,.T.);
#5213 = EDGE_CURVE('',#1805,#1955,#5214,.T.);
#5214 = LINE('',#5215,#5216);
#5215 = CARTESIAN_POINT('',(1.30999994278,8.979999542236,2.));
#5216 = VECTOR('',#5217,1.);
#5217 = DIRECTION('',(1.,0.,0.));
#5218 = ORIENTED_EDGE('',*,*,#1996,.F.);
#5219 = ORIENTED_EDGE('',*,*,#5220,.F.);
#5220 = EDGE_CURVE('',#2131,#1989,#5221,.T.);
#5221 = LINE('',#5222,#5223);
#5222 = CARTESIAN_POINT('',(3.849999904633,8.979999542236,5.400000095367
    ));
#5223 = VECTOR('',#5224,1.);
#5224 = DIRECTION('',(-1.,0.,0.));
#5225 = ORIENTED_EDGE('',*,*,#2130,.T.);
#5226 = ORIENTED_EDGE('',*,*,#5227,.T.);
#5227 = EDGE_CURVE('',#2123,#2275,#5228,.T.);
#5228 = LINE('',#5229,#5230);
#5229 = CARTESIAN_POINT('',(3.849999904633,8.979999542236,2.));
#5230 = VECTOR('',#5231,1.);
#5231 = DIRECTION('',(1.,0.,0.));
#5232 = ORIENTED_EDGE('',*,*,#2316,.T.);
#5233 = ORIENTED_EDGE('',*,*,#5234,.F.);
#5234 = EDGE_CURVE('',#2451,#2309,#5235,.T.);
#5235 = LINE('',#5236,#5237);
#5236 = CARTESIAN_POINT('',(6.389999866486,8.979999542236,5.400000095367
    ));
#5237 = VECTOR('',#5238,1.);
#5238 = DIRECTION('',(-1.,0.,0.));
#5239 = ORIENTED_EDGE('',*,*,#2450,.T.);
#5240 = ORIENTED_EDGE('',*,*,#5241,.T.);
#5241 = EDGE_CURVE('',#2443,#2595,#5242,.T.);
#5242 = LINE('',#5243,#5244);
#5243 = CARTESIAN_POINT('',(6.389999866486,8.979999542236,2.));
#5244 = VECTOR('',#5245,1.);
#5245 = DIRECTION('',(1.,0.,0.));
#5246 = ORIENTED_EDGE('',*,*,#2629,.T.);
#5247 = ORIENTED_EDGE('',*,*,#5248,.F.);
#5248 = EDGE_CURVE('',#2500,#2622,#5249,.T.);
#5249 = LINE('',#5250,#5251);
#5250 = CARTESIAN_POINT('',(8.930000305176,8.979999542236,5.400000095367
    ));
#5251 = VECTOR('',#5252,1.);
#5252 = DIRECTION('',(-1.,0.,0.));
#5253 = ORIENTED_EDGE('',*,*,#2499,.T.);
#5254 = ORIENTED_EDGE('',*,*,#5255,.T.);
#5255 = EDGE_CURVE('',#2492,#2331,#5256,.T.);
#5256 = LINE('',#5257,#5258);
#5257 = CARTESIAN_POINT('',(8.930000305176,8.979999542236,2.));
#5258 = VECTOR('',#5259,1.);
#5259 = DIRECTION('',(1.,0.,0.));
#5260 = ORIENTED_EDGE('',*,*,#2372,.T.);
#5261 = ORIENTED_EDGE('',*,*,#5262,.F.);
#5262 = EDGE_CURVE('',#2180,#2365,#5263,.T.);
#5263 = LINE('',#5264,#5265);
#5264 = CARTESIAN_POINT('',(11.470000267029,8.979999542236,
    5.400000095367));
#5265 = VECTOR('',#5266,1.);
#5266 = DIRECTION('',(-1.,0.,0.));
#5267 = ORIENTED_EDGE('',*,*,#2179,.T.);
#5268 = ORIENTED_EDGE('',*,*,#5269,.T.);
#5269 = EDGE_CURVE('',#2172,#2011,#5270,.T.);
#5270 = LINE('',#5271,#5272);
#5271 = CARTESIAN_POINT('',(11.470000267029,8.979999542236,2.));
#5272 = VECTOR('',#5273,1.);
#5273 = DIRECTION('',(1.,0.,0.));
#5274 = ORIENTED_EDGE('',*,*,#2052,.T.);
#5275 = ORIENTED_EDGE('',*,*,#5276,.F.);
#5276 = EDGE_CURVE('',#1860,#2045,#5277,.T.);
#5277 = LINE('',#5278,#5279);
#5278 = CARTESIAN_POINT('',(14.010000228882,8.979999542236,
    5.400000095367));
#5279 = VECTOR('',#5280,1.);
#5280 = DIRECTION('',(-1.,0.,0.));
#5281 = PLANE('',#5282);
#5282 = AXIS2_PLACEMENT_3D('',#5283,#5284,#5285);
#5283 = CARTESIAN_POINT('',(6.610000163295,8.979999542236,4.623906736915
    ));
#5284 = DIRECTION('',(-0.,-1.,-0.));
#5285 = DIRECTION('',(0.,0.,-1.));
#5286 = ADVANCED_FACE('',(#5287),#5305,.T.);
#5287 = FACE_BOUND('',#5288,.T.);
#5288 = EDGE_LOOP('',(#5289,#5290,#5298,#5304));
#5289 = ORIENTED_EDGE('',*,*,#1261,.F.);
#5290 = ORIENTED_EDGE('',*,*,#5291,.T.);
#5291 = EDGE_CURVE('',#1254,#5292,#5294,.T.);
#5292 = VERTEX_POINT('',#5293);
#5293 = CARTESIAN_POINT('',(20.043577194214,13.748097419739,5.25));
#5294 = LINE('',#5295,#5296);
#5295 = CARTESIAN_POINT('',(20.043577194214,13.748097419739,1.75));
#5296 = VECTOR('',#5297,1.);
#5297 = DIRECTION('',(0.,0.,1.));
#5298 = ORIENTED_EDGE('',*,*,#5299,.T.);
#5299 = EDGE_CURVE('',#5292,#1300,#5300,.T.);
#5300 = LINE('',#5301,#5302);
#5301 = CARTESIAN_POINT('',(20.043577194214,13.748097419739,5.25));
#5302 = VECTOR('',#5303,1.);
#5303 = DIRECTION('',(-2.489352243166E-02,1.086851167575E-03,
    0.999689517448));
#5304 = ORIENTED_EDGE('',*,*,#1299,.T.);
#5305 = PLANE('',#5306);
#5306 = AXIS2_PLACEMENT_3D('',#5307,#5308,#5309);
#5307 = CARTESIAN_POINT('',(20.01634187074,13.749286513938,3.5));
#5308 = DIRECTION('',(-4.361844627363E-02,-0.99904826267,-0.));
#5309 = DIRECTION('',(-0.99904826267,4.361844627363E-02,0.));
#5310 = ADVANCED_FACE('',(#5311),#5322,.T.);
#5311 = FACE_BOUND('',#5312,.T.);
#5312 = EDGE_LOOP('',(#5313,#5314,#5315,#5321));
#5313 = ORIENTED_EDGE('',*,*,#4213,.F.);
#5314 = ORIENTED_EDGE('',*,*,#1508,.T.);
#5315 = ORIENTED_EDGE('',*,*,#5316,.T.);
#5316 = EDGE_CURVE('',#1501,#1357,#5317,.T.);
#5317 = LINE('',#5318,#5319);
#5318 = CARTESIAN_POINT('',(-1.230000019073,10.380000114441,
    5.400000095367));
#5319 = VECTOR('',#5320,1.);
#5320 = DIRECTION('',(-1.,0.,0.));
#5321 = ORIENTED_EDGE('',*,*,#1356,.T.);
#5322 = PLANE('',#5323);
#5323 = AXIS2_PLACEMENT_3D('',#5324,#5325,#5326);
#5324 = CARTESIAN_POINT('',(-2.27999997139,10.380000114441,
    6.200000047684));
#5325 = DIRECTION('',(0.,1.,0.));
#5326 = DIRECTION('',(0.,0.,1.));
#5327 = ADVANCED_FACE('',(#5328),#5334,.T.);
#5328 = FACE_BOUND('',#5329,.T.);
#5329 = EDGE_LOOP('',(#5330,#5331,#5332,#5333));
#5330 = ORIENTED_EDGE('',*,*,#1364,.F.);
#5331 = ORIENTED_EDGE('',*,*,#5316,.F.);
#5332 = ORIENTED_EDGE('',*,*,#1500,.F.);
#5333 = ORIENTED_EDGE('',*,*,#5192,.T.);
#5334 = PLANE('',#5335);
#5335 = AXIS2_PLACEMENT_3D('',#5336,#5337,#5338);
#5336 = CARTESIAN_POINT('',(-2.27999997139,9.679999828339,5.400000095367
    ));
#5337 = DIRECTION('',(-0.,-0.,-1.));
#5338 = DIRECTION('',(-1.,0.,0.));
#5339 = ADVANCED_FACE('',(#5340),#5346,.T.);
#5340 = FACE_BOUND('',#5341,.T.);
#5341 = EDGE_LOOP('',(#5342,#5343,#5344,#5345));
#5342 = ORIENTED_EDGE('',*,*,#1540,.F.);
#5343 = ORIENTED_EDGE('',*,*,#1450,.T.);
#5344 = ORIENTED_EDGE('',*,*,#1386,.F.);
#5345 = ORIENTED_EDGE('',*,*,#5181,.F.);
#5346 = PLANE('',#5347);
#5347 = AXIS2_PLACEMENT_3D('',#5348,#5349,#5350);
#5348 = CARTESIAN_POINT('',(17.25,7.739999771118,2.));
#5349 = DIRECTION('',(0.,0.,1.));
#5350 = DIRECTION('',(1.,0.,0.));
#5351 = ADVANCED_FACE('',(#5352),#5358,.T.);
#5352 = FACE_BOUND('',#5353,.T.);
#5353 = EDGE_LOOP('',(#5354,#5355,#5356,#5357));
#5354 = ORIENTED_EDGE('',*,*,#1484,.F.);
#5355 = ORIENTED_EDGE('',*,*,#1595,.T.);
#5356 = ORIENTED_EDGE('',*,*,#1634,.F.);
#5357 = ORIENTED_EDGE('',*,*,#5199,.T.);
#5358 = PLANE('',#5359);
#5359 = AXIS2_PLACEMENT_3D('',#5360,#5361,#5362);
#5360 = CARTESIAN_POINT('',(-1.010000020266,7.739999771118,2.));
#5361 = DIRECTION('',(0.,0.,1.));
#5362 = DIRECTION('',(1.,0.,0.));
#5363 = ADVANCED_FACE('',(#5364),#5375,.T.);
#5364 = FACE_BOUND('',#5365,.T.);
#5365 = EDGE_LOOP('',(#5366,#5367,#5373,#5374));
#5366 = ORIENTED_EDGE('',*,*,#1724,.F.);
#5367 = ORIENTED_EDGE('',*,*,#5368,.F.);
#5368 = EDGE_CURVE('',#1557,#1717,#5369,.T.);
#5369 = LINE('',#5370,#5371);
#5370 = CARTESIAN_POINT('',(16.549999237061,10.380000114441,
    5.400000095367));
#5371 = VECTOR('',#5372,1.);
#5372 = DIRECTION('',(-1.,0.,0.));
#5373 = ORIENTED_EDGE('',*,*,#1556,.F.);
#5374 = ORIENTED_EDGE('',*,*,#5174,.T.);
#5375 = PLANE('',#5376);
#5376 = AXIS2_PLACEMENT_3D('',#5377,#5378,#5379);
#5377 = CARTESIAN_POINT('',(15.499999523163,9.679999828339,
    5.400000095367));
#5378 = DIRECTION('',(-0.,-0.,-1.));
#5379 = DIRECTION('',(-1.,0.,0.));
#5380 = ADVANCED_FACE('',(#5381),#5387,.T.);
#5381 = FACE_BOUND('',#5382,.T.);
#5382 = EDGE_LOOP('',(#5383,#5384,#5385,#5386));
#5383 = ORIENTED_EDGE('',*,*,#4255,.F.);
#5384 = ORIENTED_EDGE('',*,*,#1564,.T.);
#5385 = ORIENTED_EDGE('',*,*,#5368,.T.);
#5386 = ORIENTED_EDGE('',*,*,#1716,.F.);
#5387 = PLANE('',#5388);
#5388 = AXIS2_PLACEMENT_3D('',#5389,#5390,#5391);
#5389 = CARTESIAN_POINT('',(15.499999523163,10.380000114441,
    6.200000047684));
#5390 = DIRECTION('',(0.,1.,0.));
#5391 = DIRECTION('',(0.,0.,1.));
#5392 = ADVANCED_FACE('',(#5393),#5404,.T.);
#5393 = FACE_BOUND('',#5394,.T.);
#5394 = EDGE_LOOP('',(#5395,#5396,#5397,#5403));
#5395 = ORIENTED_EDGE('',*,*,#4078,.F.);
#5396 = ORIENTED_EDGE('',*,*,#1828,.T.);
#5397 = ORIENTED_EDGE('',*,*,#5398,.T.);
#5398 = EDGE_CURVE('',#1821,#1661,#5399,.T.);
#5399 = LINE('',#5400,#5401);
#5400 = CARTESIAN_POINT('',(1.30999994278,10.380000114441,5.400000095367
    ));
#5401 = VECTOR('',#5402,1.);
#5402 = DIRECTION('',(-1.,0.,0.));
#5403 = ORIENTED_EDGE('',*,*,#1660,.F.);
#5404 = PLANE('',#5405);
#5405 = AXIS2_PLACEMENT_3D('',#5406,#5407,#5408);
#5406 = CARTESIAN_POINT('',(0.259999960661,10.380000114441,
    6.200000047684));
#5407 = DIRECTION('',(0.,1.,0.));
#5408 = DIRECTION('',(0.,0.,1.));
#5409 = ADVANCED_FACE('',(#5410),#5416,.T.);
#5410 = FACE_BOUND('',#5411,.T.);
#5411 = EDGE_LOOP('',(#5412,#5413,#5414,#5415));
#5412 = ORIENTED_EDGE('',*,*,#1668,.F.);
#5413 = ORIENTED_EDGE('',*,*,#5398,.F.);
#5414 = ORIENTED_EDGE('',*,*,#1820,.F.);
#5415 = ORIENTED_EDGE('',*,*,#5206,.T.);
#5416 = PLANE('',#5417);
#5417 = AXIS2_PLACEMENT_3D('',#5418,#5419,#5420);
#5418 = CARTESIAN_POINT('',(0.259999960661,9.679999828339,5.400000095367
    ));
#5419 = DIRECTION('',(-0.,-0.,-1.));
#5420 = DIRECTION('',(-1.,0.,0.));
#5421 = ADVANCED_FACE('',(#5422),#5428,.T.);
#5422 = FACE_BOUND('',#5423,.T.);
#5423 = EDGE_LOOP('',(#5424,#5425,#5426,#5427));
#5424 = ORIENTED_EDGE('',*,*,#5167,.F.);
#5425 = ORIENTED_EDGE('',*,*,#1851,.T.);
#5426 = ORIENTED_EDGE('',*,*,#1780,.T.);
#5427 = ORIENTED_EDGE('',*,*,#1690,.F.);
#5428 = PLANE('',#5429);
#5429 = AXIS2_PLACEMENT_3D('',#5430,#5431,#5432);
#5430 = CARTESIAN_POINT('',(14.230000019073,7.739999771118,2.));
#5431 = DIRECTION('',(0.,0.,1.));
#5432 = DIRECTION('',(1.,0.,0.));
#5433 = ADVANCED_FACE('',(#5434),#5440,.T.);
#5434 = FACE_BOUND('',#5435,.T.);
#5435 = EDGE_LOOP('',(#5436,#5437,#5438,#5439));
#5436 = ORIENTED_EDGE('',*,*,#1804,.F.);
#5437 = ORIENTED_EDGE('',*,*,#1915,.T.);
#5438 = ORIENTED_EDGE('',*,*,#1954,.F.);
#5439 = ORIENTED_EDGE('',*,*,#5213,.F.);
#5440 = PLANE('',#5441);
#5441 = AXIS2_PLACEMENT_3D('',#5442,#5443,#5444);
#5442 = CARTESIAN_POINT('',(1.52999997139,7.739999771118,2.));
#5443 = DIRECTION('',(0.,0.,1.));
#5444 = DIRECTION('',(1.,0.,0.));
#5445 = ADVANCED_FACE('',(#5446),#5457,.T.);
#5446 = FACE_BOUND('',#5447,.T.);
#5447 = EDGE_LOOP('',(#5448,#5449,#5455,#5456));
#5448 = ORIENTED_EDGE('',*,*,#2044,.T.);
#5449 = ORIENTED_EDGE('',*,*,#5450,.F.);
#5450 = EDGE_CURVE('',#1868,#2037,#5451,.T.);
#5451 = LINE('',#5452,#5453);
#5452 = CARTESIAN_POINT('',(14.010000228882,10.380000114441,
    5.400000095367));
#5453 = VECTOR('',#5454,1.);
#5454 = DIRECTION('',(-1.,0.,0.));
#5455 = ORIENTED_EDGE('',*,*,#1867,.T.);
#5456 = ORIENTED_EDGE('',*,*,#5276,.T.);
#5457 = PLANE('',#5458);
#5458 = AXIS2_PLACEMENT_3D('',#5459,#5460,#5461);
#5459 = CARTESIAN_POINT('',(12.960000038147,9.679999828339,
    5.400000095367));
#5460 = DIRECTION('',(-0.,-0.,-1.));
#5461 = DIRECTION('',(-1.,0.,0.));
#5462 = ADVANCED_FACE('',(#5463),#5469,.T.);
#5463 = FACE_BOUND('',#5464,.T.);
#5464 = EDGE_LOOP('',(#5465,#5466,#5467,#5468));
#5465 = ORIENTED_EDGE('',*,*,#4030,.F.);
#5466 = ORIENTED_EDGE('',*,*,#1875,.T.);
#5467 = ORIENTED_EDGE('',*,*,#5450,.T.);
#5468 = ORIENTED_EDGE('',*,*,#2036,.T.);
#5469 = PLANE('',#5470);
#5470 = AXIS2_PLACEMENT_3D('',#5471,#5472,#5473);
#5471 = CARTESIAN_POINT('',(12.960000038147,10.380000114441,
    6.200000047684));
#5472 = DIRECTION('',(0.,1.,0.));
#5473 = DIRECTION('',(0.,0.,1.));
#5474 = ADVANCED_FACE('',(#5475),#5486,.T.);
#5475 = FACE_BOUND('',#5476,.T.);
#5476 = EDGE_LOOP('',(#5477,#5478,#5479,#5485));
#5477 = ORIENTED_EDGE('',*,*,#4131,.F.);
#5478 = ORIENTED_EDGE('',*,*,#2146,.T.);
#5479 = ORIENTED_EDGE('',*,*,#5480,.T.);
#5480 = EDGE_CURVE('',#2139,#1981,#5481,.T.);
#5481 = LINE('',#5482,#5483);
#5482 = CARTESIAN_POINT('',(3.849999904633,10.380000114441,
    5.400000095367));
#5483 = VECTOR('',#5484,1.);
#5484 = DIRECTION('',(-1.,0.,0.));
#5485 = ORIENTED_EDGE('',*,*,#1980,.F.);
#5486 = PLANE('',#5487);
#5487 = AXIS2_PLACEMENT_3D('',#5488,#5489,#5490);
#5488 = CARTESIAN_POINT('',(2.799999952316,10.380000114441,
    6.200000047684));
#5489 = DIRECTION('',(0.,1.,0.));
#5490 = DIRECTION('',(0.,0.,1.));
#5491 = ADVANCED_FACE('',(#5492),#5498,.T.);
#5492 = FACE_BOUND('',#5493,.T.);
#5493 = EDGE_LOOP('',(#5494,#5495,#5496,#5497));
#5494 = ORIENTED_EDGE('',*,*,#1988,.F.);
#5495 = ORIENTED_EDGE('',*,*,#5480,.F.);
#5496 = ORIENTED_EDGE('',*,*,#2138,.T.);
#5497 = ORIENTED_EDGE('',*,*,#5220,.T.);
#5498 = PLANE('',#5499);
#5499 = AXIS2_PLACEMENT_3D('',#5500,#5501,#5502);
#5500 = CARTESIAN_POINT('',(2.799999952316,9.679999828339,5.400000095367
    ));
#5501 = DIRECTION('',(-0.,-0.,-1.));
#5502 = DIRECTION('',(-1.,0.,0.));
#5503 = ADVANCED_FACE('',(#5504),#5510,.T.);
#5504 = FACE_BOUND('',#5505,.T.);
#5505 = EDGE_LOOP('',(#5506,#5507,#5508,#5509));
#5506 = ORIENTED_EDGE('',*,*,#5269,.F.);
#5507 = ORIENTED_EDGE('',*,*,#2171,.T.);
#5508 = ORIENTED_EDGE('',*,*,#2100,.T.);
#5509 = ORIENTED_EDGE('',*,*,#2010,.F.);
#5510 = PLANE('',#5511);
#5511 = AXIS2_PLACEMENT_3D('',#5512,#5513,#5514);
#5512 = CARTESIAN_POINT('',(11.69000005722,7.739999771118,2.));
#5513 = DIRECTION('',(0.,0.,1.));
#5514 = DIRECTION('',(1.,0.,0.));
#5515 = ADVANCED_FACE('',(#5516),#5522,.T.);
#5516 = FACE_BOUND('',#5517,.T.);
#5517 = EDGE_LOOP('',(#5518,#5519,#5520,#5521));
#5518 = ORIENTED_EDGE('',*,*,#5227,.F.);
#5519 = ORIENTED_EDGE('',*,*,#2122,.T.);
#5520 = ORIENTED_EDGE('',*,*,#2236,.T.);
#5521 = ORIENTED_EDGE('',*,*,#2274,.F.);
#5522 = PLANE('',#5523);
#5523 = AXIS2_PLACEMENT_3D('',#5524,#5525,#5526);
#5524 = CARTESIAN_POINT('',(4.069999933243,7.739999771118,2.));
#5525 = DIRECTION('',(0.,0.,1.));
#5526 = DIRECTION('',(1.,0.,0.));
#5527 = ADVANCED_FACE('',(#5528),#5539,.T.);
#5528 = FACE_BOUND('',#5529,.T.);
#5529 = EDGE_LOOP('',(#5530,#5531,#5537,#5538));
#5530 = ORIENTED_EDGE('',*,*,#2364,.T.);
#5531 = ORIENTED_EDGE('',*,*,#5532,.F.);
#5532 = EDGE_CURVE('',#2188,#2357,#5533,.T.);
#5533 = LINE('',#5534,#5535);
#5534 = CARTESIAN_POINT('',(11.470000267029,10.380000114441,
    5.400000095367));
#5535 = VECTOR('',#5536,1.);
#5536 = DIRECTION('',(-1.,0.,0.));
#5537 = ORIENTED_EDGE('',*,*,#2187,.T.);
#5538 = ORIENTED_EDGE('',*,*,#5262,.T.);
#5539 = PLANE('',#5540);
#5540 = AXIS2_PLACEMENT_3D('',#5541,#5542,#5543);
#5541 = CARTESIAN_POINT('',(10.420000076294,9.679999828339,
    5.400000095367));
#5542 = DIRECTION('',(-0.,-0.,-1.));
#5543 = DIRECTION('',(-1.,0.,0.));
#5544 = ADVANCED_FACE('',(#5545),#5551,.T.);
#5545 = FACE_BOUND('',#5546,.T.);
#5546 = EDGE_LOOP('',(#5547,#5548,#5549,#5550));
#5547 = ORIENTED_EDGE('',*,*,#4019,.F.);
#5548 = ORIENTED_EDGE('',*,*,#2195,.T.);
#5549 = ORIENTED_EDGE('',*,*,#5532,.T.);
#5550 = ORIENTED_EDGE('',*,*,#2356,.T.);
#5551 = PLANE('',#5552);
#5552 = AXIS2_PLACEMENT_3D('',#5553,#5554,#5555);
#5553 = CARTESIAN_POINT('',(10.420000076294,10.380000114441,
    6.200000047684));
#5554 = DIRECTION('',(0.,1.,0.));
#5555 = DIRECTION('',(0.,0.,1.));
#5556 = ADVANCED_FACE('',(#5557),#5568,.T.);
#5557 = FACE_BOUND('',#5558,.T.);
#5558 = EDGE_LOOP('',(#5559,#5560,#5561,#5567));
#5559 = ORIENTED_EDGE('',*,*,#4120,.F.);
#5560 = ORIENTED_EDGE('',*,*,#2466,.T.);
#5561 = ORIENTED_EDGE('',*,*,#5562,.T.);
#5562 = EDGE_CURVE('',#2459,#2301,#5563,.T.);
#5563 = LINE('',#5564,#5565);
#5564 = CARTESIAN_POINT('',(6.389999866486,10.380000114441,
    5.400000095367));
#5565 = VECTOR('',#5566,1.);
#5566 = DIRECTION('',(-1.,0.,0.));
#5567 = ORIENTED_EDGE('',*,*,#2300,.T.);
#5568 = PLANE('',#5569);
#5569 = AXIS2_PLACEMENT_3D('',#5570,#5571,#5572);
#5570 = CARTESIAN_POINT('',(5.339999914169,10.380000114441,
    6.200000047684));
#5571 = DIRECTION('',(0.,1.,0.));
#5572 = DIRECTION('',(0.,0.,1.));
#5573 = ADVANCED_FACE('',(#5574),#5580,.T.);
#5574 = FACE_BOUND('',#5575,.T.);
#5575 = EDGE_LOOP('',(#5576,#5577,#5578,#5579));
#5576 = ORIENTED_EDGE('',*,*,#2308,.T.);
#5577 = ORIENTED_EDGE('',*,*,#5562,.F.);
#5578 = ORIENTED_EDGE('',*,*,#2458,.T.);
#5579 = ORIENTED_EDGE('',*,*,#5234,.T.);
#5580 = PLANE('',#5581);
#5581 = AXIS2_PLACEMENT_3D('',#5582,#5583,#5584);
#5582 = CARTESIAN_POINT('',(5.339999914169,9.679999828339,5.400000095367
    ));
#5583 = DIRECTION('',(-0.,-0.,-1.));
#5584 = DIRECTION('',(-1.,0.,0.));
#5585 = ADVANCED_FACE('',(#5586),#5592,.T.);
#5586 = FACE_BOUND('',#5587,.T.);
#5587 = EDGE_LOOP('',(#5588,#5589,#5590,#5591));
#5588 = ORIENTED_EDGE('',*,*,#5255,.F.);
#5589 = ORIENTED_EDGE('',*,*,#2491,.T.);
#5590 = ORIENTED_EDGE('',*,*,#2420,.T.);
#5591 = ORIENTED_EDGE('',*,*,#2330,.F.);
#5592 = PLANE('',#5593);
#5593 = AXIS2_PLACEMENT_3D('',#5594,#5595,#5596);
#5594 = CARTESIAN_POINT('',(9.150000095367,7.739999771118,2.));
#5595 = DIRECTION('',(0.,0.,1.));
#5596 = DIRECTION('',(1.,0.,0.));
#5597 = ADVANCED_FACE('',(#5598),#5604,.T.);
#5598 = FACE_BOUND('',#5599,.T.);
#5599 = EDGE_LOOP('',(#5600,#5601,#5602,#5603));
#5600 = ORIENTED_EDGE('',*,*,#5241,.F.);
#5601 = ORIENTED_EDGE('',*,*,#2442,.T.);
#5602 = ORIENTED_EDGE('',*,*,#2556,.T.);
#5603 = ORIENTED_EDGE('',*,*,#2594,.F.);
#5604 = PLANE('',#5605);
#5605 = AXIS2_PLACEMENT_3D('',#5606,#5607,#5608);
#5606 = CARTESIAN_POINT('',(6.609999895096,7.739999771118,2.));
#5607 = DIRECTION('',(0.,0.,1.));
#5608 = DIRECTION('',(1.,0.,0.));
#5609 = ADVANCED_FACE('',(#5610),#5621,.T.);
#5610 = FACE_BOUND('',#5611,.T.);
#5611 = EDGE_LOOP('',(#5612,#5613,#5619,#5620));
#5612 = ORIENTED_EDGE('',*,*,#2621,.T.);
#5613 = ORIENTED_EDGE('',*,*,#5614,.F.);
#5614 = EDGE_CURVE('',#2508,#2614,#5615,.T.);
#5615 = LINE('',#5616,#5617);
#5616 = CARTESIAN_POINT('',(8.930000305176,10.380000114441,
    5.400000095367));
#5617 = VECTOR('',#5618,1.);
#5618 = DIRECTION('',(-1.,0.,0.));
#5619 = ORIENTED_EDGE('',*,*,#2507,.T.);
#5620 = ORIENTED_EDGE('',*,*,#5248,.T.);
#5621 = PLANE('',#5622);
#5622 = AXIS2_PLACEMENT_3D('',#5623,#5624,#5625);
#5623 = CARTESIAN_POINT('',(7.880000114441,9.679999828339,5.400000095367
    ));
#5624 = DIRECTION('',(-0.,-0.,-1.));
#5625 = DIRECTION('',(-1.,0.,0.));
#5626 = ADVANCED_FACE('',(#5627),#5633,.T.);
#5627 = FACE_BOUND('',#5628,.T.);
#5628 = EDGE_LOOP('',(#5629,#5630,#5631,#5632));
#5629 = ORIENTED_EDGE('',*,*,#4008,.F.);
#5630 = ORIENTED_EDGE('',*,*,#2515,.T.);
#5631 = ORIENTED_EDGE('',*,*,#5614,.T.);
#5632 = ORIENTED_EDGE('',*,*,#2613,.T.);
#5633 = PLANE('',#5634);
#5634 = AXIS2_PLACEMENT_3D('',#5635,#5636,#5637);
#5635 = CARTESIAN_POINT('',(7.880000114441,10.380000114441,
    6.200000047684));
#5636 = DIRECTION('',(0.,1.,0.));
#5637 = DIRECTION('',(0.,0.,1.));
#5638 = ADVANCED_FACE('',(#5639),#5658,.F.);
#5639 = FACE_BOUND('',#5640,.T.);
#5640 = EDGE_LOOP('',(#5641,#5642,#5650,#5657));
#5641 = ORIENTED_EDGE('',*,*,#2653,.T.);
#5642 = ORIENTED_EDGE('',*,*,#5643,.T.);
#5643 = EDGE_CURVE('',#2644,#5644,#5646,.T.);
#5644 = VERTEX_POINT('',#5645);
#5645 = CARTESIAN_POINT('',(-11.01500000953,8.875,-1.8));
#5646 = LINE('',#5647,#5648);
#5647 = CARTESIAN_POINT('',(-9.815000009535,8.875,-0.6));
#5648 = VECTOR('',#5649,1.);
#5649 = DIRECTION('',(-0.707106781187,0.,-0.707106781187));
#5650 = ORIENTED_EDGE('',*,*,#5651,.F.);
#5651 = EDGE_CURVE('',#5644,#5644,#5652,.T.);
#5652 = CIRCLE('',#5653,1.6);
#5653 = AXIS2_PLACEMENT_3D('',#5654,#5655,#5656);
#5654 = CARTESIAN_POINT('',(-12.61500000953,8.875,-1.8));
#5655 = DIRECTION('',(0.,0.,1.));
#5656 = DIRECTION('',(1.,0.,0.));
#5657 = ORIENTED_EDGE('',*,*,#5643,.F.);
#5658 = CONICAL_SURFACE('',#5659,2.8,0.785398163397);
#5659 = AXIS2_PLACEMENT_3D('',#5660,#5661,#5662);
#5660 = CARTESIAN_POINT('',(-12.61500000953,8.875,-0.6));
#5661 = DIRECTION('',(0.,0.,1.));
#5662 = DIRECTION('',(1.,0.,0.));
#5663 = ADVANCED_FACE('',(#5664),#5674,.T.);
#5664 = FACE_BOUND('',#5665,.T.);
#5665 = EDGE_LOOP('',(#5666,#5667,#5668));
#5666 = ORIENTED_EDGE('',*,*,#2669,.F.);
#5667 = ORIENTED_EDGE('',*,*,#3149,.F.);
#5668 = ORIENTED_EDGE('',*,*,#5669,.T.);
#5669 = EDGE_CURVE('',#3142,#2670,#5670,.T.);
#5670 = LINE('',#5671,#5672);
#5671 = CARTESIAN_POINT('',(-20.49809646606,-13.29357814788,1.75));
#5672 = VECTOR('',#5673,1.);
#5673 = DIRECTION('',(3.252381655819E-03,-2.470448089555E-02,
    -0.999689507116));
#5674 = PLANE('',#5675);
#5675 = AXIS2_PLACEMENT_3D('',#5676,#5677,#5678);
#5676 = CARTESIAN_POINT('',(-20.49712597705,-13.2934931629,
    0.853746806985));
#5677 = DIRECTION('',(0.996193295267,8.716499846328E-02,
    1.08697225703E-03));
#5678 = DIRECTION('',(-8.716504995643E-02,0.996193883773,
    -1.355252715607E-20));
#5679 = ADVANCED_FACE('',(#5680),#5697,.T.);
#5680 = FACE_BOUND('',#5681,.T.);
#5681 = EDGE_LOOP('',(#5682,#5683,#5691));
#5682 = ORIENTED_EDGE('',*,*,#2677,.F.);
#5683 = ORIENTED_EDGE('',*,*,#5684,.F.);
#5684 = EDGE_CURVE('',#5685,#2670,#5687,.T.);
#5685 = VERTEX_POINT('',#5686);
#5686 = CARTESIAN_POINT('',(-20.48296356201,-13.37940979003,1.75));
#5687 = LINE('',#5688,#5689);
#5688 = CARTESIAN_POINT('',(-20.48296356201,-13.37940979003,1.75));
#5689 = VECTOR('',#5690,1.);
#5690 = DIRECTION('',(-5.392307173545E-03,2.432694327414E-02,
    -0.999689513226));
#5691 = ORIENTED_EDGE('',*,*,#5692,.T.);
#5692 = EDGE_CURVE('',#5685,#2678,#5693,.T.);
#5693 = LINE('',#5694,#5695);
#5694 = CARTESIAN_POINT('',(-20.48296356201,-13.37940979003,1.75));
#5695 = VECTOR('',#5696,1.);
#5696 = DIRECTION('',(7.493007952156E-03,-2.376417768511E-02,
    -0.999689511144));
#5697 = PLANE('',#5698);
#5698 = AXIS2_PLACEMENT_3D('',#5699,#5700,#5701);
#5699 = CARTESIAN_POINT('',(-20.48202189,-13.3791575216,0.853747067778)
  );
#5700 = DIRECTION('',(0.965928578403,0.258806488093,1.087724876546E-03)
  );
#5701 = DIRECTION('',(-0.258806641196,0.965929149821,0.));
#5702 = ADVANCED_FACE('',(#5703),#5720,.T.);
#5703 = FACE_BOUND('',#5704,.T.);
#5704 = EDGE_LOOP('',(#5705,#5706,#5714));
#5705 = ORIENTED_EDGE('',*,*,#2685,.F.);
#5706 = ORIENTED_EDGE('',*,*,#5707,.F.);
#5707 = EDGE_CURVE('',#5708,#2678,#5710,.T.);
#5708 = VERTEX_POINT('',#5709);
#5709 = CARTESIAN_POINT('',(-20.45315361022,-13.46130943298,1.75));
#5710 = LINE('',#5711,#5712);
#5711 = CARTESIAN_POINT('',(-20.45315361022,-13.46130943298,1.75));
#5712 = VECTOR('',#5713,1.);
#5713 = DIRECTION('',(-9.535961148704E-03,2.302108719497E-02,
    -0.999689499289));
#5714 = ORIENTED_EDGE('',*,*,#5715,.T.);
#5715 = EDGE_CURVE('',#5708,#2686,#5716,.T.);
#5716 = LINE('',#5717,#5718);
#5717 = CARTESIAN_POINT('',(-20.45315361022,-13.46130943298,1.75));
#5718 = VECTOR('',#5719,1.);
#5719 = DIRECTION('',(1.150591301395E-02,-2.210203082273E-02,
    -0.999689508897));
#5720 = PLANE('',#5721);
#5721 = AXIS2_PLACEMENT_3D('',#5722,#5723,#5724);
#5722 = CARTESIAN_POINT('',(-20.45227054827,-13.46089745125,
    0.853746779219));
#5723 = DIRECTION('',(0.906302491943,0.422628218441,1.087233302355E-03)
  );
#5724 = DIRECTION('',(-0.42262846823,0.906303027602,0.));
#5725 = ADVANCED_FACE('',(#5726),#5736,.T.);
#5726 = FACE_BOUND('',#5727,.T.);
#5727 = EDGE_LOOP('',(#5728,#5729,#5735));
#5728 = ORIENTED_EDGE('',*,*,#3101,.T.);
#5729 = ORIENTED_EDGE('',*,*,#5730,.T.);
#5730 = EDGE_CURVE('',#3094,#4724,#5731,.T.);
#5731 = LINE('',#5732,#5733);
#5732 = CARTESIAN_POINT('',(20.492403030396,-13.33682441711,0.));
#5733 = VECTOR('',#5734,1.);
#5734 = DIRECTION('',(3.252381655819E-03,2.470448089555E-02,
    0.999689507116));
#5735 = ORIENTED_EDGE('',*,*,#4723,.T.);
#5736 = PLANE('',#5737);
#5737 = AXIS2_PLACEMENT_3D('',#5738,#5739,#5740);
#5738 = CARTESIAN_POINT('',(20.497125977059,-13.2934931629,
    0.853746806985));
#5739 = DIRECTION('',(-0.996193295267,8.716499846328E-02,
    1.08697225703E-03));
#5740 = DIRECTION('',(-8.716504995643E-02,-0.996193883773,
    2.710505431214E-20));
#5741 = ADVANCED_FACE('',(#5742),#5759,.T.);
#5742 = FACE_BOUND('',#5743,.T.);
#5743 = EDGE_LOOP('',(#5744,#5745,#5753));
#5744 = ORIENTED_EDGE('',*,*,#2693,.F.);
#5745 = ORIENTED_EDGE('',*,*,#5746,.F.);
#5746 = EDGE_CURVE('',#5747,#2686,#5749,.T.);
#5747 = VERTEX_POINT('',#5748);
#5748 = CARTESIAN_POINT('',(-20.40957641601,-13.53678798675,1.75));
#5749 = LINE('',#5750,#5751);
#5750 = CARTESIAN_POINT('',(-20.40957641601,-13.53678798675,1.75));
#5751 = VECTOR('',#5752,1.);
#5752 = DIRECTION('',(-1.338760933828E-02,2.101517987402E-02,
    -0.999689518866));
#5753 = ORIENTED_EDGE('',*,*,#5754,.T.);
#5754 = EDGE_CURVE('',#5747,#2694,#5755,.T.);
#5755 = LINE('',#5756,#5757);
#5756 = CARTESIAN_POINT('',(-20.40957641601,-13.53678798675,1.75));
#5757 = VECTOR('',#5758,1.);
#5758 = DIRECTION('',(1.516906436205E-02,-1.976870559207E-02,
    -0.999689500678));
#5759 = PLANE('',#5760);
#5760 = AXIS2_PLACEMENT_3D('',#5761,#5762,#5763);
#5761 = CARTESIAN_POINT('',(-20.40877785061,-13.53622923542,
    0.853746977155));
#5762 = DIRECTION('',(0.819156375771,0.573569219433,1.087452404249E-03)
  );
#5763 = DIRECTION('',(-0.573569558571,0.819156860119,1.084202172486E-19)
  );
#5764 = ADVANCED_FACE('',(#5765),#5782,.T.);
#5765 = FACE_BOUND('',#5766,.T.);
#5766 = EDGE_LOOP('',(#5767,#5768,#5776));
#5767 = ORIENTED_EDGE('',*,*,#3093,.T.);
#5768 = ORIENTED_EDGE('',*,*,#5769,.F.);
#5769 = EDGE_CURVE('',#5770,#3086,#5772,.T.);
#5770 = VERTEX_POINT('',#5771);
#5771 = CARTESIAN_POINT('',(20.482963562012,-13.37940979003,1.75));
#5772 = LINE('',#5773,#5774);
#5773 = CARTESIAN_POINT('',(20.482963562012,-13.37940979003,1.75));
#5774 = VECTOR('',#5775,1.);
#5775 = DIRECTION('',(-7.493007952156E-03,-2.376417768511E-02,
    -0.999689511144));
#5776 = ORIENTED_EDGE('',*,*,#5777,.T.);
#5777 = EDGE_CURVE('',#5770,#3094,#5778,.T.);
#5778 = LINE('',#5779,#5780);
#5779 = CARTESIAN_POINT('',(20.482963562012,-13.37940979003,1.75));
#5780 = VECTOR('',#5781,1.);
#5781 = DIRECTION('',(5.392307173545E-03,2.432694327414E-02,
    -0.999689513226));
#5782 = PLANE('',#5783);
#5783 = AXIS2_PLACEMENT_3D('',#5784,#5785,#5786);
#5784 = CARTESIAN_POINT('',(20.482021890006,-13.3791575216,
    0.853747067778));
#5785 = DIRECTION('',(-0.965928578403,0.258806488093,1.087724876546E-03)
  );
#5786 = DIRECTION('',(-0.258806641196,-0.965929149821,0.));
#5787 = ADVANCED_FACE('',(#5788),#5805,.T.);
#5788 = FACE_BOUND('',#5789,.T.);
#5789 = EDGE_LOOP('',(#5790,#5791,#5799));
#5790 = ORIENTED_EDGE('',*,*,#2701,.F.);
#5791 = ORIENTED_EDGE('',*,*,#5792,.F.);
#5792 = EDGE_CURVE('',#5793,#2694,#5795,.T.);
#5793 = VERTEX_POINT('',#5794);
#5794 = CARTESIAN_POINT('',(-20.35355377197,-13.60355377197,1.75));
#5795 = LINE('',#5796,#5797);
#5796 = CARTESIAN_POINT('',(-20.35355377197,-13.60355377197,1.75));
#5797 = VECTOR('',#5798,1.);
#5798 = DIRECTION('',(-1.683393522353E-02,1.83713256831E-02,
    -0.999689508306));
#5799 = ORIENTED_EDGE('',*,*,#5800,.T.);
#5800 = EDGE_CURVE('',#5793,#2702,#5801,.T.);
#5801 = LINE('',#5802,#5803);
#5802 = CARTESIAN_POINT('',(-20.35355377197,-13.60355377197,1.75));
#5803 = VECTOR('',#5804,1.);
#5804 = DIRECTION('',(1.83713256831E-02,-1.683393522353E-02,
    -0.999689508306));
#5805 = PLANE('',#5806);
#5806 = AXIS2_PLACEMENT_3D('',#5807,#5808,#5809);
#5807 = CARTESIAN_POINT('',(-20.35286461253,-13.60286461253,
    0.853746927528));
#5808 = DIRECTION('',(0.707106363103,0.707106363103,1.087436216451E-03)
  );
#5809 = DIRECTION('',(0.707106781187,-0.707106781187,0.));
#5810 = ADVANCED_FACE('',(#5811),#5828,.T.);
#5811 = FACE_BOUND('',#5812,.T.);
#5812 = EDGE_LOOP('',(#5813,#5814,#5822));
#5813 = ORIENTED_EDGE('',*,*,#3085,.T.);
#5814 = ORIENTED_EDGE('',*,*,#5815,.F.);
#5815 = EDGE_CURVE('',#5816,#3078,#5818,.T.);
#5816 = VERTEX_POINT('',#5817);
#5817 = CARTESIAN_POINT('',(20.453153610229,-13.46130943298,1.75));
#5818 = LINE('',#5819,#5820);
#5819 = CARTESIAN_POINT('',(20.453153610229,-13.46130943298,1.75));
#5820 = VECTOR('',#5821,1.);
#5821 = DIRECTION('',(-1.150591301395E-02,-2.210203082273E-02,
    -0.999689508897));
#5822 = ORIENTED_EDGE('',*,*,#5823,.T.);
#5823 = EDGE_CURVE('',#5816,#3086,#5824,.T.);
#5824 = LINE('',#5825,#5826);
#5825 = CARTESIAN_POINT('',(20.453153610229,-13.46130943298,1.75));
#5826 = VECTOR('',#5827,1.);
#5827 = DIRECTION('',(9.535961148704E-03,2.302108719497E-02,
    -0.999689499289));
#5828 = PLANE('',#5829);
#5829 = AXIS2_PLACEMENT_3D('',#5830,#5831,#5832);
#5830 = CARTESIAN_POINT('',(20.452270548279,-13.46089745125,
    0.853746779219));
#5831 = DIRECTION('',(-0.906302491943,0.422628218441,1.087233302355E-03)
  );
#5832 = DIRECTION('',(-0.42262846823,-0.906303027602,-5.421010862428E-20
    ));
#5833 = ADVANCED_FACE('',(#5834),#5851,.T.);
#5834 = FACE_BOUND('',#5835,.T.);
#5835 = EDGE_LOOP('',(#5836,#5837,#5845));
#5836 = ORIENTED_EDGE('',*,*,#2709,.F.);
#5837 = ORIENTED_EDGE('',*,*,#5838,.F.);
#5838 = EDGE_CURVE('',#5839,#2702,#5841,.T.);
#5839 = VERTEX_POINT('',#5840);
#5840 = CARTESIAN_POINT('',(-20.28678894043,-13.65957641601,1.75));
#5841 = LINE('',#5842,#5843);
#5842 = CARTESIAN_POINT('',(-20.28678894043,-13.65957641601,1.75));
#5843 = VECTOR('',#5844,1.);
#5844 = DIRECTION('',(-1.976816101742E-02,1.516906452541E-02,
    -0.999689511444));
#5845 = ORIENTED_EDGE('',*,*,#5846,.T.);
#5846 = EDGE_CURVE('',#5839,#2710,#5847,.T.);
#5847 = LINE('',#5848,#5849);
#5848 = CARTESIAN_POINT('',(-20.28678894043,-13.65957641601,1.75));
#5849 = VECTOR('',#5850,1.);
#5850 = DIRECTION('',(2.101572426769E-02,-1.338815387491E-02,
    -0.99968950013));
#5851 = PLANE('',#5852);
#5852 = AXIS2_PLACEMENT_3D('',#5853,#5854,#5855);
#5853 = CARTESIAN_POINT('',(-20.28622970033,-13.65877809489,
    0.85374684709));
#5854 = DIRECTION('',(0.573576561733,0.819151234561,1.087541774246E-03)
  );
#5855 = DIRECTION('',(0.819151718986,-0.573576900931,0.));
#5856 = ADVANCED_FACE('',(#5857),#5874,.T.);
#5857 = FACE_BOUND('',#5858,.T.);
#5858 = EDGE_LOOP('',(#5859,#5860,#5868));
#5859 = ORIENTED_EDGE('',*,*,#3077,.T.);
#5860 = ORIENTED_EDGE('',*,*,#5861,.F.);
#5861 = EDGE_CURVE('',#5862,#3070,#5864,.T.);
#5862 = VERTEX_POINT('',#5863);
#5863 = CARTESIAN_POINT('',(20.409576416016,-13.53678798675,1.75));
#5864 = LINE('',#5865,#5866);
#5865 = CARTESIAN_POINT('',(20.409576416016,-13.53678798675,1.75));
#5866 = VECTOR('',#5867,1.);
#5867 = DIRECTION('',(-1.516906436205E-02,-1.976870559207E-02,
    -0.999689500678));
#5868 = ORIENTED_EDGE('',*,*,#5869,.T.);
#5869 = EDGE_CURVE('',#5862,#3078,#5870,.T.);
#5870 = LINE('',#5871,#5872);
#5871 = CARTESIAN_POINT('',(20.409576416016,-13.53678798675,1.75));
#5872 = VECTOR('',#5873,1.);
#5873 = DIRECTION('',(1.338760933828E-02,2.101517987402E-02,
    -0.999689518866));
#5874 = PLANE('',#5875);
#5875 = AXIS2_PLACEMENT_3D('',#5876,#5877,#5878);
#5876 = CARTESIAN_POINT('',(20.408777850617,-13.53622923542,
    0.853746977155));
#5877 = DIRECTION('',(-0.819156375771,0.573569219433,1.087452404249E-03)
  );
#5878 = DIRECTION('',(-0.573569558571,-0.819156860119,0.));
#5879 = ADVANCED_FACE('',(#5880),#5897,.T.);
#5880 = FACE_BOUND('',#5881,.T.);
#5881 = EDGE_LOOP('',(#5882,#5883,#5891));
#5882 = ORIENTED_EDGE('',*,*,#2717,.F.);
#5883 = ORIENTED_EDGE('',*,*,#5884,.F.);
#5884 = EDGE_CURVE('',#5885,#2710,#5887,.T.);
#5885 = VERTEX_POINT('',#5886);
#5886 = CARTESIAN_POINT('',(-20.21130943298,-13.70315361022,1.75));
#5887 = LINE('',#5888,#5889);
#5888 = CARTESIAN_POINT('',(-20.21130943298,-13.70315361022,1.75));
#5889 = VECTOR('',#5890,1.);
#5890 = DIRECTION('',(-2.210203096127E-02,1.150536829852E-02,
    -0.999689515163));
#5891 = ORIENTED_EDGE('',*,*,#5892,.T.);
#5892 = EDGE_CURVE('',#5885,#2718,#5893,.T.);
#5893 = LINE('',#5894,#5895);
#5894 = CARTESIAN_POINT('',(-20.21130943298,-13.70315361022,1.75));
#5895 = VECTOR('',#5896,1.);
#5896 = DIRECTION('',(2.302054269614E-02,-9.535961268298E-03,
    -0.999689511827));
#5897 = PLANE('',#5898);
#5898 = AXIS2_PLACEMENT_3D('',#5899,#5900,#5901);
#5899 = CARTESIAN_POINT('',(-20.21089769566,-13.70227079275,
    0.853747080568));
#5900 = DIRECTION('',(0.422623421993,0.906304729047,1.086871197561E-03)
  );
#5901 = DIRECTION('',(0.906305264352,-0.422623671614,0.));
#5902 = ADVANCED_FACE('',(#5903),#5920,.T.);
#5903 = FACE_BOUND('',#5904,.T.);
#5904 = EDGE_LOOP('',(#5905,#5906,#5914));
#5905 = ORIENTED_EDGE('',*,*,#3069,.T.);
#5906 = ORIENTED_EDGE('',*,*,#5907,.F.);
#5907 = EDGE_CURVE('',#5908,#3062,#5910,.T.);
#5908 = VERTEX_POINT('',#5909);
#5909 = CARTESIAN_POINT('',(20.353553771973,-13.60355377197,1.75));
#5910 = LINE('',#5911,#5912);
#5911 = CARTESIAN_POINT('',(20.353553771973,-13.60355377197,1.75));
#5912 = VECTOR('',#5913,1.);
#5913 = DIRECTION('',(-1.83713256831E-02,-1.683393522353E-02,
    -0.999689508306));
#5914 = ORIENTED_EDGE('',*,*,#5915,.T.);
#5915 = EDGE_CURVE('',#5908,#3070,#5916,.T.);
#5916 = LINE('',#5917,#5918);
#5917 = CARTESIAN_POINT('',(20.353553771973,-13.60355377197,1.75));
#5918 = VECTOR('',#5919,1.);
#5919 = DIRECTION('',(1.683393522353E-02,1.83713256831E-02,
    -0.999689508306));
#5920 = PLANE('',#5921);
#5921 = AXIS2_PLACEMENT_3D('',#5922,#5923,#5924);
#5922 = CARTESIAN_POINT('',(20.352864612533,-13.60286461253,
    0.853746927528));
#5923 = DIRECTION('',(-0.707106363103,0.707106363103,1.087436216451E-03)
  );
#5924 = DIRECTION('',(-0.707106781187,-0.707106781187,
    -1.084202172486E-19));
#5925 = ADVANCED_FACE('',(#5926),#5943,.T.);
#5926 = FACE_BOUND('',#5927,.T.);
#5927 = EDGE_LOOP('',(#5928,#5929,#5937));
#5928 = ORIENTED_EDGE('',*,*,#2725,.F.);
#5929 = ORIENTED_EDGE('',*,*,#5930,.F.);
#5930 = EDGE_CURVE('',#5931,#2718,#5933,.T.);
#5931 = VERTEX_POINT('',#5932);
#5932 = CARTESIAN_POINT('',(-20.12940979003,-13.73296260833,1.75));
#5933 = LINE('',#5934,#5935);
#5934 = CARTESIAN_POINT('',(-20.12940979003,-13.73296260833,1.75));
#5935 = VECTOR('',#5936,1.);
#5936 = DIRECTION('',(-2.376472226199E-02,7.492463098189E-03,
    -0.999689502282));
#5937 = ORIENTED_EDGE('',*,*,#5938,.T.);
#5938 = EDGE_CURVE('',#5931,#2726,#5939,.T.);
#5939 = LINE('',#5940,#5941);
#5940 = CARTESIAN_POINT('',(-20.12940979003,-13.73296260833,1.75));
#5941 = VECTOR('',#5942,1.);
#5942 = DIRECTION('',(2.43269431312E-02,-5.393396716954E-03,
    -0.999689507352));
#5943 = PLANE('',#5944);
#5944 = AXIS2_PLACEMENT_3D('',#5945,#5946,#5947);
#5945 = CARTESIAN_POINT('',(-20.12915776576,-13.73202166866,
    0.853746790029));
#5946 = DIRECTION('',(0.258813962126,0.965926576782,1.086864773683E-03)
  );
#5947 = DIRECTION('',(0.965927147295,-0.258814114991,5.421010862428E-20)
  );
#5948 = ADVANCED_FACE('',(#5949),#5966,.T.);
#5949 = FACE_BOUND('',#5950,.T.);
#5950 = EDGE_LOOP('',(#5951,#5952,#5960));
#5951 = ORIENTED_EDGE('',*,*,#3061,.T.);
#5952 = ORIENTED_EDGE('',*,*,#5953,.F.);
#5953 = EDGE_CURVE('',#5954,#3054,#5956,.T.);
#5954 = VERTEX_POINT('',#5955);
#5955 = CARTESIAN_POINT('',(20.28678894043,-13.65957641601,1.75));
#5956 = LINE('',#5957,#5958);
#5957 = CARTESIAN_POINT('',(20.28678894043,-13.65957641601,1.75));
#5958 = VECTOR('',#5959,1.);
#5959 = DIRECTION('',(-2.101572426769E-02,-1.338815387491E-02,
    -0.99968950013));
#5960 = ORIENTED_EDGE('',*,*,#5961,.T.);
#5961 = EDGE_CURVE('',#5954,#3062,#5962,.T.);
#5962 = LINE('',#5963,#5964);
#5963 = CARTESIAN_POINT('',(20.28678894043,-13.65957641601,1.75));
#5964 = VECTOR('',#5965,1.);
#5965 = DIRECTION('',(1.976816101742E-02,1.516906452541E-02,
    -0.999689511444));
#5966 = PLANE('',#5967);
#5967 = AXIS2_PLACEMENT_3D('',#5968,#5969,#5970);
#5968 = CARTESIAN_POINT('',(20.286229700339,-13.65877809489,
    0.85374684709));
#5969 = DIRECTION('',(-0.573576561733,0.819151234561,1.087541774246E-03)
  );
#5970 = DIRECTION('',(0.819151718986,0.573576900931,0.));
#5971 = ADVANCED_FACE('',(#5972),#5989,.T.);
#5972 = FACE_BOUND('',#5973,.T.);
#5973 = EDGE_LOOP('',(#5974,#5975,#5983));
#5974 = ORIENTED_EDGE('',*,*,#2733,.F.);
#5975 = ORIENTED_EDGE('',*,*,#5976,.T.);
#5976 = EDGE_CURVE('',#2726,#5977,#5979,.T.);
#5977 = VERTEX_POINT('',#5978);
#5978 = CARTESIAN_POINT('',(-20.04357719421,-13.74809741973,1.75));
#5979 = LINE('',#5980,#5981);
#5980 = CARTESIAN_POINT('',(-20.08682441711,-13.74240398407,0.));
#5981 = VECTOR('',#5982,1.);
#5982 = DIRECTION('',(2.470502535059E-02,-3.252381612046E-03,
    0.999689493661));
#5983 = ORIENTED_EDGE('',*,*,#5984,.T.);
#5984 = EDGE_CURVE('',#5977,#2734,#5985,.T.);
#5985 = LINE('',#5986,#5987);
#5986 = CARTESIAN_POINT('',(-20.04357719421,-13.74809741973,1.75));
#5987 = VECTOR('',#5988,1.);
#5988 = DIRECTION('',(2.489352243166E-02,-1.086851167575E-03,
    -0.999689517448));
#5989 = PLANE('',#5990);
#5990 = AXIS2_PLACEMENT_3D('',#5991,#5992,#5993);
#5991 = CARTESIAN_POINT('',(-20.04349269794,-13.74712668652,
    0.853746826755));
#5992 = DIRECTION('',(8.715413943319E-02,0.996194245107,
    1.087196202018E-03));
#5993 = DIRECTION('',(0.996194833856,-8.715419094114E-02,0.));
#5994 = ADVANCED_FACE('',(#5995),#6012,.T.);
#5995 = FACE_BOUND('',#5996,.T.);
#5996 = EDGE_LOOP('',(#5997,#5998,#6006));
#5997 = ORIENTED_EDGE('',*,*,#3053,.T.);
#5998 = ORIENTED_EDGE('',*,*,#5999,.F.);
#5999 = EDGE_CURVE('',#6000,#3046,#6002,.T.);
#6000 = VERTEX_POINT('',#6001);
#6001 = CARTESIAN_POINT('',(20.211309432983,-13.70315361022,1.75));
#6002 = LINE('',#6003,#6004);
#6003 = CARTESIAN_POINT('',(20.211309432983,-13.70315361022,1.75));
#6004 = VECTOR('',#6005,1.);
#6005 = DIRECTION('',(-2.302054269614E-02,-9.535961268298E-03,
    -0.999689511827));
#6006 = ORIENTED_EDGE('',*,*,#6007,.T.);
#6007 = EDGE_CURVE('',#6000,#3054,#6008,.T.);
#6008 = LINE('',#6009,#6010);
#6009 = CARTESIAN_POINT('',(20.211309432983,-13.70315361022,1.75));
#6010 = VECTOR('',#6011,1.);
#6011 = DIRECTION('',(2.210203096127E-02,1.150536829852E-02,
    -0.999689515163));
#6012 = PLANE('',#6013);
#6013 = AXIS2_PLACEMENT_3D('',#6014,#6015,#6016);
#6014 = CARTESIAN_POINT('',(20.210897695667,-13.70227079275,
    0.853747080568));
#6015 = DIRECTION('',(-0.422623421993,0.906304729047,1.086871197561E-03)
  );
#6016 = DIRECTION('',(0.906305264352,0.422623671614,0.));
#6017 = ADVANCED_FACE('',(#6018),#6034,.T.);
#6018 = FACE_BOUND('',#6019,.T.);
#6019 = EDGE_LOOP('',(#6020,#6026,#6027,#6033));
#6020 = ORIENTED_EDGE('',*,*,#6021,.F.);
#6021 = EDGE_CURVE('',#3789,#2734,#6022,.T.);
#6022 = LINE('',#6023,#6024);
#6023 = CARTESIAN_POINT('',(-20.,-13.75,7.));
#6024 = VECTOR('',#6025,1.);
#6025 = DIRECTION('',(0.,0.,-1.));
#6026 = ORIENTED_EDGE('',*,*,#3788,.F.);
#6027 = ORIENTED_EDGE('',*,*,#6028,.T.);
#6028 = EDGE_CURVE('',#3781,#2742,#6029,.T.);
#6029 = LINE('',#6030,#6031);
#6030 = CARTESIAN_POINT('',(-4.730000019073,-13.75,7.));
#6031 = VECTOR('',#6032,1.);
#6032 = DIRECTION('',(0.,0.,-1.));
#6033 = ORIENTED_EDGE('',*,*,#2741,.F.);
#6034 = PLANE('',#6035);
#6035 = AXIS2_PLACEMENT_3D('',#6036,#6037,#6038);
#6036 = CARTESIAN_POINT('',(-12.36500000953,-13.75,3.5));
#6037 = DIRECTION('',(0.,1.,0.));
#6038 = DIRECTION('',(0.,0.,1.));
#6039 = ADVANCED_FACE('',(#6040),#6057,.T.);
#6040 = FACE_BOUND('',#6041,.T.);
#6041 = EDGE_LOOP('',(#6042,#6043,#6051));
#6042 = ORIENTED_EDGE('',*,*,#3045,.T.);
#6043 = ORIENTED_EDGE('',*,*,#6044,.F.);
#6044 = EDGE_CURVE('',#6045,#3038,#6047,.T.);
#6045 = VERTEX_POINT('',#6046);
#6046 = CARTESIAN_POINT('',(20.129409790039,-13.73296260833,1.75));
#6047 = LINE('',#6048,#6049);
#6048 = CARTESIAN_POINT('',(20.129409790039,-13.73296260833,1.75));
#6049 = VECTOR('',#6050,1.);
#6050 = DIRECTION('',(-2.43269431312E-02,-5.393396716954E-03,
    -0.999689507352));
#6051 = ORIENTED_EDGE('',*,*,#6052,.T.);
#6052 = EDGE_CURVE('',#6045,#3046,#6053,.T.);
#6053 = LINE('',#6054,#6055);
#6054 = CARTESIAN_POINT('',(20.129409790039,-13.73296260833,1.75));
#6055 = VECTOR('',#6056,1.);
#6056 = DIRECTION('',(2.376472226199E-02,7.492463098189E-03,
    -0.999689502282));
#6057 = PLANE('',#6058);
#6058 = AXIS2_PLACEMENT_3D('',#6059,#6060,#6061);
#6059 = CARTESIAN_POINT('',(20.129157765764,-13.73202166866,
    0.853746790029));
#6060 = DIRECTION('',(-0.258813962126,0.965926576782,1.086864773683E-03)
  );
#6061 = DIRECTION('',(0.965927147295,0.258814114991,-5.421010862428E-20)
  );
#6062 = ADVANCED_FACE('',(#6063),#6090,.T.);
#6063 = FACE_BOUND('',#6064,.T.);
#6064 = EDGE_LOOP('',(#6065,#6075,#6081,#6082,#6083,#6084));
#6065 = ORIENTED_EDGE('',*,*,#6066,.T.);
#6066 = EDGE_CURVE('',#6067,#6069,#6071,.T.);
#6067 = VERTEX_POINT('',#6068);
#6068 = CARTESIAN_POINT('',(-4.730000019073,-8.979999542236,2.));
#6069 = VERTEX_POINT('',#6070);
#6070 = CARTESIAN_POINT('',(-4.730000019073,-6.5,2.));
#6071 = LINE('',#6072,#6073);
#6072 = CARTESIAN_POINT('',(-4.730000019073,-8.979999542236,2.));
#6073 = VECTOR('',#6074,1.);
#6074 = DIRECTION('',(0.,1.,0.));
#6075 = ORIENTED_EDGE('',*,*,#6076,.F.);
#6076 = EDGE_CURVE('',#2750,#6069,#6077,.T.);
#6077 = LINE('',#6078,#6079);
#6078 = CARTESIAN_POINT('',(-4.730000019073,-6.5,0.));
#6079 = VECTOR('',#6080,1.);
#6080 = DIRECTION('',(0.,0.,1.));
#6081 = ORIENTED_EDGE('',*,*,#2749,.F.);
#6082 = ORIENTED_EDGE('',*,*,#6028,.F.);
#6083 = ORIENTED_EDGE('',*,*,#3780,.F.);
#6084 = ORIENTED_EDGE('',*,*,#6085,.F.);
#6085 = EDGE_CURVE('',#6067,#3773,#6086,.T.);
#6086 = LINE('',#6087,#6088);
#6087 = CARTESIAN_POINT('',(-4.730000019073,-8.979999542236,2.));
#6088 = VECTOR('',#6089,1.);
#6089 = DIRECTION('',(0.,0.,1.));
#6090 = PLANE('',#6091);
#6091 = AXIS2_PLACEMENT_3D('',#6092,#6093,#6094);
#6092 = CARTESIAN_POINT('',(-4.730000019073,-10.56008763898,
    3.064912361011));
#6093 = DIRECTION('',(-1.,-0.,-0.));
#6094 = DIRECTION('',(0.,0.,-1.));
#6095 = ADVANCED_FACE('',(#6096),#6113,.T.);
#6096 = FACE_BOUND('',#6097,.T.);
#6097 = EDGE_LOOP('',(#6098,#6099,#6107));
#6098 = ORIENTED_EDGE('',*,*,#3037,.T.);
#6099 = ORIENTED_EDGE('',*,*,#6100,.F.);
#6100 = EDGE_CURVE('',#6101,#3030,#6103,.T.);
#6101 = VERTEX_POINT('',#6102);
#6102 = CARTESIAN_POINT('',(20.043577194214,-13.74809741973,1.75));
#6103 = LINE('',#6104,#6105);
#6104 = CARTESIAN_POINT('',(20.043577194214,-13.74809741973,1.75));
#6105 = VECTOR('',#6106,1.);
#6106 = DIRECTION('',(-2.489352243166E-02,-1.086851167575E-03,
    -0.999689517448));
#6107 = ORIENTED_EDGE('',*,*,#6108,.T.);
#6108 = EDGE_CURVE('',#6101,#3038,#6109,.T.);
#6109 = LINE('',#6110,#6111);
#6110 = CARTESIAN_POINT('',(20.043577194214,-13.74809741973,1.75));
#6111 = VECTOR('',#6112,1.);
#6112 = DIRECTION('',(2.470502535059E-02,3.252381612046E-03,
    -0.999689493661));
#6113 = PLANE('',#6114);
#6114 = AXIS2_PLACEMENT_3D('',#6115,#6116,#6117);
#6115 = CARTESIAN_POINT('',(20.043492697941,-13.74712668652,
    0.853746826755));
#6116 = DIRECTION('',(-8.715413943319E-02,0.996194245107,
    1.087196202018E-03));
#6117 = DIRECTION('',(0.996194833856,8.715419094114E-02,0.));
#6118 = ADVANCED_FACE('',(#6119),#6137,.T.);
#6119 = FACE_BOUND('',#6120,.T.);
#6120 = EDGE_LOOP('',(#6121,#6122,#6123,#6131));
#6121 = ORIENTED_EDGE('',*,*,#2757,.F.);
#6122 = ORIENTED_EDGE('',*,*,#6076,.T.);
#6123 = ORIENTED_EDGE('',*,*,#6124,.T.);
#6124 = EDGE_CURVE('',#6069,#6125,#6127,.T.);
#6125 = VERTEX_POINT('',#6126);
#6126 = CARTESIAN_POINT('',(-3.329999923706,-6.5,2.));
#6127 = LINE('',#6128,#6129);
#6128 = CARTESIAN_POINT('',(-4.730000019073,-6.5,2.));
#6129 = VECTOR('',#6130,1.);
#6130 = DIRECTION('',(1.,0.,0.));
#6131 = ORIENTED_EDGE('',*,*,#6132,.T.);
#6132 = EDGE_CURVE('',#6125,#2758,#6133,.T.);
#6133 = LINE('',#6134,#6135);
#6134 = CARTESIAN_POINT('',(-3.329999923706,-6.5,2.));
#6135 = VECTOR('',#6136,1.);
#6136 = DIRECTION('',(0.,0.,-1.));
#6137 = PLANE('',#6138);
#6138 = AXIS2_PLACEMENT_3D('',#6139,#6140,#6141);
#6139 = CARTESIAN_POINT('',(-4.342342015219,-6.5,0.312681782211));
#6140 = DIRECTION('',(0.,1.,0.));
#6141 = DIRECTION('',(0.,0.,1.));
#6142 = ADVANCED_FACE('',(#6143),#6159,.T.);
#6143 = FACE_BOUND('',#6144,.T.);
#6144 = EDGE_LOOP('',(#6145,#6151,#6152,#6158));
#6145 = ORIENTED_EDGE('',*,*,#6146,.F.);
#6146 = EDGE_CURVE('',#3030,#3749,#6147,.T.);
#6147 = LINE('',#6148,#6149);
#6148 = CARTESIAN_POINT('',(20.,-13.75,0.));
#6149 = VECTOR('',#6150,1.);
#6150 = DIRECTION('',(0.,0.,1.));
#6151 = ORIENTED_EDGE('',*,*,#3029,.F.);
#6152 = ORIENTED_EDGE('',*,*,#6153,.F.);
#6153 = EDGE_CURVE('',#3757,#3022,#6154,.T.);
#6154 = LINE('',#6155,#6156);
#6155 = CARTESIAN_POINT('',(17.950000762939,-13.75,7.));
#6156 = VECTOR('',#6157,1.);
#6157 = DIRECTION('',(0.,0.,-1.));
#6158 = ORIENTED_EDGE('',*,*,#3756,.F.);
#6159 = PLANE('',#6160);
#6160 = AXIS2_PLACEMENT_3D('',#6161,#6162,#6163);
#6161 = CARTESIAN_POINT('',(18.97500038147,-13.75,3.5));
#6162 = DIRECTION('',(0.,1.,0.));
#6163 = DIRECTION('',(0.,0.,1.));
#6164 = ADVANCED_FACE('',(#6165),#6206,.T.);
#6165 = FACE_BOUND('',#6166,.T.);
#6166 = EDGE_LOOP('',(#6167,#6168,#6176,#6184,#6192,#6198,#6199,#6205));
#6167 = ORIENTED_EDGE('',*,*,#6132,.F.);
#6168 = ORIENTED_EDGE('',*,*,#6169,.F.);
#6169 = EDGE_CURVE('',#6170,#6125,#6172,.T.);
#6170 = VERTEX_POINT('',#6171);
#6171 = CARTESIAN_POINT('',(-3.329999923706,-8.979999542236,2.));
#6172 = LINE('',#6173,#6174);
#6173 = CARTESIAN_POINT('',(-3.329999923706,-8.979999542236,2.));
#6174 = VECTOR('',#6175,1.);
#6175 = DIRECTION('',(0.,1.,0.));
#6176 = ORIENTED_EDGE('',*,*,#6177,.F.);
#6177 = EDGE_CURVE('',#6178,#6170,#6180,.T.);
#6178 = VERTEX_POINT('',#6179);
#6179 = CARTESIAN_POINT('',(-3.329999923706,-8.979999542236,
    5.400000095367));
#6180 = LINE('',#6181,#6182);
#6181 = CARTESIAN_POINT('',(-3.329999923706,-8.979999542236,
    5.400000095367));
#6182 = VECTOR('',#6183,1.);
#6183 = DIRECTION('',(0.,0.,-1.));
#6184 = ORIENTED_EDGE('',*,*,#6185,.F.);
#6185 = EDGE_CURVE('',#6186,#6178,#6188,.T.);
#6186 = VERTEX_POINT('',#6187);
#6187 = CARTESIAN_POINT('',(-3.329999923706,-10.38000011444,
    5.400000095367));
#6188 = LINE('',#6189,#6190);
#6189 = CARTESIAN_POINT('',(-3.329999923706,-10.38000011444,
    5.400000095367));
#6190 = VECTOR('',#6191,1.);
#6191 = DIRECTION('',(0.,1.,0.));
#6192 = ORIENTED_EDGE('',*,*,#6193,.F.);
#6193 = EDGE_CURVE('',#4222,#6186,#6194,.T.);
#6194 = LINE('',#6195,#6196);
#6195 = CARTESIAN_POINT('',(-3.329999923706,-10.38000011444,7.));
#6196 = VECTOR('',#6197,1.);
#6197 = DIRECTION('',(0.,0.,-1.));
#6198 = ORIENTED_EDGE('',*,*,#4247,.F.);
#6199 = ORIENTED_EDGE('',*,*,#6200,.F.);
#6200 = EDGE_CURVE('',#2766,#4240,#6201,.T.);
#6201 = LINE('',#6202,#6203);
#6202 = CARTESIAN_POINT('',(-3.329999923706,-12.47999954223,0.));
#6203 = VECTOR('',#6204,1.);
#6204 = DIRECTION('',(0.,0.,1.));
#6205 = ORIENTED_EDGE('',*,*,#2765,.T.);
#6206 = PLANE('',#6207);
#6207 = AXIS2_PLACEMENT_3D('',#6208,#6209,#6210);
#6208 = CARTESIAN_POINT('',(-3.329999923706,-10.05394426301,
    2.936055508109));
#6209 = DIRECTION('',(1.,0.,0.));
#6210 = DIRECTION('',(0.,0.,1.));
#6211 = ADVANCED_FACE('',(#6212),#6239,.T.);
#6212 = FACE_BOUND('',#6213,.T.);
#6213 = EDGE_LOOP('',(#6214,#6215,#6223,#6231,#6237,#6238));
#6214 = ORIENTED_EDGE('',*,*,#3021,.F.);
#6215 = ORIENTED_EDGE('',*,*,#6216,.T.);
#6216 = EDGE_CURVE('',#3014,#6217,#6219,.T.);
#6217 = VERTEX_POINT('',#6218);
#6218 = CARTESIAN_POINT('',(17.950000762939,-6.5,2.));
#6219 = LINE('',#6220,#6221);
#6220 = CARTESIAN_POINT('',(17.950000762939,-6.5,0.));
#6221 = VECTOR('',#6222,1.);
#6222 = DIRECTION('',(0.,0.,1.));
#6223 = ORIENTED_EDGE('',*,*,#6224,.T.);
#6224 = EDGE_CURVE('',#6217,#6225,#6227,.T.);
#6225 = VERTEX_POINT('',#6226);
#6226 = CARTESIAN_POINT('',(17.950000762939,-8.979999542236,2.));
#6227 = LINE('',#6228,#6229);
#6228 = CARTESIAN_POINT('',(17.950000762939,-6.5,2.));
#6229 = VECTOR('',#6230,1.);
#6230 = DIRECTION('',(0.,-1.,0.));
#6231 = ORIENTED_EDGE('',*,*,#6232,.T.);
#6232 = EDGE_CURVE('',#6225,#3765,#6233,.T.);
#6233 = LINE('',#6234,#6235);
#6234 = CARTESIAN_POINT('',(17.950000762939,-8.979999542236,2.));
#6235 = VECTOR('',#6236,1.);
#6236 = DIRECTION('',(0.,0.,1.));
#6237 = ORIENTED_EDGE('',*,*,#3764,.F.);
#6238 = ORIENTED_EDGE('',*,*,#6153,.T.);
#6239 = PLANE('',#6240);
#6240 = AXIS2_PLACEMENT_3D('',#6241,#6242,#6243);
#6241 = CARTESIAN_POINT('',(17.950000762939,-10.56008763898,
    3.064912361011));
#6242 = DIRECTION('',(1.,0.,0.));
#6243 = DIRECTION('',(0.,0.,1.));
#6244 = ADVANCED_FACE('',(#6245),#6256,.T.);
#6245 = FACE_BOUND('',#6246,.T.);
#6246 = EDGE_LOOP('',(#6247,#6248,#6254,#6255));
#6247 = ORIENTED_EDGE('',*,*,#4239,.F.);
#6248 = ORIENTED_EDGE('',*,*,#6249,.T.);
#6249 = EDGE_CURVE('',#4232,#2774,#6250,.T.);
#6250 = LINE('',#6251,#6252);
#6251 = CARTESIAN_POINT('',(-1.230000019073,-12.47999954223,7.));
#6252 = VECTOR('',#6253,1.);
#6253 = DIRECTION('',(0.,0.,-1.));
#6254 = ORIENTED_EDGE('',*,*,#2773,.T.);
#6255 = ORIENTED_EDGE('',*,*,#6200,.T.);
#6256 = PLANE('',#6257);
#6257 = AXIS2_PLACEMENT_3D('',#6258,#6259,#6260);
#6258 = CARTESIAN_POINT('',(-2.27999997139,-12.47999954223,3.5));
#6259 = DIRECTION('',(0.,1.,0.));
#6260 = DIRECTION('',(0.,0.,1.));
#6261 = ADVANCED_FACE('',(#6262),#6280,.T.);
#6262 = FACE_BOUND('',#6263,.T.);
#6263 = EDGE_LOOP('',(#6264,#6265,#6273,#6279));
#6264 = ORIENTED_EDGE('',*,*,#3013,.F.);
#6265 = ORIENTED_EDGE('',*,*,#6266,.F.);
#6266 = EDGE_CURVE('',#6267,#3006,#6269,.T.);
#6267 = VERTEX_POINT('',#6268);
#6268 = CARTESIAN_POINT('',(16.549999237061,-6.5,2.));
#6269 = LINE('',#6270,#6271);
#6270 = CARTESIAN_POINT('',(16.549999237061,-6.5,2.));
#6271 = VECTOR('',#6272,1.);
#6272 = DIRECTION('',(0.,0.,-1.));
#6273 = ORIENTED_EDGE('',*,*,#6274,.F.);
#6274 = EDGE_CURVE('',#6217,#6267,#6275,.T.);
#6275 = LINE('',#6276,#6277);
#6276 = CARTESIAN_POINT('',(17.950000762939,-6.5,2.));
#6277 = VECTOR('',#6278,1.);
#6278 = DIRECTION('',(-1.,0.,0.));
#6279 = ORIENTED_EDGE('',*,*,#6216,.F.);
#6280 = PLANE('',#6281);
#6281 = AXIS2_PLACEMENT_3D('',#6282,#6283,#6284);
#6282 = CARTESIAN_POINT('',(17.462655367147,-6.5,0.408076294063));
#6283 = DIRECTION('',(0.,1.,0.));
#6284 = DIRECTION('',(0.,0.,1.));
#6285 = ADVANCED_FACE('',(#6286),#6329,.T.);
#6286 = FACE_BOUND('',#6287,.T.);
#6287 = EDGE_LOOP('',(#6288,#6298,#6304,#6305,#6306,#6307,#6315,#6323));
#6288 = ORIENTED_EDGE('',*,*,#6289,.T.);
#6289 = EDGE_CURVE('',#6290,#6292,#6294,.T.);
#6290 = VERTEX_POINT('',#6291);
#6291 = CARTESIAN_POINT('',(-1.230000019073,-8.979999542236,2.));
#6292 = VERTEX_POINT('',#6293);
#6293 = CARTESIAN_POINT('',(-1.230000019073,-6.5,2.));
#6294 = LINE('',#6295,#6296);
#6295 = CARTESIAN_POINT('',(-1.230000019073,-8.979999542236,2.));
#6296 = VECTOR('',#6297,1.);
#6297 = DIRECTION('',(0.,1.,0.));
#6298 = ORIENTED_EDGE('',*,*,#6299,.T.);
#6299 = EDGE_CURVE('',#6292,#2782,#6300,.T.);
#6300 = LINE('',#6301,#6302);
#6301 = CARTESIAN_POINT('',(-1.230000019073,-6.5,2.));
#6302 = VECTOR('',#6303,1.);
#6303 = DIRECTION('',(0.,0.,-1.));
#6304 = ORIENTED_EDGE('',*,*,#2781,.F.);
#6305 = ORIENTED_EDGE('',*,*,#6249,.F.);
#6306 = ORIENTED_EDGE('',*,*,#4231,.F.);
#6307 = ORIENTED_EDGE('',*,*,#6308,.F.);
#6308 = EDGE_CURVE('',#6309,#4224,#6311,.T.);
#6309 = VERTEX_POINT('',#6310);
#6310 = CARTESIAN_POINT('',(-1.230000019073,-10.38000011444,
    5.400000095367));
#6311 = LINE('',#6312,#6313);
#6312 = CARTESIAN_POINT('',(-1.230000019073,-10.38000011444,
    5.400000095367));
#6313 = VECTOR('',#6314,1.);
#6314 = DIRECTION('',(0.,0.,1.));
#6315 = ORIENTED_EDGE('',*,*,#6316,.F.);
#6316 = EDGE_CURVE('',#6317,#6309,#6319,.T.);
#6317 = VERTEX_POINT('',#6318);
#6318 = CARTESIAN_POINT('',(-1.230000019073,-8.979999542236,
    5.400000095367));
#6319 = LINE('',#6320,#6321);
#6320 = CARTESIAN_POINT('',(-1.230000019073,-8.979999542236,
    5.400000095367));
#6321 = VECTOR('',#6322,1.);
#6322 = DIRECTION('',(0.,-1.,0.));
#6323 = ORIENTED_EDGE('',*,*,#6324,.F.);
#6324 = EDGE_CURVE('',#6290,#6317,#6325,.T.);
#6325 = LINE('',#6326,#6327);
#6326 = CARTESIAN_POINT('',(-1.230000019073,-8.979999542236,2.));
#6327 = VECTOR('',#6328,1.);
#6328 = DIRECTION('',(0.,0.,1.));
#6329 = PLANE('',#6330);
#6330 = AXIS2_PLACEMENT_3D('',#6331,#6332,#6333);
#6331 = CARTESIAN_POINT('',(-1.230000019073,-10.05394426301,
    2.936055508109));
#6332 = DIRECTION('',(-1.,-0.,-0.));
#6333 = DIRECTION('',(0.,0.,-1.));
#6334 = ADVANCED_FACE('',(#6335),#6376,.T.);
#6335 = FACE_BOUND('',#6336,.T.);
#6336 = EDGE_LOOP('',(#6337,#6345,#6353,#6361,#6367,#6368,#6369,#6375));
#6337 = ORIENTED_EDGE('',*,*,#6338,.F.);
#6338 = EDGE_CURVE('',#6339,#4285,#6341,.T.);
#6339 = VERTEX_POINT('',#6340);
#6340 = CARTESIAN_POINT('',(16.549999237061,-10.38000011444,
    5.400000095367));
#6341 = LINE('',#6342,#6343);
#6342 = CARTESIAN_POINT('',(16.549999237061,-10.38000011444,
    5.400000095367));
#6343 = VECTOR('',#6344,1.);
#6344 = DIRECTION('',(0.,0.,1.));
#6345 = ORIENTED_EDGE('',*,*,#6346,.T.);
#6346 = EDGE_CURVE('',#6339,#6347,#6349,.T.);
#6347 = VERTEX_POINT('',#6348);
#6348 = CARTESIAN_POINT('',(16.549999237061,-8.979999542236,
    5.400000095367));
#6349 = LINE('',#6350,#6351);
#6350 = CARTESIAN_POINT('',(16.549999237061,-10.38000011444,
    5.400000095367));
#6351 = VECTOR('',#6352,1.);
#6352 = DIRECTION('',(0.,1.,0.));
#6353 = ORIENTED_EDGE('',*,*,#6354,.T.);
#6354 = EDGE_CURVE('',#6347,#6355,#6357,.T.);
#6355 = VERTEX_POINT('',#6356);
#6356 = CARTESIAN_POINT('',(16.549999237061,-8.979999542236,2.));
#6357 = LINE('',#6358,#6359);
#6358 = CARTESIAN_POINT('',(16.549999237061,-8.979999542236,
    5.400000095367));
#6359 = VECTOR('',#6360,1.);
#6360 = DIRECTION('',(0.,0.,-1.));
#6361 = ORIENTED_EDGE('',*,*,#6362,.T.);
#6362 = EDGE_CURVE('',#6355,#6267,#6363,.T.);
#6363 = LINE('',#6364,#6365);
#6364 = CARTESIAN_POINT('',(16.549999237061,-8.979999542236,2.));
#6365 = VECTOR('',#6366,1.);
#6366 = DIRECTION('',(0.,1.,0.));
#6367 = ORIENTED_EDGE('',*,*,#6266,.T.);
#6368 = ORIENTED_EDGE('',*,*,#3005,.T.);
#6369 = ORIENTED_EDGE('',*,*,#6370,.T.);
#6370 = EDGE_CURVE('',#2998,#4267,#6371,.T.);
#6371 = LINE('',#6372,#6373);
#6372 = CARTESIAN_POINT('',(16.549999237061,-12.47999954223,0.));
#6373 = VECTOR('',#6374,1.);
#6374 = DIRECTION('',(0.,0.,1.));
#6375 = ORIENTED_EDGE('',*,*,#4292,.F.);
#6376 = PLANE('',#6377);
#6377 = AXIS2_PLACEMENT_3D('',#6378,#6379,#6380);
#6378 = CARTESIAN_POINT('',(16.549999237061,-10.05394426301,
    2.936055508109));
#6379 = DIRECTION('',(-1.,-0.,-0.));
#6380 = DIRECTION('',(0.,0.,-1.));
#6381 = ADVANCED_FACE('',(#6382),#6400,.T.);
#6382 = FACE_BOUND('',#6383,.T.);
#6383 = EDGE_LOOP('',(#6384,#6392,#6393,#6394));
#6384 = ORIENTED_EDGE('',*,*,#6385,.F.);
#6385 = EDGE_CURVE('',#2790,#6386,#6388,.T.);
#6386 = VERTEX_POINT('',#6387);
#6387 = CARTESIAN_POINT('',(-0.790000021458,-6.5,2.));
#6388 = LINE('',#6389,#6390);
#6389 = CARTESIAN_POINT('',(-0.790000021458,-6.5,0.));
#6390 = VECTOR('',#6391,1.);
#6391 = DIRECTION('',(0.,0.,1.));
#6392 = ORIENTED_EDGE('',*,*,#2789,.F.);
#6393 = ORIENTED_EDGE('',*,*,#6299,.F.);
#6394 = ORIENTED_EDGE('',*,*,#6395,.F.);
#6395 = EDGE_CURVE('',#6386,#6292,#6396,.T.);
#6396 = LINE('',#6397,#6398);
#6397 = CARTESIAN_POINT('',(-0.790000021458,-6.5,2.));
#6398 = VECTOR('',#6399,1.);
#6399 = DIRECTION('',(-1.,0.,0.));
#6400 = PLANE('',#6401);
#6401 = AXIS2_PLACEMENT_3D('',#6402,#6403,#6404);
#6402 = CARTESIAN_POINT('',(-1.010000020266,-6.5,0.492383467254));
#6403 = DIRECTION('',(0.,1.,0.));
#6404 = DIRECTION('',(0.,0.,1.));
#6405 = ADVANCED_FACE('',(#6406),#6417,.T.);
#6406 = FACE_BOUND('',#6407,.T.);
#6407 = EDGE_LOOP('',(#6408,#6409,#6410,#6416));
#6408 = ORIENTED_EDGE('',*,*,#6370,.F.);
#6409 = ORIENTED_EDGE('',*,*,#2997,.T.);
#6410 = ORIENTED_EDGE('',*,*,#6411,.T.);
#6411 = EDGE_CURVE('',#2990,#4269,#6412,.T.);
#6412 = LINE('',#6413,#6414);
#6413 = CARTESIAN_POINT('',(14.449999809265,-12.47999954223,0.));
#6414 = VECTOR('',#6415,1.);
#6415 = DIRECTION('',(0.,0.,1.));
#6416 = ORIENTED_EDGE('',*,*,#4266,.F.);
#6417 = PLANE('',#6418);
#6418 = AXIS2_PLACEMENT_3D('',#6419,#6420,#6421);
#6419 = CARTESIAN_POINT('',(15.499999523163,-12.47999954223,3.5));
#6420 = DIRECTION('',(0.,1.,0.));
#6421 = DIRECTION('',(0.,0.,1.));
#6422 = ADVANCED_FACE('',(#6423),#6464,.T.);
#6423 = FACE_BOUND('',#6424,.T.);
#6424 = EDGE_LOOP('',(#6425,#6426,#6434,#6442,#6450,#6456,#6457,#6463));
#6425 = ORIENTED_EDGE('',*,*,#6385,.T.);
#6426 = ORIENTED_EDGE('',*,*,#6427,.F.);
#6427 = EDGE_CURVE('',#6428,#6386,#6430,.T.);
#6428 = VERTEX_POINT('',#6429);
#6429 = CARTESIAN_POINT('',(-0.790000021458,-8.979999542236,2.));
#6430 = LINE('',#6431,#6432);
#6431 = CARTESIAN_POINT('',(-0.790000021458,-8.979999542236,2.));
#6432 = VECTOR('',#6433,1.);
#6433 = DIRECTION('',(0.,1.,0.));
#6434 = ORIENTED_EDGE('',*,*,#6435,.F.);
#6435 = EDGE_CURVE('',#6436,#6428,#6438,.T.);
#6436 = VERTEX_POINT('',#6437);
#6437 = CARTESIAN_POINT('',(-0.790000021458,-8.979999542236,
    5.400000095367));
#6438 = LINE('',#6439,#6440);
#6439 = CARTESIAN_POINT('',(-0.790000021458,-8.979999542236,
    5.400000095367));
#6440 = VECTOR('',#6441,1.);
#6441 = DIRECTION('',(0.,0.,-1.));
#6442 = ORIENTED_EDGE('',*,*,#6443,.F.);
#6443 = EDGE_CURVE('',#6444,#6436,#6446,.T.);
#6444 = VERTEX_POINT('',#6445);
#6445 = CARTESIAN_POINT('',(-0.790000021458,-10.38000011444,
    5.400000095367));
#6446 = LINE('',#6447,#6448);
#6447 = CARTESIAN_POINT('',(-0.790000021458,-10.38000011444,
    5.400000095367));
#6448 = VECTOR('',#6449,1.);
#6449 = DIRECTION('',(0.,1.,0.));
#6450 = ORIENTED_EDGE('',*,*,#6451,.F.);
#6451 = EDGE_CURVE('',#4087,#6444,#6452,.T.);
#6452 = LINE('',#6453,#6454);
#6453 = CARTESIAN_POINT('',(-0.790000021458,-10.38000011444,7.));
#6454 = VECTOR('',#6455,1.);
#6455 = DIRECTION('',(0.,0.,-1.));
#6456 = ORIENTED_EDGE('',*,*,#4112,.F.);
#6457 = ORIENTED_EDGE('',*,*,#6458,.F.);
#6458 = EDGE_CURVE('',#2798,#4105,#6459,.T.);
#6459 = LINE('',#6460,#6461);
#6460 = CARTESIAN_POINT('',(-0.790000021458,-12.47999954223,0.));
#6461 = VECTOR('',#6462,1.);
#6462 = DIRECTION('',(0.,0.,1.));
#6463 = ORIENTED_EDGE('',*,*,#2797,.T.);
#6464 = PLANE('',#6465);
#6465 = AXIS2_PLACEMENT_3D('',#6466,#6467,#6468);
#6466 = CARTESIAN_POINT('',(-0.790000021458,-10.05394426301,
    2.936055508109));
#6467 = DIRECTION('',(1.,0.,0.));
#6468 = DIRECTION('',(0.,0.,1.));
#6469 = ADVANCED_FACE('',(#6470),#6513,.T.);
#6470 = FACE_BOUND('',#6471,.T.);
#6471 = EDGE_LOOP('',(#6472,#6473,#6474,#6482,#6490,#6498,#6506,#6512));
#6472 = ORIENTED_EDGE('',*,*,#6411,.F.);
#6473 = ORIENTED_EDGE('',*,*,#2989,.T.);
#6474 = ORIENTED_EDGE('',*,*,#6475,.T.);
#6475 = EDGE_CURVE('',#2982,#6476,#6478,.T.);
#6476 = VERTEX_POINT('',#6477);
#6477 = CARTESIAN_POINT('',(14.449999809265,-6.5,2.));
#6478 = LINE('',#6479,#6480);
#6479 = CARTESIAN_POINT('',(14.449999809265,-6.5,0.));
#6480 = VECTOR('',#6481,1.);
#6481 = DIRECTION('',(0.,0.,1.));
#6482 = ORIENTED_EDGE('',*,*,#6483,.T.);
#6483 = EDGE_CURVE('',#6476,#6484,#6486,.T.);
#6484 = VERTEX_POINT('',#6485);
#6485 = CARTESIAN_POINT('',(14.449999809265,-8.979999542236,2.));
#6486 = LINE('',#6487,#6488);
#6487 = CARTESIAN_POINT('',(14.449999809265,-6.5,2.));
#6488 = VECTOR('',#6489,1.);
#6489 = DIRECTION('',(0.,-1.,0.));
#6490 = ORIENTED_EDGE('',*,*,#6491,.T.);
#6491 = EDGE_CURVE('',#6484,#6492,#6494,.T.);
#6492 = VERTEX_POINT('',#6493);
#6493 = CARTESIAN_POINT('',(14.449999809265,-8.979999542236,
    5.400000095367));
#6494 = LINE('',#6495,#6496);
#6495 = CARTESIAN_POINT('',(14.449999809265,-8.979999542236,2.));
#6496 = VECTOR('',#6497,1.);
#6497 = DIRECTION('',(0.,0.,1.));
#6498 = ORIENTED_EDGE('',*,*,#6499,.T.);
#6499 = EDGE_CURVE('',#6492,#6500,#6502,.T.);
#6500 = VERTEX_POINT('',#6501);
#6501 = CARTESIAN_POINT('',(14.449999809265,-10.38000011444,
    5.400000095367));
#6502 = LINE('',#6503,#6504);
#6503 = CARTESIAN_POINT('',(14.449999809265,-8.979999542236,
    5.400000095367));
#6504 = VECTOR('',#6505,1.);
#6505 = DIRECTION('',(0.,-1.,0.));
#6506 = ORIENTED_EDGE('',*,*,#6507,.F.);
#6507 = EDGE_CURVE('',#4277,#6500,#6508,.T.);
#6508 = LINE('',#6509,#6510);
#6509 = CARTESIAN_POINT('',(14.449999809265,-10.38000011444,7.));
#6510 = VECTOR('',#6511,1.);
#6511 = DIRECTION('',(0.,0.,-1.));
#6512 = ORIENTED_EDGE('',*,*,#4276,.F.);
#6513 = PLANE('',#6514);
#6514 = AXIS2_PLACEMENT_3D('',#6515,#6516,#6517);
#6515 = CARTESIAN_POINT('',(14.449999809265,-10.05394426301,
    2.936055508109));
#6516 = DIRECTION('',(1.,0.,0.));
#6517 = DIRECTION('',(0.,0.,1.));
#6518 = ADVANCED_FACE('',(#6519),#6530,.T.);
#6519 = FACE_BOUND('',#6520,.T.);
#6520 = EDGE_LOOP('',(#6521,#6522,#6528,#6529));
#6521 = ORIENTED_EDGE('',*,*,#4104,.F.);
#6522 = ORIENTED_EDGE('',*,*,#6523,.T.);
#6523 = EDGE_CURVE('',#4097,#2806,#6524,.T.);
#6524 = LINE('',#6525,#6526);
#6525 = CARTESIAN_POINT('',(1.30999994278,-12.47999954223,7.));
#6526 = VECTOR('',#6527,1.);
#6527 = DIRECTION('',(0.,0.,-1.));
#6528 = ORIENTED_EDGE('',*,*,#2805,.T.);
#6529 = ORIENTED_EDGE('',*,*,#6458,.T.);
#6530 = PLANE('',#6531);
#6531 = AXIS2_PLACEMENT_3D('',#6532,#6533,#6534);
#6532 = CARTESIAN_POINT('',(0.259999960661,-12.47999954223,3.5));
#6533 = DIRECTION('',(0.,1.,0.));
#6534 = DIRECTION('',(0.,0.,1.));
#6535 = ADVANCED_FACE('',(#6536),#6554,.T.);
#6536 = FACE_BOUND('',#6537,.T.);
#6537 = EDGE_LOOP('',(#6538,#6539,#6540,#6548));
#6538 = ORIENTED_EDGE('',*,*,#6475,.F.);
#6539 = ORIENTED_EDGE('',*,*,#2981,.F.);
#6540 = ORIENTED_EDGE('',*,*,#6541,.F.);
#6541 = EDGE_CURVE('',#6542,#2974,#6544,.T.);
#6542 = VERTEX_POINT('',#6543);
#6543 = CARTESIAN_POINT('',(14.010000228882,-6.5,2.));
#6544 = LINE('',#6545,#6546);
#6545 = CARTESIAN_POINT('',(14.010000228882,-6.5,2.));
#6546 = VECTOR('',#6547,1.);
#6547 = DIRECTION('',(0.,0.,-1.));
#6548 = ORIENTED_EDGE('',*,*,#6549,.F.);
#6549 = EDGE_CURVE('',#6476,#6542,#6550,.T.);
#6550 = LINE('',#6551,#6552);
#6551 = CARTESIAN_POINT('',(14.449999809265,-6.5,2.));
#6552 = VECTOR('',#6553,1.);
#6553 = DIRECTION('',(-1.,0.,0.));
#6554 = PLANE('',#6555);
#6555 = AXIS2_PLACEMENT_3D('',#6556,#6557,#6558);
#6556 = CARTESIAN_POINT('',(14.230000019073,-6.5,0.492383466335));
#6557 = DIRECTION('',(0.,1.,0.));
#6558 = DIRECTION('',(0.,0.,1.));
#6559 = ADVANCED_FACE('',(#6560),#6603,.T.);
#6560 = FACE_BOUND('',#6561,.T.);
#6561 = EDGE_LOOP('',(#6562,#6572,#6578,#6579,#6580,#6581,#6589,#6597));
#6562 = ORIENTED_EDGE('',*,*,#6563,.T.);
#6563 = EDGE_CURVE('',#6564,#6566,#6568,.T.);
#6564 = VERTEX_POINT('',#6565);
#6565 = CARTESIAN_POINT('',(1.30999994278,-8.979999542236,2.));
#6566 = VERTEX_POINT('',#6567);
#6567 = CARTESIAN_POINT('',(1.30999994278,-6.5,2.));
#6568 = LINE('',#6569,#6570);
#6569 = CARTESIAN_POINT('',(1.30999994278,-8.979999542236,2.));
#6570 = VECTOR('',#6571,1.);
#6571 = DIRECTION('',(0.,1.,0.));
#6572 = ORIENTED_EDGE('',*,*,#6573,.T.);
#6573 = EDGE_CURVE('',#6566,#2814,#6574,.T.);
#6574 = LINE('',#6575,#6576);
#6575 = CARTESIAN_POINT('',(1.30999994278,-6.5,2.));
#6576 = VECTOR('',#6577,1.);
#6577 = DIRECTION('',(0.,0.,-1.));
#6578 = ORIENTED_EDGE('',*,*,#2813,.F.);
#6579 = ORIENTED_EDGE('',*,*,#6523,.F.);
#6580 = ORIENTED_EDGE('',*,*,#4096,.F.);
#6581 = ORIENTED_EDGE('',*,*,#6582,.F.);
#6582 = EDGE_CURVE('',#6583,#4089,#6585,.T.);
#6583 = VERTEX_POINT('',#6584);
#6584 = CARTESIAN_POINT('',(1.30999994278,-10.38000011444,5.400000095367
    ));
#6585 = LINE('',#6586,#6587);
#6586 = CARTESIAN_POINT('',(1.30999994278,-10.38000011444,5.400000095367
    ));
#6587 = VECTOR('',#6588,1.);
#6588 = DIRECTION('',(0.,0.,1.));
#6589 = ORIENTED_EDGE('',*,*,#6590,.F.);
#6590 = EDGE_CURVE('',#6591,#6583,#6593,.T.);
#6591 = VERTEX_POINT('',#6592);
#6592 = CARTESIAN_POINT('',(1.30999994278,-8.979999542236,5.400000095367
    ));
#6593 = LINE('',#6594,#6595);
#6594 = CARTESIAN_POINT('',(1.30999994278,-8.979999542236,5.400000095367
    ));
#6595 = VECTOR('',#6596,1.);
#6596 = DIRECTION('',(0.,-1.,0.));
#6597 = ORIENTED_EDGE('',*,*,#6598,.F.);
#6598 = EDGE_CURVE('',#6564,#6591,#6599,.T.);
#6599 = LINE('',#6600,#6601);
#6600 = CARTESIAN_POINT('',(1.30999994278,-8.979999542236,2.));
#6601 = VECTOR('',#6602,1.);
#6602 = DIRECTION('',(0.,0.,1.));
#6603 = PLANE('',#6604);
#6604 = AXIS2_PLACEMENT_3D('',#6605,#6606,#6607);
#6605 = CARTESIAN_POINT('',(1.30999994278,-10.05394426301,2.936055508109
    ));
#6606 = DIRECTION('',(-1.,-0.,-0.));
#6607 = DIRECTION('',(0.,0.,-1.));
#6608 = ADVANCED_FACE('',(#6609),#6650,.T.);
#6609 = FACE_BOUND('',#6610,.T.);
#6610 = EDGE_LOOP('',(#6611,#6619,#6627,#6635,#6641,#6642,#6643,#6649));
#6611 = ORIENTED_EDGE('',*,*,#6612,.F.);
#6612 = EDGE_CURVE('',#6613,#3993,#6615,.T.);
#6613 = VERTEX_POINT('',#6614);
#6614 = CARTESIAN_POINT('',(14.010000228882,-10.38000011444,
    5.400000095367));
#6615 = LINE('',#6616,#6617);
#6616 = CARTESIAN_POINT('',(14.010000228882,-10.38000011444,
    5.400000095367));
#6617 = VECTOR('',#6618,1.);
#6618 = DIRECTION('',(0.,0.,1.));
#6619 = ORIENTED_EDGE('',*,*,#6620,.T.);
#6620 = EDGE_CURVE('',#6613,#6621,#6623,.T.);
#6621 = VERTEX_POINT('',#6622);
#6622 = CARTESIAN_POINT('',(14.010000228882,-8.979999542236,
    5.400000095367));
#6623 = LINE('',#6624,#6625);
#6624 = CARTESIAN_POINT('',(14.010000228882,-10.38000011444,
    5.400000095367));
#6625 = VECTOR('',#6626,1.);
#6626 = DIRECTION('',(0.,1.,0.));
#6627 = ORIENTED_EDGE('',*,*,#6628,.T.);
#6628 = EDGE_CURVE('',#6621,#6629,#6631,.T.);
#6629 = VERTEX_POINT('',#6630);
#6630 = CARTESIAN_POINT('',(14.010000228882,-8.979999542236,2.));
#6631 = LINE('',#6632,#6633);
#6632 = CARTESIAN_POINT('',(14.010000228882,-8.979999542236,
    5.400000095367));
#6633 = VECTOR('',#6634,1.);
#6634 = DIRECTION('',(0.,0.,-1.));
#6635 = ORIENTED_EDGE('',*,*,#6636,.T.);
#6636 = EDGE_CURVE('',#6629,#6542,#6637,.T.);
#6637 = LINE('',#6638,#6639);
#6638 = CARTESIAN_POINT('',(14.010000228882,-8.979999542236,2.));
#6639 = VECTOR('',#6640,1.);
#6640 = DIRECTION('',(0.,1.,0.));
#6641 = ORIENTED_EDGE('',*,*,#6541,.T.);
#6642 = ORIENTED_EDGE('',*,*,#2973,.T.);
#6643 = ORIENTED_EDGE('',*,*,#6644,.T.);
#6644 = EDGE_CURVE('',#2966,#3975,#6645,.T.);
#6645 = LINE('',#6646,#6647);
#6646 = CARTESIAN_POINT('',(14.010000228882,-12.47999954223,0.));
#6647 = VECTOR('',#6648,1.);
#6648 = DIRECTION('',(0.,0.,1.));
#6649 = ORIENTED_EDGE('',*,*,#4000,.F.);
#6650 = PLANE('',#6651);
#6651 = AXIS2_PLACEMENT_3D('',#6652,#6653,#6654);
#6652 = CARTESIAN_POINT('',(14.010000228882,-10.05394426301,
    2.936055508109));
#6653 = DIRECTION('',(-1.,-0.,-0.));
#6654 = DIRECTION('',(0.,0.,-1.));
#6655 = ADVANCED_FACE('',(#6656),#6674,.T.);
#6656 = FACE_BOUND('',#6657,.T.);
#6657 = EDGE_LOOP('',(#6658,#6666,#6667,#6668));
#6658 = ORIENTED_EDGE('',*,*,#6659,.F.);
#6659 = EDGE_CURVE('',#2822,#6660,#6662,.T.);
#6660 = VERTEX_POINT('',#6661);
#6661 = CARTESIAN_POINT('',(1.75,-6.5,2.));
#6662 = LINE('',#6663,#6664);
#6663 = CARTESIAN_POINT('',(1.75,-6.5,0.));
#6664 = VECTOR('',#6665,1.);
#6665 = DIRECTION('',(0.,0.,1.));
#6666 = ORIENTED_EDGE('',*,*,#2821,.F.);
#6667 = ORIENTED_EDGE('',*,*,#6573,.F.);
#6668 = ORIENTED_EDGE('',*,*,#6669,.F.);
#6669 = EDGE_CURVE('',#6660,#6566,#6670,.T.);
#6670 = LINE('',#6671,#6672);
#6671 = CARTESIAN_POINT('',(1.75,-6.5,2.));
#6672 = VECTOR('',#6673,1.);
#6673 = DIRECTION('',(-1.,0.,0.));
#6674 = PLANE('',#6675);
#6675 = AXIS2_PLACEMENT_3D('',#6676,#6677,#6678);
#6676 = CARTESIAN_POINT('',(1.529999984173,-6.5,0.49238349341));
#6677 = DIRECTION('',(0.,1.,0.));
#6678 = DIRECTION('',(0.,0.,1.));
#6679 = ADVANCED_FACE('',(#6680),#6691,.T.);
#6680 = FACE_BOUND('',#6681,.T.);
#6681 = EDGE_LOOP('',(#6682,#6683,#6684,#6690));
#6682 = ORIENTED_EDGE('',*,*,#6644,.F.);
#6683 = ORIENTED_EDGE('',*,*,#2965,.T.);
#6684 = ORIENTED_EDGE('',*,*,#6685,.T.);
#6685 = EDGE_CURVE('',#2958,#3977,#6686,.T.);
#6686 = LINE('',#6687,#6688);
#6687 = CARTESIAN_POINT('',(11.909999847412,-12.47999954223,0.));
#6688 = VECTOR('',#6689,1.);
#6689 = DIRECTION('',(0.,0.,1.));
#6690 = ORIENTED_EDGE('',*,*,#3974,.F.);
#6691 = PLANE('',#6692);
#6692 = AXIS2_PLACEMENT_3D('',#6693,#6694,#6695);
#6693 = CARTESIAN_POINT('',(12.960000038147,-12.47999954223,3.5));
#6694 = DIRECTION('',(0.,1.,0.));
#6695 = DIRECTION('',(0.,0.,1.));
#6696 = ADVANCED_FACE('',(#6697),#6738,.T.);
#6697 = FACE_BOUND('',#6698,.T.);
#6698 = EDGE_LOOP('',(#6699,#6700,#6708,#6716,#6724,#6730,#6731,#6737));
#6699 = ORIENTED_EDGE('',*,*,#6659,.T.);
#6700 = ORIENTED_EDGE('',*,*,#6701,.F.);
#6701 = EDGE_CURVE('',#6702,#6660,#6704,.T.);
#6702 = VERTEX_POINT('',#6703);
#6703 = CARTESIAN_POINT('',(1.75,-8.979999542236,2.));
#6704 = LINE('',#6705,#6706);
#6705 = CARTESIAN_POINT('',(1.75,-8.979999542236,2.));
#6706 = VECTOR('',#6707,1.);
#6707 = DIRECTION('',(0.,1.,0.));
#6708 = ORIENTED_EDGE('',*,*,#6709,.F.);
#6709 = EDGE_CURVE('',#6710,#6702,#6712,.T.);
#6710 = VERTEX_POINT('',#6711);
#6711 = CARTESIAN_POINT('',(1.75,-8.979999542236,5.400000095367));
#6712 = LINE('',#6713,#6714);
#6713 = CARTESIAN_POINT('',(1.75,-8.979999542236,5.400000095367));
#6714 = VECTOR('',#6715,1.);
#6715 = DIRECTION('',(0.,0.,-1.));
#6716 = ORIENTED_EDGE('',*,*,#6717,.F.);
#6717 = EDGE_CURVE('',#6718,#6710,#6720,.T.);
#6718 = VERTEX_POINT('',#6719);
#6719 = CARTESIAN_POINT('',(1.75,-10.38000011444,5.400000095367));
#6720 = LINE('',#6721,#6722);
#6721 = CARTESIAN_POINT('',(1.75,-10.38000011444,5.400000095367));
#6722 = VECTOR('',#6723,1.);
#6723 = DIRECTION('',(0.,1.,0.));
#6724 = ORIENTED_EDGE('',*,*,#6725,.F.);
#6725 = EDGE_CURVE('',#4177,#6718,#6726,.T.);
#6726 = LINE('',#6727,#6728);
#6727 = CARTESIAN_POINT('',(1.75,-10.38000011444,7.));
#6728 = VECTOR('',#6729,1.);
#6729 = DIRECTION('',(0.,0.,-1.));
#6730 = ORIENTED_EDGE('',*,*,#4202,.F.);
#6731 = ORIENTED_EDGE('',*,*,#6732,.F.);
#6732 = EDGE_CURVE('',#2830,#4195,#6733,.T.);
#6733 = LINE('',#6734,#6735);
#6734 = CARTESIAN_POINT('',(1.75,-12.47999954223,0.));
#6735 = VECTOR('',#6736,1.);
#6736 = DIRECTION('',(0.,0.,1.));
#6737 = ORIENTED_EDGE('',*,*,#2829,.T.);
#6738 = PLANE('',#6739);
#6739 = AXIS2_PLACEMENT_3D('',#6740,#6741,#6742);
#6740 = CARTESIAN_POINT('',(1.75,-10.05394426301,2.936055508109));
#6741 = DIRECTION('',(1.,0.,0.));
#6742 = DIRECTION('',(0.,0.,1.));
#6743 = ADVANCED_FACE('',(#6744),#6787,.T.);
#6744 = FACE_BOUND('',#6745,.T.);
#6745 = EDGE_LOOP('',(#6746,#6747,#6748,#6756,#6764,#6772,#6780,#6786));
#6746 = ORIENTED_EDGE('',*,*,#6685,.F.);
#6747 = ORIENTED_EDGE('',*,*,#2957,.T.);
#6748 = ORIENTED_EDGE('',*,*,#6749,.T.);
#6749 = EDGE_CURVE('',#2950,#6750,#6752,.T.);
#6750 = VERTEX_POINT('',#6751);
#6751 = CARTESIAN_POINT('',(11.909999847412,-6.5,2.));
#6752 = LINE('',#6753,#6754);
#6753 = CARTESIAN_POINT('',(11.909999847412,-6.5,0.));
#6754 = VECTOR('',#6755,1.);
#6755 = DIRECTION('',(0.,0.,1.));
#6756 = ORIENTED_EDGE('',*,*,#6757,.T.);
#6757 = EDGE_CURVE('',#6750,#6758,#6760,.T.);
#6758 = VERTEX_POINT('',#6759);
#6759 = CARTESIAN_POINT('',(11.909999847412,-8.979999542236,2.));
#6760 = LINE('',#6761,#6762);
#6761 = CARTESIAN_POINT('',(11.909999847412,-6.5,2.));
#6762 = VECTOR('',#6763,1.);
#6763 = DIRECTION('',(0.,-1.,0.));
#6764 = ORIENTED_EDGE('',*,*,#6765,.T.);
#6765 = EDGE_CURVE('',#6758,#6766,#6768,.T.);
#6766 = VERTEX_POINT('',#6767);
#6767 = CARTESIAN_POINT('',(11.909999847412,-8.979999542236,
    5.400000095367));
#6768 = LINE('',#6769,#6770);
#6769 = CARTESIAN_POINT('',(11.909999847412,-8.979999542236,2.));
#6770 = VECTOR('',#6771,1.);
#6771 = DIRECTION('',(0.,0.,1.));
#6772 = ORIENTED_EDGE('',*,*,#6773,.T.);
#6773 = EDGE_CURVE('',#6766,#6774,#6776,.T.);
#6774 = VERTEX_POINT('',#6775);
#6775 = CARTESIAN_POINT('',(11.909999847412,-10.38000011444,
    5.400000095367));
#6776 = LINE('',#6777,#6778);
#6777 = CARTESIAN_POINT('',(11.909999847412,-8.979999542236,
    5.400000095367));
#6778 = VECTOR('',#6779,1.);
#6779 = DIRECTION('',(0.,-1.,0.));
#6780 = ORIENTED_EDGE('',*,*,#6781,.F.);
#6781 = EDGE_CURVE('',#3985,#6774,#6782,.T.);
#6782 = LINE('',#6783,#6784);
#6783 = CARTESIAN_POINT('',(11.909999847412,-10.38000011444,7.));
#6784 = VECTOR('',#6785,1.);
#6785 = DIRECTION('',(0.,0.,-1.));
#6786 = ORIENTED_EDGE('',*,*,#3984,.F.);
#6787 = PLANE('',#6788);
#6788 = AXIS2_PLACEMENT_3D('',#6789,#6790,#6791);
#6789 = CARTESIAN_POINT('',(11.909999847412,-10.05394426301,
    2.936055508109));
#6790 = DIRECTION('',(1.,0.,0.));
#6791 = DIRECTION('',(0.,0.,1.));
#6792 = ADVANCED_FACE('',(#6793),#6804,.T.);
#6793 = FACE_BOUND('',#6794,.T.);
#6794 = EDGE_LOOP('',(#6795,#6796,#6802,#6803));
#6795 = ORIENTED_EDGE('',*,*,#4194,.F.);
#6796 = ORIENTED_EDGE('',*,*,#6797,.T.);
#6797 = EDGE_CURVE('',#4187,#2838,#6798,.T.);
#6798 = LINE('',#6799,#6800);
#6799 = CARTESIAN_POINT('',(3.849999904633,-12.47999954223,7.));
#6800 = VECTOR('',#6801,1.);
#6801 = DIRECTION('',(0.,0.,-1.));
#6802 = ORIENTED_EDGE('',*,*,#2837,.T.);
#6803 = ORIENTED_EDGE('',*,*,#6732,.T.);
#6804 = PLANE('',#6805);
#6805 = AXIS2_PLACEMENT_3D('',#6806,#6807,#6808);
#6806 = CARTESIAN_POINT('',(2.799999952316,-12.47999954223,3.5));
#6807 = DIRECTION('',(0.,1.,0.));
#6808 = DIRECTION('',(0.,0.,1.));
#6809 = ADVANCED_FACE('',(#6810),#6828,.T.);
#6810 = FACE_BOUND('',#6811,.T.);
#6811 = EDGE_LOOP('',(#6812,#6813,#6814,#6822));
#6812 = ORIENTED_EDGE('',*,*,#6749,.F.);
#6813 = ORIENTED_EDGE('',*,*,#2949,.F.);
#6814 = ORIENTED_EDGE('',*,*,#6815,.F.);
#6815 = EDGE_CURVE('',#6816,#2942,#6818,.T.);
#6816 = VERTEX_POINT('',#6817);
#6817 = CARTESIAN_POINT('',(11.470000267029,-6.5,2.));
#6818 = LINE('',#6819,#6820);
#6819 = CARTESIAN_POINT('',(11.470000267029,-6.5,2.));
#6820 = VECTOR('',#6821,1.);
#6821 = DIRECTION('',(0.,0.,-1.));
#6822 = ORIENTED_EDGE('',*,*,#6823,.F.);
#6823 = EDGE_CURVE('',#6750,#6816,#6824,.T.);
#6824 = LINE('',#6825,#6826);
#6825 = CARTESIAN_POINT('',(11.909999847412,-6.5,2.));
#6826 = VECTOR('',#6827,1.);
#6827 = DIRECTION('',(-1.,0.,0.));
#6828 = PLANE('',#6829);
#6829 = AXIS2_PLACEMENT_3D('',#6830,#6831,#6832);
#6830 = CARTESIAN_POINT('',(11.69000005722,-6.5,0.492383466335));
#6831 = DIRECTION('',(0.,1.,0.));
#6832 = DIRECTION('',(0.,0.,1.));
#6833 = ADVANCED_FACE('',(#6834),#6877,.T.);
#6834 = FACE_BOUND('',#6835,.T.);
#6835 = EDGE_LOOP('',(#6836,#6846,#6852,#6853,#6854,#6855,#6863,#6871));
#6836 = ORIENTED_EDGE('',*,*,#6837,.T.);
#6837 = EDGE_CURVE('',#6838,#6840,#6842,.T.);
#6838 = VERTEX_POINT('',#6839);
#6839 = CARTESIAN_POINT('',(3.849999904633,-8.979999542236,2.));
#6840 = VERTEX_POINT('',#6841);
#6841 = CARTESIAN_POINT('',(3.849999904633,-6.5,2.));
#6842 = LINE('',#6843,#6844);
#6843 = CARTESIAN_POINT('',(3.849999904633,-8.979999542236,2.));
#6844 = VECTOR('',#6845,1.);
#6845 = DIRECTION('',(0.,1.,0.));
#6846 = ORIENTED_EDGE('',*,*,#6847,.T.);
#6847 = EDGE_CURVE('',#6840,#2846,#6848,.T.);
#6848 = LINE('',#6849,#6850);
#6849 = CARTESIAN_POINT('',(3.849999904633,-6.5,2.));
#6850 = VECTOR('',#6851,1.);
#6851 = DIRECTION('',(0.,0.,-1.));
#6852 = ORIENTED_EDGE('',*,*,#2845,.F.);
#6853 = ORIENTED_EDGE('',*,*,#6797,.F.);
#6854 = ORIENTED_EDGE('',*,*,#4186,.F.);
#6855 = ORIENTED_EDGE('',*,*,#6856,.F.);
#6856 = EDGE_CURVE('',#6857,#4179,#6859,.T.);
#6857 = VERTEX_POINT('',#6858);
#6858 = CARTESIAN_POINT('',(3.849999904633,-10.38000011444,
    5.400000095367));
#6859 = LINE('',#6860,#6861);
#6860 = CARTESIAN_POINT('',(3.849999904633,-10.38000011444,
    5.400000095367));
#6861 = VECTOR('',#6862,1.);
#6862 = DIRECTION('',(0.,0.,1.));
#6863 = ORIENTED_EDGE('',*,*,#6864,.F.);
#6864 = EDGE_CURVE('',#6865,#6857,#6867,.T.);
#6865 = VERTEX_POINT('',#6866);
#6866 = CARTESIAN_POINT('',(3.849999904633,-8.979999542236,
    5.400000095367));
#6867 = LINE('',#6868,#6869);
#6868 = CARTESIAN_POINT('',(3.849999904633,-8.979999542236,
    5.400000095367));
#6869 = VECTOR('',#6870,1.);
#6870 = DIRECTION('',(0.,-1.,0.));
#6871 = ORIENTED_EDGE('',*,*,#6872,.F.);
#6872 = EDGE_CURVE('',#6838,#6865,#6873,.T.);
#6873 = LINE('',#6874,#6875);
#6874 = CARTESIAN_POINT('',(3.849999904633,-8.979999542236,2.));
#6875 = VECTOR('',#6876,1.);
#6876 = DIRECTION('',(0.,0.,1.));
#6877 = PLANE('',#6878);
#6878 = AXIS2_PLACEMENT_3D('',#6879,#6880,#6881);
#6879 = CARTESIAN_POINT('',(3.849999904633,-10.05394426301,
    2.936055508109));
#6880 = DIRECTION('',(-1.,-0.,-0.));
#6881 = DIRECTION('',(0.,0.,-1.));
#6882 = ADVANCED_FACE('',(#6883),#6924,.T.);
#6883 = FACE_BOUND('',#6884,.T.);
#6884 = EDGE_LOOP('',(#6885,#6893,#6901,#6909,#6915,#6916,#6917,#6923));
#6885 = ORIENTED_EDGE('',*,*,#6886,.F.);
#6886 = EDGE_CURVE('',#6887,#4060,#6889,.T.);
#6887 = VERTEX_POINT('',#6888);
#6888 = CARTESIAN_POINT('',(11.470000267029,-10.38000011444,
    5.400000095367));
#6889 = LINE('',#6890,#6891);
#6890 = CARTESIAN_POINT('',(11.470000267029,-10.38000011444,
    5.400000095367));
#6891 = VECTOR('',#6892,1.);
#6892 = DIRECTION('',(0.,0.,1.));
#6893 = ORIENTED_EDGE('',*,*,#6894,.T.);
#6894 = EDGE_CURVE('',#6887,#6895,#6897,.T.);
#6895 = VERTEX_POINT('',#6896);
#6896 = CARTESIAN_POINT('',(11.470000267029,-8.979999542236,
    5.400000095367));
#6897 = LINE('',#6898,#6899);
#6898 = CARTESIAN_POINT('',(11.470000267029,-10.38000011444,
    5.400000095367));
#6899 = VECTOR('',#6900,1.);
#6900 = DIRECTION('',(0.,1.,0.));
#6901 = ORIENTED_EDGE('',*,*,#6902,.T.);
#6902 = EDGE_CURVE('',#6895,#6903,#6905,.T.);
#6903 = VERTEX_POINT('',#6904);
#6904 = CARTESIAN_POINT('',(11.470000267029,-8.979999542236,2.));
#6905 = LINE('',#6906,#6907);
#6906 = CARTESIAN_POINT('',(11.470000267029,-8.979999542236,
    5.400000095367));
#6907 = VECTOR('',#6908,1.);
#6908 = DIRECTION('',(0.,0.,-1.));
#6909 = ORIENTED_EDGE('',*,*,#6910,.T.);
#6910 = EDGE_CURVE('',#6903,#6816,#6911,.T.);
#6911 = LINE('',#6912,#6913);
#6912 = CARTESIAN_POINT('',(11.470000267029,-8.979999542236,2.));
#6913 = VECTOR('',#6914,1.);
#6914 = DIRECTION('',(0.,1.,0.));
#6915 = ORIENTED_EDGE('',*,*,#6815,.T.);
#6916 = ORIENTED_EDGE('',*,*,#2941,.T.);
#6917 = ORIENTED_EDGE('',*,*,#6918,.T.);
#6918 = EDGE_CURVE('',#2934,#4042,#6919,.T.);
#6919 = LINE('',#6920,#6921);
#6920 = CARTESIAN_POINT('',(11.470000267029,-12.47999954223,0.));
#6921 = VECTOR('',#6922,1.);
#6922 = DIRECTION('',(0.,0.,1.));
#6923 = ORIENTED_EDGE('',*,*,#4067,.F.);
#6924 = PLANE('',#6925);
#6925 = AXIS2_PLACEMENT_3D('',#6926,#6927,#6928);
#6926 = CARTESIAN_POINT('',(11.470000267029,-10.05394426301,
    2.936055508109));
#6927 = DIRECTION('',(-1.,-0.,-0.));
#6928 = DIRECTION('',(0.,0.,-1.));
#6929 = ADVANCED_FACE('',(#6930),#6948,.T.);
#6930 = FACE_BOUND('',#6931,.T.);
#6931 = EDGE_LOOP('',(#6932,#6940,#6941,#6942));
#6932 = ORIENTED_EDGE('',*,*,#6933,.F.);
#6933 = EDGE_CURVE('',#2854,#6934,#6936,.T.);
#6934 = VERTEX_POINT('',#6935);
#6935 = CARTESIAN_POINT('',(4.289999961853,-6.5,2.));
#6936 = LINE('',#6937,#6938);
#6937 = CARTESIAN_POINT('',(4.289999961853,-6.5,0.));
#6938 = VECTOR('',#6939,1.);
#6939 = DIRECTION('',(0.,0.,1.));
#6940 = ORIENTED_EDGE('',*,*,#2853,.F.);
#6941 = ORIENTED_EDGE('',*,*,#6847,.F.);
#6942 = ORIENTED_EDGE('',*,*,#6943,.F.);
#6943 = EDGE_CURVE('',#6934,#6840,#6944,.T.);
#6944 = LINE('',#6945,#6946);
#6945 = CARTESIAN_POINT('',(4.289999961853,-6.5,2.));
#6946 = VECTOR('',#6947,1.);
#6947 = DIRECTION('',(-1.,0.,0.));
#6948 = PLANE('',#6949);
#6949 = AXIS2_PLACEMENT_3D('',#6950,#6951,#6952);
#6950 = CARTESIAN_POINT('',(4.069999958809,-6.5,0.492383519436));
#6951 = DIRECTION('',(0.,1.,0.));
#6952 = DIRECTION('',(0.,0.,1.));
#6953 = ADVANCED_FACE('',(#6954),#6965,.T.);
#6954 = FACE_BOUND('',#6955,.T.);
#6955 = EDGE_LOOP('',(#6956,#6957,#6958,#6964));
#6956 = ORIENTED_EDGE('',*,*,#6918,.F.);
#6957 = ORIENTED_EDGE('',*,*,#2933,.T.);
#6958 = ORIENTED_EDGE('',*,*,#6959,.T.);
#6959 = EDGE_CURVE('',#2926,#4044,#6960,.T.);
#6960 = LINE('',#6961,#6962);
#6961 = CARTESIAN_POINT('',(9.369999885559,-12.47999954223,0.));
#6962 = VECTOR('',#6963,1.);
#6963 = DIRECTION('',(0.,0.,1.));
#6964 = ORIENTED_EDGE('',*,*,#4041,.F.);
#6965 = PLANE('',#6966);
#6966 = AXIS2_PLACEMENT_3D('',#6967,#6968,#6969);
#6967 = CARTESIAN_POINT('',(10.420000076294,-12.47999954223,3.5));
#6968 = DIRECTION('',(0.,1.,0.));
#6969 = DIRECTION('',(0.,0.,1.));
#6970 = ADVANCED_FACE('',(#6971),#7012,.T.);
#6971 = FACE_BOUND('',#6972,.T.);
#6972 = EDGE_LOOP('',(#6973,#6974,#6982,#6990,#6998,#7004,#7005,#7011));
#6973 = ORIENTED_EDGE('',*,*,#6933,.T.);
#6974 = ORIENTED_EDGE('',*,*,#6975,.F.);
#6975 = EDGE_CURVE('',#6976,#6934,#6978,.T.);
#6976 = VERTEX_POINT('',#6977);
#6977 = CARTESIAN_POINT('',(4.289999961853,-8.979999542236,2.));
#6978 = LINE('',#6979,#6980);
#6979 = CARTESIAN_POINT('',(4.289999961853,-8.979999542236,2.));
#6980 = VECTOR('',#6981,1.);
#6981 = DIRECTION('',(0.,1.,0.));
#6982 = ORIENTED_EDGE('',*,*,#6983,.F.);
#6983 = EDGE_CURVE('',#6984,#6976,#6986,.T.);
#6984 = VERTEX_POINT('',#6985);
#6985 = CARTESIAN_POINT('',(4.289999961853,-8.979999542236,
    5.400000095367));
#6986 = LINE('',#6987,#6988);
#6987 = CARTESIAN_POINT('',(4.289999961853,-8.979999542236,
    5.400000095367));
#6988 = VECTOR('',#6989,1.);
#6989 = DIRECTION('',(0.,0.,-1.));
#6990 = ORIENTED_EDGE('',*,*,#6991,.F.);
#6991 = EDGE_CURVE('',#6992,#6984,#6994,.T.);
#6992 = VERTEX_POINT('',#6993);
#6993 = CARTESIAN_POINT('',(4.289999961853,-10.38000011444,
    5.400000095367));
#6994 = LINE('',#6995,#6996);
#6995 = CARTESIAN_POINT('',(4.289999961853,-10.38000011444,
    5.400000095367));
#6996 = VECTOR('',#6997,1.);
#6997 = DIRECTION('',(0.,1.,0.));
#6998 = ORIENTED_EDGE('',*,*,#6999,.F.);
#6999 = EDGE_CURVE('',#4143,#6992,#7000,.T.);
#7000 = LINE('',#7001,#7002);
#7001 = CARTESIAN_POINT('',(4.289999961853,-10.38000011444,7.));
#7002 = VECTOR('',#7003,1.);
#7003 = DIRECTION('',(0.,0.,-1.));
#7004 = ORIENTED_EDGE('',*,*,#4168,.F.);
#7005 = ORIENTED_EDGE('',*,*,#7006,.F.);
#7006 = EDGE_CURVE('',#2862,#4161,#7007,.T.);
#7007 = LINE('',#7008,#7009);
#7008 = CARTESIAN_POINT('',(4.289999961853,-12.47999954223,0.));
#7009 = VECTOR('',#7010,1.);
#7010 = DIRECTION('',(0.,0.,1.));
#7011 = ORIENTED_EDGE('',*,*,#2861,.T.);
#7012 = PLANE('',#7013);
#7013 = AXIS2_PLACEMENT_3D('',#7014,#7015,#7016);
#7014 = CARTESIAN_POINT('',(4.289999961853,-10.05394426301,
    2.936055508109));
#7015 = DIRECTION('',(1.,0.,0.));
#7016 = DIRECTION('',(0.,0.,1.));
#7017 = ADVANCED_FACE('',(#7018),#7061,.T.);
#7018 = FACE_BOUND('',#7019,.T.);
#7019 = EDGE_LOOP('',(#7020,#7021,#7022,#7030,#7038,#7046,#7054,#7060));
#7020 = ORIENTED_EDGE('',*,*,#6959,.F.);
#7021 = ORIENTED_EDGE('',*,*,#2925,.T.);
#7022 = ORIENTED_EDGE('',*,*,#7023,.T.);
#7023 = EDGE_CURVE('',#2918,#7024,#7026,.T.);
#7024 = VERTEX_POINT('',#7025);
#7025 = CARTESIAN_POINT('',(9.369999885559,-6.5,2.));
#7026 = LINE('',#7027,#7028);
#7027 = CARTESIAN_POINT('',(9.369999885559,-6.5,0.));
#7028 = VECTOR('',#7029,1.);
#7029 = DIRECTION('',(0.,0.,1.));
#7030 = ORIENTED_EDGE('',*,*,#7031,.T.);
#7031 = EDGE_CURVE('',#7024,#7032,#7034,.T.);
#7032 = VERTEX_POINT('',#7033);
#7033 = CARTESIAN_POINT('',(9.369999885559,-8.979999542236,2.));
#7034 = LINE('',#7035,#7036);
#7035 = CARTESIAN_POINT('',(9.369999885559,-6.5,2.));
#7036 = VECTOR('',#7037,1.);
#7037 = DIRECTION('',(0.,-1.,0.));
#7038 = ORIENTED_EDGE('',*,*,#7039,.T.);
#7039 = EDGE_CURVE('',#7032,#7040,#7042,.T.);
#7040 = VERTEX_POINT('',#7041);
#7041 = CARTESIAN_POINT('',(9.369999885559,-8.979999542236,
    5.400000095367));
#7042 = LINE('',#7043,#7044);
#7043 = CARTESIAN_POINT('',(9.369999885559,-8.979999542236,2.));
#7044 = VECTOR('',#7045,1.);
#7045 = DIRECTION('',(0.,0.,1.));
#7046 = ORIENTED_EDGE('',*,*,#7047,.T.);
#7047 = EDGE_CURVE('',#7040,#7048,#7050,.T.);
#7048 = VERTEX_POINT('',#7049);
#7049 = CARTESIAN_POINT('',(9.369999885559,-10.38000011444,
    5.400000095367));
#7050 = LINE('',#7051,#7052);
#7051 = CARTESIAN_POINT('',(9.369999885559,-8.979999542236,
    5.400000095367));
#7052 = VECTOR('',#7053,1.);
#7053 = DIRECTION('',(0.,-1.,0.));
#7054 = ORIENTED_EDGE('',*,*,#7055,.F.);
#7055 = EDGE_CURVE('',#4052,#7048,#7056,.T.);
#7056 = LINE('',#7057,#7058);
#7057 = CARTESIAN_POINT('',(9.369999885559,-10.38000011444,7.));
#7058 = VECTOR('',#7059,1.);
#7059 = DIRECTION('',(0.,0.,-1.));
#7060 = ORIENTED_EDGE('',*,*,#4051,.F.);
#7061 = PLANE('',#7062);
#7062 = AXIS2_PLACEMENT_3D('',#7063,#7064,#7065);
#7063 = CARTESIAN_POINT('',(9.369999885559,-10.05394426301,
    2.936055508109));
#7064 = DIRECTION('',(1.,0.,0.));
#7065 = DIRECTION('',(0.,0.,1.));
#7066 = ADVANCED_FACE('',(#7067),#7078,.T.);
#7067 = FACE_BOUND('',#7068,.T.);
#7068 = EDGE_LOOP('',(#7069,#7075,#7076,#7077));
#7069 = ORIENTED_EDGE('',*,*,#7070,.F.);
#7070 = EDGE_CURVE('',#2870,#4153,#7071,.T.);
#7071 = LINE('',#7072,#7073);
#7072 = CARTESIAN_POINT('',(6.389999866486,-12.47999954223,0.));
#7073 = VECTOR('',#7074,1.);
#7074 = DIRECTION('',(0.,0.,1.));
#7075 = ORIENTED_EDGE('',*,*,#2869,.T.);
#7076 = ORIENTED_EDGE('',*,*,#7006,.T.);
#7077 = ORIENTED_EDGE('',*,*,#4160,.F.);
#7078 = PLANE('',#7079);
#7079 = AXIS2_PLACEMENT_3D('',#7080,#7081,#7082);
#7080 = CARTESIAN_POINT('',(5.339999914169,-12.47999954223,3.5));
#7081 = DIRECTION('',(0.,1.,0.));
#7082 = DIRECTION('',(0.,0.,1.));
#7083 = ADVANCED_FACE('',(#7084),#7102,.T.);
#7084 = FACE_BOUND('',#7085,.T.);
#7085 = EDGE_LOOP('',(#7086,#7087,#7088,#7096));
#7086 = ORIENTED_EDGE('',*,*,#7023,.F.);
#7087 = ORIENTED_EDGE('',*,*,#2917,.F.);
#7088 = ORIENTED_EDGE('',*,*,#7089,.F.);
#7089 = EDGE_CURVE('',#7090,#2910,#7092,.T.);
#7090 = VERTEX_POINT('',#7091);
#7091 = CARTESIAN_POINT('',(8.930000305176,-6.5,2.));
#7092 = LINE('',#7093,#7094);
#7093 = CARTESIAN_POINT('',(8.930000305176,-6.5,2.));
#7094 = VECTOR('',#7095,1.);
#7095 = DIRECTION('',(0.,0.,-1.));
#7096 = ORIENTED_EDGE('',*,*,#7097,.F.);
#7097 = EDGE_CURVE('',#7024,#7090,#7098,.T.);
#7098 = LINE('',#7099,#7100);
#7099 = CARTESIAN_POINT('',(9.369999885559,-6.5,2.));
#7100 = VECTOR('',#7101,1.);
#7101 = DIRECTION('',(-1.,0.,0.));
#7102 = PLANE('',#7103);
#7103 = AXIS2_PLACEMENT_3D('',#7104,#7105,#7106);
#7104 = CARTESIAN_POINT('',(9.150000095367,-6.5,0.492383466335));
#7105 = DIRECTION('',(0.,1.,0.));
#7106 = DIRECTION('',(0.,0.,1.));
#7107 = ADVANCED_FACE('',(#7108),#7151,.T.);
#7108 = FACE_BOUND('',#7109,.T.);
#7109 = EDGE_LOOP('',(#7110,#7118,#7126,#7134,#7142,#7148,#7149,#7150));
#7110 = ORIENTED_EDGE('',*,*,#7111,.F.);
#7111 = EDGE_CURVE('',#7112,#4145,#7114,.T.);
#7112 = VERTEX_POINT('',#7113);
#7113 = CARTESIAN_POINT('',(6.389999866486,-10.38000011444,
    5.400000095367));
#7114 = LINE('',#7115,#7116);
#7115 = CARTESIAN_POINT('',(6.389999866486,-10.38000011444,
    5.400000095367));
#7116 = VECTOR('',#7117,1.);
#7117 = DIRECTION('',(0.,0.,1.));
#7118 = ORIENTED_EDGE('',*,*,#7119,.T.);
#7119 = EDGE_CURVE('',#7112,#7120,#7122,.T.);
#7120 = VERTEX_POINT('',#7121);
#7121 = CARTESIAN_POINT('',(6.389999866486,-8.979999542236,
    5.400000095367));
#7122 = LINE('',#7123,#7124);
#7123 = CARTESIAN_POINT('',(6.389999866486,-10.38000011444,
    5.400000095367));
#7124 = VECTOR('',#7125,1.);
#7125 = DIRECTION('',(0.,1.,0.));
#7126 = ORIENTED_EDGE('',*,*,#7127,.T.);
#7127 = EDGE_CURVE('',#7120,#7128,#7130,.T.);
#7128 = VERTEX_POINT('',#7129);
#7129 = CARTESIAN_POINT('',(6.389999866486,-8.979999542236,2.));
#7130 = LINE('',#7131,#7132);
#7131 = CARTESIAN_POINT('',(6.389999866486,-8.979999542236,
    5.400000095367));
#7132 = VECTOR('',#7133,1.);
#7133 = DIRECTION('',(0.,0.,-1.));
#7134 = ORIENTED_EDGE('',*,*,#7135,.T.);
#7135 = EDGE_CURVE('',#7128,#7136,#7138,.T.);
#7136 = VERTEX_POINT('',#7137);
#7137 = CARTESIAN_POINT('',(6.389999866486,-6.5,2.));
#7138 = LINE('',#7139,#7140);
#7139 = CARTESIAN_POINT('',(6.389999866486,-8.979999542236,2.));
#7140 = VECTOR('',#7141,1.);
#7141 = DIRECTION('',(0.,1.,0.));
#7142 = ORIENTED_EDGE('',*,*,#7143,.T.);
#7143 = EDGE_CURVE('',#7136,#2878,#7144,.T.);
#7144 = LINE('',#7145,#7146);
#7145 = CARTESIAN_POINT('',(6.389999866486,-6.5,2.));
#7146 = VECTOR('',#7147,1.);
#7147 = DIRECTION('',(0.,0.,-1.));
#7148 = ORIENTED_EDGE('',*,*,#2877,.T.);
#7149 = ORIENTED_EDGE('',*,*,#7070,.T.);
#7150 = ORIENTED_EDGE('',*,*,#4152,.F.);
#7151 = PLANE('',#7152);
#7152 = AXIS2_PLACEMENT_3D('',#7153,#7154,#7155);
#7153 = CARTESIAN_POINT('',(6.389999866486,-10.05394426301,
    2.936055508109));
#7154 = DIRECTION('',(-1.,-0.,-0.));
#7155 = DIRECTION('',(0.,0.,-1.));
#7156 = ADVANCED_FACE('',(#7157),#7198,.T.);
#7157 = FACE_BOUND('',#7158,.T.);
#7158 = EDGE_LOOP('',(#7159,#7167,#7175,#7183,#7189,#7190,#7191,#7197));
#7159 = ORIENTED_EDGE('',*,*,#7160,.F.);
#7160 = EDGE_CURVE('',#7161,#3943,#7163,.T.);
#7161 = VERTEX_POINT('',#7162);
#7162 = CARTESIAN_POINT('',(8.930000305176,-10.38000011444,
    5.400000095367));
#7163 = LINE('',#7164,#7165);
#7164 = CARTESIAN_POINT('',(8.930000305176,-10.38000011444,
    5.400000095367));
#7165 = VECTOR('',#7166,1.);
#7166 = DIRECTION('',(0.,0.,1.));
#7167 = ORIENTED_EDGE('',*,*,#7168,.T.);
#7168 = EDGE_CURVE('',#7161,#7169,#7171,.T.);
#7169 = VERTEX_POINT('',#7170);
#7170 = CARTESIAN_POINT('',(8.930000305176,-8.979999542236,
    5.400000095367));
#7171 = LINE('',#7172,#7173);
#7172 = CARTESIAN_POINT('',(8.930000305176,-10.38000011444,
    5.400000095367));
#7173 = VECTOR('',#7174,1.);
#7174 = DIRECTION('',(0.,1.,0.));
#7175 = ORIENTED_EDGE('',*,*,#7176,.T.);
#7176 = EDGE_CURVE('',#7169,#7177,#7179,.T.);
#7177 = VERTEX_POINT('',#7178);
#7178 = CARTESIAN_POINT('',(8.930000305176,-8.979999542236,2.));
#7179 = LINE('',#7180,#7181);
#7180 = CARTESIAN_POINT('',(8.930000305176,-8.979999542236,
    5.400000095367));
#7181 = VECTOR('',#7182,1.);
#7182 = DIRECTION('',(0.,0.,-1.));
#7183 = ORIENTED_EDGE('',*,*,#7184,.T.);
#7184 = EDGE_CURVE('',#7177,#7090,#7185,.T.);
#7185 = LINE('',#7186,#7187);
#7186 = CARTESIAN_POINT('',(8.930000305176,-8.979999542236,2.));
#7187 = VECTOR('',#7188,1.);
#7188 = DIRECTION('',(0.,1.,0.));
#7189 = ORIENTED_EDGE('',*,*,#7089,.T.);
#7190 = ORIENTED_EDGE('',*,*,#2909,.T.);
#7191 = ORIENTED_EDGE('',*,*,#7192,.T.);
#7192 = EDGE_CURVE('',#2902,#3951,#7193,.T.);
#7193 = LINE('',#7194,#7195);
#7194 = CARTESIAN_POINT('',(8.930000305176,-12.47999954223,0.));
#7195 = VECTOR('',#7196,1.);
#7196 = DIRECTION('',(0.,0.,1.));
#7197 = ORIENTED_EDGE('',*,*,#3950,.F.);
#7198 = PLANE('',#7199);
#7199 = AXIS2_PLACEMENT_3D('',#7200,#7201,#7202);
#7200 = CARTESIAN_POINT('',(8.930000305176,-10.05394426301,
    2.936055508109));
#7201 = DIRECTION('',(-1.,-0.,-0.));
#7202 = DIRECTION('',(0.,0.,-1.));
#7203 = ADVANCED_FACE('',(#7204),#7222,.T.);
#7204 = FACE_BOUND('',#7205,.T.);
#7205 = EDGE_LOOP('',(#7206,#7207,#7208,#7216));
#7206 = ORIENTED_EDGE('',*,*,#2885,.F.);
#7207 = ORIENTED_EDGE('',*,*,#7143,.F.);
#7208 = ORIENTED_EDGE('',*,*,#7209,.F.);
#7209 = EDGE_CURVE('',#7210,#7136,#7212,.T.);
#7210 = VERTEX_POINT('',#7211);
#7211 = CARTESIAN_POINT('',(6.829999923706,-6.5,2.));
#7212 = LINE('',#7213,#7214);
#7213 = CARTESIAN_POINT('',(6.829999923706,-6.5,2.));
#7214 = VECTOR('',#7215,1.);
#7215 = DIRECTION('',(-1.,0.,0.));
#7216 = ORIENTED_EDGE('',*,*,#7217,.F.);
#7217 = EDGE_CURVE('',#2886,#7210,#7218,.T.);
#7218 = LINE('',#7219,#7220);
#7219 = CARTESIAN_POINT('',(6.829999923706,-6.5,0.));
#7220 = VECTOR('',#7221,1.);
#7221 = DIRECTION('',(0.,0.,1.));
#7222 = PLANE('',#7223);
#7223 = AXIS2_PLACEMENT_3D('',#7224,#7225,#7226);
#7224 = CARTESIAN_POINT('',(6.609999895096,-6.5,0.492383467385));
#7225 = DIRECTION('',(0.,1.,0.));
#7226 = DIRECTION('',(0.,0.,1.));
#7227 = ADVANCED_FACE('',(#7228),#7239,.T.);
#7228 = FACE_BOUND('',#7229,.T.);
#7229 = EDGE_LOOP('',(#7230,#7231,#7232,#7238));
#7230 = ORIENTED_EDGE('',*,*,#7192,.F.);
#7231 = ORIENTED_EDGE('',*,*,#2901,.T.);
#7232 = ORIENTED_EDGE('',*,*,#7233,.T.);
#7233 = EDGE_CURVE('',#2894,#3959,#7234,.T.);
#7234 = LINE('',#7235,#7236);
#7235 = CARTESIAN_POINT('',(6.829999923706,-12.47999954223,0.));
#7236 = VECTOR('',#7237,1.);
#7237 = DIRECTION('',(0.,0.,1.));
#7238 = ORIENTED_EDGE('',*,*,#3958,.F.);
#7239 = PLANE('',#7240);
#7240 = AXIS2_PLACEMENT_3D('',#7241,#7242,#7243);
#7241 = CARTESIAN_POINT('',(7.880000114441,-12.47999954223,3.5));
#7242 = DIRECTION('',(0.,1.,0.));
#7243 = DIRECTION('',(0.,0.,1.));
#7244 = ADVANCED_FACE('',(#7245),#7281,.T.);
#7245 = FACE_BOUND('',#7246,.T.);
#7246 = EDGE_LOOP('',(#7247,#7248,#7249,#7250,#7258,#7266,#7274,#7280));
#7247 = ORIENTED_EDGE('',*,*,#7233,.F.);
#7248 = ORIENTED_EDGE('',*,*,#2893,.T.);
#7249 = ORIENTED_EDGE('',*,*,#7217,.T.);
#7250 = ORIENTED_EDGE('',*,*,#7251,.T.);
#7251 = EDGE_CURVE('',#7210,#7252,#7254,.T.);
#7252 = VERTEX_POINT('',#7253);
#7253 = CARTESIAN_POINT('',(6.829999923706,-8.979999542236,2.));
#7254 = LINE('',#7255,#7256);
#7255 = CARTESIAN_POINT('',(6.829999923706,-6.5,2.));
#7256 = VECTOR('',#7257,1.);
#7257 = DIRECTION('',(0.,-1.,0.));
#7258 = ORIENTED_EDGE('',*,*,#7259,.T.);
#7259 = EDGE_CURVE('',#7252,#7260,#7262,.T.);
#7260 = VERTEX_POINT('',#7261);
#7261 = CARTESIAN_POINT('',(6.829999923706,-8.979999542236,
    5.400000095367));
#7262 = LINE('',#7263,#7264);
#7263 = CARTESIAN_POINT('',(6.829999923706,-8.979999542236,2.));
#7264 = VECTOR('',#7265,1.);
#7265 = DIRECTION('',(0.,0.,1.));
#7266 = ORIENTED_EDGE('',*,*,#7267,.T.);
#7267 = EDGE_CURVE('',#7260,#7268,#7270,.T.);
#7268 = VERTEX_POINT('',#7269);
#7269 = CARTESIAN_POINT('',(6.829999923706,-10.38000011444,
    5.400000095367));
#7270 = LINE('',#7271,#7272);
#7271 = CARTESIAN_POINT('',(6.829999923706,-8.979999542236,
    5.400000095367));
#7272 = VECTOR('',#7273,1.);
#7273 = DIRECTION('',(0.,-1.,0.));
#7274 = ORIENTED_EDGE('',*,*,#7275,.F.);
#7275 = EDGE_CURVE('',#3941,#7268,#7276,.T.);
#7276 = LINE('',#7277,#7278);
#7277 = CARTESIAN_POINT('',(6.829999923706,-10.38000011444,7.));
#7278 = VECTOR('',#7279,1.);
#7279 = DIRECTION('',(0.,0.,-1.));
#7280 = ORIENTED_EDGE('',*,*,#3966,.F.);
#7281 = PLANE('',#7282);
#7282 = AXIS2_PLACEMENT_3D('',#7283,#7284,#7285);
#7283 = CARTESIAN_POINT('',(6.829999923706,-10.05394426301,
    2.936055508109));
#7284 = DIRECTION('',(1.,0.,0.));
#7285 = DIRECTION('',(0.,0.,1.));
#7286 = ADVANCED_FACE('',(#7287),#7306,.F.);
#7287 = FACE_BOUND('',#7288,.T.);
#7288 = EDGE_LOOP('',(#7289,#7297,#7298,#7299));
#7289 = ORIENTED_EDGE('',*,*,#7290,.F.);
#7290 = EDGE_CURVE('',#3117,#7291,#7293,.T.);
#7291 = VERTEX_POINT('',#7292);
#7292 = CARTESIAN_POINT('',(-9.815000009535,-8.875,-0.6));
#7293 = LINE('',#7294,#7295);
#7294 = CARTESIAN_POINT('',(-9.815000009535,-8.875,0.));
#7295 = VECTOR('',#7296,1.);
#7296 = DIRECTION('',(0.,0.,-1.));
#7297 = ORIENTED_EDGE('',*,*,#3116,.T.);
#7298 = ORIENTED_EDGE('',*,*,#7290,.T.);
#7299 = ORIENTED_EDGE('',*,*,#7300,.F.);
#7300 = EDGE_CURVE('',#7291,#7291,#7301,.T.);
#7301 = CIRCLE('',#7302,2.8);
#7302 = AXIS2_PLACEMENT_3D('',#7303,#7304,#7305);
#7303 = CARTESIAN_POINT('',(-12.61500000953,-8.875,-0.6));
#7304 = DIRECTION('',(0.,0.,1.));
#7305 = DIRECTION('',(1.,0.,0.));
#7306 = CYLINDRICAL_SURFACE('',#7307,2.8);
#7307 = AXIS2_PLACEMENT_3D('',#7308,#7309,#7310);
#7308 = CARTESIAN_POINT('',(-12.61500000953,-8.875,0.));
#7309 = DIRECTION('',(-0.,-0.,-1.));
#7310 = DIRECTION('',(1.,0.,0.));
#7311 = ADVANCED_FACE('',(#7312),#7322,.T.);
#7312 = FACE_BOUND('',#7313,.T.);
#7313 = EDGE_LOOP('',(#7314,#7315,#7321));
#7314 = ORIENTED_EDGE('',*,*,#3860,.T.);
#7315 = ORIENTED_EDGE('',*,*,#7316,.F.);
#7316 = EDGE_CURVE('',#3134,#3853,#7317,.T.);
#7317 = LINE('',#7318,#7319);
#7318 = CARTESIAN_POINT('',(-20.49809646606,-13.29357814788,5.25));
#7319 = VECTOR('',#7320,1.);
#7320 = DIRECTION('',(3.252381655819E-03,-2.470448089555E-02,
    0.999689507116));
#7321 = ORIENTED_EDGE('',*,*,#3133,.T.);
#7322 = PLANE('',#7323);
#7323 = AXIS2_PLACEMENT_3D('',#7324,#7325,#7326);
#7324 = CARTESIAN_POINT('',(-20.49712597705,-13.2934931629,
    6.146253193015));
#7325 = DIRECTION('',(0.996193295267,8.716499846328E-02,
    -1.08697225703E-03));
#7326 = DIRECTION('',(-8.716504995643E-02,0.996193883773,
    1.355252715607E-20));
#7327 = ADVANCED_FACE('',(#7328),#7351,.T.);
#7328 = FACE_BOUND('',#7329,.T.);
#7329 = EDGE_LOOP('',(#7330,#7338,#7344,#7345));
#7330 = ORIENTED_EDGE('',*,*,#7331,.F.);
#7331 = EDGE_CURVE('',#5685,#7332,#7334,.T.);
#7332 = VERTEX_POINT('',#7333);
#7333 = CARTESIAN_POINT('',(-20.48296356201,-13.37940979003,5.25));
#7334 = LINE('',#7335,#7336);
#7335 = CARTESIAN_POINT('',(-20.48296356201,-13.37940979003,1.75));
#7336 = VECTOR('',#7337,1.);
#7337 = DIRECTION('',(0.,0.,1.));
#7338 = ORIENTED_EDGE('',*,*,#7339,.F.);
#7339 = EDGE_CURVE('',#3142,#5685,#7340,.T.);
#7340 = LINE('',#7341,#7342);
#7341 = CARTESIAN_POINT('',(-20.49809646606,-13.29357814788,1.75));
#7342 = VECTOR('',#7343,1.);
#7343 = DIRECTION('',(0.173631149288,-0.984810755423,0.));
#7344 = ORIENTED_EDGE('',*,*,#3141,.F.);
#7345 = ORIENTED_EDGE('',*,*,#7346,.F.);
#7346 = EDGE_CURVE('',#7332,#3134,#7347,.T.);
#7347 = LINE('',#7348,#7349);
#7348 = CARTESIAN_POINT('',(-20.48296356201,-13.37940979003,5.25));
#7349 = VECTOR('',#7350,1.);
#7350 = DIRECTION('',(-0.173631149288,0.984810755423,0.));
#7351 = PLANE('',#7352);
#7352 = AXIS2_PLACEMENT_3D('',#7353,#7354,#7355);
#7353 = CARTESIAN_POINT('',(-20.49053001403,-13.33649396896,3.5));
#7354 = DIRECTION('',(0.984810755423,0.173631149288,0.));
#7355 = DIRECTION('',(-0.173631149288,0.984810755423,0.));
#7356 = ADVANCED_FACE('',(#7357,#7407,#7413,#7419),#7425,.T.);
#7357 = FACE_BOUND('',#7358,.T.);
#7358 = EDGE_LOOP('',(#7359,#7369,#7377,#7385,#7393,#7401));
#7359 = ORIENTED_EDGE('',*,*,#7360,.T.);
#7360 = EDGE_CURVE('',#7361,#7363,#7365,.T.);
#7361 = VERTEX_POINT('',#7362);
#7362 = CARTESIAN_POINT('',(-22.5,-13.94999980926,-2.));
#7363 = VERTEX_POINT('',#7364);
#7364 = CARTESIAN_POINT('',(-22.5,-13.94999980926,0.));
#7365 = LINE('',#7366,#7367);
#7366 = CARTESIAN_POINT('',(-22.5,-13.94999980926,-0.5));
#7367 = VECTOR('',#7368,1.);
#7368 = DIRECTION('',(0.,0.,1.));
#7369 = ORIENTED_EDGE('',*,*,#7370,.T.);
#7370 = EDGE_CURVE('',#7363,#7371,#7373,.T.);
#7371 = VERTEX_POINT('',#7372);
#7372 = CARTESIAN_POINT('',(-22.5,-13.94999980926,2.));
#7373 = LINE('',#7374,#7375);
#7374 = CARTESIAN_POINT('',(-22.5,-13.94999980926,-0.5));
#7375 = VECTOR('',#7376,1.);
#7376 = DIRECTION('',(0.,0.,1.));
#7377 = ORIENTED_EDGE('',*,*,#7378,.T.);
#7378 = EDGE_CURVE('',#7371,#7379,#7381,.T.);
#7379 = VERTEX_POINT('',#7380);
#7380 = CARTESIAN_POINT('',(-22.5,13.949999809265,2.));
#7381 = LINE('',#7382,#7383);
#7382 = CARTESIAN_POINT('',(-22.5,-13.94999980926,2.));
#7383 = VECTOR('',#7384,1.);
#7384 = DIRECTION('',(0.,1.,0.));
#7385 = ORIENTED_EDGE('',*,*,#7386,.T.);
#7386 = EDGE_CURVE('',#7379,#7387,#7389,.T.);
#7387 = VERTEX_POINT('',#7388);
#7388 = CARTESIAN_POINT('',(-22.5,13.949999809265,0.));
#7389 = LINE('',#7390,#7391);
#7390 = CARTESIAN_POINT('',(-22.5,13.949999809265,2.));
#7391 = VECTOR('',#7392,1.);
#7392 = DIRECTION('',(0.,0.,-1.));
#7393 = ORIENTED_EDGE('',*,*,#7394,.T.);
#7394 = EDGE_CURVE('',#7387,#7395,#7397,.T.);
#7395 = VERTEX_POINT('',#7396);
#7396 = CARTESIAN_POINT('',(-22.5,13.949999809265,-2.));
#7397 = LINE('',#7398,#7399);
#7398 = CARTESIAN_POINT('',(-22.5,13.949999809265,0.));
#7399 = VECTOR('',#7400,1.);
#7400 = DIRECTION('',(-0.,-0.,-1.));
#7401 = ORIENTED_EDGE('',*,*,#7402,.T.);
#7402 = EDGE_CURVE('',#7395,#7361,#7403,.T.);
#7403 = LINE('',#7404,#7405);
#7404 = CARTESIAN_POINT('',(-22.5,6.974999904633,-2.));
#7405 = VECTOR('',#7406,1.);
#7406 = DIRECTION('',(0.,-1.,0.));
#7407 = FACE_BOUND('',#7408,.T.);
#7408 = EDGE_LOOP('',(#7409,#7410,#7411,#7412));
#7409 = ORIENTED_EDGE('',*,*,#4532,.F.);
#7410 = ORIENTED_EDGE('',*,*,#4611,.F.);
#7411 = ORIENTED_EDGE('',*,*,#4653,.F.);
#7412 = ORIENTED_EDGE('',*,*,#4396,.F.);
#7413 = FACE_BOUND('',#7414,.T.);
#7414 = EDGE_LOOP('',(#7415,#7416,#7417,#7418));
#7415 = ORIENTED_EDGE('',*,*,#4594,.F.);
#7416 = ORIENTED_EDGE('',*,*,#4571,.F.);
#7417 = ORIENTED_EDGE('',*,*,#4419,.F.);
#7418 = ORIENTED_EDGE('',*,*,#4636,.T.);
#7419 = FACE_BOUND('',#7420,.T.);
#7420 = EDGE_LOOP('',(#7421,#7422,#7423,#7424));
#7421 = ORIENTED_EDGE('',*,*,#4339,.F.);
#7422 = ORIENTED_EDGE('',*,*,#3173,.F.);
#7423 = ORIENTED_EDGE('',*,*,#4435,.F.);
#7424 = ORIENTED_EDGE('',*,*,#4364,.T.);
#7425 = PLANE('',#7426);
#7426 = AXIS2_PLACEMENT_3D('',#7427,#7428,#7429);
#7427 = CARTESIAN_POINT('',(-22.5,0.,0.));
#7428 = DIRECTION('',(-1.,-0.,-0.));
#7429 = DIRECTION('',(0.,0.,-1.));
#7430 = ADVANCED_FACE('',(#7431,#7481,#7487,#7493),#7499,.T.);
#7431 = FACE_BOUND('',#7432,.T.);
#7432 = EDGE_LOOP('',(#7433,#7443,#7451,#7459,#7467,#7475));
#7433 = ORIENTED_EDGE('',*,*,#7434,.F.);
#7434 = EDGE_CURVE('',#7435,#7437,#7439,.T.);
#7435 = VERTEX_POINT('',#7436);
#7436 = CARTESIAN_POINT('',(22.5,13.949999809265,0.));
#7437 = VERTEX_POINT('',#7438);
#7438 = CARTESIAN_POINT('',(22.5,13.949999809265,-2.));
#7439 = LINE('',#7440,#7441);
#7440 = CARTESIAN_POINT('',(22.5,13.949999809265,2.));
#7441 = VECTOR('',#7442,1.);
#7442 = DIRECTION('',(0.,0.,-1.));
#7443 = ORIENTED_EDGE('',*,*,#7444,.F.);
#7444 = EDGE_CURVE('',#7445,#7435,#7447,.T.);
#7445 = VERTEX_POINT('',#7446);
#7446 = CARTESIAN_POINT('',(22.5,13.949999809265,2.));
#7447 = LINE('',#7448,#7449);
#7448 = CARTESIAN_POINT('',(22.5,13.949999809265,2.));
#7449 = VECTOR('',#7450,1.);
#7450 = DIRECTION('',(0.,0.,-1.));
#7451 = ORIENTED_EDGE('',*,*,#7452,.T.);
#7452 = EDGE_CURVE('',#7445,#7453,#7455,.T.);
#7453 = VERTEX_POINT('',#7454);
#7454 = CARTESIAN_POINT('',(22.5,-13.94999980926,2.));
#7455 = LINE('',#7456,#7457);
#7456 = CARTESIAN_POINT('',(22.5,13.949999809265,2.));
#7457 = VECTOR('',#7458,1.);
#7458 = DIRECTION('',(0.,-1.,0.));
#7459 = ORIENTED_EDGE('',*,*,#7460,.F.);
#7460 = EDGE_CURVE('',#7461,#7453,#7463,.T.);
#7461 = VERTEX_POINT('',#7462);
#7462 = CARTESIAN_POINT('',(22.5,-13.94999980926,0.));
#7463 = LINE('',#7464,#7465);
#7464 = CARTESIAN_POINT('',(22.5,-13.94999980926,-0.5));
#7465 = VECTOR('',#7466,1.);
#7466 = DIRECTION('',(0.,0.,1.));
#7467 = ORIENTED_EDGE('',*,*,#7468,.T.);
#7468 = EDGE_CURVE('',#7461,#7469,#7471,.T.);
#7469 = VERTEX_POINT('',#7470);
#7470 = CARTESIAN_POINT('',(22.5,-13.94999980926,-2.));
#7471 = LINE('',#7472,#7473);
#7472 = CARTESIAN_POINT('',(22.5,-13.94999980926,0.));
#7473 = VECTOR('',#7474,1.);
#7474 = DIRECTION('',(-0.,-0.,-1.));
#7475 = ORIENTED_EDGE('',*,*,#7476,.T.);
#7476 = EDGE_CURVE('',#7469,#7437,#7477,.T.);
#7477 = LINE('',#7478,#7479);
#7478 = CARTESIAN_POINT('',(22.5,-6.974999904633,-2.));
#7479 = VECTOR('',#7480,1.);
#7480 = DIRECTION('',(0.,1.,0.));
#7481 = FACE_BOUND('',#7482,.T.);
#7482 = EDGE_LOOP('',(#7483,#7484,#7485,#7486));
#7483 = ORIENTED_EDGE('',*,*,#4525,.F.);
#7484 = ORIENTED_EDGE('',*,*,#4378,.F.);
#7485 = ORIENTED_EDGE('',*,*,#4778,.F.);
#7486 = ORIENTED_EDGE('',*,*,#4754,.F.);
#7487 = FACE_BOUND('',#7488,.T.);
#7488 = EDGE_LOOP('',(#7489,#7490,#7491,#7492));
#7489 = ORIENTED_EDGE('',*,*,#4819,.F.);
#7490 = ORIENTED_EDGE('',*,*,#4795,.T.);
#7491 = ORIENTED_EDGE('',*,*,#4465,.F.);
#7492 = ORIENTED_EDGE('',*,*,#4867,.F.);
#7493 = FACE_BOUND('',#7494,.T.);
#7494 = EDGE_LOOP('',(#7495,#7496,#7497,#7498));
#7495 = ORIENTED_EDGE('',*,*,#4843,.F.);
#7496 = ORIENTED_EDGE('',*,*,#4884,.T.);
#7497 = ORIENTED_EDGE('',*,*,#4442,.F.);
#7498 = ORIENTED_EDGE('',*,*,#3189,.F.);
#7499 = PLANE('',#7500);
#7500 = AXIS2_PLACEMENT_3D('',#7501,#7502,#7503);
#7501 = CARTESIAN_POINT('',(22.5,0.,0.));
#7502 = DIRECTION('',(1.,0.,0.));
#7503 = DIRECTION('',(0.,0.,1.));
#7504 = ADVANCED_FACE('',(#7505),#7522,.T.);
#7505 = FACE_BOUND('',#7506,.T.);
#7506 = EDGE_LOOP('',(#7507,#7515,#7521));
#7507 = ORIENTED_EDGE('',*,*,#7508,.T.);
#7508 = EDGE_CURVE('',#3219,#7509,#7511,.T.);
#7509 = VERTEX_POINT('',#7510);
#7510 = CARTESIAN_POINT('',(20.537391662598,14.749300956726,4.5));
#7511 = LINE('',#7512,#7513);
#7512 = CARTESIAN_POINT('',(20.642314910889,14.739821434021,7.));
#7513 = VECTOR('',#7514,1.);
#7514 = DIRECTION('',(-4.193208433506E-02,3.788446812311E-03,
    -0.999113280852));
#7515 = ORIENTED_EDGE('',*,*,#7516,.F.);
#7516 = EDGE_CURVE('',#3221,#7509,#7517,.T.);
#7517 = LINE('',#7518,#7519);
#7518 = CARTESIAN_POINT('',(20.5,14.75,7.));
#7519 = VECTOR('',#7520,1.);
#7520 = DIRECTION('',(1.495499181852E-02,-2.795860284374E-04,
    -0.999888128768));
#7521 = ORIENTED_EDGE('',*,*,#3218,.F.);
#7522 = PLANE('',#7523);
#7523 = AXIS2_PLACEMENT_3D('',#7524,#7525,#7526);
#7524 = CARTESIAN_POINT('',(20.554756139052,14.747044006054,
    5.784663151961));
#7525 = DIRECTION('',(7.13391796382E-02,0.997451803528,
    7.880914242817E-04));
#7526 = DIRECTION('',(0.99745211328,-7.133920179217E-02,
    6.776263578034E-21));
#7527 = ADVANCED_FACE('',(#7528),#7553,.T.);
#7528 = FACE_BOUND('',#7529,.T.);
#7529 = EDGE_LOOP('',(#7530,#7538,#7539,#7547));
#7530 = ORIENTED_EDGE('',*,*,#7531,.F.);
#7531 = EDGE_CURVE('',#3229,#7532,#7534,.T.);
#7532 = VERTEX_POINT('',#7533);
#7533 = CARTESIAN_POINT('',(-20.5,14.75,2.));
#7534 = LINE('',#7535,#7536);
#7535 = CARTESIAN_POINT('',(-20.5,14.75,7.));
#7536 = VECTOR('',#7537,1.);
#7537 = DIRECTION('',(0.,0.,-1.));
#7538 = ORIENTED_EDGE('',*,*,#3228,.F.);
#7539 = ORIENTED_EDGE('',*,*,#7540,.T.);
#7540 = EDGE_CURVE('',#3221,#7541,#7543,.T.);
#7541 = VERTEX_POINT('',#7542);
#7542 = CARTESIAN_POINT('',(20.5,14.75,2.));
#7543 = LINE('',#7544,#7545);
#7544 = CARTESIAN_POINT('',(20.5,14.75,7.));
#7545 = VECTOR('',#7546,1.);
#7546 = DIRECTION('',(0.,0.,-1.));
#7547 = ORIENTED_EDGE('',*,*,#7548,.F.);
#7548 = EDGE_CURVE('',#7532,#7541,#7549,.T.);
#7549 = LINE('',#7550,#7551);
#7550 = CARTESIAN_POINT('',(-20.5,14.75,2.));
#7551 = VECTOR('',#7552,1.);
#7552 = DIRECTION('',(1.,0.,0.));
#7553 = PLANE('',#7554);
#7554 = AXIS2_PLACEMENT_3D('',#7555,#7556,#7557);
#7555 = CARTESIAN_POINT('',(0.,14.75,4.5));
#7556 = DIRECTION('',(0.,1.,0.));
#7557 = DIRECTION('',(0.,0.,1.));
#7558 = ADVANCED_FACE('',(#7559),#7576,.T.);
#7559 = FACE_BOUND('',#7560,.T.);
#7560 = EDGE_LOOP('',(#7561,#7569,#7575));
#7561 = ORIENTED_EDGE('',*,*,#7562,.T.);
#7562 = EDGE_CURVE('',#3229,#7563,#7565,.T.);
#7563 = VERTEX_POINT('',#7564);
#7564 = CARTESIAN_POINT('',(-20.53739166259,14.749300956726,4.5));
#7565 = LINE('',#7566,#7567);
#7566 = CARTESIAN_POINT('',(-20.5,14.75,7.));
#7567 = VECTOR('',#7568,1.);
#7568 = DIRECTION('',(-1.495499181852E-02,-2.795860284374E-04,
    -0.999888128768));
#7569 = ORIENTED_EDGE('',*,*,#7570,.F.);
#7570 = EDGE_CURVE('',#3237,#7563,#7571,.T.);
#7571 = LINE('',#7572,#7573);
#7572 = CARTESIAN_POINT('',(-20.64231491088,14.739821434021,7.));
#7573 = VECTOR('',#7574,1.);
#7574 = DIRECTION('',(4.193208433506E-02,3.788446812311E-03,
    -0.999113280852));
#7575 = ORIENTED_EDGE('',*,*,#3236,.F.);
#7576 = PLANE('',#7577);
#7577 = AXIS2_PLACEMENT_3D('',#7578,#7579,#7580);
#7578 = CARTESIAN_POINT('',(-20.55475613905,14.747044006054,
    5.784663151961));
#7579 = DIRECTION('',(-7.13391796382E-02,0.997451803528,
    7.880914242817E-04));
#7580 = DIRECTION('',(0.99745211328,7.133920179217E-02,0.));
#7581 = ADVANCED_FACE('',(#7582),#7599,.T.);
#7582 = FACE_BOUND('',#7583,.T.);
#7583 = EDGE_LOOP('',(#7584,#7592,#7598));
#7584 = ORIENTED_EDGE('',*,*,#7585,.T.);
#7585 = EDGE_CURVE('',#3237,#7586,#7588,.T.);
#7586 = VERTEX_POINT('',#7587);
#7587 = CARTESIAN_POINT('',(-20.68591117858,14.732566833496,4.5));
#7588 = LINE('',#7589,#7590);
#7589 = CARTESIAN_POINT('',(-20.64231491088,14.739821434021,7.));
#7590 = VECTOR('',#7591,1.);
#7591 = DIRECTION('',(-1.743578275827E-02,-2.901386871465E-03,
    -0.999843775514));
#7592 = ORIENTED_EDGE('',*,*,#7593,.F.);
#7593 = EDGE_CURVE('',#3245,#7586,#7594,.T.);
#7594 = LINE('',#7595,#7596);
#7595 = CARTESIAN_POINT('',(-20.7817325592,14.709492683411,7.));
#7596 = VECTOR('',#7597,1.);
#7597 = DIRECTION('',(3.829880056824E-02,9.22249571787E-03,
    -0.999223772459));
#7598 = ORIENTED_EDGE('',*,*,#3244,.F.);
#7599 = PLANE('',#7600);
#7600 = AXIS2_PLACEMENT_3D('',#7601,#7602,#7603);
#7601 = CARTESIAN_POINT('',(-20.69934003587,14.72849998517,
    5.784664249553));
#7602 = DIRECTION('',(-0.212567200602,0.977146061757,8.713328996777E-04)
  );
#7603 = DIRECTION('',(0.977146432692,0.212567281295,0.));
#7604 = ADVANCED_FACE('',(#7605),#7622,.T.);
#7605 = FACE_BOUND('',#7606,.T.);
#7606 = EDGE_LOOP('',(#7607,#7615,#7621));
#7607 = ORIENTED_EDGE('',*,*,#7608,.T.);
#7608 = EDGE_CURVE('',#3245,#7609,#7611,.T.);
#7609 = VERTEX_POINT('',#7610);
#7610 = CARTESIAN_POINT('',(-20.8302783966,14.6938829422,4.5));
#7611 = LINE('',#7612,#7613);
#7612 = CARTESIAN_POINT('',(-20.7817325592,14.709492683411,7.));
#7613 = VECTOR('',#7614,1.);
#7614 = DIRECTION('',(-1.941429664445E-02,-6.242597978085E-03,
    -0.999792035904));
#7615 = ORIENTED_EDGE('',*,*,#7616,.F.);
#7616 = EDGE_CURVE('',#3253,#7609,#7617,.T.);
#7617 = LINE('',#7618,#7619);
#7618 = CARTESIAN_POINT('',(-20.91541481018,14.659631729126,7.));
#7619 = VECTOR('',#7620,1.);
#7620 = DIRECTION('',(3.40316457434E-02,1.369126441521E-02,-0.9993269717
    ));
#7621 = ORIENTED_EDGE('',*,*,#3252,.F.);
#7622 = PLANE('',#7623);
#7623 = AXIS2_PLACEMENT_3D('',#7624,#7625,#7626);
#7624 = CARTESIAN_POINT('',(-20.83968728281,14.68909051321,
    5.784665073192));
#7625 = DIRECTION('',(-0.34946434994,0.936949194138,9.35802024715E-04));
#7626 = DIRECTION('',(0.936949604393,0.349464502957,0.));
#7627 = ADVANCED_FACE('',(#7628),#7645,.T.);
#7628 = FACE_BOUND('',#7629,.T.);
#7629 = EDGE_LOOP('',(#7630,#7638,#7644));
#7630 = ORIENTED_EDGE('',*,*,#7631,.T.);
#7631 = EDGE_CURVE('',#3253,#7632,#7634,.T.);
#7632 = VERTEX_POINT('',#7633);
#7633 = CARTESIAN_POINT('',(-20.96726799011,14.634115219116,4.5));
#7634 = LINE('',#7635,#7636);
#7635 = CARTESIAN_POINT('',(-20.91541481018,14.659631729126,7.));
#7636 = VECTOR('',#7637,1.);
#7637 = DIRECTION('',(-2.073573238279E-02,-1.020387801872E-02,
    -0.999732919472));
#7638 = ORIENTED_EDGE('',*,*,#7639,.F.);
#7639 = EDGE_CURVE('',#3261,#7632,#7640,.T.);
#7640 = LINE('',#7641,#7642);
#7641 = CARTESIAN_POINT('',(-21.04063987731,14.59125328064,7.));
#7642 = VECTOR('',#7643,1.);
#7643 = DIRECTION('',(2.933181635645E-02,1.713488034632E-02,
    -0.999422853663));
#7644 = ORIENTED_EDGE('',*,*,#3260,.F.);
#7645 = PLANE('',#7646);
#7646 = AXIS2_PLACEMENT_3D('',#7647,#7648,#7649);
#7647 = CARTESIAN_POINT('',(-20.97280157955,14.62965602629,
    5.784665586982));
#7648 = DIRECTION('',(-0.479250853449,0.877677420706,9.821664181881E-04)
  );
#7649 = DIRECTION('',(0.877677844033,0.479251084604,0.));
#7650 = ADVANCED_FACE('',(#7651),#7668,.T.);
#7651 = FACE_BOUND('',#7652,.T.);
#7652 = EDGE_LOOP('',(#7653,#7661,#7667));
#7653 = ORIENTED_EDGE('',*,*,#7654,.T.);
#7654 = EDGE_CURVE('',#3261,#7655,#7657,.T.);
#7655 = VERTEX_POINT('',#7656);
#7656 = CARTESIAN_POINT('',(-21.09382057189,14.554597854614,4.5));
#7657 = LINE('',#7658,#7659);
#7658 = CARTESIAN_POINT('',(-21.04063987731,14.59125328064,7.));
#7659 = VECTOR('',#7660,1.);
#7660 = DIRECTION('',(-2.126518187798E-02,-1.465727943946E-02,
    -0.999666422463));
#7661 = ORIENTED_EDGE('',*,*,#7662,.F.);
#7662 = EDGE_CURVE('',#3269,#7655,#7663,.T.);
#7663 = LINE('',#7664,#7665);
#7664 = CARTESIAN_POINT('',(-21.15486145019,14.505749702454,7.));
#7665 = VECTOR('',#7666,1.);
#7666 = DIRECTION('',(2.440442119325E-02,1.952971374464E-02,
    -0.999511387883));
#7667 = ORIENTED_EDGE('',*,*,#3268,.F.);
#7668 = PLANE('',#7669);
#7669 = AXIS2_PLACEMENT_3D('',#7670,#7671,#7672);
#7670 = CARTESIAN_POINT('',(-21.09584226767,14.551463525852,
    5.784666372985));
#7671 = DIRECTION('',(-0.599270083193,0.800546280424,1.010093721304E-03)
  );
#7672 = DIRECTION('',(0.800546688819,0.599270388907,5.421010862428E-20)
  );
#7673 = ADVANCED_FACE('',(#7674),#7691,.T.);
#7674 = FACE_BOUND('',#7675,.T.);
#7675 = EDGE_LOOP('',(#7676,#7684,#7690));
#7676 = ORIENTED_EDGE('',*,*,#7677,.T.);
#7677 = EDGE_CURVE('',#3269,#7678,#7680,.T.);
#7678 = VERTEX_POINT('',#7679);
#7679 = CARTESIAN_POINT('',(-21.20710754394,14.457106590271,4.5));
#7680 = LINE('',#7681,#7682);
#7681 = CARTESIAN_POINT('',(-21.15486145019,14.505749702454,7.));
#7682 = VECTOR('',#7683,1.);
#7683 = DIRECTION('',(-2.088992315436E-02,-1.94493176915E-02,
    -0.999592584582));
#7684 = ORIENTED_EDGE('',*,*,#7685,.F.);
#7685 = EDGE_CURVE('',#3277,#7678,#7686,.T.);
#7686 = LINE('',#7687,#7688);
#7687 = CARTESIAN_POINT('',(-21.25574874877,14.404860496521,7.));
#7688 = VECTOR('',#7689,1.);
#7689 = DIRECTION('',(1.944855535135E-02,2.08899234642E-02,
    -0.999592599409));
#7690 = ORIENTED_EDGE('',*,*,#3276,.F.);
#7691 = PLANE('',#7692);
#7692 = AXIS2_PLACEMENT_3D('',#7693,#7694,#7695);
#7693 = CARTESIAN_POINT('',(-21.20618132808,14.456180864839,
    5.784666041609));
#7694 = DIRECTION('',(-0.70711309791,0.707099729669,1.019346292264E-03)
  );
#7695 = DIRECTION('',(-0.707100097031,-0.707113465279,1.084202172486E-19
    ));
#7696 = ADVANCED_FACE('',(#7697),#7714,.T.);
#7697 = FACE_BOUND('',#7698,.T.);
#7698 = EDGE_LOOP('',(#7699,#7707,#7713));
#7699 = ORIENTED_EDGE('',*,*,#7700,.T.);
#7700 = EDGE_CURVE('',#3277,#7701,#7703,.T.);
#7701 = VERTEX_POINT('',#7702);
#7702 = CARTESIAN_POINT('',(-21.30459785461,14.343820571899,4.5));
#7703 = LINE('',#7704,#7705);
#7704 = CARTESIAN_POINT('',(-21.25574874877,14.404860496521,7.));
#7705 = VECTOR('',#7706,1.);
#7706 = DIRECTION('',(-1.953009506427E-02,-2.440403995526E-02,
    -0.99951138974));
#7707 = ORIENTED_EDGE('',*,*,#7708,.F.);
#7708 = EDGE_CURVE('',#3285,#7701,#7709,.T.);
#7709 = LINE('',#7710,#7711);
#7710 = CARTESIAN_POINT('',(-21.34125328064,14.290640830994,7.));
#7711 = VECTOR('',#7712,1.);
#7712 = DIRECTION('',(1.465727955832E-02,2.126480070794E-02,
    -0.999666430569));
#7713 = ORIENTED_EDGE('',*,*,#3284,.F.);
#7714 = PLANE('',#7715);
#7715 = AXIS2_PLACEMENT_3D('',#7716,#7717,#7718);
#7716 = CARTESIAN_POINT('',(-21.30146328128,14.345842267371,
    5.78466614746));
#7717 = DIRECTION('',(-0.800538272778,0.599280780014,1.010210069058E-03)
  );
#7718 = DIRECTION('',(-0.599281085804,-0.800538681262,0.));
#7719 = ADVANCED_FACE('',(#7720),#7737,.T.);
#7720 = FACE_BOUND('',#7721,.T.);
#7721 = EDGE_LOOP('',(#7722,#7730,#7736));
#7722 = ORIENTED_EDGE('',*,*,#7723,.T.);
#7723 = EDGE_CURVE('',#3285,#7724,#7726,.T.);
#7724 = VERTEX_POINT('',#7725);
#7725 = CARTESIAN_POINT('',(-21.38411521911,14.217268943787,4.5));
#7726 = LINE('',#7727,#7728);
#7727 = CARTESIAN_POINT('',(-21.34125328064,14.290640830994,7.));
#7728 = VECTOR('',#7729,1.);
#7729 = DIRECTION('',(-1.713488034632E-02,-2.933181635645E-02,
    -0.999422853663));
#7730 = ORIENTED_EDGE('',*,*,#7731,.F.);
#7731 = EDGE_CURVE('',#3293,#7724,#7732,.T.);
#7732 = LINE('',#7733,#7734);
#7733 = CARTESIAN_POINT('',(-21.40963172912,14.165414810181,7.));
#7734 = VECTOR('',#7735,1.);
#7735 = DIRECTION('',(1.020387793803E-02,2.073611358665E-02,
    -0.999732911566));
#7736 = ORIENTED_EDGE('',*,*,#3292,.F.);
#7737 = PLANE('',#7738);
#7738 = AXIS2_PLACEMENT_3D('',#7739,#7740,#7741);
#7739 = CARTESIAN_POINT('',(-21.37965602567,14.222802288959,
    5.784665784575));
#7740 = DIRECTION('',(-0.877678955817,0.479248041886,9.822752531646E-04)
  );
#7741 = DIRECTION('',(-0.479248273091,-0.877679379238,0.));
#7742 = ADVANCED_FACE('',(#7743),#7760,.T.);
#7743 = FACE_BOUND('',#7744,.T.);
#7744 = EDGE_LOOP('',(#7745,#7753,#7759));
#7745 = ORIENTED_EDGE('',*,*,#7746,.T.);
#7746 = EDGE_CURVE('',#3293,#7747,#7749,.T.);
#7747 = VERTEX_POINT('',#7748);
#7748 = CARTESIAN_POINT('',(-21.44388389587,14.080279350281,4.5));
#7749 = LINE('',#7750,#7751);
#7750 = CARTESIAN_POINT('',(-21.40963172912,14.165414810181,7.));
#7751 = VECTOR('',#7752,1.);
#7752 = DIRECTION('',(-1.369164573436E-02,-3.403126479429E-02,
    -0.999326979448));
#7753 = ORIENTED_EDGE('',*,*,#7754,.F.);
#7754 = EDGE_CURVE('',#3301,#7747,#7755,.T.);
#7755 = LINE('',#7756,#7757);
#7756 = CARTESIAN_POINT('',(-21.45949363708,14.031732559204,7.));
#7757 = VECTOR('',#7758,1.);
#7758 = DIRECTION('',(6.242597931861E-03,1.941467789109E-02,
    -0.999792028501));
#7759 = ORIENTED_EDGE('',*,*,#3300,.F.);
#7760 = PLANE('',#7761);
#7761 = AXIS2_PLACEMENT_3D('',#7762,#7763,#7764);
#7762 = CARTESIAN_POINT('',(-21.43909122159,14.08968774676,
    5.784665151926));
#7763 = DIRECTION('',(-0.93694700532,0.349470217627,9.360629445072E-04)
  );
#7764 = DIRECTION('',(-0.349470370733,-0.936947415803,0.));
#7765 = ADVANCED_FACE('',(#7766),#7783,.T.);
#7766 = FACE_BOUND('',#7767,.T.);
#7767 = EDGE_LOOP('',(#7768,#7776,#7782));
#7768 = ORIENTED_EDGE('',*,*,#7769,.T.);
#7769 = EDGE_CURVE('',#3301,#7770,#7772,.T.);
#7770 = VERTEX_POINT('',#7771);
#7771 = CARTESIAN_POINT('',(-21.48256683349,13.935911178589,4.5));
#7772 = LINE('',#7773,#7774);
#7773 = CARTESIAN_POINT('',(-21.45949363708,14.031732559204,7.));
#7774 = VECTOR('',#7775,1.);
#7775 = DIRECTION('',(-9.222114576669E-03,-3.829880070288E-02,
    -0.999223775972));
#7776 = ORIENTED_EDGE('',*,*,#7777,.F.);
#7777 = EDGE_CURVE('',#3309,#7770,#7778,.T.);
#7778 = LINE('',#7779,#7780);
#7779 = CARTESIAN_POINT('',(-21.48982238769,13.892314910889,7.));
#7780 = VECTOR('',#7781,1.);
#7781 = DIRECTION('',(2.901768278386E-03,1.743578273897E-02,
    -0.999843774407));
#7782 = ORIENTED_EDGE('',*,*,#3308,.F.);
#7783 = PLANE('',#7784);
#7784 = AXIS2_PLACEMENT_3D('',#7785,#7786,#7787);
#7785 = CARTESIAN_POINT('',(-21.47850047524,13.949340035795,
    5.784664249594));
#7786 = DIRECTION('',(-0.977146062074,0.212567200671,8.709601483195E-04)
  );
#7787 = DIRECTION('',(-0.212567281295,-0.977146432692,0.));
#7788 = ADVANCED_FACE('',(#7789),#7806,.T.);
#7789 = FACE_BOUND('',#7790,.T.);
#7790 = EDGE_LOOP('',(#7791,#7799,#7805));
#7791 = ORIENTED_EDGE('',*,*,#7792,.T.);
#7792 = EDGE_CURVE('',#3309,#7793,#7795,.T.);
#7793 = VERTEX_POINT('',#7794);
#7794 = CARTESIAN_POINT('',(-21.49930000305,13.787391662598,4.5));
#7795 = LINE('',#7796,#7797);
#7796 = CARTESIAN_POINT('',(-21.48982238769,13.892314910889,7.));
#7797 = VECTOR('',#7798,1.);
#7798 = DIRECTION('',(-3.787684560308E-03,-4.193208445614E-02,
    -0.999113283737));
#7799 = ORIENTED_EDGE('',*,*,#7800,.F.);
#7800 = EDGE_CURVE('',#3317,#7793,#7801,.T.);
#7801 = LINE('',#7802,#7803);
#7802 = CARTESIAN_POINT('',(-21.5,13.75,7.));
#7803 = VECTOR('',#7804,1.);
#7804 = DIRECTION('',(2.799674554586E-04,1.495499181692E-02,
    -0.999888128661));
#7805 = ORIENTED_EDGE('',*,*,#3316,.F.);
#7806 = PLANE('',#7807);
#7807 = AXIS2_PLACEMENT_3D('',#7808,#7809,#7810);
#7808 = CARTESIAN_POINT('',(-21.49704378759,13.804756138784,
    5.784663135938));
#7809 = DIRECTION('',(-0.997452279505,7.133252959817E-02,
    7.876113309206E-04));
#7810 = DIRECTION('',(-7.13325517231E-02,-0.997452588881,
    6.776263578034E-21));
#7811 = ADVANCED_FACE('',(#7812,#7837),#7871,.T.);
#7812 = FACE_BOUND('',#7813,.T.);
#7813 = EDGE_LOOP('',(#7814,#7824,#7830,#7831));
#7814 = ORIENTED_EDGE('',*,*,#7815,.F.);
#7815 = EDGE_CURVE('',#7816,#7818,#7820,.T.);
#7816 = VERTEX_POINT('',#7817);
#7817 = CARTESIAN_POINT('',(-21.5,-13.75,2.));
#7818 = VERTEX_POINT('',#7819);
#7819 = CARTESIAN_POINT('',(-21.5,13.75,2.));
#7820 = LINE('',#7821,#7822);
#7821 = CARTESIAN_POINT('',(-21.5,-13.75,2.));
#7822 = VECTOR('',#7823,1.);
#7823 = DIRECTION('',(0.,1.,0.));
#7824 = ORIENTED_EDGE('',*,*,#7825,.F.);
#7825 = EDGE_CURVE('',#3325,#7816,#7826,.T.);
#7826 = LINE('',#7827,#7828);
#7827 = CARTESIAN_POINT('',(-21.5,-13.75,7.));
#7828 = VECTOR('',#7829,1.);
#7829 = DIRECTION('',(0.,0.,-1.));
#7830 = ORIENTED_EDGE('',*,*,#3324,.F.);
#7831 = ORIENTED_EDGE('',*,*,#7832,.T.);
#7832 = EDGE_CURVE('',#3317,#7818,#7833,.T.);
#7833 = LINE('',#7834,#7835);
#7834 = CARTESIAN_POINT('',(-21.5,13.75,7.));
#7835 = VECTOR('',#7836,1.);
#7836 = DIRECTION('',(0.,0.,-1.));
#7837 = FACE_BOUND('',#7838,.T.);
#7838 = EDGE_LOOP('',(#7839,#7849,#7857,#7865));
#7839 = ORIENTED_EDGE('',*,*,#7840,.T.);
#7840 = EDGE_CURVE('',#7841,#7843,#7845,.T.);
#7841 = VERTEX_POINT('',#7842);
#7842 = CARTESIAN_POINT('',(-21.5,-8.,4.832156658173));
#7843 = VERTEX_POINT('',#7844);
#7844 = CARTESIAN_POINT('',(-21.5,-8.,2.167843341827));
#7845 = LINE('',#7846,#7847);
#7846 = CARTESIAN_POINT('',(-21.5,-8.,4.832156658173));
#7847 = VECTOR('',#7848,1.);
#7848 = DIRECTION('',(0.,0.,-1.));
#7849 = ORIENTED_EDGE('',*,*,#7850,.T.);
#7850 = EDGE_CURVE('',#7843,#7851,#7853,.T.);
#7851 = VERTEX_POINT('',#7852);
#7852 = CARTESIAN_POINT('',(-21.5,8.,2.167843341827));
#7853 = LINE('',#7854,#7855);
#7854 = CARTESIAN_POINT('',(-21.5,-8.,2.167843341827));
#7855 = VECTOR('',#7856,1.);
#7856 = DIRECTION('',(0.,1.,0.));
#7857 = ORIENTED_EDGE('',*,*,#7858,.T.);
#7858 = EDGE_CURVE('',#7851,#7859,#7861,.T.);
#7859 = VERTEX_POINT('',#7860);
#7860 = CARTESIAN_POINT('',(-21.5,8.,4.832156658173));
#7861 = LINE('',#7862,#7863);
#7862 = CARTESIAN_POINT('',(-21.5,8.,2.167843341827));
#7863 = VECTOR('',#7864,1.);
#7864 = DIRECTION('',(0.,0.,1.));
#7865 = ORIENTED_EDGE('',*,*,#7866,.T.);
#7866 = EDGE_CURVE('',#7859,#7841,#7867,.T.);
#7867 = LINE('',#7868,#7869);
#7868 = CARTESIAN_POINT('',(-21.5,8.,4.832156658173));
#7869 = VECTOR('',#7870,1.);
#7870 = DIRECTION('',(0.,-1.,0.));
#7871 = PLANE('',#7872);
#7872 = AXIS2_PLACEMENT_3D('',#7873,#7874,#7875);
#7873 = CARTESIAN_POINT('',(-21.5,0.,4.5));
#7874 = DIRECTION('',(-1.,-0.,-0.));
#7875 = DIRECTION('',(0.,0.,-1.));
#7876 = ADVANCED_FACE('',(#7877),#7894,.T.);
#7877 = FACE_BOUND('',#7878,.T.);
#7878 = EDGE_LOOP('',(#7879,#7887,#7893));
#7879 = ORIENTED_EDGE('',*,*,#7880,.T.);
#7880 = EDGE_CURVE('',#3325,#7881,#7883,.T.);
#7881 = VERTEX_POINT('',#7882);
#7882 = CARTESIAN_POINT('',(-21.49930000305,-13.78739166259,4.5));
#7883 = LINE('',#7884,#7885);
#7884 = CARTESIAN_POINT('',(-21.5,-13.75,7.));
#7885 = VECTOR('',#7886,1.);
#7886 = DIRECTION('',(2.799674554586E-04,-1.495499181692E-02,
    -0.999888128661));
#7887 = ORIENTED_EDGE('',*,*,#7888,.F.);
#7888 = EDGE_CURVE('',#3333,#7881,#7889,.T.);
#7889 = LINE('',#7890,#7891);
#7890 = CARTESIAN_POINT('',(-21.48982238769,-13.89231491088,7.));
#7891 = VECTOR('',#7892,1.);
#7892 = DIRECTION('',(-3.787684560308E-03,4.193208445614E-02,
    -0.999113283737));
#7893 = ORIENTED_EDGE('',*,*,#3332,.F.);
#7894 = PLANE('',#7895);
#7895 = AXIS2_PLACEMENT_3D('',#7896,#7897,#7898);
#7896 = CARTESIAN_POINT('',(-21.49704378759,-13.80475613878,
    5.784663135938));
#7897 = DIRECTION('',(-0.997452279505,-7.133252959817E-02,
    7.876113309206E-04));
#7898 = DIRECTION('',(7.13325517231E-02,-0.997452588881,
    -6.776263578034E-21));
#7899 = ADVANCED_FACE('',(#7900),#7917,.T.);
#7900 = FACE_BOUND('',#7901,.T.);
#7901 = EDGE_LOOP('',(#7902,#7910,#7916));
#7902 = ORIENTED_EDGE('',*,*,#7903,.T.);
#7903 = EDGE_CURVE('',#3333,#7904,#7906,.T.);
#7904 = VERTEX_POINT('',#7905);
#7905 = CARTESIAN_POINT('',(-21.48256683349,-13.93591117858,4.5));
#7906 = LINE('',#7907,#7908);
#7907 = CARTESIAN_POINT('',(-21.48982238769,-13.89231491088,7.));
#7908 = VECTOR('',#7909,1.);
#7909 = DIRECTION('',(2.901768278386E-03,-1.743578273897E-02,
    -0.999843774407));
#7910 = ORIENTED_EDGE('',*,*,#7911,.F.);
#7911 = EDGE_CURVE('',#3341,#7904,#7912,.T.);
#7912 = LINE('',#7913,#7914);
#7913 = CARTESIAN_POINT('',(-21.45949363708,-14.0317325592,7.));
#7914 = VECTOR('',#7915,1.);
#7915 = DIRECTION('',(-9.222114576669E-03,3.829880070288E-02,
    -0.999223775972));
#7916 = ORIENTED_EDGE('',*,*,#3340,.F.);
#7917 = PLANE('',#7918);
#7918 = AXIS2_PLACEMENT_3D('',#7919,#7920,#7921);
#7919 = CARTESIAN_POINT('',(-21.47850047524,-13.94934003579,
    5.784664249594));
#7920 = DIRECTION('',(-0.977146062074,-0.212567200671,8.709601483195E-04
    ));
#7921 = DIRECTION('',(0.212567281295,-0.977146432692,0.));
#7922 = ADVANCED_FACE('',(#7923),#7940,.T.);
#7923 = FACE_BOUND('',#7924,.T.);
#7924 = EDGE_LOOP('',(#7925,#7933,#7939));
#7925 = ORIENTED_EDGE('',*,*,#7926,.T.);
#7926 = EDGE_CURVE('',#3341,#7927,#7929,.T.);
#7927 = VERTEX_POINT('',#7928);
#7928 = CARTESIAN_POINT('',(-21.44388389587,-14.08027935028,4.5));
#7929 = LINE('',#7930,#7931);
#7930 = CARTESIAN_POINT('',(-21.45949363708,-14.0317325592,7.));
#7931 = VECTOR('',#7932,1.);
#7932 = DIRECTION('',(6.242597931861E-03,-1.941467789109E-02,
    -0.999792028501));
#7933 = ORIENTED_EDGE('',*,*,#7934,.F.);
#7934 = EDGE_CURVE('',#3349,#7927,#7935,.T.);
#7935 = LINE('',#7936,#7937);
#7936 = CARTESIAN_POINT('',(-21.40963172912,-14.16541481018,7.));
#7937 = VECTOR('',#7938,1.);
#7938 = DIRECTION('',(-1.369164573436E-02,3.403126479429E-02,
    -0.999326979448));
#7939 = ORIENTED_EDGE('',*,*,#3348,.F.);
#7940 = PLANE('',#7941);
#7941 = AXIS2_PLACEMENT_3D('',#7942,#7943,#7944);
#7942 = CARTESIAN_POINT('',(-21.43909122159,-14.08968774676,
    5.784665151926));
#7943 = DIRECTION('',(-0.93694700532,-0.349470217627,9.360629445072E-04)
  );
#7944 = DIRECTION('',(0.349470370733,-0.936947415803,0.));
#7945 = ADVANCED_FACE('',(#7946),#7963,.T.);
#7946 = FACE_BOUND('',#7947,.T.);
#7947 = EDGE_LOOP('',(#7948,#7956,#7962));
#7948 = ORIENTED_EDGE('',*,*,#7949,.T.);
#7949 = EDGE_CURVE('',#3349,#7950,#7952,.T.);
#7950 = VERTEX_POINT('',#7951);
#7951 = CARTESIAN_POINT('',(-21.38411521911,-14.21726894378,4.5));
#7952 = LINE('',#7953,#7954);
#7953 = CARTESIAN_POINT('',(-21.40963172912,-14.16541481018,7.));
#7954 = VECTOR('',#7955,1.);
#7955 = DIRECTION('',(1.020387793803E-02,-2.073611358665E-02,
    -0.999732911566));
#7956 = ORIENTED_EDGE('',*,*,#7957,.F.);
#7957 = EDGE_CURVE('',#3357,#7950,#7958,.T.);
#7958 = LINE('',#7959,#7960);
#7959 = CARTESIAN_POINT('',(-21.34125328064,-14.29064083099,7.));
#7960 = VECTOR('',#7961,1.);
#7961 = DIRECTION('',(-1.713488034632E-02,2.933181635645E-02,
    -0.999422853663));
#7962 = ORIENTED_EDGE('',*,*,#3356,.F.);
#7963 = PLANE('',#7964);
#7964 = AXIS2_PLACEMENT_3D('',#7965,#7966,#7967);
#7965 = CARTESIAN_POINT('',(-21.37965602567,-14.22280228895,
    5.784665784575));
#7966 = DIRECTION('',(-0.877678955817,-0.479248041886,9.822752531646E-04
    ));
#7967 = DIRECTION('',(0.479248273091,-0.877679379238,0.));
#7968 = ADVANCED_FACE('',(#7969),#7986,.T.);
#7969 = FACE_BOUND('',#7970,.T.);
#7970 = EDGE_LOOP('',(#7971,#7979,#7985));
#7971 = ORIENTED_EDGE('',*,*,#7972,.T.);
#7972 = EDGE_CURVE('',#3357,#7973,#7975,.T.);
#7973 = VERTEX_POINT('',#7974);
#7974 = CARTESIAN_POINT('',(-21.30459785461,-14.34382057189,4.5));
#7975 = LINE('',#7976,#7977);
#7976 = CARTESIAN_POINT('',(-21.34125328064,-14.29064083099,7.));
#7977 = VECTOR('',#7978,1.);
#7978 = DIRECTION('',(1.465727955832E-02,-2.126480070794E-02,
    -0.999666430569));
#7979 = ORIENTED_EDGE('',*,*,#7980,.F.);
#7980 = EDGE_CURVE('',#3365,#7973,#7981,.T.);
#7981 = LINE('',#7982,#7983);
#7982 = CARTESIAN_POINT('',(-21.25574874877,-14.40486049652,7.));
#7983 = VECTOR('',#7984,1.);
#7984 = DIRECTION('',(-1.953009506427E-02,2.440403995526E-02,
    -0.99951138974));
#7985 = ORIENTED_EDGE('',*,*,#3364,.F.);
#7986 = PLANE('',#7987);
#7987 = AXIS2_PLACEMENT_3D('',#7988,#7989,#7990);
#7988 = CARTESIAN_POINT('',(-21.30146328128,-14.34584226737,
    5.78466614746));
#7989 = DIRECTION('',(-0.800538272778,-0.599280780014,1.010210069058E-03
    ));
#7990 = DIRECTION('',(0.599281085804,-0.800538681262,0.));
#7991 = ADVANCED_FACE('',(#7992),#8009,.T.);
#7992 = FACE_BOUND('',#7993,.T.);
#7993 = EDGE_LOOP('',(#7994,#8002,#8008));
#7994 = ORIENTED_EDGE('',*,*,#7995,.T.);
#7995 = EDGE_CURVE('',#3365,#7996,#7998,.T.);
#7996 = VERTEX_POINT('',#7997);
#7997 = CARTESIAN_POINT('',(-21.20710754394,-14.45710659027,4.5));
#7998 = LINE('',#7999,#8000);
#7999 = CARTESIAN_POINT('',(-21.25574874877,-14.40486049652,7.));
#8000 = VECTOR('',#8001,1.);
#8001 = DIRECTION('',(1.944855535135E-02,-2.08899234642E-02,
    -0.999592599409));
#8002 = ORIENTED_EDGE('',*,*,#8003,.F.);
#8003 = EDGE_CURVE('',#3373,#7996,#8004,.T.);
#8004 = LINE('',#8005,#8006);
#8005 = CARTESIAN_POINT('',(-21.15486145019,-14.50574970245,7.));
#8006 = VECTOR('',#8007,1.);
#8007 = DIRECTION('',(-2.088992315436E-02,1.94493176915E-02,
    -0.999592584582));
#8008 = ORIENTED_EDGE('',*,*,#3372,.F.);
#8009 = PLANE('',#8010);
#8010 = AXIS2_PLACEMENT_3D('',#8011,#8012,#8013);
#8011 = CARTESIAN_POINT('',(-21.20618132808,-14.45618086483,
    5.784666041609));
#8012 = DIRECTION('',(-0.70711309791,-0.707099729669,1.019346292264E-03)
  );
#8013 = DIRECTION('',(0.707100097031,-0.707113465279,-1.084202172486E-19
    ));
#8014 = ADVANCED_FACE('',(#8015),#8032,.T.);
#8015 = FACE_BOUND('',#8016,.T.);
#8016 = EDGE_LOOP('',(#8017,#8025,#8031));
#8017 = ORIENTED_EDGE('',*,*,#8018,.T.);
#8018 = EDGE_CURVE('',#3373,#8019,#8021,.T.);
#8019 = VERTEX_POINT('',#8020);
#8020 = CARTESIAN_POINT('',(-21.09382057189,-14.55459785461,4.5));
#8021 = LINE('',#8022,#8023);
#8022 = CARTESIAN_POINT('',(-21.15486145019,-14.50574970245,7.));
#8023 = VECTOR('',#8024,1.);
#8024 = DIRECTION('',(2.440442119325E-02,-1.952971374464E-02,
    -0.999511387883));
#8025 = ORIENTED_EDGE('',*,*,#8026,.F.);
#8026 = EDGE_CURVE('',#3381,#8019,#8027,.T.);
#8027 = LINE('',#8028,#8029);
#8028 = CARTESIAN_POINT('',(-21.04063987731,-14.59125328064,7.));
#8029 = VECTOR('',#8030,1.);
#8030 = DIRECTION('',(-2.126518187798E-02,1.465727943946E-02,
    -0.999666422463));
#8031 = ORIENTED_EDGE('',*,*,#3380,.F.);
#8032 = PLANE('',#8033);
#8033 = AXIS2_PLACEMENT_3D('',#8034,#8035,#8036);
#8034 = CARTESIAN_POINT('',(-21.09584226767,-14.55146352585,
    5.784666372985));
#8035 = DIRECTION('',(-0.599270083193,-0.800546280424,1.010093721304E-03
    ));
#8036 = DIRECTION('',(-0.800546688819,0.599270388907,0.));
#8037 = ADVANCED_FACE('',(#8038),#8055,.T.);
#8038 = FACE_BOUND('',#8039,.T.);
#8039 = EDGE_LOOP('',(#8040,#8048,#8054));
#8040 = ORIENTED_EDGE('',*,*,#8041,.T.);
#8041 = EDGE_CURVE('',#3381,#8042,#8044,.T.);
#8042 = VERTEX_POINT('',#8043);
#8043 = CARTESIAN_POINT('',(-20.96726799011,-14.63411521911,4.5));
#8044 = LINE('',#8045,#8046);
#8045 = CARTESIAN_POINT('',(-21.04063987731,-14.59125328064,7.));
#8046 = VECTOR('',#8047,1.);
#8047 = DIRECTION('',(2.933181635645E-02,-1.713488034632E-02,
    -0.999422853663));
#8048 = ORIENTED_EDGE('',*,*,#8049,.F.);
#8049 = EDGE_CURVE('',#3389,#8042,#8050,.T.);
#8050 = LINE('',#8051,#8052);
#8051 = CARTESIAN_POINT('',(-20.91541481018,-14.65963172912,7.));
#8052 = VECTOR('',#8053,1.);
#8053 = DIRECTION('',(-2.073573238279E-02,1.020387801872E-02,
    -0.999732919472));
#8054 = ORIENTED_EDGE('',*,*,#3388,.F.);
#8055 = PLANE('',#8056);
#8056 = AXIS2_PLACEMENT_3D('',#8057,#8058,#8059);
#8057 = CARTESIAN_POINT('',(-20.97280157955,-14.62965602629,
    5.784665586982));
#8058 = DIRECTION('',(-0.479250853449,-0.877677420706,9.821664181881E-04
    ));
#8059 = DIRECTION('',(-0.877677844033,0.479251084604,0.));
#8060 = ADVANCED_FACE('',(#8061),#8078,.T.);
#8061 = FACE_BOUND('',#8062,.T.);
#8062 = EDGE_LOOP('',(#8063,#8071,#8077));
#8063 = ORIENTED_EDGE('',*,*,#8064,.T.);
#8064 = EDGE_CURVE('',#3389,#8065,#8067,.T.);
#8065 = VERTEX_POINT('',#8066);
#8066 = CARTESIAN_POINT('',(-20.8302783966,-14.6938829422,4.5));
#8067 = LINE('',#8068,#8069);
#8068 = CARTESIAN_POINT('',(-20.91541481018,-14.65963172912,7.));
#8069 = VECTOR('',#8070,1.);
#8070 = DIRECTION('',(3.40316457434E-02,-1.369126441521E-02,
    -0.9993269717));
#8071 = ORIENTED_EDGE('',*,*,#8072,.F.);
#8072 = EDGE_CURVE('',#3397,#8065,#8073,.T.);
#8073 = LINE('',#8074,#8075);
#8074 = CARTESIAN_POINT('',(-20.7817325592,-14.70949268341,7.));
#8075 = VECTOR('',#8076,1.);
#8076 = DIRECTION('',(-1.941429664445E-02,6.242597978085E-03,
    -0.999792035904));
#8077 = ORIENTED_EDGE('',*,*,#3396,.F.);
#8078 = PLANE('',#8079);
#8079 = AXIS2_PLACEMENT_3D('',#8080,#8081,#8082);
#8080 = CARTESIAN_POINT('',(-20.83968728281,-14.68909051321,
    5.784665073192));
#8081 = DIRECTION('',(-0.34946434994,-0.936949194138,9.35802024715E-04)
  );
#8082 = DIRECTION('',(-0.936949604393,0.349464502957,0.));
#8083 = ADVANCED_FACE('',(#8084),#8101,.T.);
#8084 = FACE_BOUND('',#8085,.T.);
#8085 = EDGE_LOOP('',(#8086,#8094,#8100));
#8086 = ORIENTED_EDGE('',*,*,#8087,.T.);
#8087 = EDGE_CURVE('',#3397,#8088,#8090,.T.);
#8088 = VERTEX_POINT('',#8089);
#8089 = CARTESIAN_POINT('',(-20.68591117858,-14.73256683349,4.5));
#8090 = LINE('',#8091,#8092);
#8091 = CARTESIAN_POINT('',(-20.7817325592,-14.70949268341,7.));
#8092 = VECTOR('',#8093,1.);
#8093 = DIRECTION('',(3.829880056824E-02,-9.22249571787E-03,
    -0.999223772459));
#8094 = ORIENTED_EDGE('',*,*,#8095,.F.);
#8095 = EDGE_CURVE('',#3405,#8088,#8096,.T.);
#8096 = LINE('',#8097,#8098);
#8097 = CARTESIAN_POINT('',(-20.64231491088,-14.73982143402,7.));
#8098 = VECTOR('',#8099,1.);
#8099 = DIRECTION('',(-1.743578275827E-02,2.901386871465E-03,
    -0.999843775514));
#8100 = ORIENTED_EDGE('',*,*,#3404,.F.);
#8101 = PLANE('',#8102);
#8102 = AXIS2_PLACEMENT_3D('',#8103,#8104,#8105);
#8103 = CARTESIAN_POINT('',(-20.69934003587,-14.72849998517,
    5.784664249553));
#8104 = DIRECTION('',(-0.212567200602,-0.977146061757,8.713328996777E-04
    ));
#8105 = DIRECTION('',(-0.977146432692,0.212567281295,0.));
#8106 = ADVANCED_FACE('',(#8107),#8124,.T.);
#8107 = FACE_BOUND('',#8108,.T.);
#8108 = EDGE_LOOP('',(#8109,#8117,#8123));
#8109 = ORIENTED_EDGE('',*,*,#8110,.T.);
#8110 = EDGE_CURVE('',#3405,#8111,#8113,.T.);
#8111 = VERTEX_POINT('',#8112);
#8112 = CARTESIAN_POINT('',(-20.53739166259,-14.74930095672,4.5));
#8113 = LINE('',#8114,#8115);
#8114 = CARTESIAN_POINT('',(-20.64231491088,-14.73982143402,7.));
#8115 = VECTOR('',#8116,1.);
#8116 = DIRECTION('',(4.193208433506E-02,-3.788446812311E-03,
    -0.999113280852));
#8117 = ORIENTED_EDGE('',*,*,#8118,.F.);
#8118 = EDGE_CURVE('',#3413,#8111,#8119,.T.);
#8119 = LINE('',#8120,#8121);
#8120 = CARTESIAN_POINT('',(-20.5,-14.75,7.));
#8121 = VECTOR('',#8122,1.);
#8122 = DIRECTION('',(-1.495499181852E-02,2.795860284374E-04,
    -0.999888128768));
#8123 = ORIENTED_EDGE('',*,*,#3412,.F.);
#8124 = PLANE('',#8125);
#8125 = AXIS2_PLACEMENT_3D('',#8126,#8127,#8128);
#8126 = CARTESIAN_POINT('',(-20.55475613905,-14.74704400605,
    5.784663151961));
#8127 = DIRECTION('',(-7.13391796382E-02,-0.997451803528,
    7.880914242817E-04));
#8128 = DIRECTION('',(-0.99745211328,7.133920179217E-02,
    6.776263578034E-21));
#8129 = ADVANCED_FACE('',(#8130),#8155,.T.);
#8130 = FACE_BOUND('',#8131,.T.);
#8131 = EDGE_LOOP('',(#8132,#8140,#8141,#8149));
#8132 = ORIENTED_EDGE('',*,*,#8133,.F.);
#8133 = EDGE_CURVE('',#3421,#8134,#8136,.T.);
#8134 = VERTEX_POINT('',#8135);
#8135 = CARTESIAN_POINT('',(20.5,-14.75,2.));
#8136 = LINE('',#8137,#8138);
#8137 = CARTESIAN_POINT('',(20.5,-14.75,7.));
#8138 = VECTOR('',#8139,1.);
#8139 = DIRECTION('',(0.,0.,-1.));
#8140 = ORIENTED_EDGE('',*,*,#3420,.T.);
#8141 = ORIENTED_EDGE('',*,*,#8142,.T.);
#8142 = EDGE_CURVE('',#3413,#8143,#8145,.T.);
#8143 = VERTEX_POINT('',#8144);
#8144 = CARTESIAN_POINT('',(-20.5,-14.75,2.));
#8145 = LINE('',#8146,#8147);
#8146 = CARTESIAN_POINT('',(-20.5,-14.75,7.));
#8147 = VECTOR('',#8148,1.);
#8148 = DIRECTION('',(0.,0.,-1.));
#8149 = ORIENTED_EDGE('',*,*,#8150,.F.);
#8150 = EDGE_CURVE('',#8134,#8143,#8151,.T.);
#8151 = LINE('',#8152,#8153);
#8152 = CARTESIAN_POINT('',(20.5,-14.75,2.));
#8153 = VECTOR('',#8154,1.);
#8154 = DIRECTION('',(-1.,0.,0.));
#8155 = PLANE('',#8156);
#8156 = AXIS2_PLACEMENT_3D('',#8157,#8158,#8159);
#8157 = CARTESIAN_POINT('',(0.,-14.75,4.5));
#8158 = DIRECTION('',(-0.,-1.,-0.));
#8159 = DIRECTION('',(0.,0.,-1.));
#8160 = ADVANCED_FACE('',(#8161),#8178,.T.);
#8161 = FACE_BOUND('',#8162,.T.);
#8162 = EDGE_LOOP('',(#8163,#8171,#8177));
#8163 = ORIENTED_EDGE('',*,*,#8164,.T.);
#8164 = EDGE_CURVE('',#3421,#8165,#8167,.T.);
#8165 = VERTEX_POINT('',#8166);
#8166 = CARTESIAN_POINT('',(20.537391662598,-14.74930095672,4.5));
#8167 = LINE('',#8168,#8169);
#8168 = CARTESIAN_POINT('',(20.5,-14.75,7.));
#8169 = VECTOR('',#8170,1.);
#8170 = DIRECTION('',(1.495499181852E-02,2.795860284374E-04,
    -0.999888128768));
#8171 = ORIENTED_EDGE('',*,*,#8172,.F.);
#8172 = EDGE_CURVE('',#3429,#8165,#8173,.T.);
#8173 = LINE('',#8174,#8175);
#8174 = CARTESIAN_POINT('',(20.642314910889,-14.73982143402,7.));
#8175 = VECTOR('',#8176,1.);
#8176 = DIRECTION('',(-4.193208433506E-02,-3.788446812311E-03,
    -0.999113280852));
#8177 = ORIENTED_EDGE('',*,*,#3428,.T.);
#8178 = PLANE('',#8179);
#8179 = AXIS2_PLACEMENT_3D('',#8180,#8181,#8182);
#8180 = CARTESIAN_POINT('',(20.554756139052,-14.74704400605,
    5.784663151961));
#8181 = DIRECTION('',(7.13391796382E-02,-0.997451803528,
    7.880914242817E-04));
#8182 = DIRECTION('',(-0.99745211328,-7.133920179217E-02,0.));
#8183 = ADVANCED_FACE('',(#8184),#8201,.T.);
#8184 = FACE_BOUND('',#8185,.T.);
#8185 = EDGE_LOOP('',(#8186,#8194,#8200));
#8186 = ORIENTED_EDGE('',*,*,#8187,.T.);
#8187 = EDGE_CURVE('',#3429,#8188,#8190,.T.);
#8188 = VERTEX_POINT('',#8189);
#8189 = CARTESIAN_POINT('',(20.685911178589,-14.73256683349,4.5));
#8190 = LINE('',#8191,#8192);
#8191 = CARTESIAN_POINT('',(20.642314910889,-14.73982143402,7.));
#8192 = VECTOR('',#8193,1.);
#8193 = DIRECTION('',(1.743578275827E-02,2.901386871465E-03,
    -0.999843775514));
#8194 = ORIENTED_EDGE('',*,*,#8195,.F.);
#8195 = EDGE_CURVE('',#3437,#8188,#8196,.T.);
#8196 = LINE('',#8197,#8198);
#8197 = CARTESIAN_POINT('',(20.781732559204,-14.70949268341,7.));
#8198 = VECTOR('',#8199,1.);
#8199 = DIRECTION('',(-3.829880056824E-02,-9.22249571787E-03,
    -0.999223772459));
#8200 = ORIENTED_EDGE('',*,*,#3436,.T.);
#8201 = PLANE('',#8202);
#8202 = AXIS2_PLACEMENT_3D('',#8203,#8204,#8205);
#8203 = CARTESIAN_POINT('',(20.699340035873,-14.72849998517,
    5.784664249553));
#8204 = DIRECTION('',(0.212567200602,-0.977146061757,8.713328996777E-04)
  );
#8205 = DIRECTION('',(-0.977146432692,-0.212567281295,0.));
#8206 = ADVANCED_FACE('',(#8207),#8224,.T.);
#8207 = FACE_BOUND('',#8208,.T.);
#8208 = EDGE_LOOP('',(#8209,#8217,#8223));
#8209 = ORIENTED_EDGE('',*,*,#8210,.T.);
#8210 = EDGE_CURVE('',#3437,#8211,#8213,.T.);
#8211 = VERTEX_POINT('',#8212);
#8212 = CARTESIAN_POINT('',(20.830278396606,-14.6938829422,4.5));
#8213 = LINE('',#8214,#8215);
#8214 = CARTESIAN_POINT('',(20.781732559204,-14.70949268341,7.));
#8215 = VECTOR('',#8216,1.);
#8216 = DIRECTION('',(1.941429664445E-02,6.242597978085E-03,
    -0.999792035904));
#8217 = ORIENTED_EDGE('',*,*,#8218,.F.);
#8218 = EDGE_CURVE('',#3445,#8211,#8219,.T.);
#8219 = LINE('',#8220,#8221);
#8220 = CARTESIAN_POINT('',(20.915414810181,-14.65963172912,7.));
#8221 = VECTOR('',#8222,1.);
#8222 = DIRECTION('',(-3.40316457434E-02,-1.369126441521E-02,
    -0.9993269717));
#8223 = ORIENTED_EDGE('',*,*,#3444,.T.);
#8224 = PLANE('',#8225);
#8225 = AXIS2_PLACEMENT_3D('',#8226,#8227,#8228);
#8226 = CARTESIAN_POINT('',(20.839687282817,-14.68909051321,
    5.784665073192));
#8227 = DIRECTION('',(0.34946434994,-0.936949194138,9.35802024715E-04));
#8228 = DIRECTION('',(-0.936949604393,-0.349464502957,0.));
#8229 = ADVANCED_FACE('',(#8230),#8247,.T.);
#8230 = FACE_BOUND('',#8231,.T.);
#8231 = EDGE_LOOP('',(#8232,#8240,#8246));
#8232 = ORIENTED_EDGE('',*,*,#8233,.T.);
#8233 = EDGE_CURVE('',#3445,#8234,#8236,.T.);
#8234 = VERTEX_POINT('',#8235);
#8235 = CARTESIAN_POINT('',(20.967267990112,-14.63411521911,4.5));
#8236 = LINE('',#8237,#8238);
#8237 = CARTESIAN_POINT('',(20.915414810181,-14.65963172912,7.));
#8238 = VECTOR('',#8239,1.);
#8239 = DIRECTION('',(2.073573238279E-02,1.020387801872E-02,
    -0.999732919472));
#8240 = ORIENTED_EDGE('',*,*,#8241,.F.);
#8241 = EDGE_CURVE('',#3453,#8234,#8242,.T.);
#8242 = LINE('',#8243,#8244);
#8243 = CARTESIAN_POINT('',(21.040639877319,-14.59125328064,7.));
#8244 = VECTOR('',#8245,1.);
#8245 = DIRECTION('',(-2.933181635645E-02,-1.713488034632E-02,
    -0.999422853663));
#8246 = ORIENTED_EDGE('',*,*,#3452,.T.);
#8247 = PLANE('',#8248);
#8248 = AXIS2_PLACEMENT_3D('',#8249,#8250,#8251);
#8249 = CARTESIAN_POINT('',(20.97280157955,-14.62965602629,
    5.784665586982));
#8250 = DIRECTION('',(0.479250853449,-0.877677420706,9.821664181881E-04)
  );
#8251 = DIRECTION('',(-0.877677844033,-0.479251084604,0.));
#8252 = ADVANCED_FACE('',(#8253),#8270,.T.);
#8253 = FACE_BOUND('',#8254,.T.);
#8254 = EDGE_LOOP('',(#8255,#8263,#8269));
#8255 = ORIENTED_EDGE('',*,*,#8256,.T.);
#8256 = EDGE_CURVE('',#3453,#8257,#8259,.T.);
#8257 = VERTEX_POINT('',#8258);
#8258 = CARTESIAN_POINT('',(21.093820571899,-14.55459785461,4.5));
#8259 = LINE('',#8260,#8261);
#8260 = CARTESIAN_POINT('',(21.040639877319,-14.59125328064,7.));
#8261 = VECTOR('',#8262,1.);
#8262 = DIRECTION('',(2.126518187798E-02,1.465727943946E-02,
    -0.999666422463));
#8263 = ORIENTED_EDGE('',*,*,#8264,.F.);
#8264 = EDGE_CURVE('',#3461,#8257,#8265,.T.);
#8265 = LINE('',#8266,#8267);
#8266 = CARTESIAN_POINT('',(21.154861450195,-14.50574970245,7.));
#8267 = VECTOR('',#8268,1.);
#8268 = DIRECTION('',(-2.440442119325E-02,-1.952971374464E-02,
    -0.999511387883));
#8269 = ORIENTED_EDGE('',*,*,#3460,.T.);
#8270 = PLANE('',#8271);
#8271 = AXIS2_PLACEMENT_3D('',#8272,#8273,#8274);
#8272 = CARTESIAN_POINT('',(21.095842267674,-14.55146352585,
    5.784666372985));
#8273 = DIRECTION('',(0.599270083193,-0.800546280424,1.010093721304E-03)
  );
#8274 = DIRECTION('',(-0.800546688819,-0.599270388907,0.));
#8275 = ADVANCED_FACE('',(#8276),#8293,.T.);
#8276 = FACE_BOUND('',#8277,.T.);
#8277 = EDGE_LOOP('',(#8278,#8286,#8292));
#8278 = ORIENTED_EDGE('',*,*,#8279,.T.);
#8279 = EDGE_CURVE('',#3461,#8280,#8282,.T.);
#8280 = VERTEX_POINT('',#8281);
#8281 = CARTESIAN_POINT('',(21.207107543945,-14.45710659027,4.5));
#8282 = LINE('',#8283,#8284);
#8283 = CARTESIAN_POINT('',(21.154861450195,-14.50574970245,7.));
#8284 = VECTOR('',#8285,1.);
#8285 = DIRECTION('',(2.088992315436E-02,1.94493176915E-02,
    -0.999592584582));
#8286 = ORIENTED_EDGE('',*,*,#8287,.F.);
#8287 = EDGE_CURVE('',#3469,#8280,#8288,.T.);
#8288 = LINE('',#8289,#8290);
#8289 = CARTESIAN_POINT('',(21.255748748779,-14.40486049652,7.));
#8290 = VECTOR('',#8291,1.);
#8291 = DIRECTION('',(-1.944855535135E-02,-2.08899234642E-02,
    -0.999592599409));
#8292 = ORIENTED_EDGE('',*,*,#3468,.T.);
#8293 = PLANE('',#8294);
#8294 = AXIS2_PLACEMENT_3D('',#8295,#8296,#8297);
#8295 = CARTESIAN_POINT('',(21.206181328089,-14.45618086483,
    5.784666041609));
#8296 = DIRECTION('',(0.70711309791,-0.707099729669,1.019346292264E-03)
  );
#8297 = DIRECTION('',(0.707100097031,0.707113465279,1.084202172486E-19)
  );
#8298 = ADVANCED_FACE('',(#8299),#8316,.T.);
#8299 = FACE_BOUND('',#8300,.T.);
#8300 = EDGE_LOOP('',(#8301,#8309,#8315));
#8301 = ORIENTED_EDGE('',*,*,#8302,.T.);
#8302 = EDGE_CURVE('',#3469,#8303,#8305,.T.);
#8303 = VERTEX_POINT('',#8304);
#8304 = CARTESIAN_POINT('',(21.304597854614,-14.34382057189,4.5));
#8305 = LINE('',#8306,#8307);
#8306 = CARTESIAN_POINT('',(21.255748748779,-14.40486049652,7.));
#8307 = VECTOR('',#8308,1.);
#8308 = DIRECTION('',(1.953009506427E-02,2.440403995526E-02,
    -0.99951138974));
#8309 = ORIENTED_EDGE('',*,*,#8310,.F.);
#8310 = EDGE_CURVE('',#3477,#8303,#8311,.T.);
#8311 = LINE('',#8312,#8313);
#8312 = CARTESIAN_POINT('',(21.34125328064,-14.29064083099,7.));
#8313 = VECTOR('',#8314,1.);
#8314 = DIRECTION('',(-1.465727955832E-02,-2.126480070794E-02,
    -0.999666430569));
#8315 = ORIENTED_EDGE('',*,*,#3476,.T.);
#8316 = PLANE('',#8317);
#8317 = AXIS2_PLACEMENT_3D('',#8318,#8319,#8320);
#8318 = CARTESIAN_POINT('',(21.301463281288,-14.34584226737,
    5.78466614746));
#8319 = DIRECTION('',(0.800538272778,-0.599280780014,1.010210069058E-03)
  );
#8320 = DIRECTION('',(0.599281085804,0.800538681262,0.));
#8321 = ADVANCED_FACE('',(#8322),#8339,.T.);
#8322 = FACE_BOUND('',#8323,.T.);
#8323 = EDGE_LOOP('',(#8324,#8332,#8338));
#8324 = ORIENTED_EDGE('',*,*,#8325,.T.);
#8325 = EDGE_CURVE('',#3477,#8326,#8328,.T.);
#8326 = VERTEX_POINT('',#8327);
#8327 = CARTESIAN_POINT('',(21.384115219116,-14.21726894378,4.5));
#8328 = LINE('',#8329,#8330);
#8329 = CARTESIAN_POINT('',(21.34125328064,-14.29064083099,7.));
#8330 = VECTOR('',#8331,1.);
#8331 = DIRECTION('',(1.713488034632E-02,2.933181635645E-02,
    -0.999422853663));
#8332 = ORIENTED_EDGE('',*,*,#8333,.F.);
#8333 = EDGE_CURVE('',#3485,#8326,#8334,.T.);
#8334 = LINE('',#8335,#8336);
#8335 = CARTESIAN_POINT('',(21.409631729126,-14.16541481018,7.));
#8336 = VECTOR('',#8337,1.);
#8337 = DIRECTION('',(-1.020387793803E-02,-2.073611358665E-02,
    -0.999732911566));
#8338 = ORIENTED_EDGE('',*,*,#3484,.T.);
#8339 = PLANE('',#8340);
#8340 = AXIS2_PLACEMENT_3D('',#8341,#8342,#8343);
#8341 = CARTESIAN_POINT('',(21.37965602567,-14.22280228895,
    5.784665784575));
#8342 = DIRECTION('',(0.877678955817,-0.479248041886,9.822752531646E-04)
  );
#8343 = DIRECTION('',(0.479248273091,0.877679379238,0.));
#8344 = ADVANCED_FACE('',(#8345),#8362,.T.);
#8345 = FACE_BOUND('',#8346,.T.);
#8346 = EDGE_LOOP('',(#8347,#8355,#8361));
#8347 = ORIENTED_EDGE('',*,*,#8348,.T.);
#8348 = EDGE_CURVE('',#3485,#8349,#8351,.T.);
#8349 = VERTEX_POINT('',#8350);
#8350 = CARTESIAN_POINT('',(21.443883895874,-14.08027935028,4.5));
#8351 = LINE('',#8352,#8353);
#8352 = CARTESIAN_POINT('',(21.409631729126,-14.16541481018,7.));
#8353 = VECTOR('',#8354,1.);
#8354 = DIRECTION('',(1.369164573436E-02,3.403126479429E-02,
    -0.999326979448));
#8355 = ORIENTED_EDGE('',*,*,#8356,.F.);
#8356 = EDGE_CURVE('',#3493,#8349,#8357,.T.);
#8357 = LINE('',#8358,#8359);
#8358 = CARTESIAN_POINT('',(21.459493637085,-14.0317325592,7.));
#8359 = VECTOR('',#8360,1.);
#8360 = DIRECTION('',(-6.242597931861E-03,-1.941467789109E-02,
    -0.999792028501));
#8361 = ORIENTED_EDGE('',*,*,#3492,.T.);
#8362 = PLANE('',#8363);
#8363 = AXIS2_PLACEMENT_3D('',#8364,#8365,#8366);
#8364 = CARTESIAN_POINT('',(21.439091221598,-14.08968774676,
    5.784665151926));
#8365 = DIRECTION('',(0.93694700532,-0.349470217627,9.360629445072E-04)
  );
#8366 = DIRECTION('',(0.349470370733,0.936947415803,0.));
#8367 = ADVANCED_FACE('',(#8368),#8385,.T.);
#8368 = FACE_BOUND('',#8369,.T.);
#8369 = EDGE_LOOP('',(#8370,#8378,#8384));
#8370 = ORIENTED_EDGE('',*,*,#8371,.T.);
#8371 = EDGE_CURVE('',#3493,#8372,#8374,.T.);
#8372 = VERTEX_POINT('',#8373);
#8373 = CARTESIAN_POINT('',(21.482566833496,-13.93591117858,4.5));
#8374 = LINE('',#8375,#8376);
#8375 = CARTESIAN_POINT('',(21.459493637085,-14.0317325592,7.));
#8376 = VECTOR('',#8377,1.);
#8377 = DIRECTION('',(9.222114576669E-03,3.829880070288E-02,
    -0.999223775972));
#8378 = ORIENTED_EDGE('',*,*,#8379,.F.);
#8379 = EDGE_CURVE('',#3501,#8372,#8380,.T.);
#8380 = LINE('',#8381,#8382);
#8381 = CARTESIAN_POINT('',(21.489822387695,-13.89231491088,7.));
#8382 = VECTOR('',#8383,1.);
#8383 = DIRECTION('',(-2.901768278386E-03,-1.743578273897E-02,
    -0.999843774407));
#8384 = ORIENTED_EDGE('',*,*,#3500,.T.);
#8385 = PLANE('',#8386);
#8386 = AXIS2_PLACEMENT_3D('',#8387,#8388,#8389);
#8387 = CARTESIAN_POINT('',(21.478500475247,-13.94934003579,
    5.784664249594));
#8388 = DIRECTION('',(0.977146062074,-0.212567200671,8.709601483195E-04)
  );
#8389 = DIRECTION('',(0.212567281295,0.977146432692,0.));
#8390 = ADVANCED_FACE('',(#8391),#8408,.T.);
#8391 = FACE_BOUND('',#8392,.T.);
#8392 = EDGE_LOOP('',(#8393,#8401,#8407));
#8393 = ORIENTED_EDGE('',*,*,#8394,.T.);
#8394 = EDGE_CURVE('',#3501,#8395,#8397,.T.);
#8395 = VERTEX_POINT('',#8396);
#8396 = CARTESIAN_POINT('',(21.499300003052,-13.78739166259,4.5));
#8397 = LINE('',#8398,#8399);
#8398 = CARTESIAN_POINT('',(21.489822387695,-13.89231491088,7.));
#8399 = VECTOR('',#8400,1.);
#8400 = DIRECTION('',(3.787684560308E-03,4.193208445614E-02,
    -0.999113283737));
#8401 = ORIENTED_EDGE('',*,*,#8402,.F.);
#8402 = EDGE_CURVE('',#3509,#8395,#8403,.T.);
#8403 = LINE('',#8404,#8405);
#8404 = CARTESIAN_POINT('',(21.5,-13.75,7.));
#8405 = VECTOR('',#8406,1.);
#8406 = DIRECTION('',(-2.799674554586E-04,-1.495499181692E-02,
    -0.999888128661));
#8407 = ORIENTED_EDGE('',*,*,#3508,.T.);
#8408 = PLANE('',#8409);
#8409 = AXIS2_PLACEMENT_3D('',#8410,#8411,#8412);
#8410 = CARTESIAN_POINT('',(21.497043787592,-13.80475613878,
    5.784663135938));
#8411 = DIRECTION('',(0.997452279505,-7.133252959817E-02,
    7.876113309206E-04));
#8412 = DIRECTION('',(7.13325517231E-02,0.997452588881,
    6.776263578034E-21));
#8413 = ADVANCED_FACE('',(#8414,#8439),#8473,.T.);
#8414 = FACE_BOUND('',#8415,.T.);
#8415 = EDGE_LOOP('',(#8416,#8424,#8432,#8438));
#8416 = ORIENTED_EDGE('',*,*,#8417,.F.);
#8417 = EDGE_CURVE('',#8418,#3509,#8420,.T.);
#8418 = VERTEX_POINT('',#8419);
#8419 = CARTESIAN_POINT('',(21.5,-13.75,2.));
#8420 = LINE('',#8421,#8422);
#8421 = CARTESIAN_POINT('',(21.5,-13.75,2.));
#8422 = VECTOR('',#8423,1.);
#8423 = DIRECTION('',(0.,0.,1.));
#8424 = ORIENTED_EDGE('',*,*,#8425,.F.);
#8425 = EDGE_CURVE('',#8426,#8418,#8428,.T.);
#8426 = VERTEX_POINT('',#8427);
#8427 = CARTESIAN_POINT('',(21.5,13.75,2.));
#8428 = LINE('',#8429,#8430);
#8429 = CARTESIAN_POINT('',(21.5,13.75,2.));
#8430 = VECTOR('',#8431,1.);
#8431 = DIRECTION('',(0.,-1.,0.));
#8432 = ORIENTED_EDGE('',*,*,#8433,.F.);
#8433 = EDGE_CURVE('',#3517,#8426,#8434,.T.);
#8434 = LINE('',#8435,#8436);
#8435 = CARTESIAN_POINT('',(21.5,13.75,7.));
#8436 = VECTOR('',#8437,1.);
#8437 = DIRECTION('',(0.,0.,-1.));
#8438 = ORIENTED_EDGE('',*,*,#3516,.F.);
#8439 = FACE_BOUND('',#8440,.T.);
#8440 = EDGE_LOOP('',(#8441,#8451,#8459,#8467));
#8441 = ORIENTED_EDGE('',*,*,#8442,.F.);
#8442 = EDGE_CURVE('',#8443,#8445,#8447,.T.);
#8443 = VERTEX_POINT('',#8444);
#8444 = CARTESIAN_POINT('',(21.5,-8.,4.832156658173));
#8445 = VERTEX_POINT('',#8446);
#8446 = CARTESIAN_POINT('',(21.5,-8.,2.167843341827));
#8447 = LINE('',#8448,#8449);
#8448 = CARTESIAN_POINT('',(21.5,-8.,4.832156658173));
#8449 = VECTOR('',#8450,1.);
#8450 = DIRECTION('',(0.,0.,-1.));
#8451 = ORIENTED_EDGE('',*,*,#8452,.F.);
#8452 = EDGE_CURVE('',#8453,#8443,#8455,.T.);
#8453 = VERTEX_POINT('',#8454);
#8454 = CARTESIAN_POINT('',(21.5,8.,4.832156658173));
#8455 = LINE('',#8456,#8457);
#8456 = CARTESIAN_POINT('',(21.5,8.,4.832156658173));
#8457 = VECTOR('',#8458,1.);
#8458 = DIRECTION('',(0.,-1.,0.));
#8459 = ORIENTED_EDGE('',*,*,#8460,.F.);
#8460 = EDGE_CURVE('',#8461,#8453,#8463,.T.);
#8461 = VERTEX_POINT('',#8462);
#8462 = CARTESIAN_POINT('',(21.5,8.,2.167843341827));
#8463 = LINE('',#8464,#8465);
#8464 = CARTESIAN_POINT('',(21.5,8.,2.167843341827));
#8465 = VECTOR('',#8466,1.);
#8466 = DIRECTION('',(0.,0.,1.));
#8467 = ORIENTED_EDGE('',*,*,#8468,.F.);
#8468 = EDGE_CURVE('',#8445,#8461,#8469,.T.);
#8469 = LINE('',#8470,#8471);
#8470 = CARTESIAN_POINT('',(21.5,-8.,2.167843341827));
#8471 = VECTOR('',#8472,1.);
#8472 = DIRECTION('',(0.,1.,0.));
#8473 = PLANE('',#8474);
#8474 = AXIS2_PLACEMENT_3D('',#8475,#8476,#8477);
#8475 = CARTESIAN_POINT('',(21.5,0.,4.5));
#8476 = DIRECTION('',(1.,0.,0.));
#8477 = DIRECTION('',(0.,0.,1.));
#8478 = ADVANCED_FACE('',(#8479),#8496,.T.);
#8479 = FACE_BOUND('',#8480,.T.);
#8480 = EDGE_LOOP('',(#8481,#8489,#8495));
#8481 = ORIENTED_EDGE('',*,*,#8482,.T.);
#8482 = EDGE_CURVE('',#3517,#8483,#8485,.T.);
#8483 = VERTEX_POINT('',#8484);
#8484 = CARTESIAN_POINT('',(21.499300003052,13.787391662598,4.5));
#8485 = LINE('',#8486,#8487);
#8486 = CARTESIAN_POINT('',(21.5,13.75,7.));
#8487 = VECTOR('',#8488,1.);
#8488 = DIRECTION('',(-2.799674554586E-04,1.495499181692E-02,
    -0.999888128661));
#8489 = ORIENTED_EDGE('',*,*,#8490,.F.);
#8490 = EDGE_CURVE('',#3525,#8483,#8491,.T.);
#8491 = LINE('',#8492,#8493);
#8492 = CARTESIAN_POINT('',(21.489822387695,13.892314910889,7.));
#8493 = VECTOR('',#8494,1.);
#8494 = DIRECTION('',(3.787684560308E-03,-4.193208445614E-02,
    -0.999113283737));
#8495 = ORIENTED_EDGE('',*,*,#3524,.F.);
#8496 = PLANE('',#8497);
#8497 = AXIS2_PLACEMENT_3D('',#8498,#8499,#8500);
#8498 = CARTESIAN_POINT('',(21.497043787592,13.804756138784,
    5.784663135938));
#8499 = DIRECTION('',(0.997452279505,7.133252959817E-02,
    7.876113309206E-04));
#8500 = DIRECTION('',(-7.13325517231E-02,0.997452588881,
    -6.776263578034E-21));
#8501 = ADVANCED_FACE('',(#8502),#8519,.T.);
#8502 = FACE_BOUND('',#8503,.T.);
#8503 = EDGE_LOOP('',(#8504,#8512,#8518));
#8504 = ORIENTED_EDGE('',*,*,#8505,.T.);
#8505 = EDGE_CURVE('',#3525,#8506,#8508,.T.);
#8506 = VERTEX_POINT('',#8507);
#8507 = CARTESIAN_POINT('',(21.482566833496,13.935911178589,4.5));
#8508 = LINE('',#8509,#8510);
#8509 = CARTESIAN_POINT('',(21.489822387695,13.892314910889,7.));
#8510 = VECTOR('',#8511,1.);
#8511 = DIRECTION('',(-2.901768278386E-03,1.743578273897E-02,
    -0.999843774407));
#8512 = ORIENTED_EDGE('',*,*,#8513,.F.);
#8513 = EDGE_CURVE('',#3533,#8506,#8514,.T.);
#8514 = LINE('',#8515,#8516);
#8515 = CARTESIAN_POINT('',(21.459493637085,14.031732559204,7.));
#8516 = VECTOR('',#8517,1.);
#8517 = DIRECTION('',(9.222114576669E-03,-3.829880070288E-02,
    -0.999223775972));
#8518 = ORIENTED_EDGE('',*,*,#3532,.F.);
#8519 = PLANE('',#8520);
#8520 = AXIS2_PLACEMENT_3D('',#8521,#8522,#8523);
#8521 = CARTESIAN_POINT('',(21.478500475247,13.949340035795,
    5.784664249594));
#8522 = DIRECTION('',(0.977146062074,0.212567200671,8.709601483195E-04)
  );
#8523 = DIRECTION('',(-0.212567281295,0.977146432692,0.));
#8524 = ADVANCED_FACE('',(#8525),#8542,.T.);
#8525 = FACE_BOUND('',#8526,.T.);
#8526 = EDGE_LOOP('',(#8527,#8535,#8541));
#8527 = ORIENTED_EDGE('',*,*,#8528,.T.);
#8528 = EDGE_CURVE('',#3533,#8529,#8531,.T.);
#8529 = VERTEX_POINT('',#8530);
#8530 = CARTESIAN_POINT('',(21.443883895874,14.080279350281,4.5));
#8531 = LINE('',#8532,#8533);
#8532 = CARTESIAN_POINT('',(21.459493637085,14.031732559204,7.));
#8533 = VECTOR('',#8534,1.);
#8534 = DIRECTION('',(-6.242597931861E-03,1.941467789109E-02,
    -0.999792028501));
#8535 = ORIENTED_EDGE('',*,*,#8536,.F.);
#8536 = EDGE_CURVE('',#3541,#8529,#8537,.T.);
#8537 = LINE('',#8538,#8539);
#8538 = CARTESIAN_POINT('',(21.409631729126,14.165414810181,7.));
#8539 = VECTOR('',#8540,1.);
#8540 = DIRECTION('',(1.369164573436E-02,-3.403126479429E-02,
    -0.999326979448));
#8541 = ORIENTED_EDGE('',*,*,#3540,.F.);
#8542 = PLANE('',#8543);
#8543 = AXIS2_PLACEMENT_3D('',#8544,#8545,#8546);
#8544 = CARTESIAN_POINT('',(21.439091221598,14.08968774676,
    5.784665151926));
#8545 = DIRECTION('',(0.93694700532,0.349470217627,9.360629445072E-04));
#8546 = DIRECTION('',(-0.349470370733,0.936947415803,0.));
#8547 = ADVANCED_FACE('',(#8548),#8565,.T.);
#8548 = FACE_BOUND('',#8549,.T.);
#8549 = EDGE_LOOP('',(#8550,#8558,#8564));
#8550 = ORIENTED_EDGE('',*,*,#8551,.T.);
#8551 = EDGE_CURVE('',#3541,#8552,#8554,.T.);
#8552 = VERTEX_POINT('',#8553);
#8553 = CARTESIAN_POINT('',(21.384115219116,14.217268943787,4.5));
#8554 = LINE('',#8555,#8556);
#8555 = CARTESIAN_POINT('',(21.409631729126,14.165414810181,7.));
#8556 = VECTOR('',#8557,1.);
#8557 = DIRECTION('',(-1.020387793803E-02,2.073611358665E-02,
    -0.999732911566));
#8558 = ORIENTED_EDGE('',*,*,#8559,.F.);
#8559 = EDGE_CURVE('',#3549,#8552,#8560,.T.);
#8560 = LINE('',#8561,#8562);
#8561 = CARTESIAN_POINT('',(21.34125328064,14.290640830994,7.));
#8562 = VECTOR('',#8563,1.);
#8563 = DIRECTION('',(1.713488034632E-02,-2.933181635645E-02,
    -0.999422853663));
#8564 = ORIENTED_EDGE('',*,*,#3548,.F.);
#8565 = PLANE('',#8566);
#8566 = AXIS2_PLACEMENT_3D('',#8567,#8568,#8569);
#8567 = CARTESIAN_POINT('',(21.37965602567,14.222802288959,
    5.784665784575));
#8568 = DIRECTION('',(0.877678955817,0.479248041886,9.822752531646E-04)
  );
#8569 = DIRECTION('',(-0.479248273091,0.877679379238,0.));
#8570 = ADVANCED_FACE('',(#8571),#8588,.T.);
#8571 = FACE_BOUND('',#8572,.T.);
#8572 = EDGE_LOOP('',(#8573,#8581,#8587));
#8573 = ORIENTED_EDGE('',*,*,#8574,.T.);
#8574 = EDGE_CURVE('',#3549,#8575,#8577,.T.);
#8575 = VERTEX_POINT('',#8576);
#8576 = CARTESIAN_POINT('',(21.304597854614,14.343820571899,4.5));
#8577 = LINE('',#8578,#8579);
#8578 = CARTESIAN_POINT('',(21.34125328064,14.290640830994,7.));
#8579 = VECTOR('',#8580,1.);
#8580 = DIRECTION('',(-1.465727955832E-02,2.126480070794E-02,
    -0.999666430569));
#8581 = ORIENTED_EDGE('',*,*,#8582,.F.);
#8582 = EDGE_CURVE('',#3557,#8575,#8583,.T.);
#8583 = LINE('',#8584,#8585);
#8584 = CARTESIAN_POINT('',(21.255748748779,14.404860496521,7.));
#8585 = VECTOR('',#8586,1.);
#8586 = DIRECTION('',(1.953009506427E-02,-2.440403995526E-02,
    -0.99951138974));
#8587 = ORIENTED_EDGE('',*,*,#3556,.F.);
#8588 = PLANE('',#8589);
#8589 = AXIS2_PLACEMENT_3D('',#8590,#8591,#8592);
#8590 = CARTESIAN_POINT('',(21.301463281288,14.345842267371,
    5.78466614746));
#8591 = DIRECTION('',(0.800538272778,0.599280780014,1.010210069058E-03)
  );
#8592 = DIRECTION('',(-0.599281085804,0.800538681262,0.));
#8593 = ADVANCED_FACE('',(#8594),#8611,.T.);
#8594 = FACE_BOUND('',#8595,.T.);
#8595 = EDGE_LOOP('',(#8596,#8604,#8610));
#8596 = ORIENTED_EDGE('',*,*,#8597,.T.);
#8597 = EDGE_CURVE('',#3557,#8598,#8600,.T.);
#8598 = VERTEX_POINT('',#8599);
#8599 = CARTESIAN_POINT('',(21.207107543945,14.457106590271,4.5));
#8600 = LINE('',#8601,#8602);
#8601 = CARTESIAN_POINT('',(21.255748748779,14.404860496521,7.));
#8602 = VECTOR('',#8603,1.);
#8603 = DIRECTION('',(-1.944855535135E-02,2.08899234642E-02,
    -0.999592599409));
#8604 = ORIENTED_EDGE('',*,*,#8605,.F.);
#8605 = EDGE_CURVE('',#3565,#8598,#8606,.T.);
#8606 = LINE('',#8607,#8608);
#8607 = CARTESIAN_POINT('',(21.154861450195,14.505749702454,7.));
#8608 = VECTOR('',#8609,1.);
#8609 = DIRECTION('',(2.088992315436E-02,-1.94493176915E-02,
    -0.999592584582));
#8610 = ORIENTED_EDGE('',*,*,#3564,.F.);
#8611 = PLANE('',#8612);
#8612 = AXIS2_PLACEMENT_3D('',#8613,#8614,#8615);
#8613 = CARTESIAN_POINT('',(21.206181328089,14.456180864839,
    5.784666041609));
#8614 = DIRECTION('',(0.70711309791,0.707099729669,1.019346292264E-03));
#8615 = DIRECTION('',(-0.707100097031,0.707113465279,-1.084202172486E-19
    ));
#8616 = ADVANCED_FACE('',(#8617),#8634,.T.);
#8617 = FACE_BOUND('',#8618,.T.);
#8618 = EDGE_LOOP('',(#8619,#8627,#8633));
#8619 = ORIENTED_EDGE('',*,*,#8620,.T.);
#8620 = EDGE_CURVE('',#3565,#8621,#8623,.T.);
#8621 = VERTEX_POINT('',#8622);
#8622 = CARTESIAN_POINT('',(21.093820571899,14.554597854614,4.5));
#8623 = LINE('',#8624,#8625);
#8624 = CARTESIAN_POINT('',(21.154861450195,14.505749702454,7.));
#8625 = VECTOR('',#8626,1.);
#8626 = DIRECTION('',(-2.440442119325E-02,1.952971374464E-02,
    -0.999511387883));
#8627 = ORIENTED_EDGE('',*,*,#8628,.F.);
#8628 = EDGE_CURVE('',#3573,#8621,#8629,.T.);
#8629 = LINE('',#8630,#8631);
#8630 = CARTESIAN_POINT('',(21.040639877319,14.59125328064,7.));
#8631 = VECTOR('',#8632,1.);
#8632 = DIRECTION('',(2.126518187798E-02,-1.465727943946E-02,
    -0.999666422463));
#8633 = ORIENTED_EDGE('',*,*,#3572,.F.);
#8634 = PLANE('',#8635);
#8635 = AXIS2_PLACEMENT_3D('',#8636,#8637,#8638);
#8636 = CARTESIAN_POINT('',(21.095842267674,14.551463525852,
    5.784666372985));
#8637 = DIRECTION('',(0.599270083193,0.800546280424,1.010093721304E-03)
  );
#8638 = DIRECTION('',(0.800546688819,-0.599270388907,0.));
#8639 = ADVANCED_FACE('',(#8640),#8657,.T.);
#8640 = FACE_BOUND('',#8641,.T.);
#8641 = EDGE_LOOP('',(#8642,#8650,#8656));
#8642 = ORIENTED_EDGE('',*,*,#8643,.T.);
#8643 = EDGE_CURVE('',#3573,#8644,#8646,.T.);
#8644 = VERTEX_POINT('',#8645);
#8645 = CARTESIAN_POINT('',(20.967267990112,14.634115219116,4.5));
#8646 = LINE('',#8647,#8648);
#8647 = CARTESIAN_POINT('',(21.040639877319,14.59125328064,7.));
#8648 = VECTOR('',#8649,1.);
#8649 = DIRECTION('',(-2.933181635645E-02,1.713488034632E-02,
    -0.999422853663));
#8650 = ORIENTED_EDGE('',*,*,#8651,.F.);
#8651 = EDGE_CURVE('',#3581,#8644,#8652,.T.);
#8652 = LINE('',#8653,#8654);
#8653 = CARTESIAN_POINT('',(20.915414810181,14.659631729126,7.));
#8654 = VECTOR('',#8655,1.);
#8655 = DIRECTION('',(2.073573238279E-02,-1.020387801872E-02,
    -0.999732919472));
#8656 = ORIENTED_EDGE('',*,*,#3580,.F.);
#8657 = PLANE('',#8658);
#8658 = AXIS2_PLACEMENT_3D('',#8659,#8660,#8661);
#8659 = CARTESIAN_POINT('',(20.97280157955,14.62965602629,5.784665586982
    ));
#8660 = DIRECTION('',(0.479250853449,0.877677420706,9.821664181881E-04)
  );
#8661 = DIRECTION('',(0.877677844033,-0.479251084604,0.));
#8662 = ADVANCED_FACE('',(#8663),#8680,.T.);
#8663 = FACE_BOUND('',#8664,.T.);
#8664 = EDGE_LOOP('',(#8665,#8673,#8679));
#8665 = ORIENTED_EDGE('',*,*,#8666,.T.);
#8666 = EDGE_CURVE('',#3581,#8667,#8669,.T.);
#8667 = VERTEX_POINT('',#8668);
#8668 = CARTESIAN_POINT('',(20.830278396606,14.6938829422,4.5));
#8669 = LINE('',#8670,#8671);
#8670 = CARTESIAN_POINT('',(20.915414810181,14.659631729126,7.));
#8671 = VECTOR('',#8672,1.);
#8672 = DIRECTION('',(-3.40316457434E-02,1.369126441521E-02,
    -0.9993269717));
#8673 = ORIENTED_EDGE('',*,*,#8674,.F.);
#8674 = EDGE_CURVE('',#3589,#8667,#8675,.T.);
#8675 = LINE('',#8676,#8677);
#8676 = CARTESIAN_POINT('',(20.781732559204,14.709492683411,7.));
#8677 = VECTOR('',#8678,1.);
#8678 = DIRECTION('',(1.941429664445E-02,-6.242597978085E-03,
    -0.999792035904));
#8679 = ORIENTED_EDGE('',*,*,#3588,.F.);
#8680 = PLANE('',#8681);
#8681 = AXIS2_PLACEMENT_3D('',#8682,#8683,#8684);
#8682 = CARTESIAN_POINT('',(20.839687282817,14.68909051321,
    5.784665073192));
#8683 = DIRECTION('',(0.34946434994,0.936949194138,9.35802024715E-04));
#8684 = DIRECTION('',(0.936949604393,-0.349464502957,0.));
#8685 = ADVANCED_FACE('',(#8686),#8703,.T.);
#8686 = FACE_BOUND('',#8687,.T.);
#8687 = EDGE_LOOP('',(#8688,#8696,#8702));
#8688 = ORIENTED_EDGE('',*,*,#8689,.T.);
#8689 = EDGE_CURVE('',#3589,#8690,#8692,.T.);
#8690 = VERTEX_POINT('',#8691);
#8691 = CARTESIAN_POINT('',(20.685911178589,14.732566833496,4.5));
#8692 = LINE('',#8693,#8694);
#8693 = CARTESIAN_POINT('',(20.781732559204,14.709492683411,7.));
#8694 = VECTOR('',#8695,1.);
#8695 = DIRECTION('',(-3.829880056824E-02,9.22249571787E-03,
    -0.999223772459));
#8696 = ORIENTED_EDGE('',*,*,#8697,.F.);
#8697 = EDGE_CURVE('',#3219,#8690,#8698,.T.);
#8698 = LINE('',#8699,#8700);
#8699 = CARTESIAN_POINT('',(20.642314910889,14.739821434021,7.));
#8700 = VECTOR('',#8701,1.);
#8701 = DIRECTION('',(1.743578275827E-02,-2.901386871465E-03,
    -0.999843775514));
#8702 = ORIENTED_EDGE('',*,*,#3596,.F.);
#8703 = PLANE('',#8704);
#8704 = AXIS2_PLACEMENT_3D('',#8705,#8706,#8707);
#8705 = CARTESIAN_POINT('',(20.699340035873,14.72849998517,
    5.784664249553));
#8706 = DIRECTION('',(0.212567200602,0.977146061757,8.713328996777E-04)
  );
#8707 = DIRECTION('',(0.977146432692,-0.212567281295,0.));
#8708 = ADVANCED_FACE('',(#8709),#8719,.T.);
#8709 = FACE_BOUND('',#8710,.T.);
#8710 = EDGE_LOOP('',(#8711,#8712,#8713));
#8711 = ORIENTED_EDGE('',*,*,#3613,.T.);
#8712 = ORIENTED_EDGE('',*,*,#5299,.F.);
#8713 = ORIENTED_EDGE('',*,*,#8714,.T.);
#8714 = EDGE_CURVE('',#5292,#3614,#8715,.T.);
#8715 = LINE('',#8716,#8717);
#8716 = CARTESIAN_POINT('',(20.043577194214,13.748097419739,5.25));
#8717 = VECTOR('',#8718,1.);
#8718 = DIRECTION('',(2.470502535059E-02,-3.252381612046E-03,
    0.999689493661));
#8719 = PLANE('',#8720);
#8720 = AXIS2_PLACEMENT_3D('',#8721,#8722,#8723);
#8721 = CARTESIAN_POINT('',(20.043492697941,13.74712668652,
    6.146253173245));
#8722 = DIRECTION('',(-8.715413943319E-02,-0.996194245107,
    -1.087196202018E-03));
#8723 = DIRECTION('',(-0.996194833856,8.715419094114E-02,0.));
#8724 = ADVANCED_FACE('',(#8725),#8742,.T.);
#8725 = FACE_BOUND('',#8726,.T.);
#8726 = EDGE_LOOP('',(#8727,#8728,#8736));
#8727 = ORIENTED_EDGE('',*,*,#3621,.T.);
#8728 = ORIENTED_EDGE('',*,*,#8729,.F.);
#8729 = EDGE_CURVE('',#8730,#3614,#8732,.T.);
#8730 = VERTEX_POINT('',#8731);
#8731 = CARTESIAN_POINT('',(20.129409790039,13.732962608337,5.25));
#8732 = LINE('',#8733,#8734);
#8733 = CARTESIAN_POINT('',(20.129409790039,13.732962608337,5.25));
#8734 = VECTOR('',#8735,1.);
#8735 = DIRECTION('',(-2.43269431312E-02,5.393396716954E-03,
    0.999689507352));
#8736 = ORIENTED_EDGE('',*,*,#8737,.T.);
#8737 = EDGE_CURVE('',#8730,#3622,#8738,.T.);
#8738 = LINE('',#8739,#8740);
#8739 = CARTESIAN_POINT('',(20.129409790039,13.732962608337,5.25));
#8740 = VECTOR('',#8741,1.);
#8741 = DIRECTION('',(2.376472226199E-02,-7.492463098189E-03,
    0.999689502282));
#8742 = PLANE('',#8743);
#8743 = AXIS2_PLACEMENT_3D('',#8744,#8745,#8746);
#8744 = CARTESIAN_POINT('',(20.129157765764,13.732021668661,
    6.146253209971));
#8745 = DIRECTION('',(-0.258813962126,-0.965926576782,
    -1.086864773683E-03));
#8746 = DIRECTION('',(-0.965927147295,0.258814114991,-5.421010862428E-20
    ));
#8747 = ADVANCED_FACE('',(#8748),#8765,.T.);
#8748 = FACE_BOUND('',#8749,.T.);
#8749 = EDGE_LOOP('',(#8750,#8751,#8759));
#8750 = ORIENTED_EDGE('',*,*,#3629,.T.);
#8751 = ORIENTED_EDGE('',*,*,#8752,.F.);
#8752 = EDGE_CURVE('',#8753,#3622,#8755,.T.);
#8753 = VERTEX_POINT('',#8754);
#8754 = CARTESIAN_POINT('',(20.211309432983,13.703153610229,5.25));
#8755 = LINE('',#8756,#8757);
#8756 = CARTESIAN_POINT('',(20.211309432983,13.703153610229,5.25));
#8757 = VECTOR('',#8758,1.);
#8758 = DIRECTION('',(-2.302054269614E-02,9.535961268298E-03,
    0.999689511827));
#8759 = ORIENTED_EDGE('',*,*,#8760,.T.);
#8760 = EDGE_CURVE('',#8753,#3630,#8761,.T.);
#8761 = LINE('',#8762,#8763);
#8762 = CARTESIAN_POINT('',(20.211309432983,13.703153610229,5.25));
#8763 = VECTOR('',#8764,1.);
#8764 = DIRECTION('',(2.210203096127E-02,-1.150536829852E-02,
    0.999689515163));
#8765 = PLANE('',#8766);
#8766 = AXIS2_PLACEMENT_3D('',#8767,#8768,#8769);
#8767 = CARTESIAN_POINT('',(20.210897695667,13.702270792757,
    6.146252919432));
#8768 = DIRECTION('',(-0.422623421993,-0.906304729047,
    -1.086871197561E-03));
#8769 = DIRECTION('',(-0.906305264352,0.422623671614,0.));
#8770 = ADVANCED_FACE('',(#8771),#8788,.T.);
#8771 = FACE_BOUND('',#8772,.T.);
#8772 = EDGE_LOOP('',(#8773,#8774,#8782));
#8773 = ORIENTED_EDGE('',*,*,#3637,.T.);
#8774 = ORIENTED_EDGE('',*,*,#8775,.F.);
#8775 = EDGE_CURVE('',#8776,#3630,#8778,.T.);
#8776 = VERTEX_POINT('',#8777);
#8777 = CARTESIAN_POINT('',(20.28678894043,13.659576416016,5.25));
#8778 = LINE('',#8779,#8780);
#8779 = CARTESIAN_POINT('',(20.28678894043,13.659576416016,5.25));
#8780 = VECTOR('',#8781,1.);
#8781 = DIRECTION('',(-2.101572426769E-02,1.338815387491E-02,
    0.99968950013));
#8782 = ORIENTED_EDGE('',*,*,#8783,.T.);
#8783 = EDGE_CURVE('',#8776,#3638,#8784,.T.);
#8784 = LINE('',#8785,#8786);
#8785 = CARTESIAN_POINT('',(20.28678894043,13.659576416016,5.25));
#8786 = VECTOR('',#8787,1.);
#8787 = DIRECTION('',(1.976816101742E-02,-1.516906452541E-02,
    0.999689511444));
#8788 = PLANE('',#8789);
#8789 = AXIS2_PLACEMENT_3D('',#8790,#8791,#8792);
#8790 = CARTESIAN_POINT('',(20.286229700339,13.65877809489,6.14625315291
    ));
#8791 = DIRECTION('',(-0.573576561733,-0.819151234561,
    -1.087541774246E-03));
#8792 = DIRECTION('',(-0.819151718986,0.573576900931,0.));
#8793 = ADVANCED_FACE('',(#8794),#8811,.T.);
#8794 = FACE_BOUND('',#8795,.T.);
#8795 = EDGE_LOOP('',(#8796,#8797,#8805));
#8796 = ORIENTED_EDGE('',*,*,#3645,.T.);
#8797 = ORIENTED_EDGE('',*,*,#8798,.F.);
#8798 = EDGE_CURVE('',#8799,#3638,#8801,.T.);
#8799 = VERTEX_POINT('',#8800);
#8800 = CARTESIAN_POINT('',(20.353553771973,13.603553771973,5.25));
#8801 = LINE('',#8802,#8803);
#8802 = CARTESIAN_POINT('',(20.353553771973,13.603553771973,5.25));
#8803 = VECTOR('',#8804,1.);
#8804 = DIRECTION('',(-1.83713256831E-02,1.683393522353E-02,
    0.999689508306));
#8805 = ORIENTED_EDGE('',*,*,#8806,.T.);
#8806 = EDGE_CURVE('',#8799,#3646,#8807,.T.);
#8807 = LINE('',#8808,#8809);
#8808 = CARTESIAN_POINT('',(20.353553771973,13.603553771973,5.25));
#8809 = VECTOR('',#8810,1.);
#8810 = DIRECTION('',(1.683393522353E-02,-1.83713256831E-02,
    0.999689508306));
#8811 = PLANE('',#8812);
#8812 = AXIS2_PLACEMENT_3D('',#8813,#8814,#8815);
#8813 = CARTESIAN_POINT('',(20.352864612533,13.602864612533,
    6.146253072472));
#8814 = DIRECTION('',(-0.707106363103,-0.707106363103,
    -1.087436216451E-03));
#8815 = DIRECTION('',(0.707106781187,-0.707106781187,0.));
#8816 = ADVANCED_FACE('',(#8817),#8834,.T.);
#8817 = FACE_BOUND('',#8818,.T.);
#8818 = EDGE_LOOP('',(#8819,#8820,#8828));
#8819 = ORIENTED_EDGE('',*,*,#3653,.T.);
#8820 = ORIENTED_EDGE('',*,*,#8821,.F.);
#8821 = EDGE_CURVE('',#8822,#3646,#8824,.T.);
#8822 = VERTEX_POINT('',#8823);
#8823 = CARTESIAN_POINT('',(20.409576416016,13.536787986755,5.25));
#8824 = LINE('',#8825,#8826);
#8825 = CARTESIAN_POINT('',(20.409576416016,13.536787986755,5.25));
#8826 = VECTOR('',#8827,1.);
#8827 = DIRECTION('',(-1.516906436205E-02,1.976870559207E-02,
    0.999689500678));
#8828 = ORIENTED_EDGE('',*,*,#8829,.T.);
#8829 = EDGE_CURVE('',#8822,#3654,#8830,.T.);
#8830 = LINE('',#8831,#8832);
#8831 = CARTESIAN_POINT('',(20.409576416016,13.536787986755,5.25));
#8832 = VECTOR('',#8833,1.);
#8833 = DIRECTION('',(1.338760933828E-02,-2.101517987402E-02,
    0.999689518866));
#8834 = PLANE('',#8835);
#8835 = AXIS2_PLACEMENT_3D('',#8836,#8837,#8838);
#8836 = CARTESIAN_POINT('',(20.408777850617,13.536229235422,
    6.146253022845));
#8837 = DIRECTION('',(-0.819156375771,-0.573569219433,
    -1.087452404249E-03));
#8838 = DIRECTION('',(0.573569558571,-0.819156860119,0.));
#8839 = ADVANCED_FACE('',(#8840),#8857,.T.);
#8840 = FACE_BOUND('',#8841,.T.);
#8841 = EDGE_LOOP('',(#8842,#8843,#8851));
#8842 = ORIENTED_EDGE('',*,*,#3661,.T.);
#8843 = ORIENTED_EDGE('',*,*,#8844,.F.);
#8844 = EDGE_CURVE('',#8845,#3654,#8847,.T.);
#8845 = VERTEX_POINT('',#8846);
#8846 = CARTESIAN_POINT('',(20.453153610229,13.461309432983,5.25));
#8847 = LINE('',#8848,#8849);
#8848 = CARTESIAN_POINT('',(20.453153610229,13.461309432983,5.25));
#8849 = VECTOR('',#8850,1.);
#8850 = DIRECTION('',(-1.150591301395E-02,2.210203082273E-02,
    0.999689508897));
#8851 = ORIENTED_EDGE('',*,*,#8852,.T.);
#8852 = EDGE_CURVE('',#8845,#3662,#8853,.T.);
#8853 = LINE('',#8854,#8855);
#8854 = CARTESIAN_POINT('',(20.453153610229,13.461309432983,5.25));
#8855 = VECTOR('',#8856,1.);
#8856 = DIRECTION('',(9.535961148704E-03,-2.302108719497E-02,
    0.999689499289));
#8857 = PLANE('',#8858);
#8858 = AXIS2_PLACEMENT_3D('',#8859,#8860,#8861);
#8859 = CARTESIAN_POINT('',(20.452270548279,13.460897451258,
    6.146253220781));
#8860 = DIRECTION('',(-0.906302491943,-0.422628218441,
    -1.087233302355E-03));
#8861 = DIRECTION('',(0.42262846823,-0.906303027602,-5.421010862428E-20)
  );
#8862 = ADVANCED_FACE('',(#8863),#8880,.T.);
#8863 = FACE_BOUND('',#8864,.T.);
#8864 = EDGE_LOOP('',(#8865,#8866,#8874));
#8865 = ORIENTED_EDGE('',*,*,#3669,.T.);
#8866 = ORIENTED_EDGE('',*,*,#8867,.F.);
#8867 = EDGE_CURVE('',#8868,#3662,#8870,.T.);
#8868 = VERTEX_POINT('',#8869);
#8869 = CARTESIAN_POINT('',(20.482963562012,13.379409790039,5.25));
#8870 = LINE('',#8871,#8872);
#8871 = CARTESIAN_POINT('',(20.482963562012,13.379409790039,5.25));
#8872 = VECTOR('',#8873,1.);
#8873 = DIRECTION('',(-7.493007952156E-03,2.376417768511E-02,
    0.999689511144));
#8874 = ORIENTED_EDGE('',*,*,#8875,.T.);
#8875 = EDGE_CURVE('',#8868,#3670,#8876,.T.);
#8876 = LINE('',#8877,#8878);
#8877 = CARTESIAN_POINT('',(20.482963562012,13.379409790039,5.25));
#8878 = VECTOR('',#8879,1.);
#8879 = DIRECTION('',(5.392307173545E-03,-2.432694327414E-02,
    0.999689513226));
#8880 = PLANE('',#8881);
#8881 = AXIS2_PLACEMENT_3D('',#8882,#8883,#8884);
#8882 = CARTESIAN_POINT('',(20.482021890006,13.379157521602,
    6.146252932222));
#8883 = DIRECTION('',(-0.965928578403,-0.258806488093,
    -1.087724876546E-03));
#8884 = DIRECTION('',(0.258806641196,-0.965929149821,0.));
#8885 = ADVANCED_FACE('',(#8886),#8896,.T.);
#8886 = FACE_BOUND('',#8887,.T.);
#8887 = EDGE_LOOP('',(#8888,#8889,#8895));
#8888 = ORIENTED_EDGE('',*,*,#3677,.T.);
#8889 = ORIENTED_EDGE('',*,*,#8890,.F.);
#8890 = EDGE_CURVE('',#4700,#3670,#8891,.T.);
#8891 = LINE('',#8892,#8893);
#8892 = CARTESIAN_POINT('',(20.498096466064,13.293578147888,5.25));
#8893 = VECTOR('',#8894,1.);
#8894 = DIRECTION('',(-3.252381655819E-03,2.470448089555E-02,
    0.999689507116));
#8895 = ORIENTED_EDGE('',*,*,#4699,.T.);
#8896 = PLANE('',#8897);
#8897 = AXIS2_PLACEMENT_3D('',#8898,#8899,#8900);
#8898 = CARTESIAN_POINT('',(20.497125977059,13.293493162902,
    6.146253193015));
#8899 = DIRECTION('',(-0.996193295267,-8.716499846328E-02,
    -1.08697225703E-03));
#8900 = DIRECTION('',(8.716504995643E-02,-0.996193883773,
    1.355252715607E-20));
#8901 = ADVANCED_FACE('',(#8902),#8912,.T.);
#8902 = FACE_BOUND('',#8903,.T.);
#8903 = EDGE_LOOP('',(#8904,#8905,#8906));
#8904 = ORIENTED_EDGE('',*,*,#3684,.T.);
#8905 = ORIENTED_EDGE('',*,*,#4739,.F.);
#8906 = ORIENTED_EDGE('',*,*,#8907,.T.);
#8907 = EDGE_CURVE('',#4732,#3685,#8908,.T.);
#8908 = LINE('',#8909,#8910);
#8909 = CARTESIAN_POINT('',(20.498096466064,-13.29357814788,5.25));
#8910 = VECTOR('',#8911,1.);
#8911 = DIRECTION('',(-3.252381655819E-03,-2.470448089555E-02,
    0.999689507116));
#8912 = PLANE('',#8913);
#8913 = AXIS2_PLACEMENT_3D('',#8914,#8915,#8916);
#8914 = CARTESIAN_POINT('',(20.497125977059,-13.2934931629,
    6.146253193015));
#8915 = DIRECTION('',(-0.996193295267,8.716499846328E-02,
    -1.08697225703E-03));
#8916 = DIRECTION('',(-8.716504995643E-02,-0.996193883773,
    -1.355252715607E-20));
#8917 = ADVANCED_FACE('',(#8918),#8935,.T.);
#8918 = FACE_BOUND('',#8919,.T.);
#8919 = EDGE_LOOP('',(#8920,#8921,#8929));
#8920 = ORIENTED_EDGE('',*,*,#3692,.T.);
#8921 = ORIENTED_EDGE('',*,*,#8922,.F.);
#8922 = EDGE_CURVE('',#8923,#3685,#8925,.T.);
#8923 = VERTEX_POINT('',#8924);
#8924 = CARTESIAN_POINT('',(20.482963562012,-13.37940979003,5.25));
#8925 = LINE('',#8926,#8927);
#8926 = CARTESIAN_POINT('',(20.482963562012,-13.37940979003,5.25));
#8927 = VECTOR('',#8928,1.);
#8928 = DIRECTION('',(5.392307173545E-03,2.432694327414E-02,
    0.999689513226));
#8929 = ORIENTED_EDGE('',*,*,#8930,.T.);
#8930 = EDGE_CURVE('',#8923,#3693,#8931,.T.);
#8931 = LINE('',#8932,#8933);
#8932 = CARTESIAN_POINT('',(20.482963562012,-13.37940979003,5.25));
#8933 = VECTOR('',#8934,1.);
#8934 = DIRECTION('',(-7.493007952156E-03,-2.376417768511E-02,
    0.999689511144));
#8935 = PLANE('',#8936);
#8936 = AXIS2_PLACEMENT_3D('',#8937,#8938,#8939);
#8937 = CARTESIAN_POINT('',(20.482021890006,-13.3791575216,
    6.146252932222));
#8938 = DIRECTION('',(-0.965928578403,0.258806488093,-1.087724876546E-03
    ));
#8939 = DIRECTION('',(-0.258806641196,-0.965929149821,0.));
#8940 = ADVANCED_FACE('',(#8941),#8958,.T.);
#8941 = FACE_BOUND('',#8942,.T.);
#8942 = EDGE_LOOP('',(#8943,#8944,#8952));
#8943 = ORIENTED_EDGE('',*,*,#3700,.T.);
#8944 = ORIENTED_EDGE('',*,*,#8945,.F.);
#8945 = EDGE_CURVE('',#8946,#3693,#8948,.T.);
#8946 = VERTEX_POINT('',#8947);
#8947 = CARTESIAN_POINT('',(20.453153610229,-13.46130943298,5.25));
#8948 = LINE('',#8949,#8950);
#8949 = CARTESIAN_POINT('',(20.453153610229,-13.46130943298,5.25));
#8950 = VECTOR('',#8951,1.);
#8951 = DIRECTION('',(9.535961148704E-03,2.302108719497E-02,
    0.999689499289));
#8952 = ORIENTED_EDGE('',*,*,#8953,.T.);
#8953 = EDGE_CURVE('',#8946,#3701,#8954,.T.);
#8954 = LINE('',#8955,#8956);
#8955 = CARTESIAN_POINT('',(20.453153610229,-13.46130943298,5.25));
#8956 = VECTOR('',#8957,1.);
#8957 = DIRECTION('',(-1.150591301395E-02,-2.210203082273E-02,
    0.999689508897));
#8958 = PLANE('',#8959);
#8959 = AXIS2_PLACEMENT_3D('',#8960,#8961,#8962);
#8960 = CARTESIAN_POINT('',(20.452270548279,-13.46089745125,
    6.146253220781));
#8961 = DIRECTION('',(-0.906302491943,0.422628218441,-1.087233302355E-03
    ));
#8962 = DIRECTION('',(-0.42262846823,-0.906303027602,1.084202172486E-19)
  );
#8963 = ADVANCED_FACE('',(#8964),#8981,.T.);
#8964 = FACE_BOUND('',#8965,.T.);
#8965 = EDGE_LOOP('',(#8966,#8967,#8975));
#8966 = ORIENTED_EDGE('',*,*,#3708,.T.);
#8967 = ORIENTED_EDGE('',*,*,#8968,.F.);
#8968 = EDGE_CURVE('',#8969,#3701,#8971,.T.);
#8969 = VERTEX_POINT('',#8970);
#8970 = CARTESIAN_POINT('',(20.409576416016,-13.53678798675,5.25));
#8971 = LINE('',#8972,#8973);
#8972 = CARTESIAN_POINT('',(20.409576416016,-13.53678798675,5.25));
#8973 = VECTOR('',#8974,1.);
#8974 = DIRECTION('',(1.338760933828E-02,2.101517987402E-02,
    0.999689518866));
#8975 = ORIENTED_EDGE('',*,*,#8976,.T.);
#8976 = EDGE_CURVE('',#8969,#3709,#8977,.T.);
#8977 = LINE('',#8978,#8979);
#8978 = CARTESIAN_POINT('',(20.409576416016,-13.53678798675,5.25));
#8979 = VECTOR('',#8980,1.);
#8980 = DIRECTION('',(-1.516906436205E-02,-1.976870559207E-02,
    0.999689500678));
#8981 = PLANE('',#8982);
#8982 = AXIS2_PLACEMENT_3D('',#8983,#8984,#8985);
#8983 = CARTESIAN_POINT('',(20.408777850617,-13.53622923542,
    6.146253022845));
#8984 = DIRECTION('',(-0.819156375771,0.573569219433,-1.087452404249E-03
    ));
#8985 = DIRECTION('',(-0.573569558571,-0.819156860119,0.));
#8986 = ADVANCED_FACE('',(#8987),#9004,.T.);
#8987 = FACE_BOUND('',#8988,.T.);
#8988 = EDGE_LOOP('',(#8989,#8990,#8998));
#8989 = ORIENTED_EDGE('',*,*,#3716,.T.);
#8990 = ORIENTED_EDGE('',*,*,#8991,.F.);
#8991 = EDGE_CURVE('',#8992,#3709,#8994,.T.);
#8992 = VERTEX_POINT('',#8993);
#8993 = CARTESIAN_POINT('',(20.353553771973,-13.60355377197,5.25));
#8994 = LINE('',#8995,#8996);
#8995 = CARTESIAN_POINT('',(20.353553771973,-13.60355377197,5.25));
#8996 = VECTOR('',#8997,1.);
#8997 = DIRECTION('',(1.683393522353E-02,1.83713256831E-02,
    0.999689508306));
#8998 = ORIENTED_EDGE('',*,*,#8999,.T.);
#8999 = EDGE_CURVE('',#8992,#3717,#9000,.T.);
#9000 = LINE('',#9001,#9002);
#9001 = CARTESIAN_POINT('',(20.353553771973,-13.60355377197,5.25));
#9002 = VECTOR('',#9003,1.);
#9003 = DIRECTION('',(-1.83713256831E-02,-1.683393522353E-02,
    0.999689508306));
#9004 = PLANE('',#9005);
#9005 = AXIS2_PLACEMENT_3D('',#9006,#9007,#9008);
#9006 = CARTESIAN_POINT('',(20.352864612533,-13.60286461253,
    6.146253072472));
#9007 = DIRECTION('',(-0.707106363103,0.707106363103,-1.087436216451E-03
    ));
#9008 = DIRECTION('',(-0.707106781187,-0.707106781187,0.));
#9009 = ADVANCED_FACE('',(#9010),#9027,.T.);
#9010 = FACE_BOUND('',#9011,.T.);
#9011 = EDGE_LOOP('',(#9012,#9013,#9021));
#9012 = ORIENTED_EDGE('',*,*,#3724,.T.);
#9013 = ORIENTED_EDGE('',*,*,#9014,.F.);
#9014 = EDGE_CURVE('',#9015,#3717,#9017,.T.);
#9015 = VERTEX_POINT('',#9016);
#9016 = CARTESIAN_POINT('',(20.28678894043,-13.65957641601,5.25));
#9017 = LINE('',#9018,#9019);
#9018 = CARTESIAN_POINT('',(20.28678894043,-13.65957641601,5.25));
#9019 = VECTOR('',#9020,1.);
#9020 = DIRECTION('',(1.976816101742E-02,1.516906452541E-02,
    0.999689511444));
#9021 = ORIENTED_EDGE('',*,*,#9022,.T.);
#9022 = EDGE_CURVE('',#9015,#3725,#9023,.T.);
#9023 = LINE('',#9024,#9025);
#9024 = CARTESIAN_POINT('',(20.28678894043,-13.65957641601,5.25));
#9025 = VECTOR('',#9026,1.);
#9026 = DIRECTION('',(-2.101572426769E-02,-1.338815387491E-02,
    0.99968950013));
#9027 = PLANE('',#9028);
#9028 = AXIS2_PLACEMENT_3D('',#9029,#9030,#9031);
#9029 = CARTESIAN_POINT('',(20.286229700339,-13.65877809489,
    6.14625315291));
#9030 = DIRECTION('',(-0.573576561733,0.819151234561,-1.087541774246E-03
    ));
#9031 = DIRECTION('',(0.819151718986,0.573576900931,0.));
#9032 = ADVANCED_FACE('',(#9033),#9050,.T.);
#9033 = FACE_BOUND('',#9034,.T.);
#9034 = EDGE_LOOP('',(#9035,#9036,#9044));
#9035 = ORIENTED_EDGE('',*,*,#3732,.T.);
#9036 = ORIENTED_EDGE('',*,*,#9037,.F.);
#9037 = EDGE_CURVE('',#9038,#3725,#9040,.T.);
#9038 = VERTEX_POINT('',#9039);
#9039 = CARTESIAN_POINT('',(20.211309432983,-13.70315361022,5.25));
#9040 = LINE('',#9041,#9042);
#9041 = CARTESIAN_POINT('',(20.211309432983,-13.70315361022,5.25));
#9042 = VECTOR('',#9043,1.);
#9043 = DIRECTION('',(2.210203096127E-02,1.150536829852E-02,
    0.999689515163));
#9044 = ORIENTED_EDGE('',*,*,#9045,.T.);
#9045 = EDGE_CURVE('',#9038,#3733,#9046,.T.);
#9046 = LINE('',#9047,#9048);
#9047 = CARTESIAN_POINT('',(20.211309432983,-13.70315361022,5.25));
#9048 = VECTOR('',#9049,1.);
#9049 = DIRECTION('',(-2.302054269614E-02,-9.535961268298E-03,
    0.999689511827));
#9050 = PLANE('',#9051);
#9051 = AXIS2_PLACEMENT_3D('',#9052,#9053,#9054);
#9052 = CARTESIAN_POINT('',(20.210897695667,-13.70227079275,
    6.146252919432));
#9053 = DIRECTION('',(-0.422623421993,0.906304729047,-1.086871197561E-03
    ));
#9054 = DIRECTION('',(0.906305264352,0.422623671614,0.));
#9055 = ADVANCED_FACE('',(#9056),#9073,.T.);
#9056 = FACE_BOUND('',#9057,.T.);
#9057 = EDGE_LOOP('',(#9058,#9059,#9067));
#9058 = ORIENTED_EDGE('',*,*,#3740,.T.);
#9059 = ORIENTED_EDGE('',*,*,#9060,.F.);
#9060 = EDGE_CURVE('',#9061,#3733,#9063,.T.);
#9061 = VERTEX_POINT('',#9062);
#9062 = CARTESIAN_POINT('',(20.129409790039,-13.73296260833,5.25));
#9063 = LINE('',#9064,#9065);
#9064 = CARTESIAN_POINT('',(20.129409790039,-13.73296260833,5.25));
#9065 = VECTOR('',#9066,1.);
#9066 = DIRECTION('',(2.376472226199E-02,7.492463098189E-03,
    0.999689502282));
#9067 = ORIENTED_EDGE('',*,*,#9068,.T.);
#9068 = EDGE_CURVE('',#9061,#3741,#9069,.T.);
#9069 = LINE('',#9070,#9071);
#9070 = CARTESIAN_POINT('',(20.129409790039,-13.73296260833,5.25));
#9071 = VECTOR('',#9072,1.);
#9072 = DIRECTION('',(-2.43269431312E-02,-5.393396716954E-03,
    0.999689507352));
#9073 = PLANE('',#9074);
#9074 = AXIS2_PLACEMENT_3D('',#9075,#9076,#9077);
#9075 = CARTESIAN_POINT('',(20.129157765764,-13.73202166866,
    6.146253209971));
#9076 = DIRECTION('',(-0.258813962126,0.965926576782,-1.086864773683E-03
    ));
#9077 = DIRECTION('',(0.965927147295,0.258814114991,5.421010862428E-20)
  );
#9078 = ADVANCED_FACE('',(#9079),#9096,.T.);
#9079 = FACE_BOUND('',#9080,.T.);
#9080 = EDGE_LOOP('',(#9081,#9082,#9090));
#9081 = ORIENTED_EDGE('',*,*,#3748,.T.);
#9082 = ORIENTED_EDGE('',*,*,#9083,.F.);
#9083 = EDGE_CURVE('',#9084,#3741,#9086,.T.);
#9084 = VERTEX_POINT('',#9085);
#9085 = CARTESIAN_POINT('',(20.043577194214,-13.74809741973,5.25));
#9086 = LINE('',#9087,#9088);
#9087 = CARTESIAN_POINT('',(20.043577194214,-13.74809741973,5.25));
#9088 = VECTOR('',#9089,1.);
#9089 = DIRECTION('',(2.470502535059E-02,3.252381612046E-03,
    0.999689493661));
#9090 = ORIENTED_EDGE('',*,*,#9091,.T.);
#9091 = EDGE_CURVE('',#9084,#3749,#9092,.T.);
#9092 = LINE('',#9093,#9094);
#9093 = CARTESIAN_POINT('',(20.043577194214,-13.74809741973,5.25));
#9094 = VECTOR('',#9095,1.);
#9095 = DIRECTION('',(-2.489352243166E-02,-1.086851167575E-03,
    0.999689517448));
#9096 = PLANE('',#9097);
#9097 = AXIS2_PLACEMENT_3D('',#9098,#9099,#9100);
#9098 = CARTESIAN_POINT('',(20.043492697941,-13.74712668652,
    6.146253173245));
#9099 = DIRECTION('',(-8.715413943319E-02,0.996194245107,
    -1.087196202018E-03));
#9100 = DIRECTION('',(0.996194833856,8.715419094114E-02,0.));
#9101 = ADVANCED_FACE('',(#9102),#9225,.T.);
#9102 = FACE_BOUND('',#9103,.T.);
#9103 = EDGE_LOOP('',(#9104,#9110,#9111,#9117,#9118,#9124,#9125,#9131,
    #9132,#9138,#9139,#9145,#9146,#9152,#9153,#9159,#9160,#9166,#9167,
    #9173,#9174,#9180,#9181,#9187,#9188,#9194,#9195,#9201,#9202,#9208,
    #9209,#9215,#9216,#9222,#9223,#9224));
#9104 = ORIENTED_EDGE('',*,*,#9105,.T.);
#9105 = EDGE_CURVE('',#6225,#6355,#9106,.T.);
#9106 = LINE('',#9107,#9108);
#9107 = CARTESIAN_POINT('',(17.950000762939,-8.979999542236,2.));
#9108 = VECTOR('',#9109,1.);
#9109 = DIRECTION('',(-1.,0.,0.));
#9110 = ORIENTED_EDGE('',*,*,#6354,.F.);
#9111 = ORIENTED_EDGE('',*,*,#9112,.F.);
#9112 = EDGE_CURVE('',#6492,#6347,#9113,.T.);
#9113 = LINE('',#9114,#9115);
#9114 = CARTESIAN_POINT('',(14.449999809265,-8.979999542236,
    5.400000095367));
#9115 = VECTOR('',#9116,1.);
#9116 = DIRECTION('',(1.,0.,0.));
#9117 = ORIENTED_EDGE('',*,*,#6491,.F.);
#9118 = ORIENTED_EDGE('',*,*,#9119,.F.);
#9119 = EDGE_CURVE('',#6629,#6484,#9120,.T.);
#9120 = LINE('',#9121,#9122);
#9121 = CARTESIAN_POINT('',(14.010000228882,-8.979999542236,2.));
#9122 = VECTOR('',#9123,1.);
#9123 = DIRECTION('',(1.,0.,0.));
#9124 = ORIENTED_EDGE('',*,*,#6628,.F.);
#9125 = ORIENTED_EDGE('',*,*,#9126,.F.);
#9126 = EDGE_CURVE('',#6766,#6621,#9127,.T.);
#9127 = LINE('',#9128,#9129);
#9128 = CARTESIAN_POINT('',(11.909999847412,-8.979999542236,
    5.400000095367));
#9129 = VECTOR('',#9130,1.);
#9130 = DIRECTION('',(1.,0.,0.));
#9131 = ORIENTED_EDGE('',*,*,#6765,.F.);
#9132 = ORIENTED_EDGE('',*,*,#9133,.F.);
#9133 = EDGE_CURVE('',#6903,#6758,#9134,.T.);
#9134 = LINE('',#9135,#9136);
#9135 = CARTESIAN_POINT('',(11.470000267029,-8.979999542236,2.));
#9136 = VECTOR('',#9137,1.);
#9137 = DIRECTION('',(1.,0.,0.));
#9138 = ORIENTED_EDGE('',*,*,#6902,.F.);
#9139 = ORIENTED_EDGE('',*,*,#9140,.F.);
#9140 = EDGE_CURVE('',#7040,#6895,#9141,.T.);
#9141 = LINE('',#9142,#9143);
#9142 = CARTESIAN_POINT('',(9.369999885559,-8.979999542236,
    5.400000095367));
#9143 = VECTOR('',#9144,1.);
#9144 = DIRECTION('',(1.,0.,0.));
#9145 = ORIENTED_EDGE('',*,*,#7039,.F.);
#9146 = ORIENTED_EDGE('',*,*,#9147,.F.);
#9147 = EDGE_CURVE('',#7177,#7032,#9148,.T.);
#9148 = LINE('',#9149,#9150);
#9149 = CARTESIAN_POINT('',(8.930000305176,-8.979999542236,2.));
#9150 = VECTOR('',#9151,1.);
#9151 = DIRECTION('',(1.,0.,0.));
#9152 = ORIENTED_EDGE('',*,*,#7176,.F.);
#9153 = ORIENTED_EDGE('',*,*,#9154,.F.);
#9154 = EDGE_CURVE('',#7260,#7169,#9155,.T.);
#9155 = LINE('',#9156,#9157);
#9156 = CARTESIAN_POINT('',(6.829999923706,-8.979999542236,
    5.400000095367));
#9157 = VECTOR('',#9158,1.);
#9158 = DIRECTION('',(1.,0.,0.));
#9159 = ORIENTED_EDGE('',*,*,#7259,.F.);
#9160 = ORIENTED_EDGE('',*,*,#9161,.F.);
#9161 = EDGE_CURVE('',#7128,#7252,#9162,.T.);
#9162 = LINE('',#9163,#9164);
#9163 = CARTESIAN_POINT('',(6.389999866486,-8.979999542236,2.));
#9164 = VECTOR('',#9165,1.);
#9165 = DIRECTION('',(1.,0.,0.));
#9166 = ORIENTED_EDGE('',*,*,#7127,.F.);
#9167 = ORIENTED_EDGE('',*,*,#9168,.F.);
#9168 = EDGE_CURVE('',#6984,#7120,#9169,.T.);
#9169 = LINE('',#9170,#9171);
#9170 = CARTESIAN_POINT('',(4.289999961853,-8.979999542236,
    5.400000095367));
#9171 = VECTOR('',#9172,1.);
#9172 = DIRECTION('',(1.,0.,0.));
#9173 = ORIENTED_EDGE('',*,*,#6983,.T.);
#9174 = ORIENTED_EDGE('',*,*,#9175,.T.);
#9175 = EDGE_CURVE('',#6976,#6838,#9176,.T.);
#9176 = LINE('',#9177,#9178);
#9177 = CARTESIAN_POINT('',(4.289999961853,-8.979999542236,2.));
#9178 = VECTOR('',#9179,1.);
#9179 = DIRECTION('',(-1.,0.,0.));
#9180 = ORIENTED_EDGE('',*,*,#6872,.T.);
#9181 = ORIENTED_EDGE('',*,*,#9182,.F.);
#9182 = EDGE_CURVE('',#6710,#6865,#9183,.T.);
#9183 = LINE('',#9184,#9185);
#9184 = CARTESIAN_POINT('',(1.75,-8.979999542236,5.400000095367));
#9185 = VECTOR('',#9186,1.);
#9186 = DIRECTION('',(1.,0.,0.));
#9187 = ORIENTED_EDGE('',*,*,#6709,.T.);
#9188 = ORIENTED_EDGE('',*,*,#9189,.T.);
#9189 = EDGE_CURVE('',#6702,#6564,#9190,.T.);
#9190 = LINE('',#9191,#9192);
#9191 = CARTESIAN_POINT('',(1.75,-8.979999542236,2.));
#9192 = VECTOR('',#9193,1.);
#9193 = DIRECTION('',(-1.,0.,0.));
#9194 = ORIENTED_EDGE('',*,*,#6598,.T.);
#9195 = ORIENTED_EDGE('',*,*,#9196,.F.);
#9196 = EDGE_CURVE('',#6436,#6591,#9197,.T.);
#9197 = LINE('',#9198,#9199);
#9198 = CARTESIAN_POINT('',(-0.790000021458,-8.979999542236,
    5.400000095367));
#9199 = VECTOR('',#9200,1.);
#9200 = DIRECTION('',(1.,0.,0.));
#9201 = ORIENTED_EDGE('',*,*,#6435,.T.);
#9202 = ORIENTED_EDGE('',*,*,#9203,.T.);
#9203 = EDGE_CURVE('',#6428,#6290,#9204,.T.);
#9204 = LINE('',#9205,#9206);
#9205 = CARTESIAN_POINT('',(-0.790000021458,-8.979999542236,2.));
#9206 = VECTOR('',#9207,1.);
#9207 = DIRECTION('',(-1.,0.,0.));
#9208 = ORIENTED_EDGE('',*,*,#6324,.T.);
#9209 = ORIENTED_EDGE('',*,*,#9210,.F.);
#9210 = EDGE_CURVE('',#6178,#6317,#9211,.T.);
#9211 = LINE('',#9212,#9213);
#9212 = CARTESIAN_POINT('',(-3.329999923706,-8.979999542236,
    5.400000095367));
#9213 = VECTOR('',#9214,1.);
#9214 = DIRECTION('',(1.,0.,0.));
#9215 = ORIENTED_EDGE('',*,*,#6177,.T.);
#9216 = ORIENTED_EDGE('',*,*,#9217,.T.);
#9217 = EDGE_CURVE('',#6170,#6067,#9218,.T.);
#9218 = LINE('',#9219,#9220);
#9219 = CARTESIAN_POINT('',(-3.329999923706,-8.979999542236,2.));
#9220 = VECTOR('',#9221,1.);
#9221 = DIRECTION('',(-1.,0.,0.));
#9222 = ORIENTED_EDGE('',*,*,#6085,.T.);
#9223 = ORIENTED_EDGE('',*,*,#3772,.F.);
#9224 = ORIENTED_EDGE('',*,*,#6232,.F.);
#9225 = PLANE('',#9226);
#9226 = AXIS2_PLACEMENT_3D('',#9227,#9228,#9229);
#9227 = CARTESIAN_POINT('',(6.610000163295,-8.979999542236,
    4.623906736915));
#9228 = DIRECTION('',(0.,1.,0.));
#9229 = DIRECTION('',(0.,0.,1.));
#9230 = ADVANCED_FACE('',(#9231),#9248,.T.);
#9231 = FACE_BOUND('',#9232,.T.);
#9232 = EDGE_LOOP('',(#9233,#9234,#9242));
#9233 = ORIENTED_EDGE('',*,*,#3796,.T.);
#9234 = ORIENTED_EDGE('',*,*,#9235,.F.);
#9235 = EDGE_CURVE('',#9236,#3789,#9238,.T.);
#9236 = VERTEX_POINT('',#9237);
#9237 = CARTESIAN_POINT('',(-20.04357719421,-13.74809741973,5.25));
#9238 = LINE('',#9239,#9240);
#9239 = CARTESIAN_POINT('',(-20.04357719421,-13.74809741973,5.25));
#9240 = VECTOR('',#9241,1.);
#9241 = DIRECTION('',(2.489352243166E-02,-1.086851167575E-03,
    0.999689517448));
#9242 = ORIENTED_EDGE('',*,*,#9243,.T.);
#9243 = EDGE_CURVE('',#9236,#3797,#9244,.T.);
#9244 = LINE('',#9245,#9246);
#9245 = CARTESIAN_POINT('',(-20.04357719421,-13.74809741973,5.25));
#9246 = VECTOR('',#9247,1.);
#9247 = DIRECTION('',(-2.470502535059E-02,3.252381612046E-03,
    0.999689493661));
#9248 = PLANE('',#9249);
#9249 = AXIS2_PLACEMENT_3D('',#9250,#9251,#9252);
#9250 = CARTESIAN_POINT('',(-20.04349269794,-13.74712668652,
    6.146253173245));
#9251 = DIRECTION('',(8.715413943319E-02,0.996194245107,
    -1.087196202018E-03));
#9252 = DIRECTION('',(0.996194833856,-8.715419094114E-02,0.));
#9253 = ADVANCED_FACE('',(#9254),#9271,.T.);
#9254 = FACE_BOUND('',#9255,.T.);
#9255 = EDGE_LOOP('',(#9256,#9257,#9265));
#9256 = ORIENTED_EDGE('',*,*,#3804,.T.);
#9257 = ORIENTED_EDGE('',*,*,#9258,.F.);
#9258 = EDGE_CURVE('',#9259,#3797,#9261,.T.);
#9259 = VERTEX_POINT('',#9260);
#9260 = CARTESIAN_POINT('',(-20.12940979003,-13.73296260833,5.25));
#9261 = LINE('',#9262,#9263);
#9262 = CARTESIAN_POINT('',(-20.12940979003,-13.73296260833,5.25));
#9263 = VECTOR('',#9264,1.);
#9264 = DIRECTION('',(2.43269431312E-02,-5.393396716954E-03,
    0.999689507352));
#9265 = ORIENTED_EDGE('',*,*,#9266,.T.);
#9266 = EDGE_CURVE('',#9259,#3805,#9267,.T.);
#9267 = LINE('',#9268,#9269);
#9268 = CARTESIAN_POINT('',(-20.12940979003,-13.73296260833,5.25));
#9269 = VECTOR('',#9270,1.);
#9270 = DIRECTION('',(-2.376472226199E-02,7.492463098189E-03,
    0.999689502282));
#9271 = PLANE('',#9272);
#9272 = AXIS2_PLACEMENT_3D('',#9273,#9274,#9275);
#9273 = CARTESIAN_POINT('',(-20.12915776576,-13.73202166866,
    6.146253209971));
#9274 = DIRECTION('',(0.258813962126,0.965926576782,-1.086864773683E-03)
  );
#9275 = DIRECTION('',(0.965927147295,-0.258814114991,-5.421010862428E-20
    ));
#9276 = ADVANCED_FACE('',(#9277),#9294,.T.);
#9277 = FACE_BOUND('',#9278,.T.);
#9278 = EDGE_LOOP('',(#9279,#9280,#9288));
#9279 = ORIENTED_EDGE('',*,*,#3812,.T.);
#9280 = ORIENTED_EDGE('',*,*,#9281,.F.);
#9281 = EDGE_CURVE('',#9282,#3805,#9284,.T.);
#9282 = VERTEX_POINT('',#9283);
#9283 = CARTESIAN_POINT('',(-20.21130943298,-13.70315361022,5.25));
#9284 = LINE('',#9285,#9286);
#9285 = CARTESIAN_POINT('',(-20.21130943298,-13.70315361022,5.25));
#9286 = VECTOR('',#9287,1.);
#9287 = DIRECTION('',(2.302054269614E-02,-9.535961268298E-03,
    0.999689511827));
#9288 = ORIENTED_EDGE('',*,*,#9289,.T.);
#9289 = EDGE_CURVE('',#9282,#3813,#9290,.T.);
#9290 = LINE('',#9291,#9292);
#9291 = CARTESIAN_POINT('',(-20.21130943298,-13.70315361022,5.25));
#9292 = VECTOR('',#9293,1.);
#9293 = DIRECTION('',(-2.210203096127E-02,1.150536829852E-02,
    0.999689515163));
#9294 = PLANE('',#9295);
#9295 = AXIS2_PLACEMENT_3D('',#9296,#9297,#9298);
#9296 = CARTESIAN_POINT('',(-20.21089769566,-13.70227079275,
    6.146252919432));
#9297 = DIRECTION('',(0.422623421993,0.906304729047,-1.086871197561E-03)
  );
#9298 = DIRECTION('',(0.906305264352,-0.422623671614,0.));
#9299 = ADVANCED_FACE('',(#9300),#9317,.T.);
#9300 = FACE_BOUND('',#9301,.T.);
#9301 = EDGE_LOOP('',(#9302,#9303,#9311));
#9302 = ORIENTED_EDGE('',*,*,#3820,.T.);
#9303 = ORIENTED_EDGE('',*,*,#9304,.F.);
#9304 = EDGE_CURVE('',#9305,#3813,#9307,.T.);
#9305 = VERTEX_POINT('',#9306);
#9306 = CARTESIAN_POINT('',(-20.28678894043,-13.65957641601,5.25));
#9307 = LINE('',#9308,#9309);
#9308 = CARTESIAN_POINT('',(-20.28678894043,-13.65957641601,5.25));
#9309 = VECTOR('',#9310,1.);
#9310 = DIRECTION('',(2.101572426769E-02,-1.338815387491E-02,
    0.99968950013));
#9311 = ORIENTED_EDGE('',*,*,#9312,.T.);
#9312 = EDGE_CURVE('',#9305,#3821,#9313,.T.);
#9313 = LINE('',#9314,#9315);
#9314 = CARTESIAN_POINT('',(-20.28678894043,-13.65957641601,5.25));
#9315 = VECTOR('',#9316,1.);
#9316 = DIRECTION('',(-1.976816101742E-02,1.516906452541E-02,
    0.999689511444));
#9317 = PLANE('',#9318);
#9318 = AXIS2_PLACEMENT_3D('',#9319,#9320,#9321);
#9319 = CARTESIAN_POINT('',(-20.28622970033,-13.65877809489,
    6.14625315291));
#9320 = DIRECTION('',(0.573576561733,0.819151234561,-1.087541774246E-03)
  );
#9321 = DIRECTION('',(0.819151718986,-0.573576900931,0.));
#9322 = ADVANCED_FACE('',(#9323),#9340,.T.);
#9323 = FACE_BOUND('',#9324,.T.);
#9324 = EDGE_LOOP('',(#9325,#9326,#9334));
#9325 = ORIENTED_EDGE('',*,*,#3828,.T.);
#9326 = ORIENTED_EDGE('',*,*,#9327,.F.);
#9327 = EDGE_CURVE('',#9328,#3821,#9330,.T.);
#9328 = VERTEX_POINT('',#9329);
#9329 = CARTESIAN_POINT('',(-20.35355377197,-13.60355377197,5.25));
#9330 = LINE('',#9331,#9332);
#9331 = CARTESIAN_POINT('',(-20.35355377197,-13.60355377197,5.25));
#9332 = VECTOR('',#9333,1.);
#9333 = DIRECTION('',(1.83713256831E-02,-1.683393522353E-02,
    0.999689508306));
#9334 = ORIENTED_EDGE('',*,*,#9335,.T.);
#9335 = EDGE_CURVE('',#9328,#3829,#9336,.T.);
#9336 = LINE('',#9337,#9338);
#9337 = CARTESIAN_POINT('',(-20.35355377197,-13.60355377197,5.25));
#9338 = VECTOR('',#9339,1.);
#9339 = DIRECTION('',(-1.683393522353E-02,1.83713256831E-02,
    0.999689508306));
#9340 = PLANE('',#9341);
#9341 = AXIS2_PLACEMENT_3D('',#9342,#9343,#9344);
#9342 = CARTESIAN_POINT('',(-20.35286461253,-13.60286461253,
    6.146253072472));
#9343 = DIRECTION('',(0.707106363103,0.707106363103,-1.087436216451E-03)
  );
#9344 = DIRECTION('',(-0.707106781187,0.707106781187,0.));
#9345 = ADVANCED_FACE('',(#9346),#9363,.T.);
#9346 = FACE_BOUND('',#9347,.T.);
#9347 = EDGE_LOOP('',(#9348,#9349,#9357));
#9348 = ORIENTED_EDGE('',*,*,#3836,.T.);
#9349 = ORIENTED_EDGE('',*,*,#9350,.F.);
#9350 = EDGE_CURVE('',#9351,#3829,#9353,.T.);
#9351 = VERTEX_POINT('',#9352);
#9352 = CARTESIAN_POINT('',(-20.40957641601,-13.53678798675,5.25));
#9353 = LINE('',#9354,#9355);
#9354 = CARTESIAN_POINT('',(-20.40957641601,-13.53678798675,5.25));
#9355 = VECTOR('',#9356,1.);
#9356 = DIRECTION('',(1.516906436205E-02,-1.976870559207E-02,
    0.999689500678));
#9357 = ORIENTED_EDGE('',*,*,#9358,.T.);
#9358 = EDGE_CURVE('',#9351,#3837,#9359,.T.);
#9359 = LINE('',#9360,#9361);
#9360 = CARTESIAN_POINT('',(-20.40957641601,-13.53678798675,5.25));
#9361 = VECTOR('',#9362,1.);
#9362 = DIRECTION('',(-1.338760933828E-02,2.101517987402E-02,
    0.999689518866));
#9363 = PLANE('',#9364);
#9364 = AXIS2_PLACEMENT_3D('',#9365,#9366,#9367);
#9365 = CARTESIAN_POINT('',(-20.40877785061,-13.53622923542,
    6.146253022845));
#9366 = DIRECTION('',(0.819156375771,0.573569219433,-1.087452404249E-03)
  );
#9367 = DIRECTION('',(-0.573569558571,0.819156860119,0.));
#9368 = ADVANCED_FACE('',(#9369),#9386,.T.);
#9369 = FACE_BOUND('',#9370,.T.);
#9370 = EDGE_LOOP('',(#9371,#9372,#9380));
#9371 = ORIENTED_EDGE('',*,*,#3844,.T.);
#9372 = ORIENTED_EDGE('',*,*,#9373,.F.);
#9373 = EDGE_CURVE('',#9374,#3837,#9376,.T.);
#9374 = VERTEX_POINT('',#9375);
#9375 = CARTESIAN_POINT('',(-20.45315361022,-13.46130943298,5.25));
#9376 = LINE('',#9377,#9378);
#9377 = CARTESIAN_POINT('',(-20.45315361022,-13.46130943298,5.25));
#9378 = VECTOR('',#9379,1.);
#9379 = DIRECTION('',(1.150591301395E-02,-2.210203082273E-02,
    0.999689508897));
#9380 = ORIENTED_EDGE('',*,*,#9381,.T.);
#9381 = EDGE_CURVE('',#9374,#3845,#9382,.T.);
#9382 = LINE('',#9383,#9384);
#9383 = CARTESIAN_POINT('',(-20.45315361022,-13.46130943298,5.25));
#9384 = VECTOR('',#9385,1.);
#9385 = DIRECTION('',(-9.535961148704E-03,2.302108719497E-02,
    0.999689499289));
#9386 = PLANE('',#9387);
#9387 = AXIS2_PLACEMENT_3D('',#9388,#9389,#9390);
#9388 = CARTESIAN_POINT('',(-20.45227054827,-13.46089745125,
    6.146253220781));
#9389 = DIRECTION('',(0.906302491943,0.422628218441,-1.087233302355E-03)
  );
#9390 = DIRECTION('',(-0.42262846823,0.906303027602,-5.421010862428E-20)
  );
#9391 = ADVANCED_FACE('',(#9392),#9407,.T.);
#9392 = FACE_BOUND('',#9393,.T.);
#9393 = EDGE_LOOP('',(#9394,#9395,#9401));
#9394 = ORIENTED_EDGE('',*,*,#3852,.T.);
#9395 = ORIENTED_EDGE('',*,*,#9396,.F.);
#9396 = EDGE_CURVE('',#7332,#3845,#9397,.T.);
#9397 = LINE('',#9398,#9399);
#9398 = CARTESIAN_POINT('',(-20.48296356201,-13.37940979003,5.25));
#9399 = VECTOR('',#9400,1.);
#9400 = DIRECTION('',(7.493007952156E-03,-2.376417768511E-02,
    0.999689511144));
#9401 = ORIENTED_EDGE('',*,*,#9402,.T.);
#9402 = EDGE_CURVE('',#7332,#3853,#9403,.T.);
#9403 = LINE('',#9404,#9405);
#9404 = CARTESIAN_POINT('',(-20.48296356201,-13.37940979003,5.25));
#9405 = VECTOR('',#9406,1.);
#9406 = DIRECTION('',(-5.392307173545E-03,2.432694327414E-02,
    0.999689513226));
#9407 = PLANE('',#9408);
#9408 = AXIS2_PLACEMENT_3D('',#9409,#9410,#9411);
#9409 = CARTESIAN_POINT('',(-20.48202189,-13.3791575216,6.146252932222)
  );
#9410 = DIRECTION('',(0.965928578403,0.258806488093,-1.087724876546E-03)
  );
#9411 = DIRECTION('',(-0.258806641196,0.965929149821,0.));
#9412 = ADVANCED_FACE('',(#9413),#9423,.T.);
#9413 = FACE_BOUND('',#9414,.T.);
#9414 = EDGE_LOOP('',(#9415,#9416,#9417));
#9415 = ORIENTED_EDGE('',*,*,#3867,.T.);
#9416 = ORIENTED_EDGE('',*,*,#4315,.F.);
#9417 = ORIENTED_EDGE('',*,*,#9418,.T.);
#9418 = EDGE_CURVE('',#4308,#3868,#9419,.T.);
#9419 = LINE('',#9420,#9421);
#9420 = CARTESIAN_POINT('',(-20.49809646606,13.293578147888,5.25));
#9421 = VECTOR('',#9422,1.);
#9422 = DIRECTION('',(3.252381655819E-03,2.470448089555E-02,
    0.999689507116));
#9423 = PLANE('',#9424);
#9424 = AXIS2_PLACEMENT_3D('',#9425,#9426,#9427);
#9425 = CARTESIAN_POINT('',(-20.49712597705,13.293493162902,
    6.146253193015));
#9426 = DIRECTION('',(0.996193295267,-8.716499846328E-02,
    -1.08697225703E-03));
#9427 = DIRECTION('',(8.716504995643E-02,0.996193883773,
    -1.355252715607E-20));
#9428 = ADVANCED_FACE('',(#9429),#9446,.T.);
#9429 = FACE_BOUND('',#9430,.T.);
#9430 = EDGE_LOOP('',(#9431,#9432,#9440));
#9431 = ORIENTED_EDGE('',*,*,#3875,.T.);
#9432 = ORIENTED_EDGE('',*,*,#9433,.F.);
#9433 = EDGE_CURVE('',#9434,#3868,#9436,.T.);
#9434 = VERTEX_POINT('',#9435);
#9435 = CARTESIAN_POINT('',(-20.48296356201,13.379409790039,5.25));
#9436 = LINE('',#9437,#9438);
#9437 = CARTESIAN_POINT('',(-20.48296356201,13.379409790039,5.25));
#9438 = VECTOR('',#9439,1.);
#9439 = DIRECTION('',(-5.392307173545E-03,-2.432694327414E-02,
    0.999689513226));
#9440 = ORIENTED_EDGE('',*,*,#9441,.T.);
#9441 = EDGE_CURVE('',#9434,#3876,#9442,.T.);
#9442 = LINE('',#9443,#9444);
#9443 = CARTESIAN_POINT('',(-20.48296356201,13.379409790039,5.25));
#9444 = VECTOR('',#9445,1.);
#9445 = DIRECTION('',(7.493007952156E-03,2.376417768511E-02,
    0.999689511144));
#9446 = PLANE('',#9447);
#9447 = AXIS2_PLACEMENT_3D('',#9448,#9449,#9450);
#9448 = CARTESIAN_POINT('',(-20.48202189,13.379157521602,6.146252932222)
  );
#9449 = DIRECTION('',(0.965928578403,-0.258806488093,-1.087724876546E-03
    ));
#9450 = DIRECTION('',(0.258806641196,0.965929149821,0.));
#9451 = ADVANCED_FACE('',(#9452),#9469,.T.);
#9452 = FACE_BOUND('',#9453,.T.);
#9453 = EDGE_LOOP('',(#9454,#9455,#9463));
#9454 = ORIENTED_EDGE('',*,*,#3883,.T.);
#9455 = ORIENTED_EDGE('',*,*,#9456,.F.);
#9456 = EDGE_CURVE('',#9457,#3876,#9459,.T.);
#9457 = VERTEX_POINT('',#9458);
#9458 = CARTESIAN_POINT('',(-20.45315361022,13.461309432983,5.25));
#9459 = LINE('',#9460,#9461);
#9460 = CARTESIAN_POINT('',(-20.45315361022,13.461309432983,5.25));
#9461 = VECTOR('',#9462,1.);
#9462 = DIRECTION('',(-9.535961148704E-03,-2.302108719497E-02,
    0.999689499289));
#9463 = ORIENTED_EDGE('',*,*,#9464,.T.);
#9464 = EDGE_CURVE('',#9457,#3884,#9465,.T.);
#9465 = LINE('',#9466,#9467);
#9466 = CARTESIAN_POINT('',(-20.45315361022,13.461309432983,5.25));
#9467 = VECTOR('',#9468,1.);
#9468 = DIRECTION('',(1.150591301395E-02,2.210203082273E-02,
    0.999689508897));
#9469 = PLANE('',#9470);
#9470 = AXIS2_PLACEMENT_3D('',#9471,#9472,#9473);
#9471 = CARTESIAN_POINT('',(-20.45227054827,13.460897451258,
    6.146253220781));
#9472 = DIRECTION('',(0.906302491943,-0.422628218441,-1.087233302355E-03
    ));
#9473 = DIRECTION('',(0.42262846823,0.906303027602,1.084202172486E-19));
#9474 = ADVANCED_FACE('',(#9475),#9492,.T.);
#9475 = FACE_BOUND('',#9476,.T.);
#9476 = EDGE_LOOP('',(#9477,#9478,#9486));
#9477 = ORIENTED_EDGE('',*,*,#3891,.T.);
#9478 = ORIENTED_EDGE('',*,*,#9479,.F.);
#9479 = EDGE_CURVE('',#9480,#3884,#9482,.T.);
#9480 = VERTEX_POINT('',#9481);
#9481 = CARTESIAN_POINT('',(-20.40957641601,13.536787986755,5.25));
#9482 = LINE('',#9483,#9484);
#9483 = CARTESIAN_POINT('',(-20.40957641601,13.536787986755,5.25));
#9484 = VECTOR('',#9485,1.);
#9485 = DIRECTION('',(-1.338760933828E-02,-2.101517987402E-02,
    0.999689518866));
#9486 = ORIENTED_EDGE('',*,*,#9487,.T.);
#9487 = EDGE_CURVE('',#9480,#3892,#9488,.T.);
#9488 = LINE('',#9489,#9490);
#9489 = CARTESIAN_POINT('',(-20.40957641601,13.536787986755,5.25));
#9490 = VECTOR('',#9491,1.);
#9491 = DIRECTION('',(1.516906436205E-02,1.976870559207E-02,
    0.999689500678));
#9492 = PLANE('',#9493);
#9493 = AXIS2_PLACEMENT_3D('',#9494,#9495,#9496);
#9494 = CARTESIAN_POINT('',(-20.40877785061,13.536229235422,
    6.146253022845));
#9495 = DIRECTION('',(0.819156375771,-0.573569219433,-1.087452404249E-03
    ));
#9496 = DIRECTION('',(0.573569558571,0.819156860119,0.));
#9497 = ADVANCED_FACE('',(#9498),#9515,.T.);
#9498 = FACE_BOUND('',#9499,.T.);
#9499 = EDGE_LOOP('',(#9500,#9501,#9509));
#9500 = ORIENTED_EDGE('',*,*,#3899,.T.);
#9501 = ORIENTED_EDGE('',*,*,#9502,.F.);
#9502 = EDGE_CURVE('',#9503,#3892,#9505,.T.);
#9503 = VERTEX_POINT('',#9504);
#9504 = CARTESIAN_POINT('',(-20.35355377197,13.603553771973,5.25));
#9505 = LINE('',#9506,#9507);
#9506 = CARTESIAN_POINT('',(-20.35355377197,13.603553771973,5.25));
#9507 = VECTOR('',#9508,1.);
#9508 = DIRECTION('',(-1.683393522353E-02,-1.83713256831E-02,
    0.999689508306));
#9509 = ORIENTED_EDGE('',*,*,#9510,.T.);
#9510 = EDGE_CURVE('',#9503,#3900,#9511,.T.);
#9511 = LINE('',#9512,#9513);
#9512 = CARTESIAN_POINT('',(-20.35355377197,13.603553771973,5.25));
#9513 = VECTOR('',#9514,1.);
#9514 = DIRECTION('',(1.83713256831E-02,1.683393522353E-02,
    0.999689508306));
#9515 = PLANE('',#9516);
#9516 = AXIS2_PLACEMENT_3D('',#9517,#9518,#9519);
#9517 = CARTESIAN_POINT('',(-20.35286461253,13.602864612533,
    6.146253072472));
#9518 = DIRECTION('',(0.707106363103,-0.707106363103,-1.087436216451E-03
    ));
#9519 = DIRECTION('',(0.707106781187,0.707106781187,0.));
#9520 = ADVANCED_FACE('',(#9521),#9538,.T.);
#9521 = FACE_BOUND('',#9522,.T.);
#9522 = EDGE_LOOP('',(#9523,#9524,#9532));
#9523 = ORIENTED_EDGE('',*,*,#3907,.T.);
#9524 = ORIENTED_EDGE('',*,*,#9525,.F.);
#9525 = EDGE_CURVE('',#9526,#3900,#9528,.T.);
#9526 = VERTEX_POINT('',#9527);
#9527 = CARTESIAN_POINT('',(-20.28678894043,13.659576416016,5.25));
#9528 = LINE('',#9529,#9530);
#9529 = CARTESIAN_POINT('',(-20.28678894043,13.659576416016,5.25));
#9530 = VECTOR('',#9531,1.);
#9531 = DIRECTION('',(-1.976816101742E-02,-1.516906452541E-02,
    0.999689511444));
#9532 = ORIENTED_EDGE('',*,*,#9533,.T.);
#9533 = EDGE_CURVE('',#9526,#3908,#9534,.T.);
#9534 = LINE('',#9535,#9536);
#9535 = CARTESIAN_POINT('',(-20.28678894043,13.659576416016,5.25));
#9536 = VECTOR('',#9537,1.);
#9537 = DIRECTION('',(2.101572426769E-02,1.338815387491E-02,
    0.99968950013));
#9538 = PLANE('',#9539);
#9539 = AXIS2_PLACEMENT_3D('',#9540,#9541,#9542);
#9540 = CARTESIAN_POINT('',(-20.28622970033,13.65877809489,6.14625315291
    ));
#9541 = DIRECTION('',(0.573576561733,-0.819151234561,-1.087541774246E-03
    ));
#9542 = DIRECTION('',(-0.819151718986,-0.573576900931,0.));
#9543 = ADVANCED_FACE('',(#9544),#9561,.T.);
#9544 = FACE_BOUND('',#9545,.T.);
#9545 = EDGE_LOOP('',(#9546,#9547,#9555));
#9546 = ORIENTED_EDGE('',*,*,#3915,.T.);
#9547 = ORIENTED_EDGE('',*,*,#9548,.F.);
#9548 = EDGE_CURVE('',#9549,#3908,#9551,.T.);
#9549 = VERTEX_POINT('',#9550);
#9550 = CARTESIAN_POINT('',(-20.21130943298,13.703153610229,5.25));
#9551 = LINE('',#9552,#9553);
#9552 = CARTESIAN_POINT('',(-20.21130943298,13.703153610229,5.25));
#9553 = VECTOR('',#9554,1.);
#9554 = DIRECTION('',(-2.210203096127E-02,-1.150536829852E-02,
    0.999689515163));
#9555 = ORIENTED_EDGE('',*,*,#9556,.T.);
#9556 = EDGE_CURVE('',#9549,#3916,#9557,.T.);
#9557 = LINE('',#9558,#9559);
#9558 = CARTESIAN_POINT('',(-20.21130943298,13.703153610229,5.25));
#9559 = VECTOR('',#9560,1.);
#9560 = DIRECTION('',(2.302054269614E-02,9.535961268298E-03,
    0.999689511827));
#9561 = PLANE('',#9562);
#9562 = AXIS2_PLACEMENT_3D('',#9563,#9564,#9565);
#9563 = CARTESIAN_POINT('',(-20.21089769566,13.702270792757,
    6.146252919432));
#9564 = DIRECTION('',(0.422623421993,-0.906304729047,-1.086871197561E-03
    ));
#9565 = DIRECTION('',(-0.906305264352,-0.422623671614,0.));
#9566 = ADVANCED_FACE('',(#9567),#9584,.T.);
#9567 = FACE_BOUND('',#9568,.T.);
#9568 = EDGE_LOOP('',(#9569,#9570,#9578));
#9569 = ORIENTED_EDGE('',*,*,#3923,.T.);
#9570 = ORIENTED_EDGE('',*,*,#9571,.F.);
#9571 = EDGE_CURVE('',#9572,#3916,#9574,.T.);
#9572 = VERTEX_POINT('',#9573);
#9573 = CARTESIAN_POINT('',(-20.12940979003,13.732962608337,5.25));
#9574 = LINE('',#9575,#9576);
#9575 = CARTESIAN_POINT('',(-20.12940979003,13.732962608337,5.25));
#9576 = VECTOR('',#9577,1.);
#9577 = DIRECTION('',(-2.376472226199E-02,-7.492463098189E-03,
    0.999689502282));
#9578 = ORIENTED_EDGE('',*,*,#9579,.T.);
#9579 = EDGE_CURVE('',#9572,#3924,#9580,.T.);
#9580 = LINE('',#9581,#9582);
#9581 = CARTESIAN_POINT('',(-20.12940979003,13.732962608337,5.25));
#9582 = VECTOR('',#9583,1.);
#9583 = DIRECTION('',(2.43269431312E-02,5.393396716954E-03,
    0.999689507352));
#9584 = PLANE('',#9585);
#9585 = AXIS2_PLACEMENT_3D('',#9586,#9587,#9588);
#9586 = CARTESIAN_POINT('',(-20.12915776576,13.732021668661,
    6.146253209971));
#9587 = DIRECTION('',(0.258813962126,-0.965926576782,-1.086864773683E-03
    ));
#9588 = DIRECTION('',(-0.965927147295,-0.258814114991,5.421010862428E-20
    ));
#9589 = ADVANCED_FACE('',(#9590),#9600,.T.);
#9590 = FACE_BOUND('',#9591,.T.);
#9591 = EDGE_LOOP('',(#9592,#9593,#9599));
#9592 = ORIENTED_EDGE('',*,*,#3931,.T.);
#9593 = ORIENTED_EDGE('',*,*,#9594,.F.);
#9594 = EDGE_CURVE('',#5094,#3924,#9595,.T.);
#9595 = LINE('',#9596,#9597);
#9596 = CARTESIAN_POINT('',(-20.04357719421,13.748097419739,5.25));
#9597 = VECTOR('',#9598,1.);
#9598 = DIRECTION('',(-2.470502535059E-02,-3.252381612046E-03,
    0.999689493661));
#9599 = ORIENTED_EDGE('',*,*,#5093,.T.);
#9600 = PLANE('',#9601);
#9601 = AXIS2_PLACEMENT_3D('',#9602,#9603,#9604);
#9602 = CARTESIAN_POINT('',(-20.04349269794,13.74712668652,
    6.146253173245));
#9603 = DIRECTION('',(8.715413943319E-02,-0.996194245107,
    -1.087196202018E-03));
#9604 = DIRECTION('',(-0.996194833856,-8.715419094114E-02,0.));
#9605 = ADVANCED_FACE('',(#9606),#9617,.T.);
#9606 = FACE_BOUND('',#9607,.T.);
#9607 = EDGE_LOOP('',(#9608,#9609,#9610,#9616));
#9608 = ORIENTED_EDGE('',*,*,#3940,.F.);
#9609 = ORIENTED_EDGE('',*,*,#7275,.T.);
#9610 = ORIENTED_EDGE('',*,*,#9611,.T.);
#9611 = EDGE_CURVE('',#7268,#7161,#9612,.T.);
#9612 = LINE('',#9613,#9614);
#9613 = CARTESIAN_POINT('',(6.829999923706,-10.38000011444,
    5.400000095367));
#9614 = VECTOR('',#9615,1.);
#9615 = DIRECTION('',(1.,0.,0.));
#9616 = ORIENTED_EDGE('',*,*,#7160,.T.);
#9617 = PLANE('',#9618);
#9618 = AXIS2_PLACEMENT_3D('',#9619,#9620,#9621);
#9619 = CARTESIAN_POINT('',(7.880000114441,-10.38000011444,
    6.200000047684));
#9620 = DIRECTION('',(-0.,-1.,-0.));
#9621 = DIRECTION('',(0.,0.,-1.));
#9622 = ADVANCED_FACE('',(#9623),#9634,.T.);
#9623 = FACE_BOUND('',#9624,.T.);
#9624 = EDGE_LOOP('',(#9625,#9626,#9627,#9633));
#9625 = ORIENTED_EDGE('',*,*,#3992,.F.);
#9626 = ORIENTED_EDGE('',*,*,#6781,.T.);
#9627 = ORIENTED_EDGE('',*,*,#9628,.T.);
#9628 = EDGE_CURVE('',#6774,#6613,#9629,.T.);
#9629 = LINE('',#9630,#9631);
#9630 = CARTESIAN_POINT('',(11.909999847412,-10.38000011444,
    5.400000095367));
#9631 = VECTOR('',#9632,1.);
#9632 = DIRECTION('',(1.,0.,0.));
#9633 = ORIENTED_EDGE('',*,*,#6612,.T.);
#9634 = PLANE('',#9635);
#9635 = AXIS2_PLACEMENT_3D('',#9636,#9637,#9638);
#9636 = CARTESIAN_POINT('',(12.960000038147,-10.38000011444,
    6.200000047684));
#9637 = DIRECTION('',(-0.,-1.,-0.));
#9638 = DIRECTION('',(0.,0.,-1.));
#9639 = ADVANCED_FACE('',(#9640),#9651,.T.);
#9640 = FACE_BOUND('',#9641,.T.);
#9641 = EDGE_LOOP('',(#9642,#9643,#9644,#9650));
#9642 = ORIENTED_EDGE('',*,*,#4059,.F.);
#9643 = ORIENTED_EDGE('',*,*,#7055,.T.);
#9644 = ORIENTED_EDGE('',*,*,#9645,.T.);
#9645 = EDGE_CURVE('',#7048,#6887,#9646,.T.);
#9646 = LINE('',#9647,#9648);
#9647 = CARTESIAN_POINT('',(9.369999885559,-10.38000011444,
    5.400000095367));
#9648 = VECTOR('',#9649,1.);
#9649 = DIRECTION('',(1.,0.,0.));
#9650 = ORIENTED_EDGE('',*,*,#6886,.T.);
#9651 = PLANE('',#9652);
#9652 = AXIS2_PLACEMENT_3D('',#9653,#9654,#9655);
#9653 = CARTESIAN_POINT('',(10.420000076294,-10.38000011444,
    6.200000047684));
#9654 = DIRECTION('',(-0.,-1.,-0.));
#9655 = DIRECTION('',(0.,0.,-1.));
#9656 = ADVANCED_FACE('',(#9657),#9668,.T.);
#9657 = FACE_BOUND('',#9658,.T.);
#9658 = EDGE_LOOP('',(#9659,#9660,#9661,#9667));
#9659 = ORIENTED_EDGE('',*,*,#4086,.F.);
#9660 = ORIENTED_EDGE('',*,*,#6451,.T.);
#9661 = ORIENTED_EDGE('',*,*,#9662,.T.);
#9662 = EDGE_CURVE('',#6444,#6583,#9663,.T.);
#9663 = LINE('',#9664,#9665);
#9664 = CARTESIAN_POINT('',(-0.790000021458,-10.38000011444,
    5.400000095367));
#9665 = VECTOR('',#9666,1.);
#9666 = DIRECTION('',(1.,0.,0.));
#9667 = ORIENTED_EDGE('',*,*,#6582,.T.);
#9668 = PLANE('',#9669);
#9669 = AXIS2_PLACEMENT_3D('',#9670,#9671,#9672);
#9670 = CARTESIAN_POINT('',(0.259999960661,-10.38000011444,
    6.200000047684));
#9671 = DIRECTION('',(-0.,-1.,-0.));
#9672 = DIRECTION('',(0.,0.,-1.));
#9673 = ADVANCED_FACE('',(#9674),#9685,.T.);
#9674 = FACE_BOUND('',#9675,.T.);
#9675 = EDGE_LOOP('',(#9676,#9677,#9678,#9684));
#9676 = ORIENTED_EDGE('',*,*,#4142,.F.);
#9677 = ORIENTED_EDGE('',*,*,#6999,.T.);
#9678 = ORIENTED_EDGE('',*,*,#9679,.T.);
#9679 = EDGE_CURVE('',#6992,#7112,#9680,.T.);
#9680 = LINE('',#9681,#9682);
#9681 = CARTESIAN_POINT('',(4.289999961853,-10.38000011444,
    5.400000095367));
#9682 = VECTOR('',#9683,1.);
#9683 = DIRECTION('',(1.,0.,0.));
#9684 = ORIENTED_EDGE('',*,*,#7111,.T.);
#9685 = PLANE('',#9686);
#9686 = AXIS2_PLACEMENT_3D('',#9687,#9688,#9689);
#9687 = CARTESIAN_POINT('',(5.339999914169,-10.38000011444,
    6.200000047684));
#9688 = DIRECTION('',(-0.,-1.,-0.));
#9689 = DIRECTION('',(0.,0.,-1.));
#9690 = ADVANCED_FACE('',(#9691),#9702,.T.);
#9691 = FACE_BOUND('',#9692,.T.);
#9692 = EDGE_LOOP('',(#9693,#9694,#9695,#9701));
#9693 = ORIENTED_EDGE('',*,*,#4176,.F.);
#9694 = ORIENTED_EDGE('',*,*,#6725,.T.);
#9695 = ORIENTED_EDGE('',*,*,#9696,.T.);
#9696 = EDGE_CURVE('',#6718,#6857,#9697,.T.);
#9697 = LINE('',#9698,#9699);
#9698 = CARTESIAN_POINT('',(1.75,-10.38000011444,5.400000095367));
#9699 = VECTOR('',#9700,1.);
#9700 = DIRECTION('',(1.,0.,0.));
#9701 = ORIENTED_EDGE('',*,*,#6856,.T.);
#9702 = PLANE('',#9703);
#9703 = AXIS2_PLACEMENT_3D('',#9704,#9705,#9706);
#9704 = CARTESIAN_POINT('',(2.799999952316,-10.38000011444,
    6.200000047684));
#9705 = DIRECTION('',(-0.,-1.,-0.));
#9706 = DIRECTION('',(0.,0.,-1.));
#9707 = ADVANCED_FACE('',(#9708),#9719,.T.);
#9708 = FACE_BOUND('',#9709,.T.);
#9709 = EDGE_LOOP('',(#9710,#9711,#9712,#9718));
#9710 = ORIENTED_EDGE('',*,*,#4221,.F.);
#9711 = ORIENTED_EDGE('',*,*,#6193,.T.);
#9712 = ORIENTED_EDGE('',*,*,#9713,.T.);
#9713 = EDGE_CURVE('',#6186,#6309,#9714,.T.);
#9714 = LINE('',#9715,#9716);
#9715 = CARTESIAN_POINT('',(-3.329999923706,-10.38000011444,
    5.400000095367));
#9716 = VECTOR('',#9717,1.);
#9717 = DIRECTION('',(1.,0.,0.));
#9718 = ORIENTED_EDGE('',*,*,#6308,.T.);
#9719 = PLANE('',#9720);
#9720 = AXIS2_PLACEMENT_3D('',#9721,#9722,#9723);
#9721 = CARTESIAN_POINT('',(-2.27999997139,-10.38000011444,
    6.200000047684));
#9722 = DIRECTION('',(-0.,-1.,-0.));
#9723 = DIRECTION('',(0.,0.,-1.));
#9724 = ADVANCED_FACE('',(#9725),#9736,.T.);
#9725 = FACE_BOUND('',#9726,.T.);
#9726 = EDGE_LOOP('',(#9727,#9728,#9729,#9735));
#9727 = ORIENTED_EDGE('',*,*,#4284,.F.);
#9728 = ORIENTED_EDGE('',*,*,#6507,.T.);
#9729 = ORIENTED_EDGE('',*,*,#9730,.T.);
#9730 = EDGE_CURVE('',#6500,#6339,#9731,.T.);
#9731 = LINE('',#9732,#9733);
#9732 = CARTESIAN_POINT('',(14.449999809265,-10.38000011444,
    5.400000095367));
#9733 = VECTOR('',#9734,1.);
#9734 = DIRECTION('',(1.,0.,0.));
#9735 = ORIENTED_EDGE('',*,*,#6338,.T.);
#9736 = PLANE('',#9737);
#9737 = AXIS2_PLACEMENT_3D('',#9738,#9739,#9740);
#9738 = CARTESIAN_POINT('',(15.499999523163,-10.38000011444,
    6.200000047684));
#9739 = DIRECTION('',(-0.,-1.,-0.));
#9740 = DIRECTION('',(0.,0.,-1.));
#9741 = ADVANCED_FACE('',(#9742),#9758,.T.);
#9742 = FACE_BOUND('',#9743,.T.);
#9743 = EDGE_LOOP('',(#9744,#9750,#9751,#9752));
#9744 = ORIENTED_EDGE('',*,*,#9745,.F.);
#9745 = EDGE_CURVE('',#4308,#9434,#9746,.T.);
#9746 = LINE('',#9747,#9748);
#9747 = CARTESIAN_POINT('',(-20.49809646606,13.293578147888,5.25));
#9748 = VECTOR('',#9749,1.);
#9749 = DIRECTION('',(0.173631149288,0.984810755423,0.));
#9750 = ORIENTED_EDGE('',*,*,#4307,.F.);
#9751 = ORIENTED_EDGE('',*,*,#4669,.F.);
#9752 = ORIENTED_EDGE('',*,*,#9753,.T.);
#9753 = EDGE_CURVE('',#672,#9434,#9754,.T.);
#9754 = LINE('',#9755,#9756);
#9755 = CARTESIAN_POINT('',(-20.48296356201,13.379409790039,1.75));
#9756 = VECTOR('',#9757,1.);
#9757 = DIRECTION('',(0.,0.,1.));
#9758 = PLANE('',#9759);
#9759 = AXIS2_PLACEMENT_3D('',#9760,#9761,#9762);
#9760 = CARTESIAN_POINT('',(-20.49053001403,13.336493968964,3.5));
#9761 = DIRECTION('',(0.984810755423,-0.173631149288,0.));
#9762 = DIRECTION('',(0.173631149288,0.984810755423,0.));
#9763 = ADVANCED_FACE('',(#9764),#9783,.F.);
#9764 = FACE_BOUND('',#9765,.T.);
#9765 = EDGE_LOOP('',(#9766,#9767,#9775,#9782));
#9766 = ORIENTED_EDGE('',*,*,#4488,.F.);
#9767 = ORIENTED_EDGE('',*,*,#9768,.T.);
#9768 = EDGE_CURVE('',#4489,#9769,#9771,.T.);
#9769 = VERTEX_POINT('',#9770);
#9770 = CARTESIAN_POINT('',(2.5,0.,-2.));
#9771 = LINE('',#9772,#9773);
#9772 = CARTESIAN_POINT('',(4.5,0.,0.));
#9773 = VECTOR('',#9774,1.);
#9774 = DIRECTION('',(-0.707106781187,0.,-0.707106781187));
#9775 = ORIENTED_EDGE('',*,*,#9776,.F.);
#9776 = EDGE_CURVE('',#9769,#9769,#9777,.T.);
#9777 = CIRCLE('',#9778,2.5);
#9778 = AXIS2_PLACEMENT_3D('',#9779,#9780,#9781);
#9779 = CARTESIAN_POINT('',(0.,0.,-2.));
#9780 = DIRECTION('',(0.,0.,1.));
#9781 = DIRECTION('',(1.,0.,0.));
#9782 = ORIENTED_EDGE('',*,*,#9768,.F.);
#9783 = CONICAL_SURFACE('',#9784,4.5,0.785398163397);
#9784 = AXIS2_PLACEMENT_3D('',#9785,#9786,#9787);
#9785 = CARTESIAN_POINT('',(0.,0.,0.));
#9786 = DIRECTION('',(0.,0.,1.));
#9787 = DIRECTION('',(1.,0.,0.));
#9788 = ADVANCED_FACE('',(#9789),#9808,.F.);
#9789 = FACE_BOUND('',#9790,.T.);
#9790 = EDGE_LOOP('',(#9791,#9792,#9800,#9807));
#9791 = ORIENTED_EDGE('',*,*,#4499,.F.);
#9792 = ORIENTED_EDGE('',*,*,#9793,.T.);
#9793 = EDGE_CURVE('',#4500,#9794,#9796,.T.);
#9794 = VERTEX_POINT('',#9795);
#9795 = CARTESIAN_POINT('',(15.6,0.,-1.8));
#9796 = LINE('',#9797,#9798);
#9797 = CARTESIAN_POINT('',(16.8,0.,-0.6));
#9798 = VECTOR('',#9799,1.);
#9799 = DIRECTION('',(-0.707106781187,0.,-0.707106781187));
#9800 = ORIENTED_EDGE('',*,*,#9801,.F.);
#9801 = EDGE_CURVE('',#9794,#9794,#9802,.T.);
#9802 = CIRCLE('',#9803,1.6);
#9803 = AXIS2_PLACEMENT_3D('',#9804,#9805,#9806);
#9804 = CARTESIAN_POINT('',(14.,0.,-1.8));
#9805 = DIRECTION('',(0.,0.,1.));
#9806 = DIRECTION('',(1.,0.,0.));
#9807 = ORIENTED_EDGE('',*,*,#9793,.F.);
#9808 = CONICAL_SURFACE('',#9809,2.8,0.785398163397);
#9809 = AXIS2_PLACEMENT_3D('',#9810,#9811,#9812);
#9810 = CARTESIAN_POINT('',(14.,0.,-0.6));
#9811 = DIRECTION('',(0.,0.,1.));
#9812 = DIRECTION('',(1.,0.,0.));
#9813 = ADVANCED_FACE('',(#9814),#9830,.T.);
#9814 = FACE_BOUND('',#9815,.T.);
#9815 = EDGE_LOOP('',(#9816,#9817,#9818,#9824));
#9816 = ORIENTED_EDGE('',*,*,#9753,.F.);
#9817 = ORIENTED_EDGE('',*,*,#4685,.F.);
#9818 = ORIENTED_EDGE('',*,*,#9819,.T.);
#9819 = EDGE_CURVE('',#838,#9457,#9820,.T.);
#9820 = LINE('',#9821,#9822);
#9821 = CARTESIAN_POINT('',(-20.45315361022,13.461309432983,1.75));
#9822 = VECTOR('',#9823,1.);
#9823 = DIRECTION('',(0.,0.,1.));
#9824 = ORIENTED_EDGE('',*,*,#9825,.F.);
#9825 = EDGE_CURVE('',#9434,#9457,#9826,.T.);
#9826 = LINE('',#9827,#9828);
#9827 = CARTESIAN_POINT('',(-20.48296356201,13.379409790039,5.25));
#9828 = VECTOR('',#9829,1.);
#9829 = DIRECTION('',(0.342029459767,0.939689229826,0.));
#9830 = PLANE('',#9831);
#9831 = AXIS2_PLACEMENT_3D('',#9832,#9833,#9834);
#9832 = CARTESIAN_POINT('',(-20.46805858612,13.420359611511,3.5));
#9833 = DIRECTION('',(0.939689229826,-0.342029459767,0.));
#9834 = DIRECTION('',(0.342029459767,0.939689229826,0.));
#9835 = ADVANCED_FACE('',(#9836),#9852,.T.);
#9836 = FACE_BOUND('',#9837,.T.);
#9837 = EDGE_LOOP('',(#9838,#9844,#9845,#9846));
#9838 = ORIENTED_EDGE('',*,*,#9839,.F.);
#9839 = EDGE_CURVE('',#907,#8868,#9840,.T.);
#9840 = LINE('',#9841,#9842);
#9841 = CARTESIAN_POINT('',(20.482963562012,13.379409790039,1.75));
#9842 = VECTOR('',#9843,1.);
#9843 = DIRECTION('',(0.,0.,1.));
#9844 = ORIENTED_EDGE('',*,*,#4919,.F.);
#9845 = ORIENTED_EDGE('',*,*,#4707,.F.);
#9846 = ORIENTED_EDGE('',*,*,#9847,.F.);
#9847 = EDGE_CURVE('',#8868,#4700,#9848,.T.);
#9848 = LINE('',#9849,#9850);
#9849 = CARTESIAN_POINT('',(20.482963562012,13.379409790039,5.25));
#9850 = VECTOR('',#9851,1.);
#9851 = DIRECTION('',(0.173631149288,-0.984810755423,0.));
#9852 = PLANE('',#9853);
#9853 = AXIS2_PLACEMENT_3D('',#9854,#9855,#9856);
#9854 = CARTESIAN_POINT('',(20.490530014038,13.336493968964,3.5));
#9855 = DIRECTION('',(-0.984810755423,-0.173631149288,-0.));
#9856 = DIRECTION('',(0.173631149288,-0.984810755423,0.));
#9857 = ADVANCED_FACE('',(#9858),#9879,.T.);
#9858 = FACE_BOUND('',#9859,.T.);
#9859 = EDGE_LOOP('',(#9860,#9866,#9867,#9873));
#9860 = ORIENTED_EDGE('',*,*,#9861,.F.);
#9861 = EDGE_CURVE('',#4732,#8923,#9862,.T.);
#9862 = LINE('',#9863,#9864);
#9863 = CARTESIAN_POINT('',(20.498096466064,-13.29357814788,5.25));
#9864 = VECTOR('',#9865,1.);
#9865 = DIRECTION('',(-0.173631149288,-0.984810755423,0.));
#9866 = ORIENTED_EDGE('',*,*,#4731,.F.);
#9867 = ORIENTED_EDGE('',*,*,#9868,.F.);
#9868 = EDGE_CURVE('',#5770,#4724,#9869,.T.);
#9869 = LINE('',#9870,#9871);
#9870 = CARTESIAN_POINT('',(20.482963562012,-13.37940979003,1.75));
#9871 = VECTOR('',#9872,1.);
#9872 = DIRECTION('',(0.173631149288,0.984810755423,0.));
#9873 = ORIENTED_EDGE('',*,*,#9874,.T.);
#9874 = EDGE_CURVE('',#5770,#8923,#9875,.T.);
#9875 = LINE('',#9876,#9877);
#9876 = CARTESIAN_POINT('',(20.482963562012,-13.37940979003,1.75));
#9877 = VECTOR('',#9878,1.);
#9878 = DIRECTION('',(0.,0.,1.));
#9879 = PLANE('',#9880);
#9880 = AXIS2_PLACEMENT_3D('',#9881,#9882,#9883);
#9881 = CARTESIAN_POINT('',(20.490530014038,-13.33649396896,3.5));
#9882 = DIRECTION('',(-0.984810755423,0.173631149288,0.));
#9883 = DIRECTION('',(-0.173631149288,-0.984810755423,0.));
#9884 = ADVANCED_FACE('',(#9885),#9901,.T.);
#9885 = FACE_BOUND('',#9886,.T.);
#9886 = EDGE_LOOP('',(#9887,#9888,#9889,#9895));
#9887 = ORIENTED_EDGE('',*,*,#9819,.F.);
#9888 = ORIENTED_EDGE('',*,*,#4903,.F.);
#9889 = ORIENTED_EDGE('',*,*,#9890,.T.);
#9890 = EDGE_CURVE('',#884,#9480,#9891,.T.);
#9891 = LINE('',#9892,#9893);
#9892 = CARTESIAN_POINT('',(-20.40957641601,13.536787986755,1.75));
#9893 = VECTOR('',#9894,1.);
#9894 = DIRECTION('',(0.,0.,1.));
#9895 = ORIENTED_EDGE('',*,*,#9896,.F.);
#9896 = EDGE_CURVE('',#9457,#9480,#9897,.T.);
#9897 = LINE('',#9898,#9899);
#9898 = CARTESIAN_POINT('',(-20.45315361022,13.461309432983,5.25));
#9899 = VECTOR('',#9900,1.);
#9900 = DIRECTION('',(0.499996823547,0.866027237703,0.));
#9901 = PLANE('',#9902);
#9902 = AXIS2_PLACEMENT_3D('',#9903,#9904,#9905);
#9903 = CARTESIAN_POINT('',(-20.43136501312,13.499048709869,3.5));
#9904 = DIRECTION('',(0.866027237703,-0.499996823547,0.));
#9905 = DIRECTION('',(0.499996823547,0.866027237703,0.));
#9906 = ADVANCED_FACE('',(#9907),#9923,.T.);
#9907 = FACE_BOUND('',#9908,.T.);
#9908 = EDGE_LOOP('',(#9909,#9910,#9911,#9917));
#9909 = ORIENTED_EDGE('',*,*,#9890,.F.);
#9910 = ORIENTED_EDGE('',*,*,#4935,.F.);
#9911 = ORIENTED_EDGE('',*,*,#9912,.T.);
#9912 = EDGE_CURVE('',#930,#9503,#9913,.T.);
#9913 = LINE('',#9914,#9915);
#9914 = CARTESIAN_POINT('',(-20.35355377197,13.603553771973,1.75));
#9915 = VECTOR('',#9916,1.);
#9916 = DIRECTION('',(0.,0.,1.));
#9917 = ORIENTED_EDGE('',*,*,#9918,.F.);
#9918 = EDGE_CURVE('',#9480,#9503,#9919,.T.);
#9919 = LINE('',#9920,#9921);
#9920 = CARTESIAN_POINT('',(-20.40957641601,13.536787986755,5.25));
#9921 = VECTOR('',#9922,1.);
#9922 = DIRECTION('',(0.642784231672,0.766047277597,0.));
#9923 = PLANE('',#9924);
#9924 = AXIS2_PLACEMENT_3D('',#9925,#9926,#9927);
#9925 = CARTESIAN_POINT('',(-20.38156509399,13.570170879364,3.5));
#9926 = DIRECTION('',(0.766047277597,-0.642784231672,0.));
#9927 = DIRECTION('',(0.642784231672,0.766047277597,0.));
#9928 = ADVANCED_FACE('',(#9929),#9945,.T.);
#9929 = FACE_BOUND('',#9930,.T.);
#9930 = EDGE_LOOP('',(#9931,#9937,#9938,#9939));
#9931 = ORIENTED_EDGE('',*,*,#9932,.F.);
#9932 = EDGE_CURVE('',#953,#8845,#9933,.T.);
#9933 = LINE('',#9934,#9935);
#9934 = CARTESIAN_POINT('',(20.453153610229,13.461309432983,1.75));
#9935 = VECTOR('',#9936,1.);
#9936 = DIRECTION('',(0.,0.,1.));
#9937 = ORIENTED_EDGE('',*,*,#4951,.F.);
#9938 = ORIENTED_EDGE('',*,*,#9839,.T.);
#9939 = ORIENTED_EDGE('',*,*,#9940,.F.);
#9940 = EDGE_CURVE('',#8845,#8868,#9941,.T.);
#9941 = LINE('',#9942,#9943);
#9942 = CARTESIAN_POINT('',(20.453153610229,13.461309432983,5.25));
#9943 = VECTOR('',#9944,1.);
#9944 = DIRECTION('',(0.342029459767,-0.939689229826,0.));
#9945 = PLANE('',#9946);
#9946 = AXIS2_PLACEMENT_3D('',#9947,#9948,#9949);
#9947 = CARTESIAN_POINT('',(20.468058586121,13.420359611511,3.5));
#9948 = DIRECTION('',(-0.939689229826,-0.342029459767,-0.));
#9949 = DIRECTION('',(0.342029459767,-0.939689229826,0.));
#9950 = ADVANCED_FACE('',(#9951),#9967,.T.);
#9951 = FACE_BOUND('',#9952,.T.);
#9952 = EDGE_LOOP('',(#9953,#9954,#9955,#9961));
#9953 = ORIENTED_EDGE('',*,*,#9912,.F.);
#9954 = ORIENTED_EDGE('',*,*,#4967,.F.);
#9955 = ORIENTED_EDGE('',*,*,#9956,.T.);
#9956 = EDGE_CURVE('',#976,#9526,#9957,.T.);
#9957 = LINE('',#9958,#9959);
#9958 = CARTESIAN_POINT('',(-20.28678894043,13.659576416016,1.75));
#9959 = VECTOR('',#9960,1.);
#9960 = DIRECTION('',(0.,0.,1.));
#9961 = ORIENTED_EDGE('',*,*,#9962,.F.);
#9962 = EDGE_CURVE('',#9503,#9526,#9963,.T.);
#9963 = LINE('',#9964,#9965);
#9964 = CARTESIAN_POINT('',(-20.35355377197,13.603553771973,5.25));
#9965 = VECTOR('',#9966,1.);
#9966 = DIRECTION('',(0.766042756565,0.642789619638,0.));
#9967 = PLANE('',#9968);
#9968 = AXIS2_PLACEMENT_3D('',#9969,#9970,#9971);
#9969 = CARTESIAN_POINT('',(-20.3201713562,13.631565093994,3.5));
#9970 = DIRECTION('',(0.642789619638,-0.766042756565,0.));
#9971 = DIRECTION('',(-0.766042756565,-0.642789619638,0.));
#9972 = ADVANCED_FACE('',(#9973),#9989,.T.);
#9973 = FACE_BOUND('',#9974,.T.);
#9974 = EDGE_LOOP('',(#9975,#9981,#9982,#9983));
#9975 = ORIENTED_EDGE('',*,*,#9976,.F.);
#9976 = EDGE_CURVE('',#999,#8822,#9977,.T.);
#9977 = LINE('',#9978,#9979);
#9978 = CARTESIAN_POINT('',(20.409576416016,13.536787986755,1.75));
#9979 = VECTOR('',#9980,1.);
#9980 = DIRECTION('',(0.,0.,1.));
#9981 = ORIENTED_EDGE('',*,*,#4983,.F.);
#9982 = ORIENTED_EDGE('',*,*,#9932,.T.);
#9983 = ORIENTED_EDGE('',*,*,#9984,.F.);
#9984 = EDGE_CURVE('',#8822,#8845,#9985,.T.);
#9985 = LINE('',#9986,#9987);
#9986 = CARTESIAN_POINT('',(20.409576416016,13.536787986755,5.25));
#9987 = VECTOR('',#9988,1.);
#9988 = DIRECTION('',(0.499996823547,-0.866027237703,0.));
#9989 = PLANE('',#9990);
#9990 = AXIS2_PLACEMENT_3D('',#9991,#9992,#9993);
#9991 = CARTESIAN_POINT('',(20.431365013123,13.499048709869,3.5));
#9992 = DIRECTION('',(-0.866027237703,-0.499996823547,-0.));
#9993 = DIRECTION('',(0.499996823547,-0.866027237703,0.));
#9994 = ADVANCED_FACE('',(#9995),#10011,.T.);
#9995 = FACE_BOUND('',#9996,.T.);
#9996 = EDGE_LOOP('',(#9997,#9998,#9999,#10005));
#9997 = ORIENTED_EDGE('',*,*,#9956,.F.);
#9998 = ORIENTED_EDGE('',*,*,#4999,.F.);
#9999 = ORIENTED_EDGE('',*,*,#10000,.T.);
#10000 = EDGE_CURVE('',#1022,#9549,#10001,.T.);
#10001 = LINE('',#10002,#10003);
#10002 = CARTESIAN_POINT('',(-20.21130943298,13.703153610229,1.75));
#10003 = VECTOR('',#10004,1.);
#10004 = DIRECTION('',(0.,0.,1.));
#10005 = ORIENTED_EDGE('',*,*,#10006,.F.);
#10006 = EDGE_CURVE('',#9526,#9549,#10007,.T.);
#10007 = LINE('',#10008,#10009);
#10008 = CARTESIAN_POINT('',(-20.28678894043,13.659576416016,5.25));
#10009 = VECTOR('',#10010,1.);
#10010 = DIRECTION('',(0.866029973201,0.499992085455,0.));
#10011 = PLANE('',#10012);
#10012 = AXIS2_PLACEMENT_3D('',#10013,#10014,#10015);
#10013 = CARTESIAN_POINT('',(-20.2490491867,13.681365013123,3.5));
#10014 = DIRECTION('',(0.499992085455,-0.866029973201,0.));
#10015 = DIRECTION('',(-0.866029973201,-0.499992085455,0.));
#10016 = ADVANCED_FACE('',(#10017),#10033,.T.);
#10017 = FACE_BOUND('',#10018,.T.);
#10018 = EDGE_LOOP('',(#10019,#10025,#10026,#10027));
#10019 = ORIENTED_EDGE('',*,*,#10020,.F.);
#10020 = EDGE_CURVE('',#1045,#8799,#10021,.T.);
#10021 = LINE('',#10022,#10023);
#10022 = CARTESIAN_POINT('',(20.353553771973,13.603553771973,1.75));
#10023 = VECTOR('',#10024,1.);
#10024 = DIRECTION('',(0.,0.,1.));
#10025 = ORIENTED_EDGE('',*,*,#5015,.F.);
#10026 = ORIENTED_EDGE('',*,*,#9976,.T.);
#10027 = ORIENTED_EDGE('',*,*,#10028,.F.);
#10028 = EDGE_CURVE('',#8799,#8822,#10029,.T.);
#10029 = LINE('',#10030,#10031);
#10030 = CARTESIAN_POINT('',(20.353553771973,13.603553771973,5.25));
#10031 = VECTOR('',#10032,1.);
#10032 = DIRECTION('',(0.642784231672,-0.766047277597,0.));
#10033 = PLANE('',#10034);
#10034 = AXIS2_PLACEMENT_3D('',#10035,#10036,#10037);
#10035 = CARTESIAN_POINT('',(20.381565093994,13.570170879364,3.5));
#10036 = DIRECTION('',(-0.766047277597,-0.642784231672,-0.));
#10037 = DIRECTION('',(0.642784231672,-0.766047277597,0.));
#10038 = ADVANCED_FACE('',(#10039),#10055,.T.);
#10039 = FACE_BOUND('',#10040,.T.);
#10040 = EDGE_LOOP('',(#10041,#10042,#10043,#10049));
#10041 = ORIENTED_EDGE('',*,*,#10000,.F.);
#10042 = ORIENTED_EDGE('',*,*,#5031,.F.);
#10043 = ORIENTED_EDGE('',*,*,#10044,.T.);
#10044 = EDGE_CURVE('',#1068,#9572,#10045,.T.);
#10045 = LINE('',#10046,#10047);
#10046 = CARTESIAN_POINT('',(-20.12940979003,13.732962608337,1.75));
#10047 = VECTOR('',#10048,1.);
#10048 = DIRECTION('',(0.,0.,1.));
#10049 = ORIENTED_EDGE('',*,*,#10050,.F.);
#10050 = EDGE_CURVE('',#9549,#9572,#10051,.T.);
#10051 = LINE('',#10052,#10053);
#10052 = CARTESIAN_POINT('',(-20.21130943298,13.703153610229,5.25));
#10053 = VECTOR('',#10054,1.);
#10054 = DIRECTION('',(0.939692746609,0.342019797629,0.));
#10055 = PLANE('',#10056);
#10056 = AXIS2_PLACEMENT_3D('',#10057,#10058,#10059);
#10057 = CARTESIAN_POINT('',(-20.17035961151,13.718058109283,3.5));
#10058 = DIRECTION('',(0.342019797629,-0.939692746609,0.));
#10059 = DIRECTION('',(-0.939692746609,-0.342019797629,0.));
#10060 = ADVANCED_FACE('',(#10061),#10077,.T.);
#10061 = FACE_BOUND('',#10062,.T.);
#10062 = EDGE_LOOP('',(#10063,#10069,#10070,#10071));
#10063 = ORIENTED_EDGE('',*,*,#10064,.F.);
#10064 = EDGE_CURVE('',#1091,#8776,#10065,.T.);
#10065 = LINE('',#10066,#10067);
#10066 = CARTESIAN_POINT('',(20.28678894043,13.659576416016,1.75));
#10067 = VECTOR('',#10068,1.);
#10068 = DIRECTION('',(0.,0.,1.));
#10069 = ORIENTED_EDGE('',*,*,#5047,.F.);
#10070 = ORIENTED_EDGE('',*,*,#10020,.T.);
#10071 = ORIENTED_EDGE('',*,*,#10072,.F.);
#10072 = EDGE_CURVE('',#8776,#8799,#10073,.T.);
#10073 = LINE('',#10074,#10075);
#10074 = CARTESIAN_POINT('',(20.28678894043,13.659576416016,5.25));
#10075 = VECTOR('',#10076,1.);
#10076 = DIRECTION('',(0.766042756565,-0.642789619638,0.));
#10077 = PLANE('',#10078);
#10078 = AXIS2_PLACEMENT_3D('',#10079,#10080,#10081);
#10079 = CARTESIAN_POINT('',(20.320171356201,13.631565093994,3.5));
#10080 = DIRECTION('',(-0.642789619638,-0.766042756565,-0.));
#10081 = DIRECTION('',(-0.766042756565,0.642789619638,0.));
#10082 = ADVANCED_FACE('',(#10083),#10094,.T.);
#10083 = FACE_BOUND('',#10084,.T.);
#10084 = EDGE_LOOP('',(#10085,#10086,#10087,#10088));
#10085 = ORIENTED_EDGE('',*,*,#10044,.F.);
#10086 = ORIENTED_EDGE('',*,*,#5063,.F.);
#10087 = ORIENTED_EDGE('',*,*,#5101,.F.);
#10088 = ORIENTED_EDGE('',*,*,#10089,.F.);
#10089 = EDGE_CURVE('',#9572,#5094,#10090,.T.);
#10090 = LINE('',#10091,#10092);
#10091 = CARTESIAN_POINT('',(-20.12940979003,13.732962608337,5.25));
#10092 = VECTOR('',#10093,1.);
#10093 = DIRECTION('',(0.984807343062,0.173650502593,0.));
#10094 = PLANE('',#10095);
#10095 = AXIS2_PLACEMENT_3D('',#10096,#10097,#10098);
#10096 = CARTESIAN_POINT('',(-20.08649349212,13.740530014038,3.5));
#10097 = DIRECTION('',(0.173650502593,-0.984807343062,0.));
#10098 = DIRECTION('',(-0.984807343062,-0.173650502593,0.));
#10099 = ADVANCED_FACE('',(#10100),#10116,.T.);
#10100 = FACE_BOUND('',#10101,.T.);
#10101 = EDGE_LOOP('',(#10102,#10108,#10109,#10110));
#10102 = ORIENTED_EDGE('',*,*,#10103,.F.);
#10103 = EDGE_CURVE('',#1137,#8753,#10104,.T.);
#10104 = LINE('',#10105,#10106);
#10105 = CARTESIAN_POINT('',(20.211309432983,13.703153610229,1.75));
#10106 = VECTOR('',#10107,1.);
#10107 = DIRECTION('',(0.,0.,1.));
#10108 = ORIENTED_EDGE('',*,*,#5079,.F.);
#10109 = ORIENTED_EDGE('',*,*,#10064,.T.);
#10110 = ORIENTED_EDGE('',*,*,#10111,.F.);
#10111 = EDGE_CURVE('',#8753,#8776,#10112,.T.);
#10112 = LINE('',#10113,#10114);
#10113 = CARTESIAN_POINT('',(20.211309432983,13.703153610229,5.25));
#10114 = VECTOR('',#10115,1.);
#10115 = DIRECTION('',(0.866029973201,-0.499992085455,0.));
#10116 = PLANE('',#10117);
#10117 = AXIS2_PLACEMENT_3D('',#10118,#10119,#10120);
#10118 = CARTESIAN_POINT('',(20.249049186707,13.681365013123,3.5));
#10119 = DIRECTION('',(-0.499992085455,-0.866029973201,-0.));
#10120 = DIRECTION('',(-0.866029973201,0.499992085455,0.));
#10121 = ADVANCED_FACE('',(#10122),#10138,.T.);
#10122 = FACE_BOUND('',#10123,.T.);
#10123 = EDGE_LOOP('',(#10124,#10130,#10131,#10132));
#10124 = ORIENTED_EDGE('',*,*,#10125,.F.);
#10125 = EDGE_CURVE('',#1191,#8730,#10126,.T.);
#10126 = LINE('',#10127,#10128);
#10127 = CARTESIAN_POINT('',(20.129409790039,13.732962608337,1.75));
#10128 = VECTOR('',#10129,1.);
#10129 = DIRECTION('',(0.,0.,1.));
#10130 = ORIENTED_EDGE('',*,*,#5119,.F.);
#10131 = ORIENTED_EDGE('',*,*,#10103,.T.);
#10132 = ORIENTED_EDGE('',*,*,#10133,.F.);
#10133 = EDGE_CURVE('',#8730,#8753,#10134,.T.);
#10134 = LINE('',#10135,#10136);
#10135 = CARTESIAN_POINT('',(20.129409790039,13.732962608337,5.25));
#10136 = VECTOR('',#10137,1.);
#10137 = DIRECTION('',(0.939692746609,-0.342019797629,0.));
#10138 = PLANE('',#10139);
#10139 = AXIS2_PLACEMENT_3D('',#10140,#10141,#10142);
#10140 = CARTESIAN_POINT('',(20.170359611511,13.718058109283,3.5));
#10141 = DIRECTION('',(-0.342019797629,-0.939692746609,-0.));
#10142 = DIRECTION('',(-0.939692746609,0.342019797629,0.));
#10143 = ADVANCED_FACE('',(#10144),#10155,.T.);
#10144 = FACE_BOUND('',#10145,.T.);
#10145 = EDGE_LOOP('',(#10146,#10152,#10153,#10154));
#10146 = ORIENTED_EDGE('',*,*,#10147,.F.);
#10147 = EDGE_CURVE('',#5292,#8730,#10148,.T.);
#10148 = LINE('',#10149,#10150);
#10149 = CARTESIAN_POINT('',(20.043577194214,13.748097419739,5.25));
#10150 = VECTOR('',#10151,1.);
#10151 = DIRECTION('',(0.984807343062,-0.173650502593,0.));
#10152 = ORIENTED_EDGE('',*,*,#5291,.F.);
#10153 = ORIENTED_EDGE('',*,*,#5135,.F.);
#10154 = ORIENTED_EDGE('',*,*,#10125,.T.);
#10155 = PLANE('',#10156);
#10156 = AXIS2_PLACEMENT_3D('',#10157,#10158,#10159);
#10157 = CARTESIAN_POINT('',(20.086493492126,13.740530014038,3.5));
#10158 = DIRECTION('',(-0.173650502593,-0.984807343062,-0.));
#10159 = DIRECTION('',(-0.984807343062,0.173650502593,0.));
#10160 = ADVANCED_FACE('',(#10161),#10180,.F.);
#10161 = FACE_BOUND('',#10162,.T.);
#10162 = EDGE_LOOP('',(#10163,#10171,#10172,#10173));
#10163 = ORIENTED_EDGE('',*,*,#10164,.F.);
#10164 = EDGE_CURVE('',#5644,#10165,#10167,.T.);
#10165 = VERTEX_POINT('',#10166);
#10166 = CARTESIAN_POINT('',(-11.01500000953,8.875,-2.));
#10167 = LINE('',#10168,#10169);
#10168 = CARTESIAN_POINT('',(-11.01500000953,8.875,-1.8));
#10169 = VECTOR('',#10170,1.);
#10170 = DIRECTION('',(-6.221586926347E-17,0.,-1.));
#10171 = ORIENTED_EDGE('',*,*,#5651,.T.);
#10172 = ORIENTED_EDGE('',*,*,#10164,.T.);
#10173 = ORIENTED_EDGE('',*,*,#10174,.T.);
#10174 = EDGE_CURVE('',#10165,#10165,#10175,.T.);
#10175 = CIRCLE('',#10176,1.6);
#10176 = AXIS2_PLACEMENT_3D('',#10177,#10178,#10179);
#10177 = CARTESIAN_POINT('',(-12.61500000953,8.875,-2.));
#10178 = DIRECTION('',(0.,0.,-1.));
#10179 = DIRECTION('',(1.,0.,0.));
#10180 = CYLINDRICAL_SURFACE('',#10181,1.6);
#10181 = AXIS2_PLACEMENT_3D('',#10182,#10183,#10184);
#10182 = CARTESIAN_POINT('',(-12.61500000953,8.875,-1.8));
#10183 = DIRECTION('',(-0.,-0.,-1.));
#10184 = DIRECTION('',(1.,0.,0.));
#10185 = ADVANCED_FACE('',(#10186),#10191,.T.);
#10186 = FACE_BOUND('',#10187,.T.);
#10187 = EDGE_LOOP('',(#10188,#10189,#10190));
#10188 = ORIENTED_EDGE('',*,*,#5684,.T.);
#10189 = ORIENTED_EDGE('',*,*,#5669,.F.);
#10190 = ORIENTED_EDGE('',*,*,#7339,.T.);
#10191 = PLANE('',#10192);
#10192 = AXIS2_PLACEMENT_3D('',#10193,#10194,#10195);
#10193 = CARTESIAN_POINT('',(-20.49144377521,-13.33665517981,
    0.896253032359));
#10194 = DIRECTION('',(0.984810173801,0.173631046742,-1.086823784442E-03
    ));
#10195 = DIRECTION('',(-0.173631149288,0.984810755423,2.710505431214E-20
    ));
#10196 = ADVANCED_FACE('',(#10197),#10207,.T.);
#10197 = FACE_BOUND('',#10198,.T.);
#10198 = EDGE_LOOP('',(#10199,#10200,#10201));
#10199 = ORIENTED_EDGE('',*,*,#5707,.T.);
#10200 = ORIENTED_EDGE('',*,*,#5692,.F.);
#10201 = ORIENTED_EDGE('',*,*,#10202,.T.);
#10202 = EDGE_CURVE('',#5685,#5708,#10203,.T.);
#10203 = LINE('',#10204,#10205);
#10204 = CARTESIAN_POINT('',(-20.48296356201,-13.37940979003,1.75));
#10205 = VECTOR('',#10206,1.);
#10206 = DIRECTION('',(0.342029459767,-0.939689229826,0.));
#10207 = PLANE('',#10208);
#10208 = AXIS2_PLACEMENT_3D('',#10209,#10210,#10211);
#10209 = CARTESIAN_POINT('',(-20.46893093937,-13.4206769156,
    0.896253181256));
#10210 = DIRECTION('',(0.939688674379,0.342029257595,-1.087286931796E-03
    ));
#10211 = DIRECTION('',(-0.342029459767,0.939689229826,0.));
#10212 = ADVANCED_FACE('',(#10213),#10223,.T.);
#10213 = FACE_BOUND('',#10214,.T.);
#10214 = EDGE_LOOP('',(#10215,#10216,#10217));
#10215 = ORIENTED_EDGE('',*,*,#5746,.T.);
#10216 = ORIENTED_EDGE('',*,*,#5715,.F.);
#10217 = ORIENTED_EDGE('',*,*,#10218,.T.);
#10218 = EDGE_CURVE('',#5708,#5747,#10219,.T.);
#10219 = LINE('',#10220,#10221);
#10220 = CARTESIAN_POINT('',(-20.45315361022,-13.46130943298,1.75));
#10221 = VECTOR('',#10222,1.);
#10222 = DIRECTION('',(0.499996823547,-0.866027237703,0.));
#10223 = PLANE('',#10224);
#10224 = AXIS2_PLACEMENT_3D('',#10225,#10226,#10227);
#10225 = CARTESIAN_POINT('',(-20.43216850898,-13.49951280188,
    0.896252907344));
#10226 = DIRECTION('',(0.86602672621,0.499996528239,-1.086847955477E-03)
  );
#10227 = DIRECTION('',(-0.499996823547,0.866027237703,0.));
#10228 = ADVANCED_FACE('',(#10229),#10234,.T.);
#10229 = FACE_BOUND('',#10230,.T.);
#10230 = EDGE_LOOP('',(#10231,#10232,#10233));
#10231 = ORIENTED_EDGE('',*,*,#5730,.F.);
#10232 = ORIENTED_EDGE('',*,*,#5777,.F.);
#10233 = ORIENTED_EDGE('',*,*,#9868,.T.);
#10234 = PLANE('',#10235);
#10235 = AXIS2_PLACEMENT_3D('',#10236,#10237,#10238);
#10236 = CARTESIAN_POINT('',(20.491443775213,-13.33665517981,
    0.896253032359));
#10237 = DIRECTION('',(-0.984810173801,0.173631046742,
    -1.086823784442E-03));
#10238 = DIRECTION('',(-0.173631149288,-0.984810755423,
    -2.710505431214E-20));
#10239 = ADVANCED_FACE('',(#10240),#10250,.T.);
#10240 = FACE_BOUND('',#10241,.T.);
#10241 = EDGE_LOOP('',(#10242,#10243,#10244));
#10242 = ORIENTED_EDGE('',*,*,#5792,.T.);
#10243 = ORIENTED_EDGE('',*,*,#5754,.F.);
#10244 = ORIENTED_EDGE('',*,*,#10245,.T.);
#10245 = EDGE_CURVE('',#5747,#5793,#10246,.T.);
#10246 = LINE('',#10247,#10248);
#10247 = CARTESIAN_POINT('',(-20.40957641601,-13.53678798675,1.75));
#10248 = VECTOR('',#10249,1.);
#10249 = DIRECTION('',(0.642784231672,-0.766047277597,0.));
#10250 = PLANE('',#10251);
#10251 = AXIS2_PLACEMENT_3D('',#10252,#10253,#10254);
#10252 = CARTESIAN_POINT('',(-20.3822760038,-13.57076756893,
    0.896253211245));
#10253 = DIRECTION('',(0.766046824921,0.642783851835,-1.087128687427E-03
    ));
#10254 = DIRECTION('',(-0.642784231672,0.766047277597,0.));
#10255 = ADVANCED_FACE('',(#10256),#10266,.T.);
#10256 = FACE_BOUND('',#10257,.T.);
#10257 = EDGE_LOOP('',(#10258,#10259,#10260));
#10258 = ORIENTED_EDGE('',*,*,#5769,.T.);
#10259 = ORIENTED_EDGE('',*,*,#5823,.F.);
#10260 = ORIENTED_EDGE('',*,*,#10261,.T.);
#10261 = EDGE_CURVE('',#5816,#5770,#10262,.T.);
#10262 = LINE('',#10263,#10264);
#10263 = CARTESIAN_POINT('',(20.453153610229,-13.46130943298,1.75));
#10264 = VECTOR('',#10265,1.);
#10265 = DIRECTION('',(0.342029459767,0.939689229826,0.));
#10266 = PLANE('',#10267);
#10267 = AXIS2_PLACEMENT_3D('',#10268,#10269,#10270);
#10268 = CARTESIAN_POINT('',(20.468930939378,-13.4206769156,
    0.896253181256));
#10269 = DIRECTION('',(-0.939688674379,0.342029257595,
    -1.087286931796E-03));
#10270 = DIRECTION('',(-0.342029459767,-0.939689229826,0.));
#10271 = ADVANCED_FACE('',(#10272),#10282,.T.);
#10272 = FACE_BOUND('',#10273,.T.);
#10273 = EDGE_LOOP('',(#10274,#10275,#10276));
#10274 = ORIENTED_EDGE('',*,*,#5838,.T.);
#10275 = ORIENTED_EDGE('',*,*,#5800,.F.);
#10276 = ORIENTED_EDGE('',*,*,#10277,.T.);
#10277 = EDGE_CURVE('',#5793,#5839,#10278,.T.);
#10278 = LINE('',#10279,#10280);
#10279 = CARTESIAN_POINT('',(-20.35355377197,-13.60355377197,1.75));
#10280 = VECTOR('',#10281,1.);
#10281 = DIRECTION('',(0.766042756565,-0.642789619638,0.));
#10282 = PLANE('',#10283);
#10283 = AXIS2_PLACEMENT_3D('',#10284,#10285,#10286);
#10284 = CARTESIAN_POINT('',(-20.32076781335,-13.63227600387,
    0.896253037536));
#10285 = DIRECTION('',(0.64278923992,0.766042304037,-1.086953542517E-03)
  );
#10286 = DIRECTION('',(0.766042756565,-0.642789619638,0.));
#10287 = ADVANCED_FACE('',(#10288),#10298,.T.);
#10288 = FACE_BOUND('',#10289,.T.);
#10289 = EDGE_LOOP('',(#10290,#10291,#10292));
#10290 = ORIENTED_EDGE('',*,*,#5815,.T.);
#10291 = ORIENTED_EDGE('',*,*,#5869,.F.);
#10292 = ORIENTED_EDGE('',*,*,#10293,.T.);
#10293 = EDGE_CURVE('',#5862,#5816,#10294,.T.);
#10294 = LINE('',#10295,#10296);
#10295 = CARTESIAN_POINT('',(20.409576416016,-13.53678798675,1.75));
#10296 = VECTOR('',#10297,1.);
#10297 = DIRECTION('',(0.499996823547,0.866027237703,0.));
#10298 = PLANE('',#10299);
#10299 = AXIS2_PLACEMENT_3D('',#10300,#10301,#10302);
#10300 = CARTESIAN_POINT('',(20.43216850898,-13.49951280188,
    0.896252907344));
#10301 = DIRECTION('',(-0.86602672621,0.499996528239,-1.086847955477E-03
    ));
#10302 = DIRECTION('',(-0.499996823547,-0.866027237703,
    5.421010862428E-20));
#10303 = ADVANCED_FACE('',(#10304),#10314,.T.);
#10304 = FACE_BOUND('',#10305,.T.);
#10305 = EDGE_LOOP('',(#10306,#10307,#10308));
#10306 = ORIENTED_EDGE('',*,*,#5884,.T.);
#10307 = ORIENTED_EDGE('',*,*,#5846,.F.);
#10308 = ORIENTED_EDGE('',*,*,#10309,.T.);
#10309 = EDGE_CURVE('',#5839,#5885,#10310,.T.);
#10310 = LINE('',#10311,#10312);
#10311 = CARTESIAN_POINT('',(-20.28678894043,-13.65957641601,1.75));
#10312 = VECTOR('',#10313,1.);
#10313 = DIRECTION('',(0.866029973201,-0.499992085455,0.));
#10314 = PLANE('',#10315);
#10315 = AXIS2_PLACEMENT_3D('',#10316,#10317,#10318);
#10316 = CARTESIAN_POINT('',(-20.24951304621,-13.68216897391,
    0.896253103722));
#10317 = DIRECTION('',(0.499991789968,0.866029461391,-1.087183665619E-03
    ));
#10318 = DIRECTION('',(0.866029973201,-0.499992085455,
    -5.421010862428E-20));
#10319 = ADVANCED_FACE('',(#10320),#10330,.T.);
#10320 = FACE_BOUND('',#10321,.T.);
#10321 = EDGE_LOOP('',(#10322,#10323,#10324));
#10322 = ORIENTED_EDGE('',*,*,#5861,.T.);
#10323 = ORIENTED_EDGE('',*,*,#5915,.F.);
#10324 = ORIENTED_EDGE('',*,*,#10325,.T.);
#10325 = EDGE_CURVE('',#5908,#5862,#10326,.T.);
#10326 = LINE('',#10327,#10328);
#10327 = CARTESIAN_POINT('',(20.353553771973,-13.60355377197,1.75));
#10328 = VECTOR('',#10329,1.);
#10329 = DIRECTION('',(0.642784231672,0.766047277597,0.));
#10330 = PLANE('',#10331);
#10331 = AXIS2_PLACEMENT_3D('',#10332,#10333,#10334);
#10332 = CARTESIAN_POINT('',(20.382276003804,-13.57076756893,
    0.896253211245));
#10333 = DIRECTION('',(-0.766046824921,0.642783851835,
    -1.087128687427E-03));
#10334 = DIRECTION('',(-0.642784231672,-0.766047277597,
    -1.084202172486E-19));
#10335 = ADVANCED_FACE('',(#10336),#10346,.T.);
#10336 = FACE_BOUND('',#10337,.T.);
#10337 = EDGE_LOOP('',(#10338,#10339,#10340));
#10338 = ORIENTED_EDGE('',*,*,#5930,.T.);
#10339 = ORIENTED_EDGE('',*,*,#5892,.F.);
#10340 = ORIENTED_EDGE('',*,*,#10341,.T.);
#10341 = EDGE_CURVE('',#5885,#5931,#10342,.T.);
#10342 = LINE('',#10343,#10344);
#10343 = CARTESIAN_POINT('',(-20.21130943298,-13.70315361022,1.75));
#10344 = VECTOR('',#10345,1.);
#10345 = DIRECTION('',(0.939692746609,-0.342019797629,0.));
#10346 = PLANE('',#10347);
#10347 = AXIS2_PLACEMENT_3D('',#10348,#10349,#10350);
#10348 = CARTESIAN_POINT('',(-20.17067738067,-13.71893069532,
    0.896253103686));
#10349 = DIRECTION('',(0.342019595297,0.939692190708,-1.087729365355E-03
    ));
#10350 = DIRECTION('',(0.939692746609,-0.342019797629,
    -5.421010862428E-20));
#10351 = ADVANCED_FACE('',(#10352),#10362,.T.);
#10352 = FACE_BOUND('',#10353,.T.);
#10353 = EDGE_LOOP('',(#10354,#10355,#10356));
#10354 = ORIENTED_EDGE('',*,*,#5907,.T.);
#10355 = ORIENTED_EDGE('',*,*,#5961,.F.);
#10356 = ORIENTED_EDGE('',*,*,#10357,.T.);
#10357 = EDGE_CURVE('',#5954,#5908,#10358,.T.);
#10358 = LINE('',#10359,#10360);
#10359 = CARTESIAN_POINT('',(20.28678894043,-13.65957641601,1.75));
#10360 = VECTOR('',#10361,1.);
#10361 = DIRECTION('',(0.766042756565,0.642789619638,0.));
#10362 = PLANE('',#10363);
#10363 = AXIS2_PLACEMENT_3D('',#10364,#10365,#10366);
#10364 = CARTESIAN_POINT('',(20.320767813357,-13.63227600387,
    0.896253037536));
#10365 = DIRECTION('',(-0.64278923992,0.766042304037,-1.086953542517E-03
    ));
#10366 = DIRECTION('',(0.766042756565,0.642789619638,-1.084202172486E-19
    ));
#10367 = ADVANCED_FACE('',(#10368),#10378,.T.);
#10368 = FACE_BOUND('',#10369,.T.);
#10369 = EDGE_LOOP('',(#10370,#10371,#10372));
#10370 = ORIENTED_EDGE('',*,*,#5976,.F.);
#10371 = ORIENTED_EDGE('',*,*,#5938,.F.);
#10372 = ORIENTED_EDGE('',*,*,#10373,.T.);
#10373 = EDGE_CURVE('',#5931,#5977,#10374,.T.);
#10374 = LINE('',#10375,#10376);
#10375 = CARTESIAN_POINT('',(-20.12940979003,-13.73296260833,1.75));
#10376 = VECTOR('',#10377,1.);
#10377 = DIRECTION('',(0.984807343062,-0.173650502593,0.));
#10378 = PLANE('',#10379);
#10379 = AXIS2_PLACEMENT_3D('',#10380,#10381,#10382);
#10380 = CARTESIAN_POINT('',(-20.08665493547,-13.74144424015,
    0.896253334419));
#10381 = DIRECTION('',(0.173650399926,0.984806760816,-1.087407779028E-03
    ));
#10382 = DIRECTION('',(0.984807343062,-0.173650502593,
    -2.710505431214E-20));
#10383 = ADVANCED_FACE('',(#10384),#10394,.T.);
#10384 = FACE_BOUND('',#10385,.T.);
#10385 = EDGE_LOOP('',(#10386,#10387,#10388));
#10386 = ORIENTED_EDGE('',*,*,#5953,.T.);
#10387 = ORIENTED_EDGE('',*,*,#6007,.F.);
#10388 = ORIENTED_EDGE('',*,*,#10389,.T.);
#10389 = EDGE_CURVE('',#6000,#5954,#10390,.T.);
#10390 = LINE('',#10391,#10392);
#10391 = CARTESIAN_POINT('',(20.211309432983,-13.70315361022,1.75));
#10392 = VECTOR('',#10393,1.);
#10393 = DIRECTION('',(0.866029973201,0.499992085455,0.));
#10394 = PLANE('',#10395);
#10395 = AXIS2_PLACEMENT_3D('',#10396,#10397,#10398);
#10396 = CARTESIAN_POINT('',(20.249513046215,-13.68216897391,
    0.896253103722));
#10397 = DIRECTION('',(-0.499991789968,0.866029461391,
    -1.087183665619E-03));
#10398 = DIRECTION('',(0.866029973201,0.499992085455,-5.421010862428E-20
    ));
#10399 = ADVANCED_FACE('',(#10400),#10411,.T.);
#10400 = FACE_BOUND('',#10401,.T.);
#10401 = EDGE_LOOP('',(#10402,#10403,#10409,#10410));
#10402 = ORIENTED_EDGE('',*,*,#5984,.F.);
#10403 = ORIENTED_EDGE('',*,*,#10404,.T.);
#10404 = EDGE_CURVE('',#5977,#9236,#10405,.T.);
#10405 = LINE('',#10406,#10407);
#10406 = CARTESIAN_POINT('',(-20.04357719421,-13.74809741973,1.75));
#10407 = VECTOR('',#10408,1.);
#10408 = DIRECTION('',(0.,0.,1.));
#10409 = ORIENTED_EDGE('',*,*,#9235,.T.);
#10410 = ORIENTED_EDGE('',*,*,#6021,.T.);
#10411 = PLANE('',#10412);
#10412 = AXIS2_PLACEMENT_3D('',#10413,#10414,#10415);
#10413 = CARTESIAN_POINT('',(-20.01634187074,-13.74928651393,3.5));
#10414 = DIRECTION('',(4.361844627363E-02,0.99904826267,0.));
#10415 = DIRECTION('',(0.99904826267,-4.361844627363E-02,0.));
#10416 = ADVANCED_FACE('',(#10417),#10427,.T.);
#10417 = FACE_BOUND('',#10418,.T.);
#10418 = EDGE_LOOP('',(#10419,#10420,#10421));
#10419 = ORIENTED_EDGE('',*,*,#5999,.T.);
#10420 = ORIENTED_EDGE('',*,*,#6052,.F.);
#10421 = ORIENTED_EDGE('',*,*,#10422,.T.);
#10422 = EDGE_CURVE('',#6045,#6000,#10423,.T.);
#10423 = LINE('',#10424,#10425);
#10424 = CARTESIAN_POINT('',(20.129409790039,-13.73296260833,1.75));
#10425 = VECTOR('',#10426,1.);
#10426 = DIRECTION('',(0.939692746609,0.342019797629,0.));
#10427 = PLANE('',#10428);
#10428 = AXIS2_PLACEMENT_3D('',#10429,#10430,#10431);
#10429 = CARTESIAN_POINT('',(20.170677380674,-13.71893069532,
    0.896253103686));
#10430 = DIRECTION('',(-0.342019595297,0.939692190708,
    -1.087729365355E-03));
#10431 = DIRECTION('',(0.939692746609,0.342019797629,0.));
#10432 = ADVANCED_FACE('',(#10433),#10443,.T.);
#10433 = FACE_BOUND('',#10434,.T.);
#10434 = EDGE_LOOP('',(#10435,#10436,#10437));
#10435 = ORIENTED_EDGE('',*,*,#6044,.T.);
#10436 = ORIENTED_EDGE('',*,*,#6108,.F.);
#10437 = ORIENTED_EDGE('',*,*,#10438,.T.);
#10438 = EDGE_CURVE('',#6101,#6045,#10439,.T.);
#10439 = LINE('',#10440,#10441);
#10440 = CARTESIAN_POINT('',(20.043577194214,-13.74809741973,1.75));
#10441 = VECTOR('',#10442,1.);
#10442 = DIRECTION('',(0.984807343062,0.173650502593,0.));
#10443 = PLANE('',#10444);
#10444 = AXIS2_PLACEMENT_3D('',#10445,#10446,#10447);
#10445 = CARTESIAN_POINT('',(20.086654935472,-13.74144424015,
    0.896253334419));
#10446 = DIRECTION('',(-0.173650399926,0.984806760816,
    -1.087407779028E-03));
#10447 = DIRECTION('',(0.984807343062,0.173650502593,2.710505431214E-20)
  );
#10448 = ADVANCED_FACE('',(#10449),#10455,.T.);
#10449 = FACE_BOUND('',#10450,.T.);
#10450 = EDGE_LOOP('',(#10451,#10452,#10453,#10454));
#10451 = ORIENTED_EDGE('',*,*,#6169,.T.);
#10452 = ORIENTED_EDGE('',*,*,#6124,.F.);
#10453 = ORIENTED_EDGE('',*,*,#6066,.F.);
#10454 = ORIENTED_EDGE('',*,*,#9217,.F.);
#10455 = PLANE('',#10456);
#10456 = AXIS2_PLACEMENT_3D('',#10457,#10458,#10459);
#10457 = CARTESIAN_POINT('',(-4.02999997139,-7.739999771118,2.));
#10458 = DIRECTION('',(0.,0.,1.));
#10459 = DIRECTION('',(1.,0.,0.));
#10460 = ADVANCED_FACE('',(#10461),#10472,.T.);
#10461 = FACE_BOUND('',#10462,.T.);
#10462 = EDGE_LOOP('',(#10463,#10464,#10470,#10471));
#10463 = ORIENTED_EDGE('',*,*,#9091,.F.);
#10464 = ORIENTED_EDGE('',*,*,#10465,.T.);
#10465 = EDGE_CURVE('',#9084,#6101,#10466,.T.);
#10466 = LINE('',#10467,#10468);
#10467 = CARTESIAN_POINT('',(20.043577194214,-13.74809741973,5.25));
#10468 = VECTOR('',#10469,1.);
#10469 = DIRECTION('',(0.,0.,-1.));
#10470 = ORIENTED_EDGE('',*,*,#6100,.T.);
#10471 = ORIENTED_EDGE('',*,*,#6146,.T.);
#10472 = PLANE('',#10473);
#10473 = AXIS2_PLACEMENT_3D('',#10474,#10475,#10476);
#10474 = CARTESIAN_POINT('',(20.01634187074,-13.74928651393,3.5));
#10475 = DIRECTION('',(-4.361844627363E-02,0.99904826267,0.));
#10476 = DIRECTION('',(0.99904826267,4.361844627363E-02,0.));
#10477 = ADVANCED_FACE('',(#10478),#10484,.T.);
#10478 = FACE_BOUND('',#10479,.T.);
#10479 = EDGE_LOOP('',(#10480,#10481,#10482,#10483));
#10480 = ORIENTED_EDGE('',*,*,#6316,.T.);
#10481 = ORIENTED_EDGE('',*,*,#9713,.F.);
#10482 = ORIENTED_EDGE('',*,*,#6185,.T.);
#10483 = ORIENTED_EDGE('',*,*,#9210,.T.);
#10484 = PLANE('',#10485);
#10485 = AXIS2_PLACEMENT_3D('',#10486,#10487,#10488);
#10486 = CARTESIAN_POINT('',(-2.27999997139,-9.679999828339,
    5.400000095367));
#10487 = DIRECTION('',(-0.,-0.,-1.));
#10488 = DIRECTION('',(-1.,0.,0.));
#10489 = ADVANCED_FACE('',(#10490),#10496,.T.);
#10490 = FACE_BOUND('',#10491,.T.);
#10491 = EDGE_LOOP('',(#10492,#10493,#10494,#10495));
#10492 = ORIENTED_EDGE('',*,*,#6224,.F.);
#10493 = ORIENTED_EDGE('',*,*,#6274,.T.);
#10494 = ORIENTED_EDGE('',*,*,#6362,.F.);
#10495 = ORIENTED_EDGE('',*,*,#9105,.F.);
#10496 = PLANE('',#10497);
#10497 = AXIS2_PLACEMENT_3D('',#10498,#10499,#10500);
#10498 = CARTESIAN_POINT('',(17.25,-7.739999771118,2.));
#10499 = DIRECTION('',(0.,0.,1.));
#10500 = DIRECTION('',(1.,0.,0.));
#10501 = ADVANCED_FACE('',(#10502),#10508,.T.);
#10502 = FACE_BOUND('',#10503,.T.);
#10503 = EDGE_LOOP('',(#10504,#10505,#10506,#10507));
#10504 = ORIENTED_EDGE('',*,*,#9203,.F.);
#10505 = ORIENTED_EDGE('',*,*,#6427,.T.);
#10506 = ORIENTED_EDGE('',*,*,#6395,.T.);
#10507 = ORIENTED_EDGE('',*,*,#6289,.F.);
#10508 = PLANE('',#10509);
#10509 = AXIS2_PLACEMENT_3D('',#10510,#10511,#10512);
#10510 = CARTESIAN_POINT('',(-1.010000020266,-7.739999771118,2.));
#10511 = DIRECTION('',(0.,0.,1.));
#10512 = DIRECTION('',(1.,0.,0.));
#10513 = ADVANCED_FACE('',(#10514),#10520,.T.);
#10514 = FACE_BOUND('',#10515,.T.);
#10515 = EDGE_LOOP('',(#10516,#10517,#10518,#10519));
#10516 = ORIENTED_EDGE('',*,*,#6346,.F.);
#10517 = ORIENTED_EDGE('',*,*,#9730,.F.);
#10518 = ORIENTED_EDGE('',*,*,#6499,.F.);
#10519 = ORIENTED_EDGE('',*,*,#9112,.T.);
#10520 = PLANE('',#10521);
#10521 = AXIS2_PLACEMENT_3D('',#10522,#10523,#10524);
#10522 = CARTESIAN_POINT('',(15.499999523163,-9.679999828339,
    5.400000095367));
#10523 = DIRECTION('',(-0.,-0.,-1.));
#10524 = DIRECTION('',(-1.,0.,0.));
#10525 = ADVANCED_FACE('',(#10526),#10532,.T.);
#10526 = FACE_BOUND('',#10527,.T.);
#10527 = EDGE_LOOP('',(#10528,#10529,#10530,#10531));
#10528 = ORIENTED_EDGE('',*,*,#6590,.T.);
#10529 = ORIENTED_EDGE('',*,*,#9662,.F.);
#10530 = ORIENTED_EDGE('',*,*,#6443,.T.);
#10531 = ORIENTED_EDGE('',*,*,#9196,.T.);
#10532 = PLANE('',#10533);
#10533 = AXIS2_PLACEMENT_3D('',#10534,#10535,#10536);
#10534 = CARTESIAN_POINT('',(0.259999960661,-9.679999828339,
    5.400000095367));
#10535 = DIRECTION('',(-0.,-0.,-1.));
#10536 = DIRECTION('',(-1.,0.,0.));
#10537 = ADVANCED_FACE('',(#10538),#10544,.T.);
#10538 = FACE_BOUND('',#10539,.T.);
#10539 = EDGE_LOOP('',(#10540,#10541,#10542,#10543));
#10540 = ORIENTED_EDGE('',*,*,#6483,.F.);
#10541 = ORIENTED_EDGE('',*,*,#6549,.T.);
#10542 = ORIENTED_EDGE('',*,*,#6636,.F.);
#10543 = ORIENTED_EDGE('',*,*,#9119,.T.);
#10544 = PLANE('',#10545);
#10545 = AXIS2_PLACEMENT_3D('',#10546,#10547,#10548);
#10546 = CARTESIAN_POINT('',(14.230000019073,-7.739999771118,2.));
#10547 = DIRECTION('',(0.,0.,1.));
#10548 = DIRECTION('',(1.,0.,0.));
#10549 = ADVANCED_FACE('',(#10550),#10556,.T.);
#10550 = FACE_BOUND('',#10551,.T.);
#10551 = EDGE_LOOP('',(#10552,#10553,#10554,#10555));
#10552 = ORIENTED_EDGE('',*,*,#9189,.F.);
#10553 = ORIENTED_EDGE('',*,*,#6701,.T.);
#10554 = ORIENTED_EDGE('',*,*,#6669,.T.);
#10555 = ORIENTED_EDGE('',*,*,#6563,.F.);
#10556 = PLANE('',#10557);
#10557 = AXIS2_PLACEMENT_3D('',#10558,#10559,#10560);
#10558 = CARTESIAN_POINT('',(1.52999997139,-7.739999771118,2.));
#10559 = DIRECTION('',(0.,0.,1.));
#10560 = DIRECTION('',(1.,0.,0.));
#10561 = ADVANCED_FACE('',(#10562),#10568,.T.);
#10562 = FACE_BOUND('',#10563,.T.);
#10563 = EDGE_LOOP('',(#10564,#10565,#10566,#10567));
#10564 = ORIENTED_EDGE('',*,*,#6620,.F.);
#10565 = ORIENTED_EDGE('',*,*,#9628,.F.);
#10566 = ORIENTED_EDGE('',*,*,#6773,.F.);
#10567 = ORIENTED_EDGE('',*,*,#9126,.T.);
#10568 = PLANE('',#10569);
#10569 = AXIS2_PLACEMENT_3D('',#10570,#10571,#10572);
#10570 = CARTESIAN_POINT('',(12.960000038147,-9.679999828339,
    5.400000095367));
#10571 = DIRECTION('',(-0.,-0.,-1.));
#10572 = DIRECTION('',(-1.,0.,0.));
#10573 = ADVANCED_FACE('',(#10574),#10580,.T.);
#10574 = FACE_BOUND('',#10575,.T.);
#10575 = EDGE_LOOP('',(#10576,#10577,#10578,#10579));
#10576 = ORIENTED_EDGE('',*,*,#6864,.T.);
#10577 = ORIENTED_EDGE('',*,*,#9696,.F.);
#10578 = ORIENTED_EDGE('',*,*,#6717,.T.);
#10579 = ORIENTED_EDGE('',*,*,#9182,.T.);
#10580 = PLANE('',#10581);
#10581 = AXIS2_PLACEMENT_3D('',#10582,#10583,#10584);
#10582 = CARTESIAN_POINT('',(2.799999952316,-9.679999828339,
    5.400000095367));
#10583 = DIRECTION('',(-0.,-0.,-1.));
#10584 = DIRECTION('',(-1.,0.,0.));
#10585 = ADVANCED_FACE('',(#10586),#10592,.T.);
#10586 = FACE_BOUND('',#10587,.T.);
#10587 = EDGE_LOOP('',(#10588,#10589,#10590,#10591));
#10588 = ORIENTED_EDGE('',*,*,#6757,.F.);
#10589 = ORIENTED_EDGE('',*,*,#6823,.T.);
#10590 = ORIENTED_EDGE('',*,*,#6910,.F.);
#10591 = ORIENTED_EDGE('',*,*,#9133,.T.);
#10592 = PLANE('',#10593);
#10593 = AXIS2_PLACEMENT_3D('',#10594,#10595,#10596);
#10594 = CARTESIAN_POINT('',(11.69000005722,-7.739999771118,2.));
#10595 = DIRECTION('',(0.,0.,1.));
#10596 = DIRECTION('',(1.,0.,0.));
#10597 = ADVANCED_FACE('',(#10598),#10604,.T.);
#10598 = FACE_BOUND('',#10599,.T.);
#10599 = EDGE_LOOP('',(#10600,#10601,#10602,#10603));
#10600 = ORIENTED_EDGE('',*,*,#9175,.F.);
#10601 = ORIENTED_EDGE('',*,*,#6975,.T.);
#10602 = ORIENTED_EDGE('',*,*,#6943,.T.);
#10603 = ORIENTED_EDGE('',*,*,#6837,.F.);
#10604 = PLANE('',#10605);
#10605 = AXIS2_PLACEMENT_3D('',#10606,#10607,#10608);
#10606 = CARTESIAN_POINT('',(4.069999933243,-7.739999771118,2.));
#10607 = DIRECTION('',(0.,0.,1.));
#10608 = DIRECTION('',(1.,0.,0.));
#10609 = ADVANCED_FACE('',(#10610),#10616,.T.);
#10610 = FACE_BOUND('',#10611,.T.);
#10611 = EDGE_LOOP('',(#10612,#10613,#10614,#10615));
#10612 = ORIENTED_EDGE('',*,*,#6894,.F.);
#10613 = ORIENTED_EDGE('',*,*,#9645,.F.);
#10614 = ORIENTED_EDGE('',*,*,#7047,.F.);
#10615 = ORIENTED_EDGE('',*,*,#9140,.T.);
#10616 = PLANE('',#10617);
#10617 = AXIS2_PLACEMENT_3D('',#10618,#10619,#10620);
#10618 = CARTESIAN_POINT('',(10.420000076294,-9.679999828339,
    5.400000095367));
#10619 = DIRECTION('',(-0.,-0.,-1.));
#10620 = DIRECTION('',(-1.,0.,0.));
#10621 = ADVANCED_FACE('',(#10622),#10628,.T.);
#10622 = FACE_BOUND('',#10623,.T.);
#10623 = EDGE_LOOP('',(#10624,#10625,#10626,#10627));
#10624 = ORIENTED_EDGE('',*,*,#7119,.F.);
#10625 = ORIENTED_EDGE('',*,*,#9679,.F.);
#10626 = ORIENTED_EDGE('',*,*,#6991,.T.);
#10627 = ORIENTED_EDGE('',*,*,#9168,.T.);
#10628 = PLANE('',#10629);
#10629 = AXIS2_PLACEMENT_3D('',#10630,#10631,#10632);
#10630 = CARTESIAN_POINT('',(5.339999914169,-9.679999828339,
    5.400000095367));
#10631 = DIRECTION('',(-0.,-0.,-1.));
#10632 = DIRECTION('',(-1.,0.,0.));
#10633 = ADVANCED_FACE('',(#10634),#10640,.T.);
#10634 = FACE_BOUND('',#10635,.T.);
#10635 = EDGE_LOOP('',(#10636,#10637,#10638,#10639));
#10636 = ORIENTED_EDGE('',*,*,#7031,.F.);
#10637 = ORIENTED_EDGE('',*,*,#7097,.T.);
#10638 = ORIENTED_EDGE('',*,*,#7184,.F.);
#10639 = ORIENTED_EDGE('',*,*,#9147,.T.);
#10640 = PLANE('',#10641);
#10641 = AXIS2_PLACEMENT_3D('',#10642,#10643,#10644);
#10642 = CARTESIAN_POINT('',(9.150000095367,-7.739999771118,2.));
#10643 = DIRECTION('',(0.,0.,1.));
#10644 = DIRECTION('',(1.,0.,0.));
#10645 = ADVANCED_FACE('',(#10646),#10652,.T.);
#10646 = FACE_BOUND('',#10647,.T.);
#10647 = EDGE_LOOP('',(#10648,#10649,#10650,#10651));
#10648 = ORIENTED_EDGE('',*,*,#7251,.F.);
#10649 = ORIENTED_EDGE('',*,*,#7209,.T.);
#10650 = ORIENTED_EDGE('',*,*,#7135,.F.);
#10651 = ORIENTED_EDGE('',*,*,#9161,.T.);
#10652 = PLANE('',#10653);
#10653 = AXIS2_PLACEMENT_3D('',#10654,#10655,#10656);
#10654 = CARTESIAN_POINT('',(6.609999895096,-7.739999771118,2.));
#10655 = DIRECTION('',(0.,0.,1.));
#10656 = DIRECTION('',(1.,0.,0.));
#10657 = ADVANCED_FACE('',(#10658),#10664,.T.);
#10658 = FACE_BOUND('',#10659,.T.);
#10659 = EDGE_LOOP('',(#10660,#10661,#10662,#10663));
#10660 = ORIENTED_EDGE('',*,*,#7168,.F.);
#10661 = ORIENTED_EDGE('',*,*,#9611,.F.);
#10662 = ORIENTED_EDGE('',*,*,#7267,.F.);
#10663 = ORIENTED_EDGE('',*,*,#9154,.T.);
#10664 = PLANE('',#10665);
#10665 = AXIS2_PLACEMENT_3D('',#10666,#10667,#10668);
#10666 = CARTESIAN_POINT('',(7.880000114441,-9.679999828339,
    5.400000095367));
#10667 = DIRECTION('',(-0.,-0.,-1.));
#10668 = DIRECTION('',(-1.,0.,0.));
#10669 = ADVANCED_FACE('',(#10670),#10689,.F.);
#10670 = FACE_BOUND('',#10671,.T.);
#10671 = EDGE_LOOP('',(#10672,#10673,#10681,#10688));
#10672 = ORIENTED_EDGE('',*,*,#7300,.T.);
#10673 = ORIENTED_EDGE('',*,*,#10674,.T.);
#10674 = EDGE_CURVE('',#7291,#10675,#10677,.T.);
#10675 = VERTEX_POINT('',#10676);
#10676 = CARTESIAN_POINT('',(-11.01500000953,-8.875,-1.8));
#10677 = LINE('',#10678,#10679);
#10678 = CARTESIAN_POINT('',(-9.815000009535,-8.875,-0.6));
#10679 = VECTOR('',#10680,1.);
#10680 = DIRECTION('',(-0.707106781187,0.,-0.707106781187));
#10681 = ORIENTED_EDGE('',*,*,#10682,.F.);
#10682 = EDGE_CURVE('',#10675,#10675,#10683,.T.);
#10683 = CIRCLE('',#10684,1.6);
#10684 = AXIS2_PLACEMENT_3D('',#10685,#10686,#10687);
#10685 = CARTESIAN_POINT('',(-12.61500000953,-8.875,-1.8));
#10686 = DIRECTION('',(0.,0.,1.));
#10687 = DIRECTION('',(1.,0.,0.));
#10688 = ORIENTED_EDGE('',*,*,#10674,.F.);
#10689 = CONICAL_SURFACE('',#10690,2.8,0.785398163397);
#10690 = AXIS2_PLACEMENT_3D('',#10691,#10692,#10693);
#10691 = CARTESIAN_POINT('',(-12.61500000953,-8.875,-0.6));
#10692 = DIRECTION('',(0.,0.,1.));
#10693 = DIRECTION('',(1.,0.,0.));
#10694 = ADVANCED_FACE('',(#10695),#10700,.T.);
#10695 = FACE_BOUND('',#10696,.T.);
#10696 = EDGE_LOOP('',(#10697,#10698,#10699));
#10697 = ORIENTED_EDGE('',*,*,#7316,.T.);
#10698 = ORIENTED_EDGE('',*,*,#9402,.F.);
#10699 = ORIENTED_EDGE('',*,*,#7346,.T.);
#10700 = PLANE('',#10701);
#10701 = AXIS2_PLACEMENT_3D('',#10702,#10703,#10704);
#10702 = CARTESIAN_POINT('',(-20.49144377521,-13.33665517981,
    6.103746967641));
#10703 = DIRECTION('',(0.984810173801,0.173631046742,1.086823784442E-03)
  );
#10704 = DIRECTION('',(-0.173631149288,0.984810755423,
    -2.710505431214E-20));
#10705 = ADVANCED_FACE('',(#10706),#10722,.T.);
#10706 = FACE_BOUND('',#10707,.T.);
#10707 = EDGE_LOOP('',(#10708,#10714,#10715,#10716));
#10708 = ORIENTED_EDGE('',*,*,#10709,.F.);
#10709 = EDGE_CURVE('',#5708,#9374,#10710,.T.);
#10710 = LINE('',#10711,#10712);
#10711 = CARTESIAN_POINT('',(-20.45315361022,-13.46130943298,1.75));
#10712 = VECTOR('',#10713,1.);
#10713 = DIRECTION('',(0.,0.,1.));
#10714 = ORIENTED_EDGE('',*,*,#10202,.F.);
#10715 = ORIENTED_EDGE('',*,*,#7331,.T.);
#10716 = ORIENTED_EDGE('',*,*,#10717,.F.);
#10717 = EDGE_CURVE('',#9374,#7332,#10718,.T.);
#10718 = LINE('',#10719,#10720);
#10719 = CARTESIAN_POINT('',(-20.45315361022,-13.46130943298,5.25));
#10720 = VECTOR('',#10721,1.);
#10721 = DIRECTION('',(-0.342029459767,0.939689229826,0.));
#10722 = PLANE('',#10723);
#10723 = AXIS2_PLACEMENT_3D('',#10724,#10725,#10726);
#10724 = CARTESIAN_POINT('',(-20.46805858612,-13.42035961151,3.5));
#10725 = DIRECTION('',(0.939689229826,0.342029459767,0.));
#10726 = DIRECTION('',(-0.342029459767,0.939689229826,0.));
#10727 = ADVANCED_FACE('',(#10728),#10881,.T.);
#10728 = FACE_BOUND('',#10729,.T.);
#10729 = EDGE_LOOP('',(#10730,#10739,#10740,#10749,#10757,#10766,#10775,
    #10784,#10793,#10802,#10811,#10820,#10829,#10838,#10847,#10856,
    #10865,#10874));
#10730 = ORIENTED_EDGE('',*,*,#10731,.F.);
#10731 = EDGE_CURVE('',#7363,#10732,#10734,.T.);
#10732 = VERTEX_POINT('',#10733);
#10733 = CARTESIAN_POINT('',(-22.49013920139,-14.13815118918,0.));
#10734 = CIRCLE('',#10735,1.800000190735);
#10735 = AXIS2_PLACEMENT_3D('',#10736,#10737,#10738);
#10736 = CARTESIAN_POINT('',(-20.69999980926,-13.94999980926,0.));
#10737 = DIRECTION('',(0.,0.,1.));
#10738 = DIRECTION('',(1.,0.,0.));
#10739 = ORIENTED_EDGE('',*,*,#7360,.F.);
#10740 = ORIENTED_EDGE('',*,*,#10741,.T.);
#10741 = EDGE_CURVE('',#7361,#10742,#10744,.T.);
#10742 = VERTEX_POINT('',#10743);
#10743 = CARTESIAN_POINT('',(-20.69999980926,-15.75,-2.));
#10744 = CIRCLE('',#10745,1.800000190735);
#10745 = AXIS2_PLACEMENT_3D('',#10746,#10747,#10748);
#10746 = CARTESIAN_POINT('',(-20.69999980926,-13.94999980926,-2.));
#10747 = DIRECTION('',(0.,0.,1.));
#10748 = DIRECTION('',(1.,0.,0.));
#10749 = ORIENTED_EDGE('',*,*,#10750,.F.);
#10750 = EDGE_CURVE('',#10751,#10742,#10753,.T.);
#10751 = VERTEX_POINT('',#10752);
#10752 = CARTESIAN_POINT('',(-20.69999980926,-15.75,0.));
#10753 = LINE('',#10754,#10755);
#10754 = CARTESIAN_POINT('',(-20.69999980926,-15.75,0.));
#10755 = VECTOR('',#10756,1.);
#10756 = DIRECTION('',(-0.,-0.,-1.));
#10757 = ORIENTED_EDGE('',*,*,#10758,.F.);
#10758 = EDGE_CURVE('',#10759,#10751,#10761,.T.);
#10759 = VERTEX_POINT('',#10760);
#10760 = CARTESIAN_POINT('',(-20.88815118918,-15.74013920139,0.));
#10761 = CIRCLE('',#10762,1.800000190735);
#10762 = AXIS2_PLACEMENT_3D('',#10763,#10764,#10765);
#10763 = CARTESIAN_POINT('',(-20.69999980926,-13.94999980926,0.));
#10764 = DIRECTION('',(0.,0.,1.));
#10765 = DIRECTION('',(1.,0.,0.));
#10766 = ORIENTED_EDGE('',*,*,#10767,.F.);
#10767 = EDGE_CURVE('',#10768,#10759,#10770,.T.);
#10768 = VERTEX_POINT('',#10769);
#10769 = CARTESIAN_POINT('',(-21.07424161945,-15.7106656147,0.));
#10770 = CIRCLE('',#10771,1.800000190735);
#10771 = AXIS2_PLACEMENT_3D('',#10772,#10773,#10774);
#10772 = CARTESIAN_POINT('',(-20.69999980926,-13.94999980926,0.));
#10773 = DIRECTION('',(0.,0.,1.));
#10774 = DIRECTION('',(1.,0.,0.));
#10775 = ORIENTED_EDGE('',*,*,#10776,.F.);
#10776 = EDGE_CURVE('',#10777,#10768,#10779,.T.);
#10777 = VERTEX_POINT('',#10778);
#10778 = CARTESIAN_POINT('',(-21.25623130355,-15.66190146036,0.));
#10779 = CIRCLE('',#10780,1.800000190735);
#10780 = AXIS2_PLACEMENT_3D('',#10781,#10782,#10783);
#10781 = CARTESIAN_POINT('',(-20.69999980926,-13.94999980926,0.));
#10782 = DIRECTION('',(0.,0.,1.));
#10783 = DIRECTION('',(1.,0.,0.));
#10784 = ORIENTED_EDGE('',*,*,#10785,.F.);
#10785 = EDGE_CURVE('',#10786,#10777,#10788,.T.);
#10786 = VERTEX_POINT('',#10787);
#10787 = CARTESIAN_POINT('',(-21.43212506487,-15.59438222613,0.));
#10788 = CIRCLE('',#10789,1.800000190735);
#10789 = AXIS2_PLACEMENT_3D('',#10790,#10791,#10792);
#10790 = CARTESIAN_POINT('',(-20.69999980926,-13.94999980926,0.));
#10791 = DIRECTION('',(0.,0.,1.));
#10792 = DIRECTION('',(1.,0.,0.));
#10793 = ORIENTED_EDGE('',*,*,#10794,.F.);
#10794 = EDGE_CURVE('',#10795,#10786,#10797,.T.);
#10795 = VERTEX_POINT('',#10796);
#10796 = CARTESIAN_POINT('',(-21.6000004024,-15.50884536553,0.));
#10797 = CIRCLE('',#10798,1.800000190735);
#10798 = AXIS2_PLACEMENT_3D('',#10799,#10800,#10801);
#10799 = CARTESIAN_POINT('',(-20.69999980926,-13.94999980926,0.));
#10800 = DIRECTION('',(0.,0.,1.));
#10801 = DIRECTION('',(1.,0.,0.));
#10802 = ORIENTED_EDGE('',*,*,#10803,.F.);
#10803 = EDGE_CURVE('',#10804,#10795,#10806,.T.);
#10804 = VERTEX_POINT('',#10805);
#10805 = CARTESIAN_POINT('',(-21.75801278722,-15.40623094801,0.));
#10806 = CIRCLE('',#10807,1.800000190735);
#10807 = AXIS2_PLACEMENT_3D('',#10808,#10809,#10810);
#10808 = CARTESIAN_POINT('',(-20.69999980926,-13.94999980926,0.));
#10809 = DIRECTION('',(0.,0.,1.));
#10810 = DIRECTION('',(1.,0.,0.));
#10811 = ORIENTED_EDGE('',*,*,#10812,.F.);
#10812 = EDGE_CURVE('',#10813,#10804,#10815,.T.);
#10813 = VERTEX_POINT('',#10814);
#10814 = CARTESIAN_POINT('',(-21.9044343981,-15.2876608142,0.));
#10815 = CIRCLE('',#10816,1.800000190735);
#10816 = AXIS2_PLACEMENT_3D('',#10817,#10818,#10819);
#10817 = CARTESIAN_POINT('',(-20.69999980926,-13.94999980926,0.));
#10818 = DIRECTION('',(0.,0.,1.));
#10819 = DIRECTION('',(1.,0.,0.));
#10820 = ORIENTED_EDGE('',*,*,#10821,.F.);
#10821 = EDGE_CURVE('',#10822,#10813,#10824,.T.);
#10822 = VERTEX_POINT('',#10823);
#10823 = CARTESIAN_POINT('',(-22.03766057709,-15.15443513827,0.));
#10824 = CIRCLE('',#10825,1.800000190735);
#10825 = AXIS2_PLACEMENT_3D('',#10826,#10827,#10828);
#10826 = CARTESIAN_POINT('',(-20.69999980926,-13.94999980926,0.));
#10827 = DIRECTION('',(0.,0.,1.));
#10828 = DIRECTION('',(1.,0.,0.));
#10829 = ORIENTED_EDGE('',*,*,#10830,.F.);
#10830 = EDGE_CURVE('',#10831,#10822,#10833,.T.);
#10831 = VERTEX_POINT('',#10832);
#10832 = CARTESIAN_POINT('',(-22.15623072126,-15.00801357615,0.));
#10833 = CIRCLE('',#10834,1.800000190735);
#10834 = AXIS2_PLACEMENT_3D('',#10835,#10836,#10837);
#10835 = CARTESIAN_POINT('',(-20.69999980926,-13.94999980926,0.));
#10836 = DIRECTION('',(0.,0.,1.));
#10837 = DIRECTION('',(1.,0.,0.));
#10838 = ORIENTED_EDGE('',*,*,#10839,.F.);
#10839 = EDGE_CURVE('',#10840,#10831,#10842,.T.);
#10840 = VERTEX_POINT('',#10841);
#10841 = CARTESIAN_POINT('',(-22.25884596158,-14.85000019591,0.));
#10842 = CIRCLE('',#10843,1.800000190735);
#10843 = AXIS2_PLACEMENT_3D('',#10844,#10845,#10846);
#10844 = CARTESIAN_POINT('',(-20.69999980926,-13.94999980926,0.));
#10845 = DIRECTION('',(0.,0.,1.));
#10846 = DIRECTION('',(1.,0.,0.));
#10847 = ORIENTED_EDGE('',*,*,#10848,.F.);
#10848 = EDGE_CURVE('',#10849,#10840,#10851,.T.);
#10849 = VERTEX_POINT('',#10850);
#10850 = CARTESIAN_POINT('',(-22.34438149323,-14.68212611683,0.));
#10851 = CIRCLE('',#10852,1.800000190735);
#10852 = AXIS2_PLACEMENT_3D('',#10853,#10854,#10855);
#10853 = CARTESIAN_POINT('',(-20.69999980926,-13.94999980926,0.));
#10854 = DIRECTION('',(0.,0.,1.));
#10855 = DIRECTION('',(1.,0.,0.));
#10856 = ORIENTED_EDGE('',*,*,#10857,.F.);
#10857 = EDGE_CURVE('',#10858,#10849,#10860,.T.);
#10858 = VERTEX_POINT('',#10859);
#10859 = CARTESIAN_POINT('',(-22.41190160049,-14.50623039541,0.));
#10860 = CIRCLE('',#10861,1.800000190735);
#10861 = AXIS2_PLACEMENT_3D('',#10862,#10863,#10864);
#10862 = CARTESIAN_POINT('',(-20.69999980926,-13.94999980926,0.));
#10863 = DIRECTION('',(0.,0.,1.));
#10864 = DIRECTION('',(1.,0.,0.));
#10865 = ORIENTED_EDGE('',*,*,#10866,.F.);
#10866 = EDGE_CURVE('',#10867,#10858,#10869,.T.);
#10867 = VERTEX_POINT('',#10868);
#10868 = CARTESIAN_POINT('',(-22.46066521422,-14.32424078337,0.));
#10869 = CIRCLE('',#10870,1.800000190735);
#10870 = AXIS2_PLACEMENT_3D('',#10871,#10872,#10873);
#10871 = CARTESIAN_POINT('',(-20.69999980926,-13.94999980926,0.));
#10872 = DIRECTION('',(0.,0.,1.));
#10873 = DIRECTION('',(1.,0.,0.));
#10874 = ORIENTED_EDGE('',*,*,#10875,.F.);
#10875 = EDGE_CURVE('',#10732,#10867,#10876,.T.);
#10876 = CIRCLE('',#10877,1.800000190735);
#10877 = AXIS2_PLACEMENT_3D('',#10878,#10879,#10880);
#10878 = CARTESIAN_POINT('',(-20.69999980926,-13.94999980926,0.));
#10879 = DIRECTION('',(0.,0.,1.));
#10880 = DIRECTION('',(1.,0.,0.));
#10881 = CYLINDRICAL_SURFACE('',#10882,1.800000190735);
#10882 = AXIS2_PLACEMENT_3D('',#10883,#10884,#10885);
#10883 = CARTESIAN_POINT('',(-20.69999980926,-13.94999980926,0.));
#10884 = DIRECTION('',(0.,0.,1.));
#10885 = DIRECTION('',(1.,0.,0.));
#10886 = ADVANCED_FACE('',(#10887,#10931,#10942,#10953,#10956),#10959,
  .T.);
#10887 = FACE_BOUND('',#10888,.T.);
#10888 = EDGE_LOOP('',(#10889,#10898,#10906,#10913,#10914,#10923,#10929,
    #10930));
#10889 = ORIENTED_EDGE('',*,*,#10890,.F.);
#10890 = EDGE_CURVE('',#10891,#7395,#10893,.T.);
#10891 = VERTEX_POINT('',#10892);
#10892 = CARTESIAN_POINT('',(-20.70000076293,15.75,-2.));
#10893 = CIRCLE('',#10894,1.800000190735);
#10894 = AXIS2_PLACEMENT_3D('',#10895,#10896,#10897);
#10895 = CARTESIAN_POINT('',(-20.69999980926,13.949999809265,-2.));
#10896 = DIRECTION('',(0.,0.,1.));
#10897 = DIRECTION('',(1.,0.,0.));
#10898 = ORIENTED_EDGE('',*,*,#10899,.T.);
#10899 = EDGE_CURVE('',#10891,#10900,#10902,.T.);
#10900 = VERTEX_POINT('',#10901);
#10901 = CARTESIAN_POINT('',(20.699999809265,15.75,-2.));
#10902 = LINE('',#10903,#10904);
#10903 = CARTESIAN_POINT('',(-10.35000038147,15.75,-2.));
#10904 = VECTOR('',#10905,1.);
#10905 = DIRECTION('',(1.,0.,0.));
#10906 = ORIENTED_EDGE('',*,*,#10907,.F.);
#10907 = EDGE_CURVE('',#7437,#10900,#10908,.T.);
#10908 = CIRCLE('',#10909,1.800000190735);
#10909 = AXIS2_PLACEMENT_3D('',#10910,#10911,#10912);
#10910 = CARTESIAN_POINT('',(20.699999809265,13.949999809265,-2.));
#10911 = DIRECTION('',(0.,0.,1.));
#10912 = DIRECTION('',(1.,0.,0.));
#10913 = ORIENTED_EDGE('',*,*,#7476,.F.);
#10914 = ORIENTED_EDGE('',*,*,#10915,.F.);
#10915 = EDGE_CURVE('',#10916,#7469,#10918,.T.);
#10916 = VERTEX_POINT('',#10917);
#10917 = CARTESIAN_POINT('',(20.699999809265,-15.75,-2.));
#10918 = CIRCLE('',#10919,1.800000190735);
#10919 = AXIS2_PLACEMENT_3D('',#10920,#10921,#10922);
#10920 = CARTESIAN_POINT('',(20.699999809265,-13.94999980926,-2.));
#10921 = DIRECTION('',(0.,0.,1.));
#10922 = DIRECTION('',(1.,0.,0.));
#10923 = ORIENTED_EDGE('',*,*,#10924,.F.);
#10924 = EDGE_CURVE('',#10742,#10916,#10925,.T.);
#10925 = LINE('',#10926,#10927);
#10926 = CARTESIAN_POINT('',(-10.34999990463,-15.75,-2.));
#10927 = VECTOR('',#10928,1.);
#10928 = DIRECTION('',(1.,0.,0.));
#10929 = ORIENTED_EDGE('',*,*,#10741,.F.);
#10930 = ORIENTED_EDGE('',*,*,#7402,.F.);
#10931 = FACE_BOUND('',#10932,.T.);
#10932 = EDGE_LOOP('',(#10933));
#10933 = ORIENTED_EDGE('',*,*,#10934,.F.);
#10934 = EDGE_CURVE('',#10935,#10935,#10937,.T.);
#10935 = VERTEX_POINT('',#10936);
#10936 = CARTESIAN_POINT('',(15.6,0.,-2.));
#10937 = CIRCLE('',#10938,1.6);
#10938 = AXIS2_PLACEMENT_3D('',#10939,#10940,#10941);
#10939 = CARTESIAN_POINT('',(14.,0.,-2.));
#10940 = DIRECTION('',(0.,0.,-1.));
#10941 = DIRECTION('',(1.,0.,0.));
#10942 = FACE_BOUND('',#10943,.T.);
#10943 = EDGE_LOOP('',(#10944));
#10944 = ORIENTED_EDGE('',*,*,#10945,.F.);
#10945 = EDGE_CURVE('',#10946,#10946,#10948,.T.);
#10946 = VERTEX_POINT('',#10947);
#10947 = CARTESIAN_POINT('',(-11.01500000953,-8.875,-2.));
#10948 = CIRCLE('',#10949,1.6);
#10949 = AXIS2_PLACEMENT_3D('',#10950,#10951,#10952);
#10950 = CARTESIAN_POINT('',(-12.61500000953,-8.875,-2.));
#10951 = DIRECTION('',(0.,0.,-1.));
#10952 = DIRECTION('',(1.,0.,0.));
#10953 = FACE_BOUND('',#10954,.T.);
#10954 = EDGE_LOOP('',(#10955));
#10955 = ORIENTED_EDGE('',*,*,#9776,.T.);
#10956 = FACE_BOUND('',#10957,.T.);
#10957 = EDGE_LOOP('',(#10958));
#10958 = ORIENTED_EDGE('',*,*,#10174,.F.);
#10959 = PLANE('',#10960);
#10960 = AXIS2_PLACEMENT_3D('',#10961,#10962,#10963);
#10961 = CARTESIAN_POINT('',(-7.349719339304E-17,-9.167391864078E-17,-2.
    ));
#10962 = DIRECTION('',(-0.,-0.,-1.));
#10963 = DIRECTION('',(-1.,0.,0.));
#10964 = ADVANCED_FACE('',(#10965),#10988,.T.);
#10965 = FACE_BOUND('',#10966,.T.);
#10966 = EDGE_LOOP('',(#10967,#10968,#10974,#10982));
#10967 = ORIENTED_EDGE('',*,*,#7370,.F.);
#10968 = ORIENTED_EDGE('',*,*,#10969,.F.);
#10969 = EDGE_CURVE('',#10732,#7363,#10970,.T.);
#10970 = LINE('',#10971,#10972);
#10971 = CARTESIAN_POINT('',(-22.83127556167,-7.629140347082,0.));
#10972 = VECTOR('',#10973,1.);
#10973 = DIRECTION('',(-5.233806027225E-02,0.998629424485,0.));
#10974 = ORIENTED_EDGE('',*,*,#10975,.T.);
#10975 = EDGE_CURVE('',#10732,#10976,#10978,.T.);
#10976 = VERTEX_POINT('',#10977);
#10977 = CARTESIAN_POINT('',(-22.49013900756,-14.13815116882,2.));
#10978 = LINE('',#10979,#10980);
#10979 = CARTESIAN_POINT('',(-22.49013900756,-14.13815116882,-0.5));
#10980 = VECTOR('',#10981,1.);
#10981 = DIRECTION('',(0.,0.,1.));
#10982 = ORIENTED_EDGE('',*,*,#10983,.T.);
#10983 = EDGE_CURVE('',#10976,#7371,#10984,.T.);
#10984 = LINE('',#10985,#10986);
#10985 = CARTESIAN_POINT('',(-22.49013900756,-14.13815116882,2.));
#10986 = VECTOR('',#10987,1.);
#10987 = DIRECTION('',(-5.233806027225E-02,0.998629424485,0.));
#10988 = PLANE('',#10989);
#10989 = AXIS2_PLACEMENT_3D('',#10990,#10991,#10992);
#10990 = CARTESIAN_POINT('',(-22.49506950378,-14.04407548904,0.75));
#10991 = DIRECTION('',(-0.998629424485,-5.233806027225E-02,-0.));
#10992 = DIRECTION('',(5.233806027225E-02,-0.998629424485,0.));
#10993 = ADVANCED_FACE('',(#10994),#11139,.T.);
#10994 = FACE_BOUND('',#10995,.T.);
#10995 = EDGE_LOOP('',(#10996,#11007,#11013,#11014,#11015,#11024,#11033,
    #11042,#11051,#11060,#11069,#11078,#11087,#11096,#11105,#11114,
    #11123,#11132));
#10996 = ORIENTED_EDGE('',*,*,#10997,.F.);
#10997 = EDGE_CURVE('',#10998,#11000,#11002,.T.);
#10998 = VERTEX_POINT('',#10999);
#10999 = CARTESIAN_POINT('',(-20.70000076293,15.75,0.));
#11000 = VERTEX_POINT('',#11001);
#11001 = CARTESIAN_POINT('',(-20.88815118918,15.740139201397,0.));
#11002 = CIRCLE('',#11003,1.800000190735);
#11003 = AXIS2_PLACEMENT_3D('',#11004,#11005,#11006);
#11004 = CARTESIAN_POINT('',(-20.69999980926,13.949999809265,0.));
#11005 = DIRECTION('',(0.,0.,1.));
#11006 = DIRECTION('',(1.,0.,0.));
#11007 = ORIENTED_EDGE('',*,*,#11008,.T.);
#11008 = EDGE_CURVE('',#10998,#10891,#11009,.T.);
#11009 = LINE('',#11010,#11011);
#11010 = CARTESIAN_POINT('',(-20.70000076293,15.75,2.));
#11011 = VECTOR('',#11012,1.);
#11012 = DIRECTION('',(0.,0.,-1.));
#11013 = ORIENTED_EDGE('',*,*,#10890,.T.);
#11014 = ORIENTED_EDGE('',*,*,#7394,.F.);
#11015 = ORIENTED_EDGE('',*,*,#11016,.F.);
#11016 = EDGE_CURVE('',#11017,#7387,#11019,.T.);
#11017 = VERTEX_POINT('',#11018);
#11018 = CARTESIAN_POINT('',(-22.49013920139,14.138151189182,0.));
#11019 = CIRCLE('',#11020,1.800000190735);
#11020 = AXIS2_PLACEMENT_3D('',#11021,#11022,#11023);
#11021 = CARTESIAN_POINT('',(-20.69999980926,13.949999809265,0.));
#11022 = DIRECTION('',(0.,0.,1.));
#11023 = DIRECTION('',(1.,0.,0.));
#11024 = ORIENTED_EDGE('',*,*,#11025,.F.);
#11025 = EDGE_CURVE('',#11026,#11017,#11028,.T.);
#11026 = VERTEX_POINT('',#11027);
#11027 = CARTESIAN_POINT('',(-22.46066521422,14.324240783387,0.));
#11028 = CIRCLE('',#11029,1.800000190735);
#11029 = AXIS2_PLACEMENT_3D('',#11030,#11031,#11032);
#11030 = CARTESIAN_POINT('',(-20.69999980926,13.949999809265,0.));
#11031 = DIRECTION('',(0.,0.,1.));
#11032 = DIRECTION('',(1.,0.,0.));
#11033 = ORIENTED_EDGE('',*,*,#11034,.F.);
#11034 = EDGE_CURVE('',#11035,#11026,#11037,.T.);
#11035 = VERTEX_POINT('',#11036);
#11036 = CARTESIAN_POINT('',(-22.4119016005,14.506230395404,0.));
#11037 = CIRCLE('',#11038,1.800000190735);
#11038 = AXIS2_PLACEMENT_3D('',#11039,#11040,#11041);
#11039 = CARTESIAN_POINT('',(-20.69999980926,13.949999809265,0.));
#11040 = DIRECTION('',(0.,0.,1.));
#11041 = DIRECTION('',(1.,0.,0.));
#11042 = ORIENTED_EDGE('',*,*,#11043,.F.);
#11043 = EDGE_CURVE('',#11044,#11035,#11046,.T.);
#11044 = VERTEX_POINT('',#11045);
#11045 = CARTESIAN_POINT('',(-22.34438149323,14.682126116847,0.));
#11046 = CIRCLE('',#11047,1.800000190735);
#11047 = AXIS2_PLACEMENT_3D('',#11048,#11049,#11050);
#11048 = CARTESIAN_POINT('',(-20.69999980926,13.949999809265,0.));
#11049 = DIRECTION('',(0.,0.,1.));
#11050 = DIRECTION('',(1.,0.,0.));
#11051 = ORIENTED_EDGE('',*,*,#11052,.F.);
#11052 = EDGE_CURVE('',#11053,#11044,#11055,.T.);
#11053 = VERTEX_POINT('',#11054);
#11054 = CARTESIAN_POINT('',(-22.25884596158,14.850000195915,0.));
#11055 = CIRCLE('',#11056,1.800000190735);
#11056 = AXIS2_PLACEMENT_3D('',#11057,#11058,#11059);
#11057 = CARTESIAN_POINT('',(-20.69999980926,13.949999809265,0.));
#11058 = DIRECTION('',(0.,0.,1.));
#11059 = DIRECTION('',(1.,0.,0.));
#11060 = ORIENTED_EDGE('',*,*,#11061,.F.);
#11061 = EDGE_CURVE('',#11062,#11053,#11064,.T.);
#11062 = VERTEX_POINT('',#11063);
#11063 = CARTESIAN_POINT('',(-22.15623072125,15.008013576162,0.));
#11064 = CIRCLE('',#11065,1.800000190735);
#11065 = AXIS2_PLACEMENT_3D('',#11066,#11067,#11068);
#11066 = CARTESIAN_POINT('',(-20.69999980926,13.949999809265,0.));
#11067 = DIRECTION('',(0.,0.,1.));
#11068 = DIRECTION('',(1.,0.,0.));
#11069 = ORIENTED_EDGE('',*,*,#11070,.F.);
#11070 = EDGE_CURVE('',#11071,#11062,#11073,.T.);
#11071 = VERTEX_POINT('',#11072);
#11072 = CARTESIAN_POINT('',(-22.03766057709,15.154435138272,0.));
#11073 = CIRCLE('',#11074,1.800000190735);
#11074 = AXIS2_PLACEMENT_3D('',#11075,#11076,#11077);
#11075 = CARTESIAN_POINT('',(-20.69999980926,13.949999809265,0.));
#11076 = DIRECTION('',(0.,0.,1.));
#11077 = DIRECTION('',(1.,0.,0.));
#11078 = ORIENTED_EDGE('',*,*,#11079,.F.);
#11079 = EDGE_CURVE('',#11080,#11071,#11082,.T.);
#11080 = VERTEX_POINT('',#11081);
#11081 = CARTESIAN_POINT('',(-21.90443439809,15.287660814214,0.));
#11082 = CIRCLE('',#11083,1.800000190735);
#11083 = AXIS2_PLACEMENT_3D('',#11084,#11085,#11086);
#11084 = CARTESIAN_POINT('',(-20.69999980926,13.949999809265,0.));
#11085 = DIRECTION('',(0.,0.,1.));
#11086 = DIRECTION('',(1.,0.,0.));
#11087 = ORIENTED_EDGE('',*,*,#11088,.F.);
#11088 = EDGE_CURVE('',#11089,#11080,#11091,.T.);
#11089 = VERTEX_POINT('',#11090);
#11090 = CARTESIAN_POINT('',(-21.75801278722,15.406230948013,0.));
#11091 = CIRCLE('',#11092,1.800000190735);
#11092 = AXIS2_PLACEMENT_3D('',#11093,#11094,#11095);
#11093 = CARTESIAN_POINT('',(-20.69999980926,13.949999809265,0.));
#11094 = DIRECTION('',(0.,0.,1.));
#11095 = DIRECTION('',(1.,0.,0.));
#11096 = ORIENTED_EDGE('',*,*,#11097,.F.);
#11097 = EDGE_CURVE('',#11098,#11089,#11100,.T.);
#11098 = VERTEX_POINT('',#11099);
#11099 = CARTESIAN_POINT('',(-21.6000004024,15.508845365535,0.));
#11100 = CIRCLE('',#11101,1.800000190735);
#11101 = AXIS2_PLACEMENT_3D('',#11102,#11103,#11104);
#11102 = CARTESIAN_POINT('',(-20.69999980926,13.949999809265,0.));
#11103 = DIRECTION('',(0.,0.,1.));
#11104 = DIRECTION('',(1.,0.,0.));
#11105 = ORIENTED_EDGE('',*,*,#11106,.F.);
#11106 = EDGE_CURVE('',#11107,#11098,#11109,.T.);
#11107 = VERTEX_POINT('',#11108);
#11108 = CARTESIAN_POINT('',(-21.43212506487,15.594382226139,0.));
#11109 = CIRCLE('',#11110,1.800000190735);
#11110 = AXIS2_PLACEMENT_3D('',#11111,#11112,#11113);
#11111 = CARTESIAN_POINT('',(-20.69999980926,13.949999809265,0.));
#11112 = DIRECTION('',(0.,0.,1.));
#11113 = DIRECTION('',(1.,0.,0.));
#11114 = ORIENTED_EDGE('',*,*,#11115,.F.);
#11115 = EDGE_CURVE('',#11116,#11107,#11118,.T.);
#11116 = VERTEX_POINT('',#11117);
#11117 = CARTESIAN_POINT('',(-21.25623130355,15.661901460362,0.));
#11118 = CIRCLE('',#11119,1.800000190735);
#11119 = AXIS2_PLACEMENT_3D('',#11120,#11121,#11122);
#11120 = CARTESIAN_POINT('',(-20.69999980926,13.949999809265,0.));
#11121 = DIRECTION('',(0.,0.,1.));
#11122 = DIRECTION('',(1.,0.,0.));
#11123 = ORIENTED_EDGE('',*,*,#11124,.F.);
#11124 = EDGE_CURVE('',#11125,#11116,#11127,.T.);
#11125 = VERTEX_POINT('',#11126);
#11126 = CARTESIAN_POINT('',(-21.07424161945,15.710665614707,0.));
#11127 = CIRCLE('',#11128,1.800000190735);
#11128 = AXIS2_PLACEMENT_3D('',#11129,#11130,#11131);
#11129 = CARTESIAN_POINT('',(-20.69999980926,13.949999809265,0.));
#11130 = DIRECTION('',(0.,0.,1.));
#11131 = DIRECTION('',(1.,0.,0.));
#11132 = ORIENTED_EDGE('',*,*,#11133,.F.);
#11133 = EDGE_CURVE('',#11000,#11125,#11134,.T.);
#11134 = CIRCLE('',#11135,1.800000190735);
#11135 = AXIS2_PLACEMENT_3D('',#11136,#11137,#11138);
#11136 = CARTESIAN_POINT('',(-20.69999980926,13.949999809265,0.));
#11137 = DIRECTION('',(0.,0.,1.));
#11138 = DIRECTION('',(1.,0.,0.));
#11139 = CYLINDRICAL_SURFACE('',#11140,1.800000190735);
#11140 = AXIS2_PLACEMENT_3D('',#11141,#11142,#11143);
#11141 = CARTESIAN_POINT('',(-20.69999980926,13.949999809265,0.));
#11142 = DIRECTION('',(0.,0.,1.));
#11143 = DIRECTION('',(1.,0.,0.));
#11144 = ADVANCED_FACE('',(#11145,#11634),#11984,.T.);
#11145 = FACE_BOUND('',#11146,.T.);
#11146 = EDGE_LOOP('',(#11147,#11148,#11149,#11157,#11165,#11173,#11181,
    #11189,#11197,#11205,#11213,#11221,#11229,#11237,#11245,#11253,
    #11261,#11269,#11277,#11285,#11293,#11301,#11309,#11317,#11325,
    #11333,#11341,#11349,#11357,#11365,#11373,#11381,#11387,#11388,
    #11396,#11404,#11412,#11420,#11428,#11436,#11444,#11452,#11460,
    #11468,#11476,#11484,#11492,#11500,#11508,#11516,#11524,#11532,
    #11540,#11548,#11556,#11564,#11572,#11580,#11588,#11596,#11604,
    #11612,#11620,#11628));
#11147 = ORIENTED_EDGE('',*,*,#7378,.F.);
#11148 = ORIENTED_EDGE('',*,*,#10983,.F.);
#11149 = ORIENTED_EDGE('',*,*,#11150,.F.);
#11150 = EDGE_CURVE('',#11151,#10976,#11153,.T.);
#11151 = VERTEX_POINT('',#11152);
#11152 = CARTESIAN_POINT('',(-22.46066474914,-14.3242406845,2.));
#11153 = LINE('',#11154,#11155);
#11154 = CARTESIAN_POINT('',(-22.46066474914,-14.3242406845,2.));
#11155 = VECTOR('',#11156,1.);
#11156 = DIRECTION('',(-0.15643744031,0.987687869354,0.));
#11157 = ORIENTED_EDGE('',*,*,#11158,.F.);
#11158 = EDGE_CURVE('',#11159,#11151,#11161,.T.);
#11159 = VERTEX_POINT('',#11160);
#11160 = CARTESIAN_POINT('',(-22.41190147399,-14.5062303543,2.));
#11161 = LINE('',#11162,#11163);
#11162 = CARTESIAN_POINT('',(-22.41190147399,-14.5062303543,2.));
#11163 = VECTOR('',#11164,1.);
#11164 = DIRECTION('',(-0.258815529605,0.965926768257,0.));
#11165 = ORIENTED_EDGE('',*,*,#11166,.F.);
#11166 = EDGE_CURVE('',#11167,#11159,#11169,.T.);
#11167 = VERTEX_POINT('',#11168);
#11168 = CARTESIAN_POINT('',(-22.34438133239,-14.68212604522,2.));
#11169 = LINE('',#11170,#11171);
#11170 = CARTESIAN_POINT('',(-22.34438133239,-14.68212604522,2.));
#11171 = VECTOR('',#11172,1.);
#11172 = DIRECTION('',(-0.358368467375,0.933580227721,0.));
#11173 = ORIENTED_EDGE('',*,*,#11174,.F.);
#11174 = EDGE_CURVE('',#11175,#11167,#11177,.T.);
#11175 = VERTEX_POINT('',#11176);
#11176 = CARTESIAN_POINT('',(-22.25884628295,-14.85000038147,2.));
#11177 = LINE('',#11178,#11179);
#11178 = CARTESIAN_POINT('',(-22.25884628295,-14.85000038147,2.));
#11179 = VECTOR('',#11180,1.);
#11180 = DIRECTION('',(-0.453985455162,0.891009094511,0.));
#11181 = ORIENTED_EDGE('',*,*,#11182,.F.);
#11182 = EDGE_CURVE('',#11183,#11175,#11185,.T.);
#11183 = VERTEX_POINT('',#11184);
#11184 = CARTESIAN_POINT('',(-22.15623092651,-15.00801372528,2.));
#11185 = LINE('',#11186,#11187);
#11186 = CARTESIAN_POINT('',(-22.15623092651,-15.00801372528,2.));
#11187 = VECTOR('',#11188,1.);
#11188 = DIRECTION('',(-0.544640121925,0.838669862097,0.));
#11189 = ORIENTED_EDGE('',*,*,#11190,.F.);
#11190 = EDGE_CURVE('',#11191,#11183,#11193,.T.);
#11191 = VERTEX_POINT('',#11192);
#11192 = CARTESIAN_POINT('',(-22.03766059875,-15.15443515777,2.));
#11193 = LINE('',#11194,#11195);
#11194 = CARTESIAN_POINT('',(-22.03766059875,-15.15443515777,2.));
#11195 = VECTOR('',#11196,1.);
#11196 = DIRECTION('',(-0.629322281061,0.777144430953,0.));
#11197 = ORIENTED_EDGE('',*,*,#11198,.F.);
#11198 = EDGE_CURVE('',#11199,#11191,#11201,.T.);
#11199 = VERTEX_POINT('',#11200);
#11200 = CARTESIAN_POINT('',(-21.9044342041,-15.28766059875,2.));
#11201 = LINE('',#11202,#11203);
#11202 = CARTESIAN_POINT('',(-21.9044342041,-15.28766059875,2.));
#11203 = VECTOR('',#11204,1.);
#11204 = DIRECTION('',(-0.707109312032,0.707104250332,0.));
#11205 = ORIENTED_EDGE('',*,*,#11206,.F.);
#11206 = EDGE_CURVE('',#11207,#11199,#11209,.T.);
#11207 = VERTEX_POINT('',#11208);
#11208 = CARTESIAN_POINT('',(-21.7580127716,-15.40623092651,2.));
#11209 = LINE('',#11210,#11211);
#11210 = CARTESIAN_POINT('',(-21.7580127716,-15.40623092651,2.));
#11211 = VECTOR('',#11212,1.);
#11212 = DIRECTION('',(-0.777144430953,0.629322281061,0.));
#11213 = ORIENTED_EDGE('',*,*,#11214,.F.);
#11214 = EDGE_CURVE('',#11215,#11207,#11217,.T.);
#11215 = VERTEX_POINT('',#11216);
#11216 = CARTESIAN_POINT('',(-21.60000038147,-15.50884532928,2.));
#11217 = LINE('',#11218,#11219);
#11218 = CARTESIAN_POINT('',(-21.60000038147,-15.50884532928,2.));
#11219 = VECTOR('',#11220,1.);
#11220 = DIRECTION('',(-0.838670672686,0.544638873729,0.));
#11221 = ORIENTED_EDGE('',*,*,#11222,.F.);
#11222 = EDGE_CURVE('',#11223,#11215,#11225,.T.);
#11223 = VERTEX_POINT('',#11224);
#11224 = CARTESIAN_POINT('',(-21.43212509155,-15.59438228607,2.));
#11225 = LINE('',#11226,#11227);
#11226 = CARTESIAN_POINT('',(-21.43212509155,-15.59438228607,2.));
#11227 = VECTOR('',#11228,1.);
#11228 = DIRECTION('',(-0.891006042771,0.453991444573,0.));
#11229 = ORIENTED_EDGE('',*,*,#11230,.F.);
#11230 = EDGE_CURVE('',#11231,#11223,#11233,.T.);
#11231 = VERTEX_POINT('',#11232);
#11232 = CARTESIAN_POINT('',(-21.25623130798,-15.66190147399,2.));
#11233 = LINE('',#11234,#11235);
#11234 = CARTESIAN_POINT('',(-21.25623130798,-15.66190147399,2.));
#11235 = VECTOR('',#11236,1.);
#11236 = DIRECTION('',(-0.933580621069,0.358367442669,0.));
#11237 = ORIENTED_EDGE('',*,*,#11238,.F.);
#11238 = EDGE_CURVE('',#11239,#11231,#11241,.T.);
#11239 = VERTEX_POINT('',#11240);
#11240 = CARTESIAN_POINT('',(-21.07424163818,-15.71066570282,2.));
#11241 = LINE('',#11242,#11243);
#11242 = CARTESIAN_POINT('',(-21.07424163818,-15.71066570282,2.));
#11243 = VECTOR('',#11244,1.);
#11244 = DIRECTION('',(-0.965925502835,0.258820252248,0.));
#11245 = ORIENTED_EDGE('',*,*,#11246,.F.);
#11246 = EDGE_CURVE('',#11247,#11239,#11249,.T.);
#11247 = VERTEX_POINT('',#11248);
#11248 = CARTESIAN_POINT('',(-20.88815116882,-15.74013900756,2.));
#11249 = LINE('',#11250,#11251);
#11250 = CARTESIAN_POINT('',(-20.88815116882,-15.74013900756,2.));
#11251 = VECTOR('',#11252,1.);
#11252 = DIRECTION('',(-0.9876887753,0.156431720395,0.));
#11253 = ORIENTED_EDGE('',*,*,#11254,.F.);
#11254 = EDGE_CURVE('',#11255,#11247,#11257,.T.);
#11255 = VERTEX_POINT('',#11256);
#11256 = CARTESIAN_POINT('',(-20.70000076293,-15.75,2.));
#11257 = LINE('',#11258,#11259);
#11258 = CARTESIAN_POINT('',(-20.70000076293,-15.75,2.));
#11259 = VECTOR('',#11260,1.);
#11260 = DIRECTION('',(-0.998629410619,5.233832483047E-02,0.));
#11261 = ORIENTED_EDGE('',*,*,#11262,.F.);
#11262 = EDGE_CURVE('',#11263,#11255,#11265,.T.);
#11263 = VERTEX_POINT('',#11264);
#11264 = CARTESIAN_POINT('',(20.700000762939,-15.75,2.));
#11265 = LINE('',#11266,#11267);
#11266 = CARTESIAN_POINT('',(20.700000762939,-15.75,2.));
#11267 = VECTOR('',#11268,1.);
#11268 = DIRECTION('',(-1.,0.,0.));
#11269 = ORIENTED_EDGE('',*,*,#11270,.F.);
#11270 = EDGE_CURVE('',#11271,#11263,#11273,.T.);
#11271 = VERTEX_POINT('',#11272);
#11272 = CARTESIAN_POINT('',(20.888151168823,-15.74013900756,2.));
#11273 = LINE('',#11274,#11275);
#11274 = CARTESIAN_POINT('',(20.888151168823,-15.74013900756,2.));
#11275 = VECTOR('',#11276,1.);
#11276 = DIRECTION('',(-0.998629410619,-5.233832483047E-02,0.));
#11277 = ORIENTED_EDGE('',*,*,#11278,.F.);
#11278 = EDGE_CURVE('',#11279,#11271,#11281,.T.);
#11279 = VERTEX_POINT('',#11280);
#11280 = CARTESIAN_POINT('',(21.074241638184,-15.71066570282,2.));
#11281 = LINE('',#11282,#11283);
#11282 = CARTESIAN_POINT('',(21.074241638184,-15.71066570282,2.));
#11283 = VECTOR('',#11284,1.);
#11284 = DIRECTION('',(-0.9876887753,-0.156431720395,0.));
#11285 = ORIENTED_EDGE('',*,*,#11286,.F.);
#11286 = EDGE_CURVE('',#11287,#11279,#11289,.T.);
#11287 = VERTEX_POINT('',#11288);
#11288 = CARTESIAN_POINT('',(21.256231307983,-15.66190147399,2.));
#11289 = LINE('',#11290,#11291);
#11290 = CARTESIAN_POINT('',(21.256231307983,-15.66190147399,2.));
#11291 = VECTOR('',#11292,1.);
#11292 = DIRECTION('',(-0.965925502835,-0.258820252248,0.));
#11293 = ORIENTED_EDGE('',*,*,#11294,.F.);
#11294 = EDGE_CURVE('',#11295,#11287,#11297,.T.);
#11295 = VERTEX_POINT('',#11296);
#11296 = CARTESIAN_POINT('',(21.432125091553,-15.59438228607,2.));
#11297 = LINE('',#11298,#11299);
#11298 = CARTESIAN_POINT('',(21.432125091553,-15.59438228607,2.));
#11299 = VECTOR('',#11300,1.);
#11300 = DIRECTION('',(-0.933580621069,-0.358367442669,0.));
#11301 = ORIENTED_EDGE('',*,*,#11302,.F.);
#11302 = EDGE_CURVE('',#11303,#11295,#11305,.T.);
#11303 = VERTEX_POINT('',#11304);
#11304 = CARTESIAN_POINT('',(21.60000038147,-15.50884532928,2.));
#11305 = LINE('',#11306,#11307);
#11306 = CARTESIAN_POINT('',(21.60000038147,-15.50884532928,2.));
#11307 = VECTOR('',#11308,1.);
#11308 = DIRECTION('',(-0.891006042771,-0.453991444573,0.));
#11309 = ORIENTED_EDGE('',*,*,#11310,.F.);
#11310 = EDGE_CURVE('',#11311,#11303,#11313,.T.);
#11311 = VERTEX_POINT('',#11312);
#11312 = CARTESIAN_POINT('',(21.758012771606,-15.40623092651,2.));
#11313 = LINE('',#11314,#11315);
#11314 = CARTESIAN_POINT('',(21.758012771606,-15.40623092651,2.));
#11315 = VECTOR('',#11316,1.);
#11316 = DIRECTION('',(-0.838670672686,-0.544638873729,0.));
#11317 = ORIENTED_EDGE('',*,*,#11318,.F.);
#11318 = EDGE_CURVE('',#11319,#11311,#11321,.T.);
#11319 = VERTEX_POINT('',#11320);
#11320 = CARTESIAN_POINT('',(21.904434204102,-15.28766059875,2.));
#11321 = LINE('',#11322,#11323);
#11322 = CARTESIAN_POINT('',(21.904434204102,-15.28766059875,2.));
#11323 = VECTOR('',#11324,1.);
#11324 = DIRECTION('',(-0.777144430953,-0.629322281061,0.));
#11325 = ORIENTED_EDGE('',*,*,#11326,.F.);
#11326 = EDGE_CURVE('',#11327,#11319,#11329,.T.);
#11327 = VERTEX_POINT('',#11328);
#11328 = CARTESIAN_POINT('',(22.037660598755,-15.15443515777,2.));
#11329 = LINE('',#11330,#11331);
#11330 = CARTESIAN_POINT('',(22.037660598755,-15.15443515777,2.));
#11331 = VECTOR('',#11332,1.);
#11332 = DIRECTION('',(-0.707109312032,-0.707104250332,0.));
#11333 = ORIENTED_EDGE('',*,*,#11334,.F.);
#11334 = EDGE_CURVE('',#11335,#11327,#11337,.T.);
#11335 = VERTEX_POINT('',#11336);
#11336 = CARTESIAN_POINT('',(22.156230926514,-15.00801372528,2.));
#11337 = LINE('',#11338,#11339);
#11338 = CARTESIAN_POINT('',(22.156230926514,-15.00801372528,2.));
#11339 = VECTOR('',#11340,1.);
#11340 = DIRECTION('',(-0.629322281061,-0.777144430953,0.));
#11341 = ORIENTED_EDGE('',*,*,#11342,.F.);
#11342 = EDGE_CURVE('',#11343,#11335,#11345,.T.);
#11343 = VERTEX_POINT('',#11344);
#11344 = CARTESIAN_POINT('',(22.258846282959,-14.85000038147,2.));
#11345 = LINE('',#11346,#11347);
#11346 = CARTESIAN_POINT('',(22.258846282959,-14.85000038147,2.));
#11347 = VECTOR('',#11348,1.);
#11348 = DIRECTION('',(-0.544640121925,-0.838669862097,0.));
#11349 = ORIENTED_EDGE('',*,*,#11350,.F.);
#11350 = EDGE_CURVE('',#11351,#11343,#11353,.T.);
#11351 = VERTEX_POINT('',#11352);
#11352 = CARTESIAN_POINT('',(22.344381332397,-14.68212604522,2.));
#11353 = LINE('',#11354,#11355);
#11354 = CARTESIAN_POINT('',(22.344381332397,-14.68212604522,2.));
#11355 = VECTOR('',#11356,1.);
#11356 = DIRECTION('',(-0.453985455162,-0.891009094511,0.));
#11357 = ORIENTED_EDGE('',*,*,#11358,.F.);
#11358 = EDGE_CURVE('',#11359,#11351,#11361,.T.);
#11359 = VERTEX_POINT('',#11360);
#11360 = CARTESIAN_POINT('',(22.411901473999,-14.5062303543,2.));
#11361 = LINE('',#11362,#11363);
#11362 = CARTESIAN_POINT('',(22.411901473999,-14.5062303543,2.));
#11363 = VECTOR('',#11364,1.);
#11364 = DIRECTION('',(-0.358368467375,-0.933580227721,0.));
#11365 = ORIENTED_EDGE('',*,*,#11366,.F.);
#11366 = EDGE_CURVE('',#11367,#11359,#11369,.T.);
#11367 = VERTEX_POINT('',#11368);
#11368 = CARTESIAN_POINT('',(22.460664749146,-14.3242406845,2.));
#11369 = LINE('',#11370,#11371);
#11370 = CARTESIAN_POINT('',(22.460664749146,-14.3242406845,2.));
#11371 = VECTOR('',#11372,1.);
#11372 = DIRECTION('',(-0.258815529605,-0.965926768257,0.));
#11373 = ORIENTED_EDGE('',*,*,#11374,.F.);
#11374 = EDGE_CURVE('',#11375,#11367,#11377,.T.);
#11375 = VERTEX_POINT('',#11376);
#11376 = CARTESIAN_POINT('',(22.490139007568,-14.13815116882,2.));
#11377 = LINE('',#11378,#11379);
#11378 = CARTESIAN_POINT('',(22.490139007568,-14.13815116882,2.));
#11379 = VECTOR('',#11380,1.);
#11380 = DIRECTION('',(-0.15643744031,-0.987687869354,0.));
#11381 = ORIENTED_EDGE('',*,*,#11382,.F.);
#11382 = EDGE_CURVE('',#7453,#11375,#11383,.T.);
#11383 = LINE('',#11384,#11385);
#11384 = CARTESIAN_POINT('',(22.5,-13.94999980926,2.));
#11385 = VECTOR('',#11386,1.);
#11386 = DIRECTION('',(-5.233806027225E-02,-0.998629424485,0.));
#11387 = ORIENTED_EDGE('',*,*,#7452,.F.);
#11388 = ORIENTED_EDGE('',*,*,#11389,.F.);
#11389 = EDGE_CURVE('',#11390,#7445,#11392,.T.);
#11390 = VERTEX_POINT('',#11391);
#11391 = CARTESIAN_POINT('',(22.490139007568,14.138151168823,2.));
#11392 = LINE('',#11393,#11394);
#11393 = CARTESIAN_POINT('',(22.490139007568,14.138151168823,2.));
#11394 = VECTOR('',#11395,1.);
#11395 = DIRECTION('',(5.233806027225E-02,-0.998629424485,0.));
#11396 = ORIENTED_EDGE('',*,*,#11397,.F.);
#11397 = EDGE_CURVE('',#11398,#11390,#11400,.T.);
#11398 = VERTEX_POINT('',#11399);
#11399 = CARTESIAN_POINT('',(22.460664749146,14.324240684509,2.));
#11400 = LINE('',#11401,#11402);
#11401 = CARTESIAN_POINT('',(22.460664749146,14.324240684509,2.));
#11402 = VECTOR('',#11403,1.);
#11403 = DIRECTION('',(0.15643744031,-0.987687869354,0.));
#11404 = ORIENTED_EDGE('',*,*,#11405,.F.);
#11405 = EDGE_CURVE('',#11406,#11398,#11408,.T.);
#11406 = VERTEX_POINT('',#11407);
#11407 = CARTESIAN_POINT('',(22.411901473999,14.506230354309,2.));
#11408 = LINE('',#11409,#11410);
#11409 = CARTESIAN_POINT('',(22.411901473999,14.506230354309,2.));
#11410 = VECTOR('',#11411,1.);
#11411 = DIRECTION('',(0.258815529605,-0.965926768257,0.));
#11412 = ORIENTED_EDGE('',*,*,#11413,.F.);
#11413 = EDGE_CURVE('',#11414,#11406,#11416,.T.);
#11414 = VERTEX_POINT('',#11415);
#11415 = CARTESIAN_POINT('',(22.344381332397,14.682126045227,2.));
#11416 = LINE('',#11417,#11418);
#11417 = CARTESIAN_POINT('',(22.344381332397,14.682126045227,2.));
#11418 = VECTOR('',#11419,1.);
#11419 = DIRECTION('',(0.358368467375,-0.933580227721,0.));
#11420 = ORIENTED_EDGE('',*,*,#11421,.F.);
#11421 = EDGE_CURVE('',#11422,#11414,#11424,.T.);
#11422 = VERTEX_POINT('',#11423);
#11423 = CARTESIAN_POINT('',(22.258846282959,14.85000038147,2.));
#11424 = LINE('',#11425,#11426);
#11425 = CARTESIAN_POINT('',(22.258846282959,14.85000038147,2.));
#11426 = VECTOR('',#11427,1.);
#11427 = DIRECTION('',(0.453985455162,-0.891009094511,0.));
#11428 = ORIENTED_EDGE('',*,*,#11429,.F.);
#11429 = EDGE_CURVE('',#11430,#11422,#11432,.T.);
#11430 = VERTEX_POINT('',#11431);
#11431 = CARTESIAN_POINT('',(22.156230926514,15.008013725281,2.));
#11432 = LINE('',#11433,#11434);
#11433 = CARTESIAN_POINT('',(22.156230926514,15.008013725281,2.));
#11434 = VECTOR('',#11435,1.);
#11435 = DIRECTION('',(0.544640121925,-0.838669862097,0.));
#11436 = ORIENTED_EDGE('',*,*,#11437,.F.);
#11437 = EDGE_CURVE('',#11438,#11430,#11440,.T.);
#11438 = VERTEX_POINT('',#11439);
#11439 = CARTESIAN_POINT('',(22.037660598755,15.154435157776,2.));
#11440 = LINE('',#11441,#11442);
#11441 = CARTESIAN_POINT('',(22.037660598755,15.154435157776,2.));
#11442 = VECTOR('',#11443,1.);
#11443 = DIRECTION('',(0.629322281061,-0.777144430953,0.));
#11444 = ORIENTED_EDGE('',*,*,#11445,.F.);
#11445 = EDGE_CURVE('',#11446,#11438,#11448,.T.);
#11446 = VERTEX_POINT('',#11447);
#11447 = CARTESIAN_POINT('',(21.904434204102,15.287660598755,2.));
#11448 = LINE('',#11449,#11450);
#11449 = CARTESIAN_POINT('',(21.904434204102,15.287660598755,2.));
#11450 = VECTOR('',#11451,1.);
#11451 = DIRECTION('',(0.707109312032,-0.707104250332,0.));
#11452 = ORIENTED_EDGE('',*,*,#11453,.F.);
#11453 = EDGE_CURVE('',#11454,#11446,#11456,.T.);
#11454 = VERTEX_POINT('',#11455);
#11455 = CARTESIAN_POINT('',(21.758012771606,15.406230926514,2.));
#11456 = LINE('',#11457,#11458);
#11457 = CARTESIAN_POINT('',(21.758012771606,15.406230926514,2.));
#11458 = VECTOR('',#11459,1.);
#11459 = DIRECTION('',(0.777144430953,-0.629322281061,0.));
#11460 = ORIENTED_EDGE('',*,*,#11461,.F.);
#11461 = EDGE_CURVE('',#11462,#11454,#11464,.T.);
#11462 = VERTEX_POINT('',#11463);
#11463 = CARTESIAN_POINT('',(21.60000038147,15.508845329285,2.));
#11464 = LINE('',#11465,#11466);
#11465 = CARTESIAN_POINT('',(21.60000038147,15.508845329285,2.));
#11466 = VECTOR('',#11467,1.);
#11467 = DIRECTION('',(0.838670672686,-0.544638873729,0.));
#11468 = ORIENTED_EDGE('',*,*,#11469,.F.);
#11469 = EDGE_CURVE('',#11470,#11462,#11472,.T.);
#11470 = VERTEX_POINT('',#11471);
#11471 = CARTESIAN_POINT('',(21.432125091553,15.594382286072,2.));
#11472 = LINE('',#11473,#11474);
#11473 = CARTESIAN_POINT('',(21.432125091553,15.594382286072,2.));
#11474 = VECTOR('',#11475,1.);
#11475 = DIRECTION('',(0.891006042771,-0.453991444573,0.));
#11476 = ORIENTED_EDGE('',*,*,#11477,.F.);
#11477 = EDGE_CURVE('',#11478,#11470,#11480,.T.);
#11478 = VERTEX_POINT('',#11479);
#11479 = CARTESIAN_POINT('',(21.256231307983,15.661901473999,2.));
#11480 = LINE('',#11481,#11482);
#11481 = CARTESIAN_POINT('',(21.256231307983,15.661901473999,2.));
#11482 = VECTOR('',#11483,1.);
#11483 = DIRECTION('',(0.933580621069,-0.358367442669,0.));
#11484 = ORIENTED_EDGE('',*,*,#11485,.F.);
#11485 = EDGE_CURVE('',#11486,#11478,#11488,.T.);
#11486 = VERTEX_POINT('',#11487);
#11487 = CARTESIAN_POINT('',(21.074241638184,15.71066570282,2.));
#11488 = LINE('',#11489,#11490);
#11489 = CARTESIAN_POINT('',(21.074241638184,15.71066570282,2.));
#11490 = VECTOR('',#11491,1.);
#11491 = DIRECTION('',(0.965925502835,-0.258820252248,0.));
#11492 = ORIENTED_EDGE('',*,*,#11493,.F.);
#11493 = EDGE_CURVE('',#11494,#11486,#11496,.T.);
#11494 = VERTEX_POINT('',#11495);
#11495 = CARTESIAN_POINT('',(20.888151168823,15.740139007568,2.));
#11496 = LINE('',#11497,#11498);
#11497 = CARTESIAN_POINT('',(20.888151168823,15.740139007568,2.));
#11498 = VECTOR('',#11499,1.);
#11499 = DIRECTION('',(0.9876887753,-0.156431720395,0.));
#11500 = ORIENTED_EDGE('',*,*,#11501,.F.);
#11501 = EDGE_CURVE('',#11502,#11494,#11504,.T.);
#11502 = VERTEX_POINT('',#11503);
#11503 = CARTESIAN_POINT('',(20.700000762939,15.75,2.));
#11504 = LINE('',#11505,#11506);
#11505 = CARTESIAN_POINT('',(20.700000762939,15.75,2.));
#11506 = VECTOR('',#11507,1.);
#11507 = DIRECTION('',(0.998629410619,-5.233832483047E-02,0.));
#11508 = ORIENTED_EDGE('',*,*,#11509,.T.);
#11509 = EDGE_CURVE('',#11502,#11510,#11512,.T.);
#11510 = VERTEX_POINT('',#11511);
#11511 = CARTESIAN_POINT('',(-20.70000076293,15.75,2.));
#11512 = LINE('',#11513,#11514);
#11513 = CARTESIAN_POINT('',(20.700000762939,15.75,2.));
#11514 = VECTOR('',#11515,1.);
#11515 = DIRECTION('',(-1.,0.,0.));
#11516 = ORIENTED_EDGE('',*,*,#11517,.T.);
#11517 = EDGE_CURVE('',#11510,#11518,#11520,.T.);
#11518 = VERTEX_POINT('',#11519);
#11519 = CARTESIAN_POINT('',(-20.88815116882,15.740139007568,2.));
#11520 = LINE('',#11521,#11522);
#11521 = CARTESIAN_POINT('',(-20.70000076293,15.75,2.));
#11522 = VECTOR('',#11523,1.);
#11523 = DIRECTION('',(-0.998629410619,-5.233832483047E-02,0.));
#11524 = ORIENTED_EDGE('',*,*,#11525,.T.);
#11525 = EDGE_CURVE('',#11518,#11526,#11528,.T.);
#11526 = VERTEX_POINT('',#11527);
#11527 = CARTESIAN_POINT('',(-21.07424163818,15.71066570282,2.));
#11528 = LINE('',#11529,#11530);
#11529 = CARTESIAN_POINT('',(-20.88815116882,15.740139007568,2.));
#11530 = VECTOR('',#11531,1.);
#11531 = DIRECTION('',(-0.9876887753,-0.156431720395,0.));
#11532 = ORIENTED_EDGE('',*,*,#11533,.T.);
#11533 = EDGE_CURVE('',#11526,#11534,#11536,.T.);
#11534 = VERTEX_POINT('',#11535);
#11535 = CARTESIAN_POINT('',(-21.25623130798,15.661901473999,2.));
#11536 = LINE('',#11537,#11538);
#11537 = CARTESIAN_POINT('',(-21.07424163818,15.71066570282,2.));
#11538 = VECTOR('',#11539,1.);
#11539 = DIRECTION('',(-0.965925502835,-0.258820252248,0.));
#11540 = ORIENTED_EDGE('',*,*,#11541,.T.);
#11541 = EDGE_CURVE('',#11534,#11542,#11544,.T.);
#11542 = VERTEX_POINT('',#11543);
#11543 = CARTESIAN_POINT('',(-21.43212509155,15.594382286072,2.));
#11544 = LINE('',#11545,#11546);
#11545 = CARTESIAN_POINT('',(-21.25623130798,15.661901473999,2.));
#11546 = VECTOR('',#11547,1.);
#11547 = DIRECTION('',(-0.933580621069,-0.358367442669,0.));
#11548 = ORIENTED_EDGE('',*,*,#11549,.T.);
#11549 = EDGE_CURVE('',#11542,#11550,#11552,.T.);
#11550 = VERTEX_POINT('',#11551);
#11551 = CARTESIAN_POINT('',(-21.60000038147,15.508845329285,2.));
#11552 = LINE('',#11553,#11554);
#11553 = CARTESIAN_POINT('',(-21.43212509155,15.594382286072,2.));
#11554 = VECTOR('',#11555,1.);
#11555 = DIRECTION('',(-0.891006042771,-0.453991444573,0.));
#11556 = ORIENTED_EDGE('',*,*,#11557,.T.);
#11557 = EDGE_CURVE('',#11550,#11558,#11560,.T.);
#11558 = VERTEX_POINT('',#11559);
#11559 = CARTESIAN_POINT('',(-21.7580127716,15.406230926514,2.));
#11560 = LINE('',#11561,#11562);
#11561 = CARTESIAN_POINT('',(-21.60000038147,15.508845329285,2.));
#11562 = VECTOR('',#11563,1.);
#11563 = DIRECTION('',(-0.838670672686,-0.544638873729,0.));
#11564 = ORIENTED_EDGE('',*,*,#11565,.T.);
#11565 = EDGE_CURVE('',#11558,#11566,#11568,.T.);
#11566 = VERTEX_POINT('',#11567);
#11567 = CARTESIAN_POINT('',(-21.9044342041,15.287660598755,2.));
#11568 = LINE('',#11569,#11570);
#11569 = CARTESIAN_POINT('',(-21.7580127716,15.406230926514,2.));
#11570 = VECTOR('',#11571,1.);
#11571 = DIRECTION('',(-0.777144430953,-0.629322281061,0.));
#11572 = ORIENTED_EDGE('',*,*,#11573,.T.);
#11573 = EDGE_CURVE('',#11566,#11574,#11576,.T.);
#11574 = VERTEX_POINT('',#11575);
#11575 = CARTESIAN_POINT('',(-22.03766059875,15.154435157776,2.));
#11576 = LINE('',#11577,#11578);
#11577 = CARTESIAN_POINT('',(-21.9044342041,15.287660598755,2.));
#11578 = VECTOR('',#11579,1.);
#11579 = DIRECTION('',(-0.707109312032,-0.707104250332,0.));
#11580 = ORIENTED_EDGE('',*,*,#11581,.T.);
#11581 = EDGE_CURVE('',#11574,#11582,#11584,.T.);
#11582 = VERTEX_POINT('',#11583);
#11583 = CARTESIAN_POINT('',(-22.15623092651,15.008013725281,2.));
#11584 = LINE('',#11585,#11586);
#11585 = CARTESIAN_POINT('',(-22.03766059875,15.154435157776,2.));
#11586 = VECTOR('',#11587,1.);
#11587 = DIRECTION('',(-0.629322281061,-0.777144430953,0.));
#11588 = ORIENTED_EDGE('',*,*,#11589,.T.);
#11589 = EDGE_CURVE('',#11582,#11590,#11592,.T.);
#11590 = VERTEX_POINT('',#11591);
#11591 = CARTESIAN_POINT('',(-22.25884628295,14.85000038147,2.));
#11592 = LINE('',#11593,#11594);
#11593 = CARTESIAN_POINT('',(-22.15623092651,15.008013725281,2.));
#11594 = VECTOR('',#11595,1.);
#11595 = DIRECTION('',(-0.544640121925,-0.838669862097,0.));
#11596 = ORIENTED_EDGE('',*,*,#11597,.T.);
#11597 = EDGE_CURVE('',#11590,#11598,#11600,.T.);
#11598 = VERTEX_POINT('',#11599);
#11599 = CARTESIAN_POINT('',(-22.34438133239,14.682126045227,2.));
#11600 = LINE('',#11601,#11602);
#11601 = CARTESIAN_POINT('',(-22.25884628295,14.85000038147,2.));
#11602 = VECTOR('',#11603,1.);
#11603 = DIRECTION('',(-0.453985455162,-0.891009094511,0.));
#11604 = ORIENTED_EDGE('',*,*,#11605,.T.);
#11605 = EDGE_CURVE('',#11598,#11606,#11608,.T.);
#11606 = VERTEX_POINT('',#11607);
#11607 = CARTESIAN_POINT('',(-22.41190147399,14.506230354309,2.));
#11608 = LINE('',#11609,#11610);
#11609 = CARTESIAN_POINT('',(-22.34438133239,14.682126045227,2.));
#11610 = VECTOR('',#11611,1.);
#11611 = DIRECTION('',(-0.358368467375,-0.933580227721,0.));
#11612 = ORIENTED_EDGE('',*,*,#11613,.T.);
#11613 = EDGE_CURVE('',#11606,#11614,#11616,.T.);
#11614 = VERTEX_POINT('',#11615);
#11615 = CARTESIAN_POINT('',(-22.46066474914,14.324240684509,2.));
#11616 = LINE('',#11617,#11618);
#11617 = CARTESIAN_POINT('',(-22.41190147399,14.506230354309,2.));
#11618 = VECTOR('',#11619,1.);
#11619 = DIRECTION('',(-0.258815529605,-0.965926768257,0.));
#11620 = ORIENTED_EDGE('',*,*,#11621,.T.);
#11621 = EDGE_CURVE('',#11614,#11622,#11624,.T.);
#11622 = VERTEX_POINT('',#11623);
#11623 = CARTESIAN_POINT('',(-22.49013900756,14.138151168823,2.));
#11624 = LINE('',#11625,#11626);
#11625 = CARTESIAN_POINT('',(-22.46066474914,14.324240684509,2.));
#11626 = VECTOR('',#11627,1.);
#11627 = DIRECTION('',(-0.15643744031,-0.987687869354,0.));
#11628 = ORIENTED_EDGE('',*,*,#11629,.T.);
#11629 = EDGE_CURVE('',#11622,#7379,#11630,.T.);
#11630 = LINE('',#11631,#11632);
#11631 = CARTESIAN_POINT('',(-22.49013900756,14.138151168823,2.));
#11632 = VECTOR('',#11633,1.);
#11633 = DIRECTION('',(-5.233806027225E-02,-0.998629424485,0.));
#11634 = FACE_BOUND('',#11635,.T.);
#11635 = EDGE_LOOP('',(#11636,#11637,#11645,#11653,#11661,#11669,#11677,
    #11685,#11693,#11701,#11709,#11717,#11723,#11724,#11732,#11740,
    #11748,#11756,#11764,#11772,#11780,#11788,#11796,#11804,#11810,
    #11811,#11819,#11827,#11835,#11843,#11851,#11859,#11867,#11875,
    #11883,#11891,#11897,#11898,#11906,#11914,#11922,#11930,#11938,
    #11946,#11954,#11962,#11970,#11978));
#11636 = ORIENTED_EDGE('',*,*,#7815,.T.);
#11637 = ORIENTED_EDGE('',*,*,#11638,.T.);
#11638 = EDGE_CURVE('',#7818,#11639,#11641,.T.);
#11639 = VERTEX_POINT('',#11640);
#11640 = CARTESIAN_POINT('',(-21.48982238769,13.892314910889,2.));
#11641 = LINE('',#11642,#11643);
#11642 = CARTESIAN_POINT('',(-21.5,13.75,2.));
#11643 = VECTOR('',#11644,1.);
#11644 = DIRECTION('',(7.13325517231E-02,0.997452588881,0.));
#11645 = ORIENTED_EDGE('',*,*,#11646,.T.);
#11646 = EDGE_CURVE('',#11639,#11647,#11649,.T.);
#11647 = VERTEX_POINT('',#11648);
#11648 = CARTESIAN_POINT('',(-21.45949363708,14.031732559204,2.));
#11649 = LINE('',#11650,#11651);
#11650 = CARTESIAN_POINT('',(-21.48982238769,13.892314910889,2.));
#11651 = VECTOR('',#11652,1.);
#11652 = DIRECTION('',(0.212567281295,0.977146432692,0.));
#11653 = ORIENTED_EDGE('',*,*,#11654,.T.);
#11654 = EDGE_CURVE('',#11647,#11655,#11657,.T.);
#11655 = VERTEX_POINT('',#11656);
#11656 = CARTESIAN_POINT('',(-21.40963172912,14.165414810181,2.));
#11657 = LINE('',#11658,#11659);
#11658 = CARTESIAN_POINT('',(-21.45949363708,14.031732559204,2.));
#11659 = VECTOR('',#11660,1.);
#11660 = DIRECTION('',(0.349470370733,0.936947415803,0.));
#11661 = ORIENTED_EDGE('',*,*,#11662,.T.);
#11662 = EDGE_CURVE('',#11655,#11663,#11665,.T.);
#11663 = VERTEX_POINT('',#11664);
#11664 = CARTESIAN_POINT('',(-21.34125328064,14.290640830994,2.));
#11665 = LINE('',#11666,#11667);
#11666 = CARTESIAN_POINT('',(-21.40963172912,14.165414810181,2.));
#11667 = VECTOR('',#11668,1.);
#11668 = DIRECTION('',(0.479248273091,0.877679379238,0.));
#11669 = ORIENTED_EDGE('',*,*,#11670,.T.);
#11670 = EDGE_CURVE('',#11663,#11671,#11673,.T.);
#11671 = VERTEX_POINT('',#11672);
#11672 = CARTESIAN_POINT('',(-21.25574874877,14.404860496521,2.));
#11673 = LINE('',#11674,#11675);
#11674 = CARTESIAN_POINT('',(-21.34125328064,14.290640830994,2.));
#11675 = VECTOR('',#11676,1.);
#11676 = DIRECTION('',(0.599281085804,0.800538681262,0.));
#11677 = ORIENTED_EDGE('',*,*,#11678,.T.);
#11678 = EDGE_CURVE('',#11671,#11679,#11681,.T.);
#11679 = VERTEX_POINT('',#11680);
#11680 = CARTESIAN_POINT('',(-21.15486145019,14.505749702454,2.));
#11681 = LINE('',#11682,#11683);
#11682 = CARTESIAN_POINT('',(-21.25574874877,14.404860496521,2.));
#11683 = VECTOR('',#11684,1.);
#11684 = DIRECTION('',(0.707100097031,0.707113465279,0.));
#11685 = ORIENTED_EDGE('',*,*,#11686,.T.);
#11686 = EDGE_CURVE('',#11679,#11687,#11689,.T.);
#11687 = VERTEX_POINT('',#11688);
#11688 = CARTESIAN_POINT('',(-21.04063987731,14.59125328064,2.));
#11689 = LINE('',#11690,#11691);
#11690 = CARTESIAN_POINT('',(-21.15486145019,14.505749702454,2.));
#11691 = VECTOR('',#11692,1.);
#11692 = DIRECTION('',(0.800546688819,0.599270388907,0.));
#11693 = ORIENTED_EDGE('',*,*,#11694,.T.);
#11694 = EDGE_CURVE('',#11687,#11695,#11697,.T.);
#11695 = VERTEX_POINT('',#11696);
#11696 = CARTESIAN_POINT('',(-20.91541481018,14.659631729126,2.));
#11697 = LINE('',#11698,#11699);
#11698 = CARTESIAN_POINT('',(-21.04063987731,14.59125328064,2.));
#11699 = VECTOR('',#11700,1.);
#11700 = DIRECTION('',(0.877677844033,0.479251084604,0.));
#11701 = ORIENTED_EDGE('',*,*,#11702,.T.);
#11702 = EDGE_CURVE('',#11695,#11703,#11705,.T.);
#11703 = VERTEX_POINT('',#11704);
#11704 = CARTESIAN_POINT('',(-20.7817325592,14.709492683411,2.));
#11705 = LINE('',#11706,#11707);
#11706 = CARTESIAN_POINT('',(-20.91541481018,14.659631729126,2.));
#11707 = VECTOR('',#11708,1.);
#11708 = DIRECTION('',(0.936949604393,0.349464502957,0.));
#11709 = ORIENTED_EDGE('',*,*,#11710,.T.);
#11710 = EDGE_CURVE('',#11703,#11711,#11713,.T.);
#11711 = VERTEX_POINT('',#11712);
#11712 = CARTESIAN_POINT('',(-20.64231491088,14.739821434021,2.));
#11713 = LINE('',#11714,#11715);
#11714 = CARTESIAN_POINT('',(-20.7817325592,14.709492683411,2.));
#11715 = VECTOR('',#11716,1.);
#11716 = DIRECTION('',(0.977146432692,0.212567281295,0.));
#11717 = ORIENTED_EDGE('',*,*,#11718,.T.);
#11718 = EDGE_CURVE('',#11711,#7532,#11719,.T.);
#11719 = LINE('',#11720,#11721);
#11720 = CARTESIAN_POINT('',(-20.64231491088,14.739821434021,2.));
#11721 = VECTOR('',#11722,1.);
#11722 = DIRECTION('',(0.99745211328,7.133920179217E-02,0.));
#11723 = ORIENTED_EDGE('',*,*,#7548,.T.);
#11724 = ORIENTED_EDGE('',*,*,#11725,.T.);
#11725 = EDGE_CURVE('',#7541,#11726,#11728,.T.);
#11726 = VERTEX_POINT('',#11727);
#11727 = CARTESIAN_POINT('',(20.642314910889,14.739821434021,2.));
#11728 = LINE('',#11729,#11730);
#11729 = CARTESIAN_POINT('',(20.5,14.75,2.));
#11730 = VECTOR('',#11731,1.);
#11731 = DIRECTION('',(0.99745211328,-7.133920179217E-02,0.));
#11732 = ORIENTED_EDGE('',*,*,#11733,.T.);
#11733 = EDGE_CURVE('',#11726,#11734,#11736,.T.);
#11734 = VERTEX_POINT('',#11735);
#11735 = CARTESIAN_POINT('',(20.781732559204,14.709492683411,2.));
#11736 = LINE('',#11737,#11738);
#11737 = CARTESIAN_POINT('',(20.642314910889,14.739821434021,2.));
#11738 = VECTOR('',#11739,1.);
#11739 = DIRECTION('',(0.977146432692,-0.212567281295,0.));
#11740 = ORIENTED_EDGE('',*,*,#11741,.T.);
#11741 = EDGE_CURVE('',#11734,#11742,#11744,.T.);
#11742 = VERTEX_POINT('',#11743);
#11743 = CARTESIAN_POINT('',(20.915414810181,14.659631729126,2.));
#11744 = LINE('',#11745,#11746);
#11745 = CARTESIAN_POINT('',(20.781732559204,14.709492683411,2.));
#11746 = VECTOR('',#11747,1.);
#11747 = DIRECTION('',(0.936949604393,-0.349464502957,0.));
#11748 = ORIENTED_EDGE('',*,*,#11749,.T.);
#11749 = EDGE_CURVE('',#11742,#11750,#11752,.T.);
#11750 = VERTEX_POINT('',#11751);
#11751 = CARTESIAN_POINT('',(21.040639877319,14.59125328064,2.));
#11752 = LINE('',#11753,#11754);
#11753 = CARTESIAN_POINT('',(20.915414810181,14.659631729126,2.));
#11754 = VECTOR('',#11755,1.);
#11755 = DIRECTION('',(0.877677844033,-0.479251084604,0.));
#11756 = ORIENTED_EDGE('',*,*,#11757,.T.);
#11757 = EDGE_CURVE('',#11750,#11758,#11760,.T.);
#11758 = VERTEX_POINT('',#11759);
#11759 = CARTESIAN_POINT('',(21.154861450195,14.505749702454,2.));
#11760 = LINE('',#11761,#11762);
#11761 = CARTESIAN_POINT('',(21.040639877319,14.59125328064,2.));
#11762 = VECTOR('',#11763,1.);
#11763 = DIRECTION('',(0.800546688819,-0.599270388907,0.));
#11764 = ORIENTED_EDGE('',*,*,#11765,.T.);
#11765 = EDGE_CURVE('',#11758,#11766,#11768,.T.);
#11766 = VERTEX_POINT('',#11767);
#11767 = CARTESIAN_POINT('',(21.255748748779,14.404860496521,2.));
#11768 = LINE('',#11769,#11770);
#11769 = CARTESIAN_POINT('',(21.154861450195,14.505749702454,2.));
#11770 = VECTOR('',#11771,1.);
#11771 = DIRECTION('',(0.707100097031,-0.707113465279,0.));
#11772 = ORIENTED_EDGE('',*,*,#11773,.T.);
#11773 = EDGE_CURVE('',#11766,#11774,#11776,.T.);
#11774 = VERTEX_POINT('',#11775);
#11775 = CARTESIAN_POINT('',(21.34125328064,14.290640830994,2.));
#11776 = LINE('',#11777,#11778);
#11777 = CARTESIAN_POINT('',(21.255748748779,14.404860496521,2.));
#11778 = VECTOR('',#11779,1.);
#11779 = DIRECTION('',(0.599281085804,-0.800538681262,0.));
#11780 = ORIENTED_EDGE('',*,*,#11781,.T.);
#11781 = EDGE_CURVE('',#11774,#11782,#11784,.T.);
#11782 = VERTEX_POINT('',#11783);
#11783 = CARTESIAN_POINT('',(21.409631729126,14.165414810181,2.));
#11784 = LINE('',#11785,#11786);
#11785 = CARTESIAN_POINT('',(21.34125328064,14.290640830994,2.));
#11786 = VECTOR('',#11787,1.);
#11787 = DIRECTION('',(0.479248273091,-0.877679379238,0.));
#11788 = ORIENTED_EDGE('',*,*,#11789,.T.);
#11789 = EDGE_CURVE('',#11782,#11790,#11792,.T.);
#11790 = VERTEX_POINT('',#11791);
#11791 = CARTESIAN_POINT('',(21.459493637085,14.031732559204,2.));
#11792 = LINE('',#11793,#11794);
#11793 = CARTESIAN_POINT('',(21.409631729126,14.165414810181,2.));
#11794 = VECTOR('',#11795,1.);
#11795 = DIRECTION('',(0.349470370733,-0.936947415803,0.));
#11796 = ORIENTED_EDGE('',*,*,#11797,.T.);
#11797 = EDGE_CURVE('',#11790,#11798,#11800,.T.);
#11798 = VERTEX_POINT('',#11799);
#11799 = CARTESIAN_POINT('',(21.489822387695,13.892314910889,2.));
#11800 = LINE('',#11801,#11802);
#11801 = CARTESIAN_POINT('',(21.459493637085,14.031732559204,2.));
#11802 = VECTOR('',#11803,1.);
#11803 = DIRECTION('',(0.212567281295,-0.977146432692,0.));
#11804 = ORIENTED_EDGE('',*,*,#11805,.T.);
#11805 = EDGE_CURVE('',#11798,#8426,#11806,.T.);
#11806 = LINE('',#11807,#11808);
#11807 = CARTESIAN_POINT('',(21.489822387695,13.892314910889,2.));
#11808 = VECTOR('',#11809,1.);
#11809 = DIRECTION('',(7.13325517231E-02,-0.997452588881,0.));
#11810 = ORIENTED_EDGE('',*,*,#8425,.T.);
#11811 = ORIENTED_EDGE('',*,*,#11812,.T.);
#11812 = EDGE_CURVE('',#8418,#11813,#11815,.T.);
#11813 = VERTEX_POINT('',#11814);
#11814 = CARTESIAN_POINT('',(21.489822387695,-13.89231491088,2.));
#11815 = LINE('',#11816,#11817);
#11816 = CARTESIAN_POINT('',(21.5,-13.75,2.));
#11817 = VECTOR('',#11818,1.);
#11818 = DIRECTION('',(-7.13325517231E-02,-0.997452588881,0.));
#11819 = ORIENTED_EDGE('',*,*,#11820,.T.);
#11820 = EDGE_CURVE('',#11813,#11821,#11823,.T.);
#11821 = VERTEX_POINT('',#11822);
#11822 = CARTESIAN_POINT('',(21.459493637085,-14.0317325592,2.));
#11823 = LINE('',#11824,#11825);
#11824 = CARTESIAN_POINT('',(21.489822387695,-13.89231491088,2.));
#11825 = VECTOR('',#11826,1.);
#11826 = DIRECTION('',(-0.212567281295,-0.977146432692,0.));
#11827 = ORIENTED_EDGE('',*,*,#11828,.T.);
#11828 = EDGE_CURVE('',#11821,#11829,#11831,.T.);
#11829 = VERTEX_POINT('',#11830);
#11830 = CARTESIAN_POINT('',(21.409631729126,-14.16541481018,2.));
#11831 = LINE('',#11832,#11833);
#11832 = CARTESIAN_POINT('',(21.459493637085,-14.0317325592,2.));
#11833 = VECTOR('',#11834,1.);
#11834 = DIRECTION('',(-0.349470370733,-0.936947415803,0.));
#11835 = ORIENTED_EDGE('',*,*,#11836,.T.);
#11836 = EDGE_CURVE('',#11829,#11837,#11839,.T.);
#11837 = VERTEX_POINT('',#11838);
#11838 = CARTESIAN_POINT('',(21.34125328064,-14.29064083099,2.));
#11839 = LINE('',#11840,#11841);
#11840 = CARTESIAN_POINT('',(21.409631729126,-14.16541481018,2.));
#11841 = VECTOR('',#11842,1.);
#11842 = DIRECTION('',(-0.479248273091,-0.877679379238,0.));
#11843 = ORIENTED_EDGE('',*,*,#11844,.T.);
#11844 = EDGE_CURVE('',#11837,#11845,#11847,.T.);
#11845 = VERTEX_POINT('',#11846);
#11846 = CARTESIAN_POINT('',(21.255748748779,-14.40486049652,2.));
#11847 = LINE('',#11848,#11849);
#11848 = CARTESIAN_POINT('',(21.34125328064,-14.29064083099,2.));
#11849 = VECTOR('',#11850,1.);
#11850 = DIRECTION('',(-0.599281085804,-0.800538681262,0.));
#11851 = ORIENTED_EDGE('',*,*,#11852,.T.);
#11852 = EDGE_CURVE('',#11845,#11853,#11855,.T.);
#11853 = VERTEX_POINT('',#11854);
#11854 = CARTESIAN_POINT('',(21.154861450195,-14.50574970245,2.));
#11855 = LINE('',#11856,#11857);
#11856 = CARTESIAN_POINT('',(21.255748748779,-14.40486049652,2.));
#11857 = VECTOR('',#11858,1.);
#11858 = DIRECTION('',(-0.707100097031,-0.707113465279,0.));
#11859 = ORIENTED_EDGE('',*,*,#11860,.T.);
#11860 = EDGE_CURVE('',#11853,#11861,#11863,.T.);
#11861 = VERTEX_POINT('',#11862);
#11862 = CARTESIAN_POINT('',(21.040639877319,-14.59125328064,2.));
#11863 = LINE('',#11864,#11865);
#11864 = CARTESIAN_POINT('',(21.154861450195,-14.50574970245,2.));
#11865 = VECTOR('',#11866,1.);
#11866 = DIRECTION('',(-0.800546688819,-0.599270388907,0.));
#11867 = ORIENTED_EDGE('',*,*,#11868,.T.);
#11868 = EDGE_CURVE('',#11861,#11869,#11871,.T.);
#11869 = VERTEX_POINT('',#11870);
#11870 = CARTESIAN_POINT('',(20.915414810181,-14.65963172912,2.));
#11871 = LINE('',#11872,#11873);
#11872 = CARTESIAN_POINT('',(21.040639877319,-14.59125328064,2.));
#11873 = VECTOR('',#11874,1.);
#11874 = DIRECTION('',(-0.877677844033,-0.479251084604,0.));
#11875 = ORIENTED_EDGE('',*,*,#11876,.T.);
#11876 = EDGE_CURVE('',#11869,#11877,#11879,.T.);
#11877 = VERTEX_POINT('',#11878);
#11878 = CARTESIAN_POINT('',(20.781732559204,-14.70949268341,2.));
#11879 = LINE('',#11880,#11881);
#11880 = CARTESIAN_POINT('',(20.915414810181,-14.65963172912,2.));
#11881 = VECTOR('',#11882,1.);
#11882 = DIRECTION('',(-0.936949604393,-0.349464502957,0.));
#11883 = ORIENTED_EDGE('',*,*,#11884,.T.);
#11884 = EDGE_CURVE('',#11877,#11885,#11887,.T.);
#11885 = VERTEX_POINT('',#11886);
#11886 = CARTESIAN_POINT('',(20.642314910889,-14.73982143402,2.));
#11887 = LINE('',#11888,#11889);
#11888 = CARTESIAN_POINT('',(20.781732559204,-14.70949268341,2.));
#11889 = VECTOR('',#11890,1.);
#11890 = DIRECTION('',(-0.977146432692,-0.212567281295,0.));
#11891 = ORIENTED_EDGE('',*,*,#11892,.T.);
#11892 = EDGE_CURVE('',#11885,#8134,#11893,.T.);
#11893 = LINE('',#11894,#11895);
#11894 = CARTESIAN_POINT('',(20.642314910889,-14.73982143402,2.));
#11895 = VECTOR('',#11896,1.);
#11896 = DIRECTION('',(-0.99745211328,-7.133920179217E-02,0.));
#11897 = ORIENTED_EDGE('',*,*,#8150,.T.);
#11898 = ORIENTED_EDGE('',*,*,#11899,.T.);
#11899 = EDGE_CURVE('',#8143,#11900,#11902,.T.);
#11900 = VERTEX_POINT('',#11901);
#11901 = CARTESIAN_POINT('',(-20.64231491088,-14.73982143402,2.));
#11902 = LINE('',#11903,#11904);
#11903 = CARTESIAN_POINT('',(-20.5,-14.75,2.));
#11904 = VECTOR('',#11905,1.);
#11905 = DIRECTION('',(-0.99745211328,7.133920179217E-02,0.));
#11906 = ORIENTED_EDGE('',*,*,#11907,.T.);
#11907 = EDGE_CURVE('',#11900,#11908,#11910,.T.);
#11908 = VERTEX_POINT('',#11909);
#11909 = CARTESIAN_POINT('',(-20.7817325592,-14.70949268341,2.));
#11910 = LINE('',#11911,#11912);
#11911 = CARTESIAN_POINT('',(-20.64231491088,-14.73982143402,2.));
#11912 = VECTOR('',#11913,1.);
#11913 = DIRECTION('',(-0.977146432692,0.212567281295,0.));
#11914 = ORIENTED_EDGE('',*,*,#11915,.T.);
#11915 = EDGE_CURVE('',#11908,#11916,#11918,.T.);
#11916 = VERTEX_POINT('',#11917);
#11917 = CARTESIAN_POINT('',(-20.91541481018,-14.65963172912,2.));
#11918 = LINE('',#11919,#11920);
#11919 = CARTESIAN_POINT('',(-20.7817325592,-14.70949268341,2.));
#11920 = VECTOR('',#11921,1.);
#11921 = DIRECTION('',(-0.936949604393,0.349464502957,0.));
#11922 = ORIENTED_EDGE('',*,*,#11923,.T.);
#11923 = EDGE_CURVE('',#11916,#11924,#11926,.T.);
#11924 = VERTEX_POINT('',#11925);
#11925 = CARTESIAN_POINT('',(-21.04063987731,-14.59125328064,2.));
#11926 = LINE('',#11927,#11928);
#11927 = CARTESIAN_POINT('',(-20.91541481018,-14.65963172912,2.));
#11928 = VECTOR('',#11929,1.);
#11929 = DIRECTION('',(-0.877677844033,0.479251084604,0.));
#11930 = ORIENTED_EDGE('',*,*,#11931,.T.);
#11931 = EDGE_CURVE('',#11924,#11932,#11934,.T.);
#11932 = VERTEX_POINT('',#11933);
#11933 = CARTESIAN_POINT('',(-21.15486145019,-14.50574970245,2.));
#11934 = LINE('',#11935,#11936);
#11935 = CARTESIAN_POINT('',(-21.04063987731,-14.59125328064,2.));
#11936 = VECTOR('',#11937,1.);
#11937 = DIRECTION('',(-0.800546688819,0.599270388907,0.));
#11938 = ORIENTED_EDGE('',*,*,#11939,.T.);
#11939 = EDGE_CURVE('',#11932,#11940,#11942,.T.);
#11940 = VERTEX_POINT('',#11941);
#11941 = CARTESIAN_POINT('',(-21.25574874877,-14.40486049652,2.));
#11942 = LINE('',#11943,#11944);
#11943 = CARTESIAN_POINT('',(-21.15486145019,-14.50574970245,2.));
#11944 = VECTOR('',#11945,1.);
#11945 = DIRECTION('',(-0.707100097031,0.707113465279,0.));
#11946 = ORIENTED_EDGE('',*,*,#11947,.T.);
#11947 = EDGE_CURVE('',#11940,#11948,#11950,.T.);
#11948 = VERTEX_POINT('',#11949);
#11949 = CARTESIAN_POINT('',(-21.34125328064,-14.29064083099,2.));
#11950 = LINE('',#11951,#11952);
#11951 = CARTESIAN_POINT('',(-21.25574874877,-14.40486049652,2.));
#11952 = VECTOR('',#11953,1.);
#11953 = DIRECTION('',(-0.599281085804,0.800538681262,0.));
#11954 = ORIENTED_EDGE('',*,*,#11955,.T.);
#11955 = EDGE_CURVE('',#11948,#11956,#11958,.T.);
#11956 = VERTEX_POINT('',#11957);
#11957 = CARTESIAN_POINT('',(-21.40963172912,-14.16541481018,2.));
#11958 = LINE('',#11959,#11960);
#11959 = CARTESIAN_POINT('',(-21.34125328064,-14.29064083099,2.));
#11960 = VECTOR('',#11961,1.);
#11961 = DIRECTION('',(-0.479248273091,0.877679379238,0.));
#11962 = ORIENTED_EDGE('',*,*,#11963,.T.);
#11963 = EDGE_CURVE('',#11956,#11964,#11966,.T.);
#11964 = VERTEX_POINT('',#11965);
#11965 = CARTESIAN_POINT('',(-21.45949363708,-14.0317325592,2.));
#11966 = LINE('',#11967,#11968);
#11967 = CARTESIAN_POINT('',(-21.40963172912,-14.16541481018,2.));
#11968 = VECTOR('',#11969,1.);
#11969 = DIRECTION('',(-0.349470370733,0.936947415803,0.));
#11970 = ORIENTED_EDGE('',*,*,#11971,.T.);
#11971 = EDGE_CURVE('',#11964,#11972,#11974,.T.);
#11972 = VERTEX_POINT('',#11973);
#11973 = CARTESIAN_POINT('',(-21.48982238769,-13.89231491088,2.));
#11974 = LINE('',#11975,#11976);
#11975 = CARTESIAN_POINT('',(-21.45949363708,-14.0317325592,2.));
#11976 = VECTOR('',#11977,1.);
#11977 = DIRECTION('',(-0.212567281295,0.977146432692,0.));
#11978 = ORIENTED_EDGE('',*,*,#11979,.T.);
#11979 = EDGE_CURVE('',#11972,#7816,#11980,.T.);
#11980 = LINE('',#11981,#11982);
#11981 = CARTESIAN_POINT('',(-21.48982238769,-13.89231491088,2.));
#11982 = VECTOR('',#11983,1.);
#11983 = DIRECTION('',(-7.13325517231E-02,0.997452588881,0.));
#11984 = PLANE('',#11985);
#11985 = AXIS2_PLACEMENT_3D('',#11986,#11987,#11988);
#11986 = CARTESIAN_POINT('',(1.570114160485E-16,-2.47367042265E-16,2.));
#11987 = DIRECTION('',(0.,0.,1.));
#11988 = DIRECTION('',(1.,0.,0.));
#11989 = ADVANCED_FACE('',(#11990),#12006,.T.);
#11990 = FACE_BOUND('',#11991,.T.);
#11991 = EDGE_LOOP('',(#11992,#11998,#12004,#12005));
#11992 = ORIENTED_EDGE('',*,*,#11993,.F.);
#11993 = EDGE_CURVE('',#11017,#11622,#11994,.T.);
#11994 = LINE('',#11995,#11996);
#11995 = CARTESIAN_POINT('',(-22.49013900756,14.138151168823,-0.5));
#11996 = VECTOR('',#11997,1.);
#11997 = DIRECTION('',(0.,0.,1.));
#11998 = ORIENTED_EDGE('',*,*,#11999,.F.);
#11999 = EDGE_CURVE('',#7387,#11017,#12000,.T.);
#12000 = LINE('',#12001,#12002);
#12001 = CARTESIAN_POINT('',(-22.83127556147,7.629140350982,0.));
#12002 = VECTOR('',#12003,1.);
#12003 = DIRECTION('',(5.233806027225E-02,0.998629424485,0.));
#12004 = ORIENTED_EDGE('',*,*,#7386,.F.);
#12005 = ORIENTED_EDGE('',*,*,#11629,.F.);
#12006 = PLANE('',#12007);
#12007 = AXIS2_PLACEMENT_3D('',#12008,#12009,#12010);
#12008 = CARTESIAN_POINT('',(-22.49506950378,14.044075489044,0.75));
#12009 = DIRECTION('',(-0.998629424485,5.233806027225E-02,0.));
#12010 = DIRECTION('',(-5.233806027225E-02,-0.998629424485,0.));
#12011 = ADVANCED_FACE('',(#12012),#12157,.T.);
#12012 = FACE_BOUND('',#12013,.T.);
#12013 = EDGE_LOOP('',(#12014,#12023,#12024,#12025,#12033,#12042,#12051,
    #12060,#12069,#12078,#12087,#12096,#12105,#12114,#12123,#12132,
    #12141,#12150));
#12014 = ORIENTED_EDGE('',*,*,#12015,.F.);
#12015 = EDGE_CURVE('',#7435,#12016,#12018,.T.);
#12016 = VERTEX_POINT('',#12017);
#12017 = CARTESIAN_POINT('',(22.490139201395,14.138151189194,0.));
#12018 = CIRCLE('',#12019,1.800000190735);
#12019 = AXIS2_PLACEMENT_3D('',#12020,#12021,#12022);
#12020 = CARTESIAN_POINT('',(20.699999809265,13.949999809265,0.));
#12021 = DIRECTION('',(0.,0.,1.));
#12022 = DIRECTION('',(1.,0.,0.));
#12023 = ORIENTED_EDGE('',*,*,#7434,.T.);
#12024 = ORIENTED_EDGE('',*,*,#10907,.T.);
#12025 = ORIENTED_EDGE('',*,*,#12026,.F.);
#12026 = EDGE_CURVE('',#12027,#10900,#12029,.T.);
#12027 = VERTEX_POINT('',#12028);
#12028 = CARTESIAN_POINT('',(20.699999809265,15.75,0.));
#12029 = LINE('',#12030,#12031);
#12030 = CARTESIAN_POINT('',(20.699999809265,15.75,0.));
#12031 = VECTOR('',#12032,1.);
#12032 = DIRECTION('',(-0.,-0.,-1.));
#12033 = ORIENTED_EDGE('',*,*,#12034,.F.);
#12034 = EDGE_CURVE('',#12035,#12027,#12037,.T.);
#12035 = VERTEX_POINT('',#12036);
#12036 = CARTESIAN_POINT('',(20.888151189186,15.740139201396,0.));
#12037 = CIRCLE('',#12038,1.800000190735);
#12038 = AXIS2_PLACEMENT_3D('',#12039,#12040,#12041);
#12039 = CARTESIAN_POINT('',(20.699999809265,13.949999809265,0.));
#12040 = DIRECTION('',(0.,0.,1.));
#12041 = DIRECTION('',(1.,0.,0.));
#12042 = ORIENTED_EDGE('',*,*,#12043,.F.);
#12043 = EDGE_CURVE('',#12044,#12035,#12046,.T.);
#12044 = VERTEX_POINT('',#12045);
#12045 = CARTESIAN_POINT('',(21.074241619458,15.710665614705,0.));
#12046 = CIRCLE('',#12047,1.800000190735);
#12047 = AXIS2_PLACEMENT_3D('',#12048,#12049,#12050);
#12048 = CARTESIAN_POINT('',(20.699999809265,13.949999809265,0.));
#12049 = DIRECTION('',(0.,0.,1.));
#12050 = DIRECTION('',(1.,0.,0.));
#12051 = ORIENTED_EDGE('',*,*,#12052,.F.);
#12052 = EDGE_CURVE('',#12053,#12044,#12055,.T.);
#12053 = VERTEX_POINT('',#12054);
#12054 = CARTESIAN_POINT('',(21.256231303552,15.661901460362,0.));
#12055 = CIRCLE('',#12056,1.800000190735);
#12056 = AXIS2_PLACEMENT_3D('',#12057,#12058,#12059);
#12057 = CARTESIAN_POINT('',(20.699999809265,13.949999809265,0.));
#12058 = DIRECTION('',(0.,0.,1.));
#12059 = DIRECTION('',(1.,0.,0.));
#12060 = ORIENTED_EDGE('',*,*,#12061,.F.);
#12061 = EDGE_CURVE('',#12062,#12053,#12064,.T.);
#12062 = VERTEX_POINT('',#12063);
#12063 = CARTESIAN_POINT('',(21.43212506487,15.594382226139,0.));
#12064 = CIRCLE('',#12065,1.800000190735);
#12065 = AXIS2_PLACEMENT_3D('',#12066,#12067,#12068);
#12066 = CARTESIAN_POINT('',(20.699999809265,13.949999809265,0.));
#12067 = DIRECTION('',(0.,0.,1.));
#12068 = DIRECTION('',(1.,0.,0.));
#12069 = ORIENTED_EDGE('',*,*,#12070,.F.);
#12070 = EDGE_CURVE('',#12071,#12062,#12073,.T.);
#12071 = VERTEX_POINT('',#12072);
#12072 = CARTESIAN_POINT('',(21.600000402404,15.508845365534,0.));
#12073 = CIRCLE('',#12074,1.800000190735);
#12074 = AXIS2_PLACEMENT_3D('',#12075,#12076,#12077);
#12075 = CARTESIAN_POINT('',(20.699999809265,13.949999809265,0.));
#12076 = DIRECTION('',(0.,0.,1.));
#12077 = DIRECTION('',(1.,0.,0.));
#12078 = ORIENTED_EDGE('',*,*,#12079,.F.);
#12079 = EDGE_CURVE('',#12080,#12071,#12082,.T.);
#12080 = VERTEX_POINT('',#12081);
#12081 = CARTESIAN_POINT('',(21.758012787225,15.406230948012,0.));
#12082 = CIRCLE('',#12083,1.800000190735);
#12083 = AXIS2_PLACEMENT_3D('',#12084,#12085,#12086);
#12084 = CARTESIAN_POINT('',(20.699999809265,13.949999809265,0.));
#12085 = DIRECTION('',(0.,0.,1.));
#12086 = DIRECTION('',(1.,0.,0.));
#12087 = ORIENTED_EDGE('',*,*,#12088,.F.);
#12088 = EDGE_CURVE('',#12089,#12080,#12091,.T.);
#12089 = VERTEX_POINT('',#12090);
#12090 = CARTESIAN_POINT('',(21.904434398092,15.287660814215,0.));
#12091 = CIRCLE('',#12092,1.800000190735);
#12092 = AXIS2_PLACEMENT_3D('',#12093,#12094,#12095);
#12093 = CARTESIAN_POINT('',(20.699999809265,13.949999809265,0.));
#12094 = DIRECTION('',(0.,0.,1.));
#12095 = DIRECTION('',(1.,0.,0.));
#12096 = ORIENTED_EDGE('',*,*,#12097,.F.);
#12097 = EDGE_CURVE('',#12098,#12089,#12100,.T.);
#12098 = VERTEX_POINT('',#12099);
#12099 = CARTESIAN_POINT('',(22.037660577095,15.154435138277,0.));
#12100 = CIRCLE('',#12101,1.800000190735);
#12101 = AXIS2_PLACEMENT_3D('',#12102,#12103,#12104);
#12102 = CARTESIAN_POINT('',(20.699999809265,13.949999809265,0.));
#12103 = DIRECTION('',(0.,0.,1.));
#12104 = DIRECTION('',(1.,0.,0.));
#12105 = ORIENTED_EDGE('',*,*,#12106,.F.);
#12106 = EDGE_CURVE('',#12107,#12098,#12109,.T.);
#12107 = VERTEX_POINT('',#12108);
#12108 = CARTESIAN_POINT('',(22.156230721262,15.008013576155,0.));
#12109 = CIRCLE('',#12110,1.800000190735);
#12110 = AXIS2_PLACEMENT_3D('',#12111,#12112,#12113);
#12111 = CARTESIAN_POINT('',(20.699999809265,13.949999809265,0.));
#12112 = DIRECTION('',(0.,0.,1.));
#12113 = DIRECTION('',(1.,0.,0.));
#12114 = ORIENTED_EDGE('',*,*,#12115,.F.);
#12115 = EDGE_CURVE('',#12116,#12107,#12118,.T.);
#12116 = VERTEX_POINT('',#12117);
#12117 = CARTESIAN_POINT('',(22.258845961593,14.850000195906,0.));
#12118 = CIRCLE('',#12119,1.800000190735);
#12119 = AXIS2_PLACEMENT_3D('',#12120,#12121,#12122);
#12120 = CARTESIAN_POINT('',(20.699999809265,13.949999809265,0.));
#12121 = DIRECTION('',(0.,0.,1.));
#12122 = DIRECTION('',(1.,0.,0.));
#12123 = ORIENTED_EDGE('',*,*,#12124,.F.);
#12124 = EDGE_CURVE('',#12125,#12116,#12127,.T.);
#12125 = VERTEX_POINT('',#12126);
#12126 = CARTESIAN_POINT('',(22.344381493237,14.68212611684,0.));
#12127 = CIRCLE('',#12128,1.800000190735);
#12128 = AXIS2_PLACEMENT_3D('',#12129,#12130,#12131);
#12129 = CARTESIAN_POINT('',(20.699999809265,13.949999809265,0.));
#12130 = DIRECTION('',(0.,0.,1.));
#12131 = DIRECTION('',(1.,0.,0.));
#12132 = ORIENTED_EDGE('',*,*,#12133,.F.);
#12133 = EDGE_CURVE('',#12134,#12125,#12136,.T.);
#12134 = VERTEX_POINT('',#12135);
#12135 = CARTESIAN_POINT('',(22.411901600504,14.506230395404,0.));
#12136 = CIRCLE('',#12137,1.800000190735);
#12137 = AXIS2_PLACEMENT_3D('',#12138,#12139,#12140);
#12138 = CARTESIAN_POINT('',(20.699999809265,13.949999809265,0.));
#12139 = DIRECTION('',(0.,0.,1.));
#12140 = DIRECTION('',(1.,0.,0.));
#12141 = ORIENTED_EDGE('',*,*,#12142,.F.);
#12142 = EDGE_CURVE('',#12143,#12134,#12145,.T.);
#12143 = VERTEX_POINT('',#12144);
#12144 = CARTESIAN_POINT('',(22.460665214234,14.324240783346,0.));
#12145 = CIRCLE('',#12146,1.800000190735);
#12146 = AXIS2_PLACEMENT_3D('',#12147,#12148,#12149);
#12147 = CARTESIAN_POINT('',(20.699999809265,13.949999809265,0.));
#12148 = DIRECTION('',(0.,0.,1.));
#12149 = DIRECTION('',(1.,0.,0.));
#12150 = ORIENTED_EDGE('',*,*,#12151,.F.);
#12151 = EDGE_CURVE('',#12016,#12143,#12152,.T.);
#12152 = CIRCLE('',#12153,1.800000190735);
#12153 = AXIS2_PLACEMENT_3D('',#12154,#12155,#12156);
#12154 = CARTESIAN_POINT('',(20.699999809265,13.949999809265,0.));
#12155 = DIRECTION('',(0.,0.,1.));
#12156 = DIRECTION('',(1.,0.,0.));
#12157 = CYLINDRICAL_SURFACE('',#12158,1.800000190735);
#12158 = AXIS2_PLACEMENT_3D('',#12159,#12160,#12161);
#12159 = CARTESIAN_POINT('',(20.699999809265,13.949999809265,0.));
#12160 = DIRECTION('',(0.,0.,1.));
#12161 = DIRECTION('',(1.,0.,0.));
#12162 = ADVANCED_FACE('',(#12163),#12179,.T.);
#12163 = FACE_BOUND('',#12164,.T.);
#12164 = EDGE_LOOP('',(#12165,#12166,#12167,#12173));
#12165 = ORIENTED_EDGE('',*,*,#11389,.T.);
#12166 = ORIENTED_EDGE('',*,*,#7444,.T.);
#12167 = ORIENTED_EDGE('',*,*,#12168,.F.);
#12168 = EDGE_CURVE('',#12016,#7435,#12169,.T.);
#12169 = LINE('',#12170,#12171);
#12170 = CARTESIAN_POINT('',(22.83127556146,7.629140351243,0.));
#12171 = VECTOR('',#12172,1.);
#12172 = DIRECTION('',(5.233806027225E-02,-0.998629424485,0.));
#12173 = ORIENTED_EDGE('',*,*,#12174,.T.);
#12174 = EDGE_CURVE('',#12016,#11390,#12175,.T.);
#12175 = LINE('',#12176,#12177);
#12176 = CARTESIAN_POINT('',(22.490139007568,14.138151168823,-0.5));
#12177 = VECTOR('',#12178,1.);
#12178 = DIRECTION('',(0.,0.,1.));
#12179 = PLANE('',#12180);
#12180 = AXIS2_PLACEMENT_3D('',#12181,#12182,#12183);
#12181 = CARTESIAN_POINT('',(22.495069503784,14.044075489044,0.75));
#12182 = DIRECTION('',(0.998629424485,5.233806027225E-02,0.));
#12183 = DIRECTION('',(-5.233806027225E-02,0.998629424485,0.));
#12184 = ADVANCED_FACE('',(#12185),#12330,.T.);
#12185 = FACE_BOUND('',#12186,.T.);
#12186 = EDGE_LOOP('',(#12187,#12198,#12204,#12205,#12206,#12215,#12224,
    #12233,#12242,#12251,#12260,#12269,#12278,#12287,#12296,#12305,
    #12314,#12323));
#12187 = ORIENTED_EDGE('',*,*,#12188,.F.);
#12188 = EDGE_CURVE('',#12189,#12191,#12193,.T.);
#12189 = VERTEX_POINT('',#12190);
#12190 = CARTESIAN_POINT('',(20.699999809265,-15.75,0.));
#12191 = VERTEX_POINT('',#12192);
#12192 = CARTESIAN_POINT('',(20.888151189189,-15.74013920139,0.));
#12193 = CIRCLE('',#12194,1.800000190735);
#12194 = AXIS2_PLACEMENT_3D('',#12195,#12196,#12197);
#12195 = CARTESIAN_POINT('',(20.699999809265,-13.94999980926,0.));
#12196 = DIRECTION('',(0.,0.,1.));
#12197 = DIRECTION('',(1.,0.,0.));
#12198 = ORIENTED_EDGE('',*,*,#12199,.F.);
#12199 = EDGE_CURVE('',#10916,#12189,#12200,.T.);
#12200 = LINE('',#12201,#12202);
#12201 = CARTESIAN_POINT('',(20.700000762939,-15.75,-0.5));
#12202 = VECTOR('',#12203,1.);
#12203 = DIRECTION('',(0.,0.,1.));
#12204 = ORIENTED_EDGE('',*,*,#10915,.T.);
#12205 = ORIENTED_EDGE('',*,*,#7468,.F.);
#12206 = ORIENTED_EDGE('',*,*,#12207,.F.);
#12207 = EDGE_CURVE('',#12208,#7461,#12210,.T.);
#12208 = VERTEX_POINT('',#12209);
#12209 = CARTESIAN_POINT('',(22.490139201396,-14.13815118918,0.));
#12210 = CIRCLE('',#12211,1.800000190735);
#12211 = AXIS2_PLACEMENT_3D('',#12212,#12213,#12214);
#12212 = CARTESIAN_POINT('',(20.699999809265,-13.94999980926,0.));
#12213 = DIRECTION('',(0.,0.,1.));
#12214 = DIRECTION('',(1.,0.,0.));
#12215 = ORIENTED_EDGE('',*,*,#12216,.F.);
#12216 = EDGE_CURVE('',#12217,#12208,#12219,.T.);
#12217 = VERTEX_POINT('',#12218);
#12218 = CARTESIAN_POINT('',(22.460665214234,-14.32424078334,0.));
#12219 = CIRCLE('',#12220,1.800000190735);
#12220 = AXIS2_PLACEMENT_3D('',#12221,#12222,#12223);
#12221 = CARTESIAN_POINT('',(20.699999809265,-13.94999980926,0.));
#12222 = DIRECTION('',(0.,0.,1.));
#12223 = DIRECTION('',(1.,0.,0.));
#12224 = ORIENTED_EDGE('',*,*,#12225,.F.);
#12225 = EDGE_CURVE('',#12226,#12217,#12228,.T.);
#12226 = VERTEX_POINT('',#12227);
#12227 = CARTESIAN_POINT('',(22.4119016005,-14.50623039541,0.));
#12228 = CIRCLE('',#12229,1.800000190735);
#12229 = AXIS2_PLACEMENT_3D('',#12230,#12231,#12232);
#12230 = CARTESIAN_POINT('',(20.699999809265,-13.94999980926,0.));
#12231 = DIRECTION('',(0.,0.,1.));
#12232 = DIRECTION('',(1.,0.,0.));
#12233 = ORIENTED_EDGE('',*,*,#12234,.F.);
#12234 = EDGE_CURVE('',#12235,#12226,#12237,.T.);
#12235 = VERTEX_POINT('',#12236);
#12236 = CARTESIAN_POINT('',(22.344381493239,-14.68212611683,0.));
#12237 = CIRCLE('',#12238,1.800000190735);
#12238 = AXIS2_PLACEMENT_3D('',#12239,#12240,#12241);
#12239 = CARTESIAN_POINT('',(20.699999809265,-13.94999980926,0.));
#12240 = DIRECTION('',(0.,0.,1.));
#12241 = DIRECTION('',(1.,0.,0.));
#12242 = ORIENTED_EDGE('',*,*,#12243,.F.);
#12243 = EDGE_CURVE('',#12244,#12235,#12246,.T.);
#12244 = VERTEX_POINT('',#12245);
#12245 = CARTESIAN_POINT('',(22.258845961588,-14.85000019591,0.));
#12246 = CIRCLE('',#12247,1.800000190735);
#12247 = AXIS2_PLACEMENT_3D('',#12248,#12249,#12250);
#12248 = CARTESIAN_POINT('',(20.699999809265,-13.94999980926,0.));
#12249 = DIRECTION('',(0.,0.,1.));
#12250 = DIRECTION('',(1.,0.,0.));
#12251 = ORIENTED_EDGE('',*,*,#12252,.F.);
#12252 = EDGE_CURVE('',#12253,#12244,#12255,.T.);
#12253 = VERTEX_POINT('',#12254);
#12254 = CARTESIAN_POINT('',(22.156230721259,-15.00801357616,0.));
#12255 = CIRCLE('',#12256,1.800000190735);
#12256 = AXIS2_PLACEMENT_3D('',#12257,#12258,#12259);
#12257 = CARTESIAN_POINT('',(20.699999809265,-13.94999980926,0.));
#12258 = DIRECTION('',(0.,0.,1.));
#12259 = DIRECTION('',(1.,0.,0.));
#12260 = ORIENTED_EDGE('',*,*,#12261,.F.);
#12261 = EDGE_CURVE('',#12262,#12253,#12264,.T.);
#12262 = VERTEX_POINT('',#12263);
#12263 = CARTESIAN_POINT('',(22.037660577096,-15.15443513827,0.));
#12264 = CIRCLE('',#12265,1.800000190735);
#12265 = AXIS2_PLACEMENT_3D('',#12266,#12267,#12268);
#12266 = CARTESIAN_POINT('',(20.699999809265,-13.94999980926,0.));
#12267 = DIRECTION('',(0.,0.,1.));
#12268 = DIRECTION('',(1.,0.,0.));
#12269 = ORIENTED_EDGE('',*,*,#12270,.F.);
#12270 = EDGE_CURVE('',#12271,#12262,#12273,.T.);
#12271 = VERTEX_POINT('',#12272);
#12272 = CARTESIAN_POINT('',(21.90443439811,-15.28766081419,0.));
#12273 = CIRCLE('',#12274,1.800000190735);
#12274 = AXIS2_PLACEMENT_3D('',#12275,#12276,#12277);
#12275 = CARTESIAN_POINT('',(20.699999809265,-13.94999980926,0.));
#12276 = DIRECTION('',(0.,0.,1.));
#12277 = DIRECTION('',(1.,0.,0.));
#12278 = ORIENTED_EDGE('',*,*,#12279,.F.);
#12279 = EDGE_CURVE('',#12280,#12271,#12282,.T.);
#12280 = VERTEX_POINT('',#12281);
#12281 = CARTESIAN_POINT('',(21.758012787225,-15.40623094801,0.));
#12282 = CIRCLE('',#12283,1.800000190735);
#12283 = AXIS2_PLACEMENT_3D('',#12284,#12285,#12286);
#12284 = CARTESIAN_POINT('',(20.699999809265,-13.94999980926,0.));
#12285 = DIRECTION('',(0.,0.,1.));
#12286 = DIRECTION('',(1.,0.,0.));
#12287 = ORIENTED_EDGE('',*,*,#12288,.F.);
#12288 = EDGE_CURVE('',#12289,#12280,#12291,.T.);
#12289 = VERTEX_POINT('',#12290);
#12290 = CARTESIAN_POINT('',(21.6000004024,-15.50884536553,0.));
#12291 = CIRCLE('',#12292,1.800000190735);
#12292 = AXIS2_PLACEMENT_3D('',#12293,#12294,#12295);
#12293 = CARTESIAN_POINT('',(20.699999809265,-13.94999980926,0.));
#12294 = DIRECTION('',(0.,0.,1.));
#12295 = DIRECTION('',(1.,0.,0.));
#12296 = ORIENTED_EDGE('',*,*,#12297,.F.);
#12297 = EDGE_CURVE('',#12298,#12289,#12300,.T.);
#12298 = VERTEX_POINT('',#12299);
#12299 = CARTESIAN_POINT('',(21.43212506487,-15.59438222613,0.));
#12300 = CIRCLE('',#12301,1.800000190735);
#12301 = AXIS2_PLACEMENT_3D('',#12302,#12303,#12304);
#12302 = CARTESIAN_POINT('',(20.699999809265,-13.94999980926,0.));
#12303 = DIRECTION('',(0.,0.,1.));
#12304 = DIRECTION('',(1.,0.,0.));
#12305 = ORIENTED_EDGE('',*,*,#12306,.F.);
#12306 = EDGE_CURVE('',#12307,#12298,#12309,.T.);
#12307 = VERTEX_POINT('',#12308);
#12308 = CARTESIAN_POINT('',(21.256231303549,-15.66190146036,0.));
#12309 = CIRCLE('',#12310,1.800000190735);
#12310 = AXIS2_PLACEMENT_3D('',#12311,#12312,#12313);
#12311 = CARTESIAN_POINT('',(20.699999809265,-13.94999980926,0.));
#12312 = DIRECTION('',(0.,0.,1.));
#12313 = DIRECTION('',(1.,0.,0.));
#12314 = ORIENTED_EDGE('',*,*,#12315,.F.);
#12315 = EDGE_CURVE('',#12316,#12307,#12318,.T.);
#12316 = VERTEX_POINT('',#12317);
#12317 = CARTESIAN_POINT('',(21.074241619458,-15.7106656147,0.));
#12318 = CIRCLE('',#12319,1.800000190735);
#12319 = AXIS2_PLACEMENT_3D('',#12320,#12321,#12322);
#12320 = CARTESIAN_POINT('',(20.699999809265,-13.94999980926,0.));
#12321 = DIRECTION('',(0.,0.,1.));
#12322 = DIRECTION('',(1.,0.,0.));
#12323 = ORIENTED_EDGE('',*,*,#12324,.F.);
#12324 = EDGE_CURVE('',#12191,#12316,#12325,.T.);
#12325 = CIRCLE('',#12326,1.800000190735);
#12326 = AXIS2_PLACEMENT_3D('',#12327,#12328,#12329);
#12327 = CARTESIAN_POINT('',(20.699999809265,-13.94999980926,0.));
#12328 = DIRECTION('',(0.,0.,1.));
#12329 = DIRECTION('',(1.,0.,0.));
#12330 = CYLINDRICAL_SURFACE('',#12331,1.800000190735);
#12331 = AXIS2_PLACEMENT_3D('',#12332,#12333,#12334);
#12332 = CARTESIAN_POINT('',(20.699999809265,-13.94999980926,0.));
#12333 = DIRECTION('',(0.,0.,1.));
#12334 = DIRECTION('',(1.,0.,0.));
#12335 = ADVANCED_FACE('',(#12336),#12352,.T.);
#12336 = FACE_BOUND('',#12337,.T.);
#12337 = EDGE_LOOP('',(#12338,#12344,#12350,#12351));
#12338 = ORIENTED_EDGE('',*,*,#12339,.F.);
#12339 = EDGE_CURVE('',#12208,#11375,#12340,.T.);
#12340 = LINE('',#12341,#12342);
#12341 = CARTESIAN_POINT('',(22.490139007568,-14.13815116882,-0.5));
#12342 = VECTOR('',#12343,1.);
#12343 = DIRECTION('',(0.,0.,1.));
#12344 = ORIENTED_EDGE('',*,*,#12345,.F.);
#12345 = EDGE_CURVE('',#7461,#12208,#12346,.T.);
#12346 = LINE('',#12347,#12348);
#12347 = CARTESIAN_POINT('',(22.831275561664,-7.629140347342,0.));
#12348 = VECTOR('',#12349,1.);
#12349 = DIRECTION('',(-5.233806027225E-02,-0.998629424485,0.));
#12350 = ORIENTED_EDGE('',*,*,#7460,.T.);
#12351 = ORIENTED_EDGE('',*,*,#11382,.T.);
#12352 = PLANE('',#12353);
#12353 = AXIS2_PLACEMENT_3D('',#12354,#12355,#12356);
#12354 = CARTESIAN_POINT('',(22.495069503784,-14.04407548904,0.75));
#12355 = DIRECTION('',(0.998629424485,-5.233806027225E-02,0.));
#12356 = DIRECTION('',(5.233806027225E-02,0.998629424485,0.));
#12357 = ADVANCED_FACE('',(#12358),#12368,.T.);
#12358 = FACE_BOUND('',#12359,.T.);
#12359 = EDGE_LOOP('',(#12360,#12366,#12367));
#12360 = ORIENTED_EDGE('',*,*,#12361,.T.);
#12361 = EDGE_CURVE('',#8690,#7509,#12362,.T.);
#12362 = LINE('',#12363,#12364);
#12363 = CARTESIAN_POINT('',(20.685911178589,14.732566833496,4.5));
#12364 = VECTOR('',#12365,1.);
#12365 = DIRECTION('',(-0.993712215305,0.111964428076,0.));
#12366 = ORIENTED_EDGE('',*,*,#7508,.F.);
#12367 = ORIENTED_EDGE('',*,*,#8697,.T.);
#12368 = PLANE('',#12369);
#12369 = AXIS2_PLACEMENT_3D('',#12370,#12371,#12372);
#12370 = CARTESIAN_POINT('',(20.626525223402,14.740395285044,
    5.713738040649));
#12371 = DIRECTION('',(0.111964379542,0.993711784555,-9.311011881752E-04
    ));
#12372 = DIRECTION('',(0.993712215305,-0.111964428076,1.355252715607E-20
    ));
#12373 = ADVANCED_FACE('',(#12374),#12384,.T.);
#12374 = FACE_BOUND('',#12375,.T.);
#12375 = EDGE_LOOP('',(#12376,#12382,#12383));
#12376 = ORIENTED_EDGE('',*,*,#12377,.T.);
#12377 = EDGE_CURVE('',#7509,#7541,#12378,.T.);
#12378 = LINE('',#12379,#12380);
#12379 = CARTESIAN_POINT('',(20.537391662598,14.749300956726,4.5));
#12380 = VECTOR('',#12381,1.);
#12381 = DIRECTION('',(-1.495499181852E-02,2.795860284374E-04,
    -0.999888128768));
#12382 = ORIENTED_EDGE('',*,*,#7540,.F.);
#12383 = ORIENTED_EDGE('',*,*,#7516,.T.);
#12384 = PLANE('',#12385);
#12385 = AXIS2_PLACEMENT_3D('',#12386,#12387,#12388);
#12386 = CARTESIAN_POINT('',(20.50934843856,14.749825229406,4.5));
#12387 = DIRECTION('',(1.869189804271E-02,0.999825291212,0.));
#12388 = DIRECTION('',(0.999825291212,-1.869189804271E-02,0.));
#12389 = ADVANCED_FACE('',(#12390),#12400,.T.);
#12390 = FACE_BOUND('',#12391,.T.);
#12391 = EDGE_LOOP('',(#12392,#12398,#12399));
#12392 = ORIENTED_EDGE('',*,*,#12393,.T.);
#12393 = EDGE_CURVE('',#7532,#7563,#12394,.T.);
#12394 = LINE('',#12395,#12396);
#12395 = CARTESIAN_POINT('',(-20.5,14.75,2.));
#12396 = VECTOR('',#12397,1.);
#12397 = DIRECTION('',(-1.495499181852E-02,-2.795860284374E-04,
    0.999888128768));
#12398 = ORIENTED_EDGE('',*,*,#7562,.F.);
#12399 = ORIENTED_EDGE('',*,*,#7531,.T.);
#12400 = PLANE('',#12401);
#12401 = AXIS2_PLACEMENT_3D('',#12402,#12403,#12404);
#12402 = CARTESIAN_POINT('',(-20.50934843856,14.749825229406,4.5));
#12403 = DIRECTION('',(-1.869189804271E-02,0.999825291212,0.));
#12404 = DIRECTION('',(0.999825291212,1.869189804271E-02,0.));
#12405 = ADVANCED_FACE('',(#12406),#12416,.T.);
#12406 = FACE_BOUND('',#12407,.T.);
#12407 = EDGE_LOOP('',(#12408,#12414,#12415));
#12408 = ORIENTED_EDGE('',*,*,#12409,.T.);
#12409 = EDGE_CURVE('',#7563,#7586,#12410,.T.);
#12410 = LINE('',#12411,#12412);
#12411 = CARTESIAN_POINT('',(-20.53739166259,14.749300956726,4.5));
#12412 = VECTOR('',#12413,1.);
#12413 = DIRECTION('',(-0.993712215305,-0.111964428076,0.));
#12414 = ORIENTED_EDGE('',*,*,#7585,.F.);
#12415 = ORIENTED_EDGE('',*,*,#7570,.T.);
#12416 = PLANE('',#12417);
#12417 = AXIS2_PLACEMENT_3D('',#12418,#12419,#12420);
#12418 = CARTESIAN_POINT('',(-20.6265252234,14.740395285044,
    5.713738040649));
#12419 = DIRECTION('',(-0.111964379542,0.993711784555,
    -9.311011881752E-04));
#12420 = DIRECTION('',(0.993712215305,0.111964428076,-1.355252715607E-20
    ));
#12421 = ADVANCED_FACE('',(#12422),#12432,.T.);
#12422 = FACE_BOUND('',#12423,.T.);
#12423 = EDGE_LOOP('',(#12424,#12430,#12431));
#12424 = ORIENTED_EDGE('',*,*,#12425,.T.);
#12425 = EDGE_CURVE('',#7586,#7609,#12426,.T.);
#12426 = LINE('',#12427,#12428);
#12427 = CARTESIAN_POINT('',(-20.68591117858,14.732566833496,4.5));
#12428 = VECTOR('',#12429,1.);
#12429 = DIRECTION('',(-0.965924468364,-0.258824112896,0.));
#12430 = ORIENTED_EDGE('',*,*,#7608,.F.);
#12431 = ORIENTED_EDGE('',*,*,#7593,.T.);
#12432 = PLANE('',#12433);
#12433 = AXIS2_PLACEMENT_3D('',#12434,#12435,#12436);
#12434 = CARTESIAN_POINT('',(-20.76956083866,14.711415591728,
    5.713736799344));
#12435 = DIRECTION('',(-0.258823982135,0.965923980367,
    -1.005198564162E-03));
#12436 = DIRECTION('',(0.965924468364,0.258824112896,-5.421010862428E-20
    ));
#12437 = ADVANCED_FACE('',(#12438),#12448,.T.);
#12438 = FACE_BOUND('',#12439,.T.);
#12439 = EDGE_LOOP('',(#12440,#12446,#12447));
#12440 = ORIENTED_EDGE('',*,*,#12441,.T.);
#12441 = EDGE_CURVE('',#7609,#7632,#12442,.T.);
#12442 = LINE('',#12443,#12444);
#12443 = CARTESIAN_POINT('',(-20.8302783966,14.6938829422,4.5));
#12444 = VECTOR('',#12445,1.);
#12445 = DIRECTION('',(-0.916562809072,-0.399890756365,0.));
#12446 = ORIENTED_EDGE('',*,*,#7631,.F.);
#12447 = ORIENTED_EDGE('',*,*,#7616,.T.);
#12448 = PLANE('',#12449);
#12449 = AXIS2_PLACEMENT_3D('',#12450,#12451,#12452);
#12450 = CARTESIAN_POINT('',(-20.90684585248,14.661881702119,
    5.713736027481));
#12451 = DIRECTION('',(-0.399890531389,0.916562293418,
    -1.060750103006E-03));
#12452 = DIRECTION('',(0.916562809072,0.399890756365,5.421010862428E-20)
  );
#12453 = ADVANCED_FACE('',(#12454),#12464,.T.);
#12454 = FACE_BOUND('',#12455,.T.);
#12455 = EDGE_LOOP('',(#12456,#12462,#12463));
#12456 = ORIENTED_EDGE('',*,*,#12457,.T.);
#12457 = EDGE_CURVE('',#7632,#7655,#12458,.T.);
#12458 = LINE('',#12459,#12460);
#12459 = CARTESIAN_POINT('',(-20.96726799011,14.634115219116,4.5));
#12460 = VECTOR('',#12461,1.);
#12461 = DIRECTION('',(-0.846726890665,-0.532027793094,0.));
#12462 = ORIENTED_EDGE('',*,*,#7654,.F.);
#12463 = ORIENTED_EDGE('',*,*,#7639,.T.);
#12464 = PLANE('',#12465);
#12465 = AXIS2_PLACEMENT_3D('',#12466,#12467,#12468);
#12466 = CARTESIAN_POINT('',(-21.03544189078,14.592852276015,
    5.713735321563));
#12467 = DIRECTION('',(-0.532027472731,0.846726380804,
    -1.097410271911E-03));
#12468 = DIRECTION('',(0.846726890665,0.532027793094,0.));
#12469 = ADVANCED_FACE('',(#12470),#12480,.T.);
#12470 = FACE_BOUND('',#12471,.T.);
#12471 = EDGE_LOOP('',(#12472,#12478,#12479));
#12472 = ORIENTED_EDGE('',*,*,#12473,.T.);
#12473 = EDGE_CURVE('',#7655,#7678,#12474,.T.);
#12474 = LINE('',#12475,#12476);
#12475 = CARTESIAN_POINT('',(-21.09382057189,14.554597854614,4.5));
#12476 = VECTOR('',#12477,1.);
#12477 = DIRECTION('',(-0.757971915616,-0.652287187623,0.));
#12478 = ORIENTED_EDGE('',*,*,#7677,.F.);
#12479 = ORIENTED_EDGE('',*,*,#7662,.T.);
#12480 = PLANE('',#12481);
#12481 = AXIS2_PLACEMENT_3D('',#12482,#12483,#12484);
#12482 = CARTESIAN_POINT('',(-21.15259784875,14.505803410817,
    5.7137351273));
#12483 = DIRECTION('',(-0.652286781235,0.757971443385,-1.116261451E-03)
  );
#12484 = DIRECTION('',(0.757971915616,0.652287187623,0.));
#12485 = ADVANCED_FACE('',(#12486),#12496,.T.);
#12486 = FACE_BOUND('',#12487,.T.);
#12487 = EDGE_LOOP('',(#12488,#12494,#12495));
#12488 = ORIENTED_EDGE('',*,*,#12489,.T.);
#12489 = EDGE_CURVE('',#7678,#7701,#12490,.T.);
#12490 = LINE('',#12491,#12492);
#12491 = CARTESIAN_POINT('',(-21.20710754394,14.457106590271,4.5));
#12492 = VECTOR('',#12493,1.);
#12493 = DIRECTION('',(-0.65228667648,-0.75797235549,0.));
#12494 = ORIENTED_EDGE('',*,*,#7700,.F.);
#12495 = ORIENTED_EDGE('',*,*,#7685,.T.);
#12496 = PLANE('',#12497);
#12497 = AXIS2_PLACEMENT_3D('',#12498,#12499,#12500);
#12498 = CARTESIAN_POINT('',(-21.25580319328,14.402597140801,
    5.71373544387));
#12499 = DIRECTION('',(-0.757971883731,0.652286270499,
    -1.115702405856E-03));
#12500 = DIRECTION('',(-0.65228667648,-0.75797235549,0.));
#12501 = ADVANCED_FACE('',(#12502),#12512,.T.);
#12502 = FACE_BOUND('',#12503,.T.);
#12503 = EDGE_LOOP('',(#12504,#12510,#12511));
#12504 = ORIENTED_EDGE('',*,*,#12505,.T.);
#12505 = EDGE_CURVE('',#7701,#7724,#12506,.T.);
#12506 = LINE('',#12507,#12508);
#12507 = CARTESIAN_POINT('',(-21.30459785461,14.343820571899,4.5));
#12508 = VECTOR('',#12509,1.);
#12509 = DIRECTION('',(-0.532030667526,-0.846725084553,0.));
#12510 = ORIENTED_EDGE('',*,*,#7723,.F.);
#12511 = ORIENTED_EDGE('',*,*,#7708,.T.);
#12512 = PLANE('',#12513);
#12513 = AXIS2_PLACEMENT_3D('',#12514,#12515,#12516);
#12514 = CARTESIAN_POINT('',(-21.34285227585,14.285442599797,
    5.713735511666));
#12515 = DIRECTION('',(-0.846724574586,0.532030347094,-1.09752559807E-03
    ));
#12516 = DIRECTION('',(-0.532030667526,-0.846725084553,0.));
#12517 = ADVANCED_FACE('',(#12518),#12528,.T.);
#12518 = FACE_BOUND('',#12519,.T.);
#12519 = EDGE_LOOP('',(#12520,#12526,#12527));
#12520 = ORIENTED_EDGE('',*,*,#12521,.T.);
#12521 = EDGE_CURVE('',#7724,#7747,#12522,.T.);
#12522 = LINE('',#12523,#12524);
#12523 = CARTESIAN_POINT('',(-21.38411521911,14.217268943787,4.5));
#12524 = VECTOR('',#12525,1.);
#12525 = DIRECTION('',(-0.39989611677,-0.916560470342,0.));
#12526 = ORIENTED_EDGE('',*,*,#7746,.F.);
#12527 = ORIENTED_EDGE('',*,*,#7731,.T.);
#12528 = PLANE('',#12529);
#12529 = AXIS2_PLACEMENT_3D('',#12530,#12531,#12532);
#12530 = CARTESIAN_POINT('',(-21.41188194754,14.156846342814,
    5.713735937636));
#12531 = DIRECTION('',(-0.916559954968,0.399895891912,
    -1.060462503133E-03));
#12532 = DIRECTION('',(-0.39989611677,-0.916560470342,
    -5.421010862428E-20));
#12533 = ADVANCED_FACE('',(#12534),#12544,.T.);
#12534 = FACE_BOUND('',#12535,.T.);
#12535 = EDGE_LOOP('',(#12536,#12542,#12543));
#12536 = ORIENTED_EDGE('',*,*,#12537,.T.);
#12537 = EDGE_CURVE('',#7747,#7770,#12538,.T.);
#12538 = LINE('',#12539,#12540);
#12539 = CARTESIAN_POINT('',(-21.44388389587,14.080279350281,4.5));
#12540 = VECTOR('',#12541,1.);
#12541 = DIRECTION('',(-0.258816564351,-0.965926491001,0.));
#12542 = ORIENTED_EDGE('',*,*,#7769,.F.);
#12543 = ORIENTED_EDGE('',*,*,#7754,.T.);
#12544 = PLANE('',#12545);
#12545 = AXIS2_PLACEMENT_3D('',#12546,#12547,#12548);
#12546 = CARTESIAN_POINT('',(-21.46141630018,14.019561082629,
    5.713736640544));
#12547 = DIRECTION('',(-0.965926002945,0.258816433578,
    -1.005259042709E-03));
#12548 = DIRECTION('',(-0.258816564351,-0.965926491001,
    -5.421010862428E-20));
#12549 = ADVANCED_FACE('',(#12550),#12560,.T.);
#12550 = FACE_BOUND('',#12551,.T.);
#12551 = EDGE_LOOP('',(#12552,#12558,#12559));
#12552 = ORIENTED_EDGE('',*,*,#12553,.T.);
#12553 = EDGE_CURVE('',#7770,#7793,#12554,.T.);
#12554 = LINE('',#12555,#12556);
#12555 = CARTESIAN_POINT('',(-21.48256683349,13.935911178589,4.5));
#12556 = VECTOR('',#12557,1.);
#12557 = DIRECTION('',(-0.111958127229,-0.993712925219,0.));
#12558 = ORIENTED_EDGE('',*,*,#7792,.F.);
#12559 = ORIENTED_EDGE('',*,*,#7777,.T.);
#12560 = PLANE('',#12561);
#12561 = AXIS2_PLACEMENT_3D('',#12562,#12563,#12564);
#12562 = CARTESIAN_POINT('',(-21.4903955026,13.876525223782,
    5.713738065771));
#12563 = DIRECTION('',(-0.993712494015,0.111958078647,
    -9.315921963519E-04));
#12564 = DIRECTION('',(-0.111958127229,-0.993712925219,0.));
#12565 = ADVANCED_FACE('',(#12566),#12576,.T.);
#12566 = FACE_BOUND('',#12567,.T.);
#12567 = EDGE_LOOP('',(#12568,#12574,#12575));
#12568 = ORIENTED_EDGE('',*,*,#12569,.T.);
#12569 = EDGE_CURVE('',#7793,#7818,#12570,.T.);
#12570 = LINE('',#12571,#12572);
#12571 = CARTESIAN_POINT('',(-21.49930000305,13.787391662598,4.5));
#12572 = VECTOR('',#12573,1.);
#12573 = DIRECTION('',(-2.799674554586E-04,-1.495499181692E-02,
    -0.999888128661));
#12574 = ORIENTED_EDGE('',*,*,#7832,.F.);
#12575 = ORIENTED_EDGE('',*,*,#7800,.T.);
#12576 = PLANE('',#12577);
#12577 = AXIS2_PLACEMENT_3D('',#12578,#12579,#12580);
#12578 = CARTESIAN_POINT('',(-21.49982499097,13.759348438561,4.5));
#12579 = DIRECTION('',(-0.999824814317,1.871738965795E-02,0.));
#12580 = DIRECTION('',(-1.871738965795E-02,-0.999824814317,0.));
#12581 = ADVANCED_FACE('',(#12582),#12592,.T.);
#12582 = FACE_BOUND('',#12583,.T.);
#12583 = EDGE_LOOP('',(#12584,#12590,#12591));
#12584 = ORIENTED_EDGE('',*,*,#12585,.T.);
#12585 = EDGE_CURVE('',#7816,#7881,#12586,.T.);
#12586 = LINE('',#12587,#12588);
#12587 = CARTESIAN_POINT('',(-21.5,-13.75,2.));
#12588 = VECTOR('',#12589,1.);
#12589 = DIRECTION('',(2.799674554586E-04,-1.495499181692E-02,
    0.999888128661));
#12590 = ORIENTED_EDGE('',*,*,#7880,.F.);
#12591 = ORIENTED_EDGE('',*,*,#7825,.T.);
#12592 = PLANE('',#12593);
#12593 = AXIS2_PLACEMENT_3D('',#12594,#12595,#12596);
#12594 = CARTESIAN_POINT('',(-21.49982499097,-13.75934843856,4.5));
#12595 = DIRECTION('',(-0.999824814317,-1.871738965795E-02,-0.));
#12596 = DIRECTION('',(1.871738965795E-02,-0.999824814317,0.));
#12597 = ADVANCED_FACE('',(#12598),#12615,.T.);
#12598 = FACE_BOUND('',#12599,.T.);
#12599 = EDGE_LOOP('',(#12600,#12601,#12609));
#12600 = ORIENTED_EDGE('',*,*,#7840,.F.);
#12601 = ORIENTED_EDGE('',*,*,#12602,.T.);
#12602 = EDGE_CURVE('',#7841,#12603,#12605,.T.);
#12603 = VERTEX_POINT('',#12604);
#12604 = CARTESIAN_POINT('',(-21.14475822448,-8.,3.5));
#12605 = LINE('',#12606,#12607);
#12606 = CARTESIAN_POINT('',(-21.5,-8.,4.832156658173));
#12607 = VECTOR('',#12608,1.);
#12608 = DIRECTION('',(0.25766265056,0.,-0.966234939601));
#12609 = ORIENTED_EDGE('',*,*,#12610,.T.);
#12610 = EDGE_CURVE('',#12603,#7843,#12611,.T.);
#12611 = LINE('',#12612,#12613);
#12612 = CARTESIAN_POINT('',(-21.14475822448,-8.,3.5));
#12613 = VECTOR('',#12614,1.);
#12614 = DIRECTION('',(-0.25766265056,0.,-0.966234939601));
#12615 = PLANE('',#12616);
#12616 = AXIS2_PLACEMENT_3D('',#12617,#12618,#12619);
#12617 = CARTESIAN_POINT('',(-21.4096644637,-8.,3.5));
#12618 = DIRECTION('',(0.,1.,0.));
#12619 = DIRECTION('',(0.,0.,1.));
#12620 = ADVANCED_FACE('',(#12621),#12639,.T.);
#12621 = FACE_BOUND('',#12622,.T.);
#12622 = EDGE_LOOP('',(#12623,#12624,#12625,#12633));
#12623 = ORIENTED_EDGE('',*,*,#7850,.F.);
#12624 = ORIENTED_EDGE('',*,*,#12610,.F.);
#12625 = ORIENTED_EDGE('',*,*,#12626,.T.);
#12626 = EDGE_CURVE('',#12603,#12627,#12629,.T.);
#12627 = VERTEX_POINT('',#12628);
#12628 = CARTESIAN_POINT('',(-21.14475822448,8.,3.5));
#12629 = LINE('',#12630,#12631);
#12630 = CARTESIAN_POINT('',(-21.14475822448,-8.,3.5));
#12631 = VECTOR('',#12632,1.);
#12632 = DIRECTION('',(0.,1.,0.));
#12633 = ORIENTED_EDGE('',*,*,#12634,.T.);
#12634 = EDGE_CURVE('',#12627,#7851,#12635,.T.);
#12635 = LINE('',#12636,#12637);
#12636 = CARTESIAN_POINT('',(-21.14475822448,8.,3.5));
#12637 = VECTOR('',#12638,1.);
#12638 = DIRECTION('',(-0.25766265056,0.,-0.966234939601));
#12639 = PLANE('',#12640);
#12640 = AXIS2_PLACEMENT_3D('',#12641,#12642,#12643);
#12641 = CARTESIAN_POINT('',(-21.32237911224,0.,2.833921670914));
#12642 = DIRECTION('',(-0.966234939601,0.,0.25766265056));
#12643 = DIRECTION('',(-0.25766265056,0.,-0.966234939601));
#12644 = ADVANCED_FACE('',(#12645),#12655,.T.);
#12645 = FACE_BOUND('',#12646,.T.);
#12646 = EDGE_LOOP('',(#12647,#12648,#12654));
#12647 = ORIENTED_EDGE('',*,*,#12634,.F.);
#12648 = ORIENTED_EDGE('',*,*,#12649,.F.);
#12649 = EDGE_CURVE('',#7859,#12627,#12650,.T.);
#12650 = LINE('',#12651,#12652);
#12651 = CARTESIAN_POINT('',(-21.5,8.,4.832156658173));
#12652 = VECTOR('',#12653,1.);
#12653 = DIRECTION('',(0.25766265056,0.,-0.966234939601));
#12654 = ORIENTED_EDGE('',*,*,#7858,.F.);
#12655 = PLANE('',#12656);
#12656 = AXIS2_PLACEMENT_3D('',#12657,#12658,#12659);
#12657 = CARTESIAN_POINT('',(-21.4096644637,8.,3.5));
#12658 = DIRECTION('',(-0.,-1.,-0.));
#12659 = DIRECTION('',(0.,0.,-1.));
#12660 = ADVANCED_FACE('',(#12661),#12667,.T.);
#12661 = FACE_BOUND('',#12662,.T.);
#12662 = EDGE_LOOP('',(#12663,#12664,#12665,#12666));
#12663 = ORIENTED_EDGE('',*,*,#12626,.F.);
#12664 = ORIENTED_EDGE('',*,*,#12602,.F.);
#12665 = ORIENTED_EDGE('',*,*,#7866,.F.);
#12666 = ORIENTED_EDGE('',*,*,#12649,.T.);
#12667 = PLANE('',#12668);
#12668 = AXIS2_PLACEMENT_3D('',#12669,#12670,#12671);
#12669 = CARTESIAN_POINT('',(-21.32237911224,0.,4.166078329086));
#12670 = DIRECTION('',(-0.966234939601,-0.,-0.25766265056));
#12671 = DIRECTION('',(0.25766265056,0.,-0.966234939601));
#12672 = ADVANCED_FACE('',(#12673),#12683,.T.);
#12673 = FACE_BOUND('',#12674,.T.);
#12674 = EDGE_LOOP('',(#12675,#12681,#12682));
#12675 = ORIENTED_EDGE('',*,*,#12676,.T.);
#12676 = EDGE_CURVE('',#7881,#7904,#12677,.T.);
#12677 = LINE('',#12678,#12679);
#12678 = CARTESIAN_POINT('',(-21.49930000305,-13.78739166259,4.5));
#12679 = VECTOR('',#12680,1.);
#12680 = DIRECTION('',(0.111958127229,-0.993712925219,0.));
#12681 = ORIENTED_EDGE('',*,*,#7903,.F.);
#12682 = ORIENTED_EDGE('',*,*,#7888,.T.);
#12683 = PLANE('',#12684);
#12684 = AXIS2_PLACEMENT_3D('',#12685,#12686,#12687);
#12685 = CARTESIAN_POINT('',(-21.4903955026,-13.87652522378,
    5.713738065771));
#12686 = DIRECTION('',(-0.993712494015,-0.111958078647,
    -9.315921963519E-04));
#12687 = DIRECTION('',(0.111958127229,-0.993712925219,0.));
#12688 = ADVANCED_FACE('',(#12689),#12699,.T.);
#12689 = FACE_BOUND('',#12690,.T.);
#12690 = EDGE_LOOP('',(#12691,#12697,#12698));
#12691 = ORIENTED_EDGE('',*,*,#12692,.T.);
#12692 = EDGE_CURVE('',#7904,#7927,#12693,.T.);
#12693 = LINE('',#12694,#12695);
#12694 = CARTESIAN_POINT('',(-21.48256683349,-13.93591117858,4.5));
#12695 = VECTOR('',#12696,1.);
#12696 = DIRECTION('',(0.258816564351,-0.965926491001,0.));
#12697 = ORIENTED_EDGE('',*,*,#7926,.F.);
#12698 = ORIENTED_EDGE('',*,*,#7911,.T.);
#12699 = PLANE('',#12700);
#12700 = AXIS2_PLACEMENT_3D('',#12701,#12702,#12703);
#12701 = CARTESIAN_POINT('',(-21.46141630018,-14.01956108262,
    5.713736640544));
#12702 = DIRECTION('',(-0.965926002945,-0.258816433578,
    -1.005259042709E-03));
#12703 = DIRECTION('',(0.258816564351,-0.965926491001,0.));
#12704 = ADVANCED_FACE('',(#12705),#12715,.T.);
#12705 = FACE_BOUND('',#12706,.T.);
#12706 = EDGE_LOOP('',(#12707,#12713,#12714));
#12707 = ORIENTED_EDGE('',*,*,#12708,.T.);
#12708 = EDGE_CURVE('',#7927,#7950,#12709,.T.);
#12709 = LINE('',#12710,#12711);
#12710 = CARTESIAN_POINT('',(-21.44388389587,-14.08027935028,4.5));
#12711 = VECTOR('',#12712,1.);
#12712 = DIRECTION('',(0.39989611677,-0.916560470342,0.));
#12713 = ORIENTED_EDGE('',*,*,#7949,.F.);
#12714 = ORIENTED_EDGE('',*,*,#7934,.T.);
#12715 = PLANE('',#12716);
#12716 = AXIS2_PLACEMENT_3D('',#12717,#12718,#12719);
#12717 = CARTESIAN_POINT('',(-21.41188194754,-14.15684634281,
    5.713735937636));
#12718 = DIRECTION('',(-0.916559954968,-0.399895891912,
    -1.060462503133E-03));
#12719 = DIRECTION('',(0.39989611677,-0.916560470342,5.421010862428E-20)
  );
#12720 = ADVANCED_FACE('',(#12721),#12731,.T.);
#12721 = FACE_BOUND('',#12722,.T.);
#12722 = EDGE_LOOP('',(#12723,#12729,#12730));
#12723 = ORIENTED_EDGE('',*,*,#12724,.T.);
#12724 = EDGE_CURVE('',#7950,#7973,#12725,.T.);
#12725 = LINE('',#12726,#12727);
#12726 = CARTESIAN_POINT('',(-21.38411521911,-14.21726894378,4.5));
#12727 = VECTOR('',#12728,1.);
#12728 = DIRECTION('',(0.532030667526,-0.846725084553,0.));
#12729 = ORIENTED_EDGE('',*,*,#7972,.F.);
#12730 = ORIENTED_EDGE('',*,*,#7957,.T.);
#12731 = PLANE('',#12732);
#12732 = AXIS2_PLACEMENT_3D('',#12733,#12734,#12735);
#12733 = CARTESIAN_POINT('',(-21.34285227585,-14.28544259979,
    5.713735511666));
#12734 = DIRECTION('',(-0.846724574586,-0.532030347094,
    -1.09752559807E-03));
#12735 = DIRECTION('',(0.532030667526,-0.846725084553,0.));
#12736 = ADVANCED_FACE('',(#12737),#12747,.T.);
#12737 = FACE_BOUND('',#12738,.T.);
#12738 = EDGE_LOOP('',(#12739,#12745,#12746));
#12739 = ORIENTED_EDGE('',*,*,#12740,.T.);
#12740 = EDGE_CURVE('',#7973,#7996,#12741,.T.);
#12741 = LINE('',#12742,#12743);
#12742 = CARTESIAN_POINT('',(-21.30459785461,-14.34382057189,4.5));
#12743 = VECTOR('',#12744,1.);
#12744 = DIRECTION('',(0.65228667648,-0.75797235549,0.));
#12745 = ORIENTED_EDGE('',*,*,#7995,.F.);
#12746 = ORIENTED_EDGE('',*,*,#7980,.T.);
#12747 = PLANE('',#12748);
#12748 = AXIS2_PLACEMENT_3D('',#12749,#12750,#12751);
#12749 = CARTESIAN_POINT('',(-21.25580319328,-14.4025971408,
    5.71373544387));
#12750 = DIRECTION('',(-0.757971883731,-0.652286270499,
    -1.115702405856E-03));
#12751 = DIRECTION('',(0.65228667648,-0.75797235549,-1.084202172486E-19)
  );
#12752 = ADVANCED_FACE('',(#12753),#12763,.T.);
#12753 = FACE_BOUND('',#12754,.T.);
#12754 = EDGE_LOOP('',(#12755,#12761,#12762));
#12755 = ORIENTED_EDGE('',*,*,#12756,.T.);
#12756 = EDGE_CURVE('',#7996,#8019,#12757,.T.);
#12757 = LINE('',#12758,#12759);
#12758 = CARTESIAN_POINT('',(-21.20710754394,-14.45710659027,4.5));
#12759 = VECTOR('',#12760,1.);
#12760 = DIRECTION('',(0.757971915616,-0.652287187623,0.));
#12761 = ORIENTED_EDGE('',*,*,#8018,.F.);
#12762 = ORIENTED_EDGE('',*,*,#8003,.T.);
#12763 = PLANE('',#12764);
#12764 = AXIS2_PLACEMENT_3D('',#12765,#12766,#12767);
#12765 = CARTESIAN_POINT('',(-21.15259784875,-14.50580341081,
    5.7137351273));
#12766 = DIRECTION('',(-0.652286781235,-0.757971443385,-1.116261451E-03)
  );
#12767 = DIRECTION('',(-0.757971915616,0.652287187623,0.));
#12768 = ADVANCED_FACE('',(#12769),#12779,.T.);
#12769 = FACE_BOUND('',#12770,.T.);
#12770 = EDGE_LOOP('',(#12771,#12777,#12778));
#12771 = ORIENTED_EDGE('',*,*,#12772,.T.);
#12772 = EDGE_CURVE('',#8019,#8042,#12773,.T.);
#12773 = LINE('',#12774,#12775);
#12774 = CARTESIAN_POINT('',(-21.09382057189,-14.55459785461,4.5));
#12775 = VECTOR('',#12776,1.);
#12776 = DIRECTION('',(0.846726890665,-0.532027793094,0.));
#12777 = ORIENTED_EDGE('',*,*,#8041,.F.);
#12778 = ORIENTED_EDGE('',*,*,#8026,.T.);
#12779 = PLANE('',#12780);
#12780 = AXIS2_PLACEMENT_3D('',#12781,#12782,#12783);
#12781 = CARTESIAN_POINT('',(-21.03544189078,-14.59285227601,
    5.713735321563));
#12782 = DIRECTION('',(-0.532027472731,-0.846726380804,
    -1.097410271911E-03));
#12783 = DIRECTION('',(-0.846726890665,0.532027793094,1.084202172486E-19
    ));
#12784 = ADVANCED_FACE('',(#12785),#12795,.T.);
#12785 = FACE_BOUND('',#12786,.T.);
#12786 = EDGE_LOOP('',(#12787,#12793,#12794));
#12787 = ORIENTED_EDGE('',*,*,#12788,.T.);
#12788 = EDGE_CURVE('',#8042,#8065,#12789,.T.);
#12789 = LINE('',#12790,#12791);
#12790 = CARTESIAN_POINT('',(-20.96726799011,-14.63411521911,4.5));
#12791 = VECTOR('',#12792,1.);
#12792 = DIRECTION('',(0.916562809072,-0.399890756365,0.));
#12793 = ORIENTED_EDGE('',*,*,#8064,.F.);
#12794 = ORIENTED_EDGE('',*,*,#8049,.T.);
#12795 = PLANE('',#12796);
#12796 = AXIS2_PLACEMENT_3D('',#12797,#12798,#12799);
#12797 = CARTESIAN_POINT('',(-20.90684585248,-14.66188170211,
    5.713736027481));
#12798 = DIRECTION('',(-0.399890531389,-0.916562293418,
    -1.060750103006E-03));
#12799 = DIRECTION('',(-0.916562809072,0.399890756365,0.));
#12800 = ADVANCED_FACE('',(#12801),#12811,.T.);
#12801 = FACE_BOUND('',#12802,.T.);
#12802 = EDGE_LOOP('',(#12803,#12809,#12810));
#12803 = ORIENTED_EDGE('',*,*,#12804,.T.);
#12804 = EDGE_CURVE('',#8065,#8088,#12805,.T.);
#12805 = LINE('',#12806,#12807);
#12806 = CARTESIAN_POINT('',(-20.8302783966,-14.6938829422,4.5));
#12807 = VECTOR('',#12808,1.);
#12808 = DIRECTION('',(0.965924468364,-0.258824112896,0.));
#12809 = ORIENTED_EDGE('',*,*,#8087,.F.);
#12810 = ORIENTED_EDGE('',*,*,#8072,.T.);
#12811 = PLANE('',#12812);
#12812 = AXIS2_PLACEMENT_3D('',#12813,#12814,#12815);
#12813 = CARTESIAN_POINT('',(-20.76956083866,-14.71141559172,
    5.713736799344));
#12814 = DIRECTION('',(-0.258823982135,-0.965923980367,
    -1.005198564162E-03));
#12815 = DIRECTION('',(-0.965924468364,0.258824112896,0.));
#12816 = ADVANCED_FACE('',(#12817),#12827,.T.);
#12817 = FACE_BOUND('',#12818,.T.);
#12818 = EDGE_LOOP('',(#12819,#12825,#12826));
#12819 = ORIENTED_EDGE('',*,*,#12820,.T.);
#12820 = EDGE_CURVE('',#8088,#8111,#12821,.T.);
#12821 = LINE('',#12822,#12823);
#12822 = CARTESIAN_POINT('',(-20.68591117858,-14.73256683349,4.5));
#12823 = VECTOR('',#12824,1.);
#12824 = DIRECTION('',(0.993712215305,-0.111964428076,0.));
#12825 = ORIENTED_EDGE('',*,*,#8110,.F.);
#12826 = ORIENTED_EDGE('',*,*,#8095,.T.);
#12827 = PLANE('',#12828);
#12828 = AXIS2_PLACEMENT_3D('',#12829,#12830,#12831);
#12829 = CARTESIAN_POINT('',(-20.6265252234,-14.74039528504,
    5.713738040649));
#12830 = DIRECTION('',(-0.111964379542,-0.993711784555,
    -9.311011881752E-04));
#12831 = DIRECTION('',(-0.993712215305,0.111964428076,1.355252715607E-20
    ));
#12832 = ADVANCED_FACE('',(#12833),#12843,.T.);
#12833 = FACE_BOUND('',#12834,.T.);
#12834 = EDGE_LOOP('',(#12835,#12841,#12842));
#12835 = ORIENTED_EDGE('',*,*,#12836,.T.);
#12836 = EDGE_CURVE('',#8111,#8143,#12837,.T.);
#12837 = LINE('',#12838,#12839);
#12838 = CARTESIAN_POINT('',(-20.53739166259,-14.74930095672,4.5));
#12839 = VECTOR('',#12840,1.);
#12840 = DIRECTION('',(1.495499181852E-02,-2.795860284374E-04,
    -0.999888128768));
#12841 = ORIENTED_EDGE('',*,*,#8142,.F.);
#12842 = ORIENTED_EDGE('',*,*,#8118,.T.);
#12843 = PLANE('',#12844);
#12844 = AXIS2_PLACEMENT_3D('',#12845,#12846,#12847);
#12845 = CARTESIAN_POINT('',(-20.50934843856,-14.7498252294,4.5));
#12846 = DIRECTION('',(-1.869189804271E-02,-0.999825291212,-0.));
#12847 = DIRECTION('',(-0.999825291212,1.869189804271E-02,0.));
#12848 = ADVANCED_FACE('',(#12849),#12859,.T.);
#12849 = FACE_BOUND('',#12850,.T.);
#12850 = EDGE_LOOP('',(#12851,#12857,#12858));
#12851 = ORIENTED_EDGE('',*,*,#12852,.T.);
#12852 = EDGE_CURVE('',#8134,#8165,#12853,.T.);
#12853 = LINE('',#12854,#12855);
#12854 = CARTESIAN_POINT('',(20.5,-14.75,2.));
#12855 = VECTOR('',#12856,1.);
#12856 = DIRECTION('',(1.495499181852E-02,2.795860284374E-04,
    0.999888128768));
#12857 = ORIENTED_EDGE('',*,*,#8164,.F.);
#12858 = ORIENTED_EDGE('',*,*,#8133,.T.);
#12859 = PLANE('',#12860);
#12860 = AXIS2_PLACEMENT_3D('',#12861,#12862,#12863);
#12861 = CARTESIAN_POINT('',(20.50934843856,-14.7498252294,4.5));
#12862 = DIRECTION('',(1.869189804271E-02,-0.999825291212,0.));
#12863 = DIRECTION('',(-0.999825291212,-1.869189804271E-02,0.));
#12864 = ADVANCED_FACE('',(#12865),#12875,.T.);
#12865 = FACE_BOUND('',#12866,.T.);
#12866 = EDGE_LOOP('',(#12867,#12873,#12874));
#12867 = ORIENTED_EDGE('',*,*,#12868,.T.);
#12868 = EDGE_CURVE('',#8165,#8188,#12869,.T.);
#12869 = LINE('',#12870,#12871);
#12870 = CARTESIAN_POINT('',(20.537391662598,-14.74930095672,4.5));
#12871 = VECTOR('',#12872,1.);
#12872 = DIRECTION('',(0.993712215305,0.111964428076,0.));
#12873 = ORIENTED_EDGE('',*,*,#8187,.F.);
#12874 = ORIENTED_EDGE('',*,*,#8172,.T.);
#12875 = PLANE('',#12876);
#12876 = AXIS2_PLACEMENT_3D('',#12877,#12878,#12879);
#12877 = CARTESIAN_POINT('',(20.626525223402,-14.74039528504,
    5.713738040649));
#12878 = DIRECTION('',(0.111964379542,-0.993711784555,
    -9.311011881752E-04));
#12879 = DIRECTION('',(-0.993712215305,-0.111964428076,
    -1.355252715607E-20));
#12880 = ADVANCED_FACE('',(#12881),#12891,.T.);
#12881 = FACE_BOUND('',#12882,.T.);
#12882 = EDGE_LOOP('',(#12883,#12889,#12890));
#12883 = ORIENTED_EDGE('',*,*,#12884,.T.);
#12884 = EDGE_CURVE('',#8188,#8211,#12885,.T.);
#12885 = LINE('',#12886,#12887);
#12886 = CARTESIAN_POINT('',(20.685911178589,-14.73256683349,4.5));
#12887 = VECTOR('',#12888,1.);
#12888 = DIRECTION('',(0.965924468364,0.258824112896,0.));
#12889 = ORIENTED_EDGE('',*,*,#8210,.F.);
#12890 = ORIENTED_EDGE('',*,*,#8195,.T.);
#12891 = PLANE('',#12892);
#12892 = AXIS2_PLACEMENT_3D('',#12893,#12894,#12895);
#12893 = CARTESIAN_POINT('',(20.769560838668,-14.71141559172,
    5.713736799344));
#12894 = DIRECTION('',(0.258823982135,-0.965923980367,
    -1.005198564162E-03));
#12895 = DIRECTION('',(-0.965924468364,-0.258824112896,
    -5.421010862428E-20));
#12896 = ADVANCED_FACE('',(#12897),#12907,.T.);
#12897 = FACE_BOUND('',#12898,.T.);
#12898 = EDGE_LOOP('',(#12899,#12905,#12906));
#12899 = ORIENTED_EDGE('',*,*,#12900,.T.);
#12900 = EDGE_CURVE('',#8211,#8234,#12901,.T.);
#12901 = LINE('',#12902,#12903);
#12902 = CARTESIAN_POINT('',(20.830278396606,-14.6938829422,4.5));
#12903 = VECTOR('',#12904,1.);
#12904 = DIRECTION('',(0.916562809072,0.399890756365,0.));
#12905 = ORIENTED_EDGE('',*,*,#8233,.F.);
#12906 = ORIENTED_EDGE('',*,*,#8218,.T.);
#12907 = PLANE('',#12908);
#12908 = AXIS2_PLACEMENT_3D('',#12909,#12910,#12911);
#12909 = CARTESIAN_POINT('',(20.90684585248,-14.66188170211,
    5.713736027481));
#12910 = DIRECTION('',(0.399890531389,-0.916562293418,
    -1.060750103006E-03));
#12911 = DIRECTION('',(-0.916562809072,-0.399890756365,
    5.421010862428E-20));
#12912 = ADVANCED_FACE('',(#12913),#12923,.T.);
#12913 = FACE_BOUND('',#12914,.T.);
#12914 = EDGE_LOOP('',(#12915,#12921,#12922));
#12915 = ORIENTED_EDGE('',*,*,#12916,.T.);
#12916 = EDGE_CURVE('',#8234,#8257,#12917,.T.);
#12917 = LINE('',#12918,#12919);
#12918 = CARTESIAN_POINT('',(20.967267990112,-14.63411521911,4.5));
#12919 = VECTOR('',#12920,1.);
#12920 = DIRECTION('',(0.846726890665,0.532027793094,0.));
#12921 = ORIENTED_EDGE('',*,*,#8256,.F.);
#12922 = ORIENTED_EDGE('',*,*,#8241,.T.);
#12923 = PLANE('',#12924);
#12924 = AXIS2_PLACEMENT_3D('',#12925,#12926,#12927);
#12925 = CARTESIAN_POINT('',(21.035441890787,-14.59285227601,
    5.713735321563));
#12926 = DIRECTION('',(0.532027472731,-0.846726380804,
    -1.097410271911E-03));
#12927 = DIRECTION('',(-0.846726890665,-0.532027793094,0.));
#12928 = ADVANCED_FACE('',(#12929),#12939,.T.);
#12929 = FACE_BOUND('',#12930,.T.);
#12930 = EDGE_LOOP('',(#12931,#12937,#12938));
#12931 = ORIENTED_EDGE('',*,*,#12932,.T.);
#12932 = EDGE_CURVE('',#8257,#8280,#12933,.T.);
#12933 = LINE('',#12934,#12935);
#12934 = CARTESIAN_POINT('',(21.093820571899,-14.55459785461,4.5));
#12935 = VECTOR('',#12936,1.);
#12936 = DIRECTION('',(0.757971915616,0.652287187623,0.));
#12937 = ORIENTED_EDGE('',*,*,#8279,.F.);
#12938 = ORIENTED_EDGE('',*,*,#8264,.T.);
#12939 = PLANE('',#12940);
#12940 = AXIS2_PLACEMENT_3D('',#12941,#12942,#12943);
#12941 = CARTESIAN_POINT('',(21.152597848752,-14.50580341081,
    5.7137351273));
#12942 = DIRECTION('',(0.652286781235,-0.757971443385,-1.116261451E-03)
  );
#12943 = DIRECTION('',(-0.757971915616,-0.652287187623,0.));
#12944 = ADVANCED_FACE('',(#12945),#12955,.T.);
#12945 = FACE_BOUND('',#12946,.T.);
#12946 = EDGE_LOOP('',(#12947,#12953,#12954));
#12947 = ORIENTED_EDGE('',*,*,#12948,.T.);
#12948 = EDGE_CURVE('',#8280,#8303,#12949,.T.);
#12949 = LINE('',#12950,#12951);
#12950 = CARTESIAN_POINT('',(21.207107543945,-14.45710659027,4.5));
#12951 = VECTOR('',#12952,1.);
#12952 = DIRECTION('',(0.65228667648,0.75797235549,0.));
#12953 = ORIENTED_EDGE('',*,*,#8302,.F.);
#12954 = ORIENTED_EDGE('',*,*,#8287,.T.);
#12955 = PLANE('',#12956);
#12956 = AXIS2_PLACEMENT_3D('',#12957,#12958,#12959);
#12957 = CARTESIAN_POINT('',(21.255803193281,-14.4025971408,
    5.71373544387));
#12958 = DIRECTION('',(0.757971883731,-0.652286270499,
    -1.115702405856E-03));
#12959 = DIRECTION('',(0.65228667648,0.75797235549,0.));
#12960 = ADVANCED_FACE('',(#12961),#12971,.T.);
#12961 = FACE_BOUND('',#12962,.T.);
#12962 = EDGE_LOOP('',(#12963,#12969,#12970));
#12963 = ORIENTED_EDGE('',*,*,#12964,.T.);
#12964 = EDGE_CURVE('',#8303,#8326,#12965,.T.);
#12965 = LINE('',#12966,#12967);
#12966 = CARTESIAN_POINT('',(21.304597854614,-14.34382057189,4.5));
#12967 = VECTOR('',#12968,1.);
#12968 = DIRECTION('',(0.532030667526,0.846725084553,0.));
#12969 = ORIENTED_EDGE('',*,*,#8325,.F.);
#12970 = ORIENTED_EDGE('',*,*,#8310,.T.);
#12971 = PLANE('',#12972);
#12972 = AXIS2_PLACEMENT_3D('',#12973,#12974,#12975);
#12973 = CARTESIAN_POINT('',(21.342852275858,-14.28544259979,
    5.713735511666));
#12974 = DIRECTION('',(0.846724574586,-0.532030347094,-1.09752559807E-03
    ));
#12975 = DIRECTION('',(0.532030667526,0.846725084553,0.));
#12976 = ADVANCED_FACE('',(#12977),#12987,.T.);
#12977 = FACE_BOUND('',#12978,.T.);
#12978 = EDGE_LOOP('',(#12979,#12985,#12986));
#12979 = ORIENTED_EDGE('',*,*,#12980,.T.);
#12980 = EDGE_CURVE('',#8326,#8349,#12981,.T.);
#12981 = LINE('',#12982,#12983);
#12982 = CARTESIAN_POINT('',(21.384115219116,-14.21726894378,4.5));
#12983 = VECTOR('',#12984,1.);
#12984 = DIRECTION('',(0.39989611677,0.916560470342,0.));
#12985 = ORIENTED_EDGE('',*,*,#8348,.F.);
#12986 = ORIENTED_EDGE('',*,*,#8333,.T.);
#12987 = PLANE('',#12988);
#12988 = AXIS2_PLACEMENT_3D('',#12989,#12990,#12991);
#12989 = CARTESIAN_POINT('',(21.411881947545,-14.15684634281,
    5.713735937636));
#12990 = DIRECTION('',(0.916559954968,-0.399895891912,
    -1.060462503133E-03));
#12991 = DIRECTION('',(0.39989611677,0.916560470342,-5.421010862428E-20)
  );
#12992 = ADVANCED_FACE('',(#12993),#13003,.T.);
#12993 = FACE_BOUND('',#12994,.T.);
#12994 = EDGE_LOOP('',(#12995,#13001,#13002));
#12995 = ORIENTED_EDGE('',*,*,#12996,.T.);
#12996 = EDGE_CURVE('',#8349,#8372,#12997,.T.);
#12997 = LINE('',#12998,#12999);
#12998 = CARTESIAN_POINT('',(21.443883895874,-14.08027935028,4.5));
#12999 = VECTOR('',#13000,1.);
#13000 = DIRECTION('',(0.258816564351,0.965926491001,0.));
#13001 = ORIENTED_EDGE('',*,*,#8371,.F.);
#13002 = ORIENTED_EDGE('',*,*,#8356,.T.);
#13003 = PLANE('',#13004);
#13004 = AXIS2_PLACEMENT_3D('',#13005,#13006,#13007);
#13005 = CARTESIAN_POINT('',(21.461416300187,-14.01956108262,
    5.713736640544));
#13006 = DIRECTION('',(0.965926002945,-0.258816433578,
    -1.005259042709E-03));
#13007 = DIRECTION('',(0.258816564351,0.965926491001,-5.421010862428E-20
    ));
#13008 = ADVANCED_FACE('',(#13009),#13019,.T.);
#13009 = FACE_BOUND('',#13010,.T.);
#13010 = EDGE_LOOP('',(#13011,#13017,#13018));
#13011 = ORIENTED_EDGE('',*,*,#13012,.T.);
#13012 = EDGE_CURVE('',#8372,#8395,#13013,.T.);
#13013 = LINE('',#13014,#13015);
#13014 = CARTESIAN_POINT('',(21.482566833496,-13.93591117858,4.5));
#13015 = VECTOR('',#13016,1.);
#13016 = DIRECTION('',(0.111958127229,0.993712925219,0.));
#13017 = ORIENTED_EDGE('',*,*,#8394,.F.);
#13018 = ORIENTED_EDGE('',*,*,#8379,.T.);
#13019 = PLANE('',#13020);
#13020 = AXIS2_PLACEMENT_3D('',#13021,#13022,#13023);
#13021 = CARTESIAN_POINT('',(21.490395502609,-13.87652522378,
    5.713738065771));
#13022 = DIRECTION('',(0.993712494015,-0.111958078647,
    -9.315921963519E-04));
#13023 = DIRECTION('',(0.111958127229,0.993712925219,0.));
#13024 = ADVANCED_FACE('',(#13025),#13035,.T.);
#13025 = FACE_BOUND('',#13026,.T.);
#13026 = EDGE_LOOP('',(#13027,#13033,#13034));
#13027 = ORIENTED_EDGE('',*,*,#13028,.T.);
#13028 = EDGE_CURVE('',#8395,#8418,#13029,.T.);
#13029 = LINE('',#13030,#13031);
#13030 = CARTESIAN_POINT('',(21.499300003052,-13.78739166259,4.5));
#13031 = VECTOR('',#13032,1.);
#13032 = DIRECTION('',(2.799674554586E-04,1.495499181692E-02,
    -0.999888128661));
#13033 = ORIENTED_EDGE('',*,*,#8417,.T.);
#13034 = ORIENTED_EDGE('',*,*,#8402,.T.);
#13035 = PLANE('',#13036);
#13036 = AXIS2_PLACEMENT_3D('',#13037,#13038,#13039);
#13037 = CARTESIAN_POINT('',(21.499824990974,-13.75934843856,4.5));
#13038 = DIRECTION('',(0.999824814317,-1.871738965795E-02,0.));
#13039 = DIRECTION('',(1.871738965795E-02,0.999824814317,0.));
#13040 = ADVANCED_FACE('',(#13041),#13051,.T.);
#13041 = FACE_BOUND('',#13042,.T.);
#13042 = EDGE_LOOP('',(#13043,#13049,#13050));
#13043 = ORIENTED_EDGE('',*,*,#13044,.T.);
#13044 = EDGE_CURVE('',#8426,#8483,#13045,.T.);
#13045 = LINE('',#13046,#13047);
#13046 = CARTESIAN_POINT('',(21.5,13.75,2.));
#13047 = VECTOR('',#13048,1.);
#13048 = DIRECTION('',(-2.799674554586E-04,1.495499181692E-02,
    0.999888128661));
#13049 = ORIENTED_EDGE('',*,*,#8482,.F.);
#13050 = ORIENTED_EDGE('',*,*,#8433,.T.);
#13051 = PLANE('',#13052);
#13052 = AXIS2_PLACEMENT_3D('',#13053,#13054,#13055);
#13053 = CARTESIAN_POINT('',(21.499824990974,13.759348438561,4.5));
#13054 = DIRECTION('',(0.999824814317,1.871738965795E-02,0.));
#13055 = DIRECTION('',(-1.871738965795E-02,0.999824814317,0.));
#13056 = ADVANCED_FACE('',(#13057),#13074,.T.);
#13057 = FACE_BOUND('',#13058,.T.);
#13058 = EDGE_LOOP('',(#13059,#13067,#13068));
#13059 = ORIENTED_EDGE('',*,*,#13060,.T.);
#13060 = EDGE_CURVE('',#13061,#8443,#13063,.T.);
#13061 = VERTEX_POINT('',#13062);
#13062 = CARTESIAN_POINT('',(21.144758224487,-8.,3.5));
#13063 = LINE('',#13064,#13065);
#13064 = CARTESIAN_POINT('',(21.144758224487,-8.,3.5));
#13065 = VECTOR('',#13066,1.);
#13066 = DIRECTION('',(0.25766265056,0.,0.966234939601));
#13067 = ORIENTED_EDGE('',*,*,#8442,.T.);
#13068 = ORIENTED_EDGE('',*,*,#13069,.T.);
#13069 = EDGE_CURVE('',#8445,#13061,#13070,.T.);
#13070 = LINE('',#13071,#13072);
#13071 = CARTESIAN_POINT('',(21.5,-8.,2.167843341827));
#13072 = VECTOR('',#13073,1.);
#13073 = DIRECTION('',(-0.25766265056,0.,0.966234939601));
#13074 = PLANE('',#13075);
#13075 = AXIS2_PLACEMENT_3D('',#13076,#13077,#13078);
#13076 = CARTESIAN_POINT('',(21.409664463702,-8.,3.5));
#13077 = DIRECTION('',(0.,1.,0.));
#13078 = DIRECTION('',(0.,0.,1.));
#13079 = ADVANCED_FACE('',(#13080),#13098,.T.);
#13080 = FACE_BOUND('',#13081,.T.);
#13081 = EDGE_LOOP('',(#13082,#13083,#13084,#13092));
#13082 = ORIENTED_EDGE('',*,*,#8452,.T.);
#13083 = ORIENTED_EDGE('',*,*,#13060,.F.);
#13084 = ORIENTED_EDGE('',*,*,#13085,.T.);
#13085 = EDGE_CURVE('',#13061,#13086,#13088,.T.);
#13086 = VERTEX_POINT('',#13087);
#13087 = CARTESIAN_POINT('',(21.144758224487,8.,3.5));
#13088 = LINE('',#13089,#13090);
#13089 = CARTESIAN_POINT('',(21.144758224487,-8.,3.5));
#13090 = VECTOR('',#13091,1.);
#13091 = DIRECTION('',(0.,1.,0.));
#13092 = ORIENTED_EDGE('',*,*,#13093,.T.);
#13093 = EDGE_CURVE('',#13086,#8453,#13094,.T.);
#13094 = LINE('',#13095,#13096);
#13095 = CARTESIAN_POINT('',(21.144758224487,8.,3.5));
#13096 = VECTOR('',#13097,1.);
#13097 = DIRECTION('',(0.25766265056,0.,0.966234939601));
#13098 = PLANE('',#13099);
#13099 = AXIS2_PLACEMENT_3D('',#13100,#13101,#13102);
#13100 = CARTESIAN_POINT('',(21.322379112244,0.,4.166078329086));
#13101 = DIRECTION('',(0.966234939601,0.,-0.25766265056));
#13102 = DIRECTION('',(0.25766265056,0.,0.966234939601));
#13103 = ADVANCED_FACE('',(#13104),#13114,.T.);
#13104 = FACE_BOUND('',#13105,.T.);
#13105 = EDGE_LOOP('',(#13106,#13112,#13113));
#13106 = ORIENTED_EDGE('',*,*,#13107,.F.);
#13107 = EDGE_CURVE('',#8461,#13086,#13108,.T.);
#13108 = LINE('',#13109,#13110);
#13109 = CARTESIAN_POINT('',(21.5,8.,2.167843341827));
#13110 = VECTOR('',#13111,1.);
#13111 = DIRECTION('',(-0.25766265056,0.,0.966234939601));
#13112 = ORIENTED_EDGE('',*,*,#8460,.T.);
#13113 = ORIENTED_EDGE('',*,*,#13093,.F.);
#13114 = PLANE('',#13115);
#13115 = AXIS2_PLACEMENT_3D('',#13116,#13117,#13118);
#13116 = CARTESIAN_POINT('',(21.409664463702,8.,3.5));
#13117 = DIRECTION('',(-0.,-1.,-0.));
#13118 = DIRECTION('',(0.,0.,-1.));
#13119 = ADVANCED_FACE('',(#13120),#13126,.T.);
#13120 = FACE_BOUND('',#13121,.T.);
#13121 = EDGE_LOOP('',(#13122,#13123,#13124,#13125));
#13122 = ORIENTED_EDGE('',*,*,#13085,.F.);
#13123 = ORIENTED_EDGE('',*,*,#13069,.F.);
#13124 = ORIENTED_EDGE('',*,*,#8468,.T.);
#13125 = ORIENTED_EDGE('',*,*,#13107,.T.);
#13126 = PLANE('',#13127);
#13127 = AXIS2_PLACEMENT_3D('',#13128,#13129,#13130);
#13128 = CARTESIAN_POINT('',(21.322379112244,0.,2.833921670914));
#13129 = DIRECTION('',(0.966234939601,0.,0.25766265056));
#13130 = DIRECTION('',(-0.25766265056,0.,0.966234939601));
#13131 = ADVANCED_FACE('',(#13132),#13142,.T.);
#13132 = FACE_BOUND('',#13133,.T.);
#13133 = EDGE_LOOP('',(#13134,#13140,#13141));
#13134 = ORIENTED_EDGE('',*,*,#13135,.T.);
#13135 = EDGE_CURVE('',#8483,#8506,#13136,.T.);
#13136 = LINE('',#13137,#13138);
#13137 = CARTESIAN_POINT('',(21.499300003052,13.787391662598,4.5));
#13138 = VECTOR('',#13139,1.);
#13139 = DIRECTION('',(-0.111958127229,0.993712925219,0.));
#13140 = ORIENTED_EDGE('',*,*,#8505,.F.);
#13141 = ORIENTED_EDGE('',*,*,#8490,.T.);
#13142 = PLANE('',#13143);
#13143 = AXIS2_PLACEMENT_3D('',#13144,#13145,#13146);
#13144 = CARTESIAN_POINT('',(21.490395502609,13.876525223782,
    5.713738065771));
#13145 = DIRECTION('',(0.993712494015,0.111958078647,-9.315921963519E-04
    ));
#13146 = DIRECTION('',(-0.111958127229,0.993712925219,0.));
#13147 = ADVANCED_FACE('',(#13148),#13158,.T.);
#13148 = FACE_BOUND('',#13149,.T.);
#13149 = EDGE_LOOP('',(#13150,#13156,#13157));
#13150 = ORIENTED_EDGE('',*,*,#13151,.T.);
#13151 = EDGE_CURVE('',#8506,#8529,#13152,.T.);
#13152 = LINE('',#13153,#13154);
#13153 = CARTESIAN_POINT('',(21.482566833496,13.935911178589,4.5));
#13154 = VECTOR('',#13155,1.);
#13155 = DIRECTION('',(-0.258816564351,0.965926491001,0.));
#13156 = ORIENTED_EDGE('',*,*,#8528,.F.);
#13157 = ORIENTED_EDGE('',*,*,#8513,.T.);
#13158 = PLANE('',#13159);
#13159 = AXIS2_PLACEMENT_3D('',#13160,#13161,#13162);
#13160 = CARTESIAN_POINT('',(21.461416300187,14.019561082629,
    5.713736640544));
#13161 = DIRECTION('',(0.965926002945,0.258816433578,-1.005259042709E-03
    ));
#13162 = DIRECTION('',(-0.258816564351,0.965926491001,0.));
#13163 = ADVANCED_FACE('',(#13164),#13174,.T.);
#13164 = FACE_BOUND('',#13165,.T.);
#13165 = EDGE_LOOP('',(#13166,#13172,#13173));
#13166 = ORIENTED_EDGE('',*,*,#13167,.T.);
#13167 = EDGE_CURVE('',#8529,#8552,#13168,.T.);
#13168 = LINE('',#13169,#13170);
#13169 = CARTESIAN_POINT('',(21.443883895874,14.080279350281,4.5));
#13170 = VECTOR('',#13171,1.);
#13171 = DIRECTION('',(-0.39989611677,0.916560470342,0.));
#13172 = ORIENTED_EDGE('',*,*,#8551,.F.);
#13173 = ORIENTED_EDGE('',*,*,#8536,.T.);
#13174 = PLANE('',#13175);
#13175 = AXIS2_PLACEMENT_3D('',#13176,#13177,#13178);
#13176 = CARTESIAN_POINT('',(21.411881947545,14.156846342814,
    5.713735937636));
#13177 = DIRECTION('',(0.916559954968,0.399895891912,-1.060462503133E-03
    ));
#13178 = DIRECTION('',(-0.39989611677,0.916560470342,5.421010862428E-20)
  );
#13179 = ADVANCED_FACE('',(#13180),#13190,.T.);
#13180 = FACE_BOUND('',#13181,.T.);
#13181 = EDGE_LOOP('',(#13182,#13188,#13189));
#13182 = ORIENTED_EDGE('',*,*,#13183,.T.);
#13183 = EDGE_CURVE('',#8552,#8575,#13184,.T.);
#13184 = LINE('',#13185,#13186);
#13185 = CARTESIAN_POINT('',(21.384115219116,14.217268943787,4.5));
#13186 = VECTOR('',#13187,1.);
#13187 = DIRECTION('',(-0.532030667526,0.846725084553,0.));
#13188 = ORIENTED_EDGE('',*,*,#8574,.F.);
#13189 = ORIENTED_EDGE('',*,*,#8559,.T.);
#13190 = PLANE('',#13191);
#13191 = AXIS2_PLACEMENT_3D('',#13192,#13193,#13194);
#13192 = CARTESIAN_POINT('',(21.342852275858,14.285442599797,
    5.713735511666));
#13193 = DIRECTION('',(0.846724574586,0.532030347094,-1.09752559807E-03)
  );
#13194 = DIRECTION('',(-0.532030667526,0.846725084553,0.));
#13195 = ADVANCED_FACE('',(#13196),#13206,.T.);
#13196 = FACE_BOUND('',#13197,.T.);
#13197 = EDGE_LOOP('',(#13198,#13204,#13205));
#13198 = ORIENTED_EDGE('',*,*,#13199,.T.);
#13199 = EDGE_CURVE('',#8575,#8598,#13200,.T.);
#13200 = LINE('',#13201,#13202);
#13201 = CARTESIAN_POINT('',(21.304597854614,14.343820571899,4.5));
#13202 = VECTOR('',#13203,1.);
#13203 = DIRECTION('',(-0.65228667648,0.75797235549,0.));
#13204 = ORIENTED_EDGE('',*,*,#8597,.F.);
#13205 = ORIENTED_EDGE('',*,*,#8582,.T.);
#13206 = PLANE('',#13207);
#13207 = AXIS2_PLACEMENT_3D('',#13208,#13209,#13210);
#13208 = CARTESIAN_POINT('',(21.255803193281,14.402597140801,
    5.71373544387));
#13209 = DIRECTION('',(0.757971883731,0.652286270499,-1.115702405856E-03
    ));
#13210 = DIRECTION('',(-0.65228667648,0.75797235549,-1.084202172486E-19)
  );
#13211 = ADVANCED_FACE('',(#13212),#13222,.T.);
#13212 = FACE_BOUND('',#13213,.T.);
#13213 = EDGE_LOOP('',(#13214,#13220,#13221));
#13214 = ORIENTED_EDGE('',*,*,#13215,.T.);
#13215 = EDGE_CURVE('',#8598,#8621,#13216,.T.);
#13216 = LINE('',#13217,#13218);
#13217 = CARTESIAN_POINT('',(21.207107543945,14.457106590271,4.5));
#13218 = VECTOR('',#13219,1.);
#13219 = DIRECTION('',(-0.757971915616,0.652287187623,0.));
#13220 = ORIENTED_EDGE('',*,*,#8620,.F.);
#13221 = ORIENTED_EDGE('',*,*,#8605,.T.);
#13222 = PLANE('',#13223);
#13223 = AXIS2_PLACEMENT_3D('',#13224,#13225,#13226);
#13224 = CARTESIAN_POINT('',(21.152597848752,14.505803410817,
    5.7137351273));
#13225 = DIRECTION('',(0.652286781235,0.757971443385,-1.116261451E-03));
#13226 = DIRECTION('',(0.757971915616,-0.652287187623,0.));
#13227 = ADVANCED_FACE('',(#13228),#13238,.T.);
#13228 = FACE_BOUND('',#13229,.T.);
#13229 = EDGE_LOOP('',(#13230,#13236,#13237));
#13230 = ORIENTED_EDGE('',*,*,#13231,.T.);
#13231 = EDGE_CURVE('',#8621,#8644,#13232,.T.);
#13232 = LINE('',#13233,#13234);
#13233 = CARTESIAN_POINT('',(21.093820571899,14.554597854614,4.5));
#13234 = VECTOR('',#13235,1.);
#13235 = DIRECTION('',(-0.846726890665,0.532027793094,0.));
#13236 = ORIENTED_EDGE('',*,*,#8643,.F.);
#13237 = ORIENTED_EDGE('',*,*,#8628,.T.);
#13238 = PLANE('',#13239);
#13239 = AXIS2_PLACEMENT_3D('',#13240,#13241,#13242);
#13240 = CARTESIAN_POINT('',(21.035441890787,14.592852276015,
    5.713735321563));
#13241 = DIRECTION('',(0.532027472731,0.846726380804,-1.097410271911E-03
    ));
#13242 = DIRECTION('',(0.846726890665,-0.532027793094,1.084202172486E-19
    ));
#13243 = ADVANCED_FACE('',(#13244),#13254,.T.);
#13244 = FACE_BOUND('',#13245,.T.);
#13245 = EDGE_LOOP('',(#13246,#13252,#13253));
#13246 = ORIENTED_EDGE('',*,*,#13247,.T.);
#13247 = EDGE_CURVE('',#8644,#8667,#13248,.T.);
#13248 = LINE('',#13249,#13250);
#13249 = CARTESIAN_POINT('',(20.967267990112,14.634115219116,4.5));
#13250 = VECTOR('',#13251,1.);
#13251 = DIRECTION('',(-0.916562809072,0.399890756365,0.));
#13252 = ORIENTED_EDGE('',*,*,#8666,.F.);
#13253 = ORIENTED_EDGE('',*,*,#8651,.T.);
#13254 = PLANE('',#13255);
#13255 = AXIS2_PLACEMENT_3D('',#13256,#13257,#13258);
#13256 = CARTESIAN_POINT('',(20.90684585248,14.661881702119,
    5.713736027481));
#13257 = DIRECTION('',(0.399890531389,0.916562293418,-1.060750103006E-03
    ));
#13258 = DIRECTION('',(0.916562809072,-0.399890756365,0.));
#13259 = ADVANCED_FACE('',(#13260),#13270,.T.);
#13260 = FACE_BOUND('',#13261,.T.);
#13261 = EDGE_LOOP('',(#13262,#13268,#13269));
#13262 = ORIENTED_EDGE('',*,*,#13263,.T.);
#13263 = EDGE_CURVE('',#8667,#8690,#13264,.T.);
#13264 = LINE('',#13265,#13266);
#13265 = CARTESIAN_POINT('',(20.830278396606,14.6938829422,4.5));
#13266 = VECTOR('',#13267,1.);
#13267 = DIRECTION('',(-0.965924468364,0.258824112896,0.));
#13268 = ORIENTED_EDGE('',*,*,#8689,.F.);
#13269 = ORIENTED_EDGE('',*,*,#8674,.T.);
#13270 = PLANE('',#13271);
#13271 = AXIS2_PLACEMENT_3D('',#13272,#13273,#13274);
#13272 = CARTESIAN_POINT('',(20.769560838668,14.711415591728,
    5.713736799344));
#13273 = DIRECTION('',(0.258823982135,0.965923980367,-1.005198564162E-03
    ));
#13274 = DIRECTION('',(0.965924468364,-0.258824112896,0.));
#13275 = ADVANCED_FACE('',(#13276),#13281,.T.);
#13276 = FACE_BOUND('',#13277,.T.);
#13277 = EDGE_LOOP('',(#13278,#13279,#13280));
#13278 = ORIENTED_EDGE('',*,*,#8729,.T.);
#13279 = ORIENTED_EDGE('',*,*,#8714,.F.);
#13280 = ORIENTED_EDGE('',*,*,#10147,.T.);
#13281 = PLANE('',#13282);
#13282 = AXIS2_PLACEMENT_3D('',#13283,#13284,#13285);
#13283 = CARTESIAN_POINT('',(20.086654935472,13.741444240158,
    6.103746665581));
#13284 = DIRECTION('',(-0.173650399926,-0.984806760816,
    1.087407779028E-03));
#13285 = DIRECTION('',(-0.984807343062,0.173650502593,2.710505431214E-20
    ));
#13286 = ADVANCED_FACE('',(#13287),#13292,.T.);
#13287 = FACE_BOUND('',#13288,.T.);
#13288 = EDGE_LOOP('',(#13289,#13290,#13291));
#13289 = ORIENTED_EDGE('',*,*,#8752,.T.);
#13290 = ORIENTED_EDGE('',*,*,#8737,.F.);
#13291 = ORIENTED_EDGE('',*,*,#10133,.T.);
#13292 = PLANE('',#13293);
#13293 = AXIS2_PLACEMENT_3D('',#13294,#13295,#13296);
#13294 = CARTESIAN_POINT('',(20.170677380674,13.718930695325,
    6.103746896314));
#13295 = DIRECTION('',(-0.342019595297,-0.939692190708,
    1.087729365355E-03));
#13296 = DIRECTION('',(-0.939692746609,0.342019797629,0.));
#13297 = ADVANCED_FACE('',(#13298),#13303,.T.);
#13298 = FACE_BOUND('',#13299,.T.);
#13299 = EDGE_LOOP('',(#13300,#13301,#13302));
#13300 = ORIENTED_EDGE('',*,*,#8775,.T.);
#13301 = ORIENTED_EDGE('',*,*,#8760,.F.);
#13302 = ORIENTED_EDGE('',*,*,#10111,.T.);
#13303 = PLANE('',#13304);
#13304 = AXIS2_PLACEMENT_3D('',#13305,#13306,#13307);
#13305 = CARTESIAN_POINT('',(20.249513046215,13.682168973917,
    6.103746896278));
#13306 = DIRECTION('',(-0.499991789968,-0.866029461391,
    1.087183665619E-03));
#13307 = DIRECTION('',(-0.866029973201,0.499992085455,0.));
#13308 = ADVANCED_FACE('',(#13309),#13314,.T.);
#13309 = FACE_BOUND('',#13310,.T.);
#13310 = EDGE_LOOP('',(#13311,#13312,#13313));
#13311 = ORIENTED_EDGE('',*,*,#8798,.T.);
#13312 = ORIENTED_EDGE('',*,*,#8783,.F.);
#13313 = ORIENTED_EDGE('',*,*,#10072,.T.);
#13314 = PLANE('',#13315);
#13315 = AXIS2_PLACEMENT_3D('',#13316,#13317,#13318);
#13316 = CARTESIAN_POINT('',(20.320767813357,13.632276003875,
    6.103746962464));
#13317 = DIRECTION('',(-0.64278923992,-0.766042304037,1.086953542517E-03
    ));
#13318 = DIRECTION('',(-0.766042756565,0.642789619638,0.));
#13319 = ADVANCED_FACE('',(#13320),#13325,.T.);
#13320 = FACE_BOUND('',#13321,.T.);
#13321 = EDGE_LOOP('',(#13322,#13323,#13324));
#13322 = ORIENTED_EDGE('',*,*,#8821,.T.);
#13323 = ORIENTED_EDGE('',*,*,#8806,.F.);
#13324 = ORIENTED_EDGE('',*,*,#10028,.T.);
#13325 = PLANE('',#13326);
#13326 = AXIS2_PLACEMENT_3D('',#13327,#13328,#13329);
#13327 = CARTESIAN_POINT('',(20.382276003804,13.570767568938,
    6.103746788755));
#13328 = DIRECTION('',(-0.766046824921,-0.642783851835,
    1.087128687427E-03));
#13329 = DIRECTION('',(0.642784231672,-0.766047277597,0.));
#13330 = ADVANCED_FACE('',(#13331),#13336,.T.);
#13331 = FACE_BOUND('',#13332,.T.);
#13332 = EDGE_LOOP('',(#13333,#13334,#13335));
#13333 = ORIENTED_EDGE('',*,*,#8844,.T.);
#13334 = ORIENTED_EDGE('',*,*,#8829,.F.);
#13335 = ORIENTED_EDGE('',*,*,#9984,.T.);
#13336 = PLANE('',#13337);
#13337 = AXIS2_PLACEMENT_3D('',#13338,#13339,#13340);
#13338 = CARTESIAN_POINT('',(20.43216850898,13.499512801882,
    6.103747092656));
#13339 = DIRECTION('',(-0.86602672621,-0.499996528239,1.086847955477E-03
    ));
#13340 = DIRECTION('',(0.499996823547,-0.866027237703,5.421010862428E-20
    ));
#13341 = ADVANCED_FACE('',(#13342),#13347,.T.);
#13342 = FACE_BOUND('',#13343,.T.);
#13343 = EDGE_LOOP('',(#13344,#13345,#13346));
#13344 = ORIENTED_EDGE('',*,*,#8867,.T.);
#13345 = ORIENTED_EDGE('',*,*,#8852,.F.);
#13346 = ORIENTED_EDGE('',*,*,#9940,.T.);
#13347 = PLANE('',#13348);
#13348 = AXIS2_PLACEMENT_3D('',#13349,#13350,#13351);
#13349 = CARTESIAN_POINT('',(20.468930939378,13.420676915603,
    6.103746818744));
#13350 = DIRECTION('',(-0.939688674379,-0.342029257595,
    1.087286931796E-03));
#13351 = DIRECTION('',(0.342029459767,-0.939689229826,0.));
#13352 = ADVANCED_FACE('',(#13353),#13358,.T.);
#13353 = FACE_BOUND('',#13354,.T.);
#13354 = EDGE_LOOP('',(#13355,#13356,#13357));
#13355 = ORIENTED_EDGE('',*,*,#8890,.T.);
#13356 = ORIENTED_EDGE('',*,*,#8875,.F.);
#13357 = ORIENTED_EDGE('',*,*,#9847,.T.);
#13358 = PLANE('',#13359);
#13359 = AXIS2_PLACEMENT_3D('',#13360,#13361,#13362);
#13360 = CARTESIAN_POINT('',(20.491443775213,13.336655179818,
    6.103746967641));
#13361 = DIRECTION('',(-0.984810173801,-0.173631046742,
    1.086823784442E-03));
#13362 = DIRECTION('',(0.173631149288,-0.984810755423,
    -2.710505431214E-20));
#13363 = ADVANCED_FACE('',(#13364),#13369,.T.);
#13364 = FACE_BOUND('',#13365,.T.);
#13365 = EDGE_LOOP('',(#13366,#13367,#13368));
#13366 = ORIENTED_EDGE('',*,*,#8922,.T.);
#13367 = ORIENTED_EDGE('',*,*,#8907,.F.);
#13368 = ORIENTED_EDGE('',*,*,#9861,.T.);
#13369 = PLANE('',#13370);
#13370 = AXIS2_PLACEMENT_3D('',#13371,#13372,#13373);
#13371 = CARTESIAN_POINT('',(20.491443775213,-13.33665517981,
    6.103746967641));
#13372 = DIRECTION('',(-0.984810173801,0.173631046742,1.086823784442E-03
    ));
#13373 = DIRECTION('',(-0.173631149288,-0.984810755423,0.));
#13374 = ADVANCED_FACE('',(#13375),#13385,.T.);
#13375 = FACE_BOUND('',#13376,.T.);
#13376 = EDGE_LOOP('',(#13377,#13378,#13379));
#13377 = ORIENTED_EDGE('',*,*,#8945,.T.);
#13378 = ORIENTED_EDGE('',*,*,#8930,.F.);
#13379 = ORIENTED_EDGE('',*,*,#13380,.T.);
#13380 = EDGE_CURVE('',#8923,#8946,#13381,.T.);
#13381 = LINE('',#13382,#13383);
#13382 = CARTESIAN_POINT('',(20.482963562012,-13.37940979003,5.25));
#13383 = VECTOR('',#13384,1.);
#13384 = DIRECTION('',(-0.342029459767,-0.939689229826,0.));
#13385 = PLANE('',#13386);
#13386 = AXIS2_PLACEMENT_3D('',#13387,#13388,#13389);
#13387 = CARTESIAN_POINT('',(20.468930939378,-13.4206769156,
    6.103746818744));
#13388 = DIRECTION('',(-0.939688674379,0.342029257595,1.087286931796E-03
    ));
#13389 = DIRECTION('',(-0.342029459767,-0.939689229826,
    5.421010862428E-20));
#13390 = ADVANCED_FACE('',(#13391),#13401,.T.);
#13391 = FACE_BOUND('',#13392,.T.);
#13392 = EDGE_LOOP('',(#13393,#13394,#13395));
#13393 = ORIENTED_EDGE('',*,*,#8968,.T.);
#13394 = ORIENTED_EDGE('',*,*,#8953,.F.);
#13395 = ORIENTED_EDGE('',*,*,#13396,.T.);
#13396 = EDGE_CURVE('',#8946,#8969,#13397,.T.);
#13397 = LINE('',#13398,#13399);
#13398 = CARTESIAN_POINT('',(20.453153610229,-13.46130943298,5.25));
#13399 = VECTOR('',#13400,1.);
#13400 = DIRECTION('',(-0.499996823547,-0.866027237703,0.));
#13401 = PLANE('',#13402);
#13402 = AXIS2_PLACEMENT_3D('',#13403,#13404,#13405);
#13403 = CARTESIAN_POINT('',(20.43216850898,-13.49951280188,
    6.103747092656));
#13404 = DIRECTION('',(-0.86602672621,0.499996528239,1.086847955477E-03)
  );
#13405 = DIRECTION('',(-0.499996823547,-0.866027237703,0.));
#13406 = ADVANCED_FACE('',(#13407),#13417,.T.);
#13407 = FACE_BOUND('',#13408,.T.);
#13408 = EDGE_LOOP('',(#13409,#13410,#13411));
#13409 = ORIENTED_EDGE('',*,*,#8991,.T.);
#13410 = ORIENTED_EDGE('',*,*,#8976,.F.);
#13411 = ORIENTED_EDGE('',*,*,#13412,.T.);
#13412 = EDGE_CURVE('',#8969,#8992,#13413,.T.);
#13413 = LINE('',#13414,#13415);
#13414 = CARTESIAN_POINT('',(20.409576416016,-13.53678798675,5.25));
#13415 = VECTOR('',#13416,1.);
#13416 = DIRECTION('',(-0.642784231672,-0.766047277597,0.));
#13417 = PLANE('',#13418);
#13418 = AXIS2_PLACEMENT_3D('',#13419,#13420,#13421);
#13419 = CARTESIAN_POINT('',(20.382276003804,-13.57076756893,
    6.103746788755));
#13420 = DIRECTION('',(-0.766046824921,0.642783851835,1.087128687427E-03
    ));
#13421 = DIRECTION('',(-0.642784231672,-0.766047277597,0.));
#13422 = ADVANCED_FACE('',(#13423),#13433,.T.);
#13423 = FACE_BOUND('',#13424,.T.);
#13424 = EDGE_LOOP('',(#13425,#13426,#13427));
#13425 = ORIENTED_EDGE('',*,*,#9014,.T.);
#13426 = ORIENTED_EDGE('',*,*,#8999,.F.);
#13427 = ORIENTED_EDGE('',*,*,#13428,.T.);
#13428 = EDGE_CURVE('',#8992,#9015,#13429,.T.);
#13429 = LINE('',#13430,#13431);
#13430 = CARTESIAN_POINT('',(20.353553771973,-13.60355377197,5.25));
#13431 = VECTOR('',#13432,1.);
#13432 = DIRECTION('',(-0.766042756565,-0.642789619638,0.));
#13433 = PLANE('',#13434);
#13434 = AXIS2_PLACEMENT_3D('',#13435,#13436,#13437);
#13435 = CARTESIAN_POINT('',(20.320767813357,-13.63227600387,
    6.103746962464));
#13436 = DIRECTION('',(-0.64278923992,0.766042304037,1.086953542517E-03)
  );
#13437 = DIRECTION('',(0.766042756565,0.642789619638,0.));
#13438 = ADVANCED_FACE('',(#13439),#13449,.T.);
#13439 = FACE_BOUND('',#13440,.T.);
#13440 = EDGE_LOOP('',(#13441,#13442,#13443));
#13441 = ORIENTED_EDGE('',*,*,#9037,.T.);
#13442 = ORIENTED_EDGE('',*,*,#9022,.F.);
#13443 = ORIENTED_EDGE('',*,*,#13444,.T.);
#13444 = EDGE_CURVE('',#9015,#9038,#13445,.T.);
#13445 = LINE('',#13446,#13447);
#13446 = CARTESIAN_POINT('',(20.28678894043,-13.65957641601,5.25));
#13447 = VECTOR('',#13448,1.);
#13448 = DIRECTION('',(-0.866029973201,-0.499992085455,0.));
#13449 = PLANE('',#13450);
#13450 = AXIS2_PLACEMENT_3D('',#13451,#13452,#13453);
#13451 = CARTESIAN_POINT('',(20.249513046215,-13.68216897391,
    6.103746896278));
#13452 = DIRECTION('',(-0.499991789968,0.866029461391,1.087183665619E-03
    ));
#13453 = DIRECTION('',(0.866029973201,0.499992085455,-5.421010862428E-20
    ));
#13454 = ADVANCED_FACE('',(#13455),#13465,.T.);
#13455 = FACE_BOUND('',#13456,.T.);
#13456 = EDGE_LOOP('',(#13457,#13458,#13459));
#13457 = ORIENTED_EDGE('',*,*,#9060,.T.);
#13458 = ORIENTED_EDGE('',*,*,#9045,.F.);
#13459 = ORIENTED_EDGE('',*,*,#13460,.T.);
#13460 = EDGE_CURVE('',#9038,#9061,#13461,.T.);
#13461 = LINE('',#13462,#13463);
#13462 = CARTESIAN_POINT('',(20.211309432983,-13.70315361022,5.25));
#13463 = VECTOR('',#13464,1.);
#13464 = DIRECTION('',(-0.939692746609,-0.342019797629,0.));
#13465 = PLANE('',#13466);
#13466 = AXIS2_PLACEMENT_3D('',#13467,#13468,#13469);
#13467 = CARTESIAN_POINT('',(20.170677380674,-13.71893069532,
    6.103746896314));
#13468 = DIRECTION('',(-0.342019595297,0.939692190708,1.087729365355E-03
    ));
#13469 = DIRECTION('',(0.939692746609,0.342019797629,-5.421010862428E-20
    ));
#13470 = ADVANCED_FACE('',(#13471),#13481,.T.);
#13471 = FACE_BOUND('',#13472,.T.);
#13472 = EDGE_LOOP('',(#13473,#13474,#13475));
#13473 = ORIENTED_EDGE('',*,*,#9083,.T.);
#13474 = ORIENTED_EDGE('',*,*,#9068,.F.);
#13475 = ORIENTED_EDGE('',*,*,#13476,.T.);
#13476 = EDGE_CURVE('',#9061,#9084,#13477,.T.);
#13477 = LINE('',#13478,#13479);
#13478 = CARTESIAN_POINT('',(20.129409790039,-13.73296260833,5.25));
#13479 = VECTOR('',#13480,1.);
#13480 = DIRECTION('',(-0.984807343062,-0.173650502593,0.));
#13481 = PLANE('',#13482);
#13482 = AXIS2_PLACEMENT_3D('',#13483,#13484,#13485);
#13483 = CARTESIAN_POINT('',(20.086654935472,-13.74144424015,
    6.103746665581));
#13484 = DIRECTION('',(-0.173650399926,0.984806760816,1.087407779028E-03
    ));
#13485 = DIRECTION('',(0.984807343062,0.173650502593,0.));
#13486 = ADVANCED_FACE('',(#13487),#13497,.T.);
#13487 = FACE_BOUND('',#13488,.T.);
#13488 = EDGE_LOOP('',(#13489,#13490,#13491));
#13489 = ORIENTED_EDGE('',*,*,#9258,.T.);
#13490 = ORIENTED_EDGE('',*,*,#9243,.F.);
#13491 = ORIENTED_EDGE('',*,*,#13492,.T.);
#13492 = EDGE_CURVE('',#9236,#9259,#13493,.T.);
#13493 = LINE('',#13494,#13495);
#13494 = CARTESIAN_POINT('',(-20.04357719421,-13.74809741973,5.25));
#13495 = VECTOR('',#13496,1.);
#13496 = DIRECTION('',(-0.984807343062,0.173650502593,0.));
#13497 = PLANE('',#13498);
#13498 = AXIS2_PLACEMENT_3D('',#13499,#13500,#13501);
#13499 = CARTESIAN_POINT('',(-20.08665493547,-13.74144424015,
    6.103746665581));
#13500 = DIRECTION('',(0.173650399926,0.984806760816,1.087407779028E-03)
  );
#13501 = DIRECTION('',(0.984807343062,-0.173650502593,2.710505431214E-20
    ));
#13502 = ADVANCED_FACE('',(#13503),#13513,.T.);
#13503 = FACE_BOUND('',#13504,.T.);
#13504 = EDGE_LOOP('',(#13505,#13506,#13507));
#13505 = ORIENTED_EDGE('',*,*,#9281,.T.);
#13506 = ORIENTED_EDGE('',*,*,#9266,.F.);
#13507 = ORIENTED_EDGE('',*,*,#13508,.T.);
#13508 = EDGE_CURVE('',#9259,#9282,#13509,.T.);
#13509 = LINE('',#13510,#13511);
#13510 = CARTESIAN_POINT('',(-20.12940979003,-13.73296260833,5.25));
#13511 = VECTOR('',#13512,1.);
#13512 = DIRECTION('',(-0.939692746609,0.342019797629,0.));
#13513 = PLANE('',#13514);
#13514 = AXIS2_PLACEMENT_3D('',#13515,#13516,#13517);
#13515 = CARTESIAN_POINT('',(-20.17067738067,-13.71893069532,
    6.103746896314));
#13516 = DIRECTION('',(0.342019595297,0.939692190708,1.087729365355E-03)
  );
#13517 = DIRECTION('',(0.939692746609,-0.342019797629,0.));
#13518 = ADVANCED_FACE('',(#13519),#13529,.T.);
#13519 = FACE_BOUND('',#13520,.T.);
#13520 = EDGE_LOOP('',(#13521,#13522,#13523));
#13521 = ORIENTED_EDGE('',*,*,#9304,.T.);
#13522 = ORIENTED_EDGE('',*,*,#9289,.F.);
#13523 = ORIENTED_EDGE('',*,*,#13524,.T.);
#13524 = EDGE_CURVE('',#9282,#9305,#13525,.T.);
#13525 = LINE('',#13526,#13527);
#13526 = CARTESIAN_POINT('',(-20.21130943298,-13.70315361022,5.25));
#13527 = VECTOR('',#13528,1.);
#13528 = DIRECTION('',(-0.866029973201,0.499992085455,0.));
#13529 = PLANE('',#13530);
#13530 = AXIS2_PLACEMENT_3D('',#13531,#13532,#13533);
#13531 = CARTESIAN_POINT('',(-20.24951304621,-13.68216897391,
    6.103746896278));
#13532 = DIRECTION('',(0.499991789968,0.866029461391,1.087183665619E-03)
  );
#13533 = DIRECTION('',(0.866029973201,-0.499992085455,0.));
#13534 = ADVANCED_FACE('',(#13535),#13545,.T.);
#13535 = FACE_BOUND('',#13536,.T.);
#13536 = EDGE_LOOP('',(#13537,#13538,#13539));
#13537 = ORIENTED_EDGE('',*,*,#9327,.T.);
#13538 = ORIENTED_EDGE('',*,*,#9312,.F.);
#13539 = ORIENTED_EDGE('',*,*,#13540,.T.);
#13540 = EDGE_CURVE('',#9305,#9328,#13541,.T.);
#13541 = LINE('',#13542,#13543);
#13542 = CARTESIAN_POINT('',(-20.28678894043,-13.65957641601,5.25));
#13543 = VECTOR('',#13544,1.);
#13544 = DIRECTION('',(-0.766042756565,0.642789619638,0.));
#13545 = PLANE('',#13546);
#13546 = AXIS2_PLACEMENT_3D('',#13547,#13548,#13549);
#13547 = CARTESIAN_POINT('',(-20.32076781335,-13.63227600387,
    6.103746962464));
#13548 = DIRECTION('',(0.64278923992,0.766042304037,1.086953542517E-03)
  );
#13549 = DIRECTION('',(0.766042756565,-0.642789619638,0.));
#13550 = ADVANCED_FACE('',(#13551),#13561,.T.);
#13551 = FACE_BOUND('',#13552,.T.);
#13552 = EDGE_LOOP('',(#13553,#13554,#13555));
#13553 = ORIENTED_EDGE('',*,*,#9350,.T.);
#13554 = ORIENTED_EDGE('',*,*,#9335,.F.);
#13555 = ORIENTED_EDGE('',*,*,#13556,.T.);
#13556 = EDGE_CURVE('',#9328,#9351,#13557,.T.);
#13557 = LINE('',#13558,#13559);
#13558 = CARTESIAN_POINT('',(-20.35355377197,-13.60355377197,5.25));
#13559 = VECTOR('',#13560,1.);
#13560 = DIRECTION('',(-0.642784231672,0.766047277597,0.));
#13561 = PLANE('',#13562);
#13562 = AXIS2_PLACEMENT_3D('',#13563,#13564,#13565);
#13563 = CARTESIAN_POINT('',(-20.3822760038,-13.57076756893,
    6.103746788755));
#13564 = DIRECTION('',(0.766046824921,0.642783851835,1.087128687427E-03)
  );
#13565 = DIRECTION('',(-0.642784231672,0.766047277597,0.));
#13566 = ADVANCED_FACE('',(#13567),#13577,.T.);
#13567 = FACE_BOUND('',#13568,.T.);
#13568 = EDGE_LOOP('',(#13569,#13570,#13571));
#13569 = ORIENTED_EDGE('',*,*,#9373,.T.);
#13570 = ORIENTED_EDGE('',*,*,#9358,.F.);
#13571 = ORIENTED_EDGE('',*,*,#13572,.T.);
#13572 = EDGE_CURVE('',#9351,#9374,#13573,.T.);
#13573 = LINE('',#13574,#13575);
#13574 = CARTESIAN_POINT('',(-20.40957641601,-13.53678798675,5.25));
#13575 = VECTOR('',#13576,1.);
#13576 = DIRECTION('',(-0.499996823547,0.866027237703,0.));
#13577 = PLANE('',#13578);
#13578 = AXIS2_PLACEMENT_3D('',#13579,#13580,#13581);
#13579 = CARTESIAN_POINT('',(-20.43216850898,-13.49951280188,
    6.103747092656));
#13580 = DIRECTION('',(0.86602672621,0.499996528239,1.086847955477E-03)
  );
#13581 = DIRECTION('',(-0.499996823547,0.866027237703,5.421010862428E-20
    ));
#13582 = ADVANCED_FACE('',(#13583),#13588,.T.);
#13583 = FACE_BOUND('',#13584,.T.);
#13584 = EDGE_LOOP('',(#13585,#13586,#13587));
#13585 = ORIENTED_EDGE('',*,*,#9396,.T.);
#13586 = ORIENTED_EDGE('',*,*,#9381,.F.);
#13587 = ORIENTED_EDGE('',*,*,#10717,.T.);
#13588 = PLANE('',#13589);
#13589 = AXIS2_PLACEMENT_3D('',#13590,#13591,#13592);
#13590 = CARTESIAN_POINT('',(-20.46893093937,-13.4206769156,
    6.103746818744));
#13591 = DIRECTION('',(0.939688674379,0.342029257595,1.087286931796E-03)
  );
#13592 = DIRECTION('',(-0.342029459767,0.939689229826,0.));
#13593 = ADVANCED_FACE('',(#13594),#13599,.T.);
#13594 = FACE_BOUND('',#13595,.T.);
#13595 = EDGE_LOOP('',(#13596,#13597,#13598));
#13596 = ORIENTED_EDGE('',*,*,#9433,.T.);
#13597 = ORIENTED_EDGE('',*,*,#9418,.F.);
#13598 = ORIENTED_EDGE('',*,*,#9745,.T.);
#13599 = PLANE('',#13600);
#13600 = AXIS2_PLACEMENT_3D('',#13601,#13602,#13603);
#13601 = CARTESIAN_POINT('',(-20.49144377521,13.336655179818,
    6.103746967641));
#13602 = DIRECTION('',(0.984810173801,-0.173631046742,1.086823784442E-03
    ));
#13603 = DIRECTION('',(0.173631149288,0.984810755423,0.));
#13604 = ADVANCED_FACE('',(#13605),#13610,.T.);
#13605 = FACE_BOUND('',#13606,.T.);
#13606 = EDGE_LOOP('',(#13607,#13608,#13609));
#13607 = ORIENTED_EDGE('',*,*,#9456,.T.);
#13608 = ORIENTED_EDGE('',*,*,#9441,.F.);
#13609 = ORIENTED_EDGE('',*,*,#9825,.T.);
#13610 = PLANE('',#13611);
#13611 = AXIS2_PLACEMENT_3D('',#13612,#13613,#13614);
#13612 = CARTESIAN_POINT('',(-20.46893093937,13.420676915603,
    6.103746818744));
#13613 = DIRECTION('',(0.939688674379,-0.342029257595,1.087286931796E-03
    ));
#13614 = DIRECTION('',(0.342029459767,0.939689229826,5.421010862428E-20)
  );
#13615 = ADVANCED_FACE('',(#13616),#13621,.T.);
#13616 = FACE_BOUND('',#13617,.T.);
#13617 = EDGE_LOOP('',(#13618,#13619,#13620));
#13618 = ORIENTED_EDGE('',*,*,#9479,.T.);
#13619 = ORIENTED_EDGE('',*,*,#9464,.F.);
#13620 = ORIENTED_EDGE('',*,*,#9896,.T.);
#13621 = PLANE('',#13622);
#13622 = AXIS2_PLACEMENT_3D('',#13623,#13624,#13625);
#13623 = CARTESIAN_POINT('',(-20.43216850898,13.499512801882,
    6.103747092656));
#13624 = DIRECTION('',(0.86602672621,-0.499996528239,1.086847955477E-03)
  );
#13625 = DIRECTION('',(0.499996823547,0.866027237703,0.));
#13626 = ADVANCED_FACE('',(#13627),#13632,.T.);
#13627 = FACE_BOUND('',#13628,.T.);
#13628 = EDGE_LOOP('',(#13629,#13630,#13631));
#13629 = ORIENTED_EDGE('',*,*,#9502,.T.);
#13630 = ORIENTED_EDGE('',*,*,#9487,.F.);
#13631 = ORIENTED_EDGE('',*,*,#9918,.T.);
#13632 = PLANE('',#13633);
#13633 = AXIS2_PLACEMENT_3D('',#13634,#13635,#13636);
#13634 = CARTESIAN_POINT('',(-20.3822760038,13.570767568938,
    6.103746788755));
#13635 = DIRECTION('',(0.766046824921,-0.642783851835,1.087128687427E-03
    ));
#13636 = DIRECTION('',(0.642784231672,0.766047277597,0.));
#13637 = ADVANCED_FACE('',(#13638),#13643,.T.);
#13638 = FACE_BOUND('',#13639,.T.);
#13639 = EDGE_LOOP('',(#13640,#13641,#13642));
#13640 = ORIENTED_EDGE('',*,*,#9525,.T.);
#13641 = ORIENTED_EDGE('',*,*,#9510,.F.);
#13642 = ORIENTED_EDGE('',*,*,#9962,.T.);
#13643 = PLANE('',#13644);
#13644 = AXIS2_PLACEMENT_3D('',#13645,#13646,#13647);
#13645 = CARTESIAN_POINT('',(-20.32076781335,13.632276003875,
    6.103746962464));
#13646 = DIRECTION('',(0.64278923992,-0.766042304037,1.086953542517E-03)
  );
#13647 = DIRECTION('',(-0.766042756565,-0.642789619638,0.));
#13648 = ADVANCED_FACE('',(#13649),#13654,.T.);
#13649 = FACE_BOUND('',#13650,.T.);
#13650 = EDGE_LOOP('',(#13651,#13652,#13653));
#13651 = ORIENTED_EDGE('',*,*,#9548,.T.);
#13652 = ORIENTED_EDGE('',*,*,#9533,.F.);
#13653 = ORIENTED_EDGE('',*,*,#10006,.T.);
#13654 = PLANE('',#13655);
#13655 = AXIS2_PLACEMENT_3D('',#13656,#13657,#13658);
#13656 = CARTESIAN_POINT('',(-20.24951304621,13.682168973917,
    6.103746896278));
#13657 = DIRECTION('',(0.499991789968,-0.866029461391,1.087183665619E-03
    ));
#13658 = DIRECTION('',(-0.866029973201,-0.499992085455,
    -5.421010862428E-20));
#13659 = ADVANCED_FACE('',(#13660),#13665,.T.);
#13660 = FACE_BOUND('',#13661,.T.);
#13661 = EDGE_LOOP('',(#13662,#13663,#13664));
#13662 = ORIENTED_EDGE('',*,*,#9571,.T.);
#13663 = ORIENTED_EDGE('',*,*,#9556,.F.);
#13664 = ORIENTED_EDGE('',*,*,#10050,.T.);
#13665 = PLANE('',#13666);
#13666 = AXIS2_PLACEMENT_3D('',#13667,#13668,#13669);
#13667 = CARTESIAN_POINT('',(-20.17067738067,13.718930695325,
    6.103746896314));
#13668 = DIRECTION('',(0.342019595297,-0.939692190708,1.087729365355E-03
    ));
#13669 = DIRECTION('',(-0.939692746609,-0.342019797629,
    -5.421010862428E-20));
#13670 = ADVANCED_FACE('',(#13671),#13676,.T.);
#13671 = FACE_BOUND('',#13672,.T.);
#13672 = EDGE_LOOP('',(#13673,#13674,#13675));
#13673 = ORIENTED_EDGE('',*,*,#9594,.T.);
#13674 = ORIENTED_EDGE('',*,*,#9579,.F.);
#13675 = ORIENTED_EDGE('',*,*,#10089,.T.);
#13676 = PLANE('',#13677);
#13677 = AXIS2_PLACEMENT_3D('',#13678,#13679,#13680);
#13678 = CARTESIAN_POINT('',(-20.08665493547,13.741444240158,
    6.103746665581));
#13679 = DIRECTION('',(0.173650399926,-0.984806760816,1.087407779028E-03
    ));
#13680 = DIRECTION('',(-0.984807343062,-0.173650502593,0.));
#13681 = ADVANCED_FACE('',(#13682),#13693,.F.);
#13682 = FACE_BOUND('',#13683,.T.);
#13683 = EDGE_LOOP('',(#13684,#13690,#13691,#13692));
#13684 = ORIENTED_EDGE('',*,*,#13685,.F.);
#13685 = EDGE_CURVE('',#9794,#10935,#13686,.T.);
#13686 = LINE('',#13687,#13688);
#13687 = CARTESIAN_POINT('',(15.6,0.,-1.8));
#13688 = VECTOR('',#13689,1.);
#13689 = DIRECTION('',(-6.221586926347E-17,0.,-1.));
#13690 = ORIENTED_EDGE('',*,*,#9801,.T.);
#13691 = ORIENTED_EDGE('',*,*,#13685,.T.);
#13692 = ORIENTED_EDGE('',*,*,#10934,.T.);
#13693 = CYLINDRICAL_SURFACE('',#13694,1.6);
#13694 = AXIS2_PLACEMENT_3D('',#13695,#13696,#13697);
#13695 = CARTESIAN_POINT('',(14.,0.,-1.8));
#13696 = DIRECTION('',(-0.,-0.,-1.));
#13697 = DIRECTION('',(1.,0.,0.));
#13698 = ADVANCED_FACE('',(#13699),#13710,.T.);
#13699 = FACE_BOUND('',#13700,.T.);
#13700 = EDGE_LOOP('',(#13701,#13702,#13703,#13709));
#13701 = ORIENTED_EDGE('',*,*,#9874,.F.);
#13702 = ORIENTED_EDGE('',*,*,#10261,.F.);
#13703 = ORIENTED_EDGE('',*,*,#13704,.T.);
#13704 = EDGE_CURVE('',#5816,#8946,#13705,.T.);
#13705 = LINE('',#13706,#13707);
#13706 = CARTESIAN_POINT('',(20.453153610229,-13.46130943298,1.75));
#13707 = VECTOR('',#13708,1.);
#13708 = DIRECTION('',(0.,0.,1.));
#13709 = ORIENTED_EDGE('',*,*,#13380,.F.);
#13710 = PLANE('',#13711);
#13711 = AXIS2_PLACEMENT_3D('',#13712,#13713,#13714);
#13712 = CARTESIAN_POINT('',(20.468058586121,-13.42035961151,3.5));
#13713 = DIRECTION('',(-0.939689229826,0.342029459767,0.));
#13714 = DIRECTION('',(-0.342029459767,-0.939689229826,0.));
#13715 = ADVANCED_FACE('',(#13716),#13727,.T.);
#13716 = FACE_BOUND('',#13717,.T.);
#13717 = EDGE_LOOP('',(#13718,#13724,#13725,#13726));
#13718 = ORIENTED_EDGE('',*,*,#13719,.F.);
#13719 = EDGE_CURVE('',#5747,#9351,#13720,.T.);
#13720 = LINE('',#13721,#13722);
#13721 = CARTESIAN_POINT('',(-20.40957641601,-13.53678798675,1.75));
#13722 = VECTOR('',#13723,1.);
#13723 = DIRECTION('',(0.,0.,1.));
#13724 = ORIENTED_EDGE('',*,*,#10218,.F.);
#13725 = ORIENTED_EDGE('',*,*,#10709,.T.);
#13726 = ORIENTED_EDGE('',*,*,#13572,.F.);
#13727 = PLANE('',#13728);
#13728 = AXIS2_PLACEMENT_3D('',#13729,#13730,#13731);
#13729 = CARTESIAN_POINT('',(-20.43136501312,-13.49904870986,3.5));
#13730 = DIRECTION('',(0.866027237703,0.499996823547,0.));
#13731 = DIRECTION('',(-0.499996823547,0.866027237703,0.));
#13732 = ADVANCED_FACE('',(#13733),#13744,.T.);
#13733 = FACE_BOUND('',#13734,.T.);
#13734 = EDGE_LOOP('',(#13735,#13741,#13742,#13743));
#13735 = ORIENTED_EDGE('',*,*,#13736,.F.);
#13736 = EDGE_CURVE('',#5793,#9328,#13737,.T.);
#13737 = LINE('',#13738,#13739);
#13738 = CARTESIAN_POINT('',(-20.35355377197,-13.60355377197,1.75));
#13739 = VECTOR('',#13740,1.);
#13740 = DIRECTION('',(0.,0.,1.));
#13741 = ORIENTED_EDGE('',*,*,#10245,.F.);
#13742 = ORIENTED_EDGE('',*,*,#13719,.T.);
#13743 = ORIENTED_EDGE('',*,*,#13556,.F.);
#13744 = PLANE('',#13745);
#13745 = AXIS2_PLACEMENT_3D('',#13746,#13747,#13748);
#13746 = CARTESIAN_POINT('',(-20.38156509399,-13.57017087936,3.5));
#13747 = DIRECTION('',(0.766047277597,0.642784231672,0.));
#13748 = DIRECTION('',(-0.642784231672,0.766047277597,0.));
#13749 = ADVANCED_FACE('',(#13750),#13761,.T.);
#13750 = FACE_BOUND('',#13751,.T.);
#13751 = EDGE_LOOP('',(#13752,#13758,#13759,#13760));
#13752 = ORIENTED_EDGE('',*,*,#13753,.F.);
#13753 = EDGE_CURVE('',#5839,#9305,#13754,.T.);
#13754 = LINE('',#13755,#13756);
#13755 = CARTESIAN_POINT('',(-20.28678894043,-13.65957641601,1.75));
#13756 = VECTOR('',#13757,1.);
#13757 = DIRECTION('',(0.,0.,1.));
#13758 = ORIENTED_EDGE('',*,*,#10277,.F.);
#13759 = ORIENTED_EDGE('',*,*,#13736,.T.);
#13760 = ORIENTED_EDGE('',*,*,#13540,.F.);
#13761 = PLANE('',#13762);
#13762 = AXIS2_PLACEMENT_3D('',#13763,#13764,#13765);
#13763 = CARTESIAN_POINT('',(-20.3201713562,-13.63156509399,3.5));
#13764 = DIRECTION('',(0.642789619638,0.766042756565,0.));
#13765 = DIRECTION('',(0.766042756565,-0.642789619638,0.));
#13766 = ADVANCED_FACE('',(#13767),#13778,.T.);
#13767 = FACE_BOUND('',#13768,.T.);
#13768 = EDGE_LOOP('',(#13769,#13770,#13771,#13777));
#13769 = ORIENTED_EDGE('',*,*,#13704,.F.);
#13770 = ORIENTED_EDGE('',*,*,#10293,.F.);
#13771 = ORIENTED_EDGE('',*,*,#13772,.T.);
#13772 = EDGE_CURVE('',#5862,#8969,#13773,.T.);
#13773 = LINE('',#13774,#13775);
#13774 = CARTESIAN_POINT('',(20.409576416016,-13.53678798675,1.75));
#13775 = VECTOR('',#13776,1.);
#13776 = DIRECTION('',(0.,0.,1.));
#13777 = ORIENTED_EDGE('',*,*,#13396,.F.);
#13778 = PLANE('',#13779);
#13779 = AXIS2_PLACEMENT_3D('',#13780,#13781,#13782);
#13780 = CARTESIAN_POINT('',(20.431365013123,-13.49904870986,3.5));
#13781 = DIRECTION('',(-0.866027237703,0.499996823547,0.));
#13782 = DIRECTION('',(-0.499996823547,-0.866027237703,0.));
#13783 = ADVANCED_FACE('',(#13784),#13795,.T.);
#13784 = FACE_BOUND('',#13785,.T.);
#13785 = EDGE_LOOP('',(#13786,#13792,#13793,#13794));
#13786 = ORIENTED_EDGE('',*,*,#13787,.F.);
#13787 = EDGE_CURVE('',#5885,#9282,#13788,.T.);
#13788 = LINE('',#13789,#13790);
#13789 = CARTESIAN_POINT('',(-20.21130943298,-13.70315361022,1.75));
#13790 = VECTOR('',#13791,1.);
#13791 = DIRECTION('',(0.,0.,1.));
#13792 = ORIENTED_EDGE('',*,*,#10309,.F.);
#13793 = ORIENTED_EDGE('',*,*,#13753,.T.);
#13794 = ORIENTED_EDGE('',*,*,#13524,.F.);
#13795 = PLANE('',#13796);
#13796 = AXIS2_PLACEMENT_3D('',#13797,#13798,#13799);
#13797 = CARTESIAN_POINT('',(-20.2490491867,-13.68136501312,3.5));
#13798 = DIRECTION('',(0.499992085455,0.866029973201,0.));
#13799 = DIRECTION('',(0.866029973201,-0.499992085455,0.));
#13800 = ADVANCED_FACE('',(#13801),#13812,.T.);
#13801 = FACE_BOUND('',#13802,.T.);
#13802 = EDGE_LOOP('',(#13803,#13804,#13805,#13811));
#13803 = ORIENTED_EDGE('',*,*,#13772,.F.);
#13804 = ORIENTED_EDGE('',*,*,#10325,.F.);
#13805 = ORIENTED_EDGE('',*,*,#13806,.T.);
#13806 = EDGE_CURVE('',#5908,#8992,#13807,.T.);
#13807 = LINE('',#13808,#13809);
#13808 = CARTESIAN_POINT('',(20.353553771973,-13.60355377197,1.75));
#13809 = VECTOR('',#13810,1.);
#13810 = DIRECTION('',(0.,0.,1.));
#13811 = ORIENTED_EDGE('',*,*,#13412,.F.);
#13812 = PLANE('',#13813);
#13813 = AXIS2_PLACEMENT_3D('',#13814,#13815,#13816);
#13814 = CARTESIAN_POINT('',(20.381565093994,-13.57017087936,3.5));
#13815 = DIRECTION('',(-0.766047277597,0.642784231672,0.));
#13816 = DIRECTION('',(-0.642784231672,-0.766047277597,0.));
#13817 = ADVANCED_FACE('',(#13818),#13829,.T.);
#13818 = FACE_BOUND('',#13819,.T.);
#13819 = EDGE_LOOP('',(#13820,#13826,#13827,#13828));
#13820 = ORIENTED_EDGE('',*,*,#13821,.F.);
#13821 = EDGE_CURVE('',#5931,#9259,#13822,.T.);
#13822 = LINE('',#13823,#13824);
#13823 = CARTESIAN_POINT('',(-20.12940979003,-13.73296260833,1.75));
#13824 = VECTOR('',#13825,1.);
#13825 = DIRECTION('',(0.,0.,1.));
#13826 = ORIENTED_EDGE('',*,*,#10341,.F.);
#13827 = ORIENTED_EDGE('',*,*,#13787,.T.);
#13828 = ORIENTED_EDGE('',*,*,#13508,.F.);
#13829 = PLANE('',#13830);
#13830 = AXIS2_PLACEMENT_3D('',#13831,#13832,#13833);
#13831 = CARTESIAN_POINT('',(-20.17035961151,-13.71805810928,3.5));
#13832 = DIRECTION('',(0.342019797629,0.939692746609,0.));
#13833 = DIRECTION('',(0.939692746609,-0.342019797629,0.));
#13834 = ADVANCED_FACE('',(#13835),#13846,.T.);
#13835 = FACE_BOUND('',#13836,.T.);
#13836 = EDGE_LOOP('',(#13837,#13838,#13839,#13845));
#13837 = ORIENTED_EDGE('',*,*,#13806,.F.);
#13838 = ORIENTED_EDGE('',*,*,#10357,.F.);
#13839 = ORIENTED_EDGE('',*,*,#13840,.T.);
#13840 = EDGE_CURVE('',#5954,#9015,#13841,.T.);
#13841 = LINE('',#13842,#13843);
#13842 = CARTESIAN_POINT('',(20.28678894043,-13.65957641601,1.75));
#13843 = VECTOR('',#13844,1.);
#13844 = DIRECTION('',(0.,0.,1.));
#13845 = ORIENTED_EDGE('',*,*,#13428,.F.);
#13846 = PLANE('',#13847);
#13847 = AXIS2_PLACEMENT_3D('',#13848,#13849,#13850);
#13848 = CARTESIAN_POINT('',(20.320171356201,-13.63156509399,3.5));
#13849 = DIRECTION('',(-0.642789619638,0.766042756565,0.));
#13850 = DIRECTION('',(0.766042756565,0.642789619638,0.));
#13851 = ADVANCED_FACE('',(#13852),#13858,.T.);
#13852 = FACE_BOUND('',#13853,.T.);
#13853 = EDGE_LOOP('',(#13854,#13855,#13856,#13857));
#13854 = ORIENTED_EDGE('',*,*,#13492,.F.);
#13855 = ORIENTED_EDGE('',*,*,#10404,.F.);
#13856 = ORIENTED_EDGE('',*,*,#10373,.F.);
#13857 = ORIENTED_EDGE('',*,*,#13821,.T.);
#13858 = PLANE('',#13859);
#13859 = AXIS2_PLACEMENT_3D('',#13860,#13861,#13862);
#13860 = CARTESIAN_POINT('',(-20.08649349212,-13.74053001403,3.5));
#13861 = DIRECTION('',(0.173650502593,0.984807343062,0.));
#13862 = DIRECTION('',(0.984807343062,-0.173650502593,0.));
#13863 = ADVANCED_FACE('',(#13864),#13875,.T.);
#13864 = FACE_BOUND('',#13865,.T.);
#13865 = EDGE_LOOP('',(#13866,#13867,#13868,#13874));
#13866 = ORIENTED_EDGE('',*,*,#13840,.F.);
#13867 = ORIENTED_EDGE('',*,*,#10389,.F.);
#13868 = ORIENTED_EDGE('',*,*,#13869,.T.);
#13869 = EDGE_CURVE('',#6000,#9038,#13870,.T.);
#13870 = LINE('',#13871,#13872);
#13871 = CARTESIAN_POINT('',(20.211309432983,-13.70315361022,1.75));
#13872 = VECTOR('',#13873,1.);
#13873 = DIRECTION('',(0.,0.,1.));
#13874 = ORIENTED_EDGE('',*,*,#13444,.F.);
#13875 = PLANE('',#13876);
#13876 = AXIS2_PLACEMENT_3D('',#13877,#13878,#13879);
#13877 = CARTESIAN_POINT('',(20.249049186707,-13.68136501312,3.5));
#13878 = DIRECTION('',(-0.499992085455,0.866029973201,0.));
#13879 = DIRECTION('',(0.866029973201,0.499992085455,0.));
#13880 = ADVANCED_FACE('',(#13881),#13892,.T.);
#13881 = FACE_BOUND('',#13882,.T.);
#13882 = EDGE_LOOP('',(#13883,#13884,#13885,#13891));
#13883 = ORIENTED_EDGE('',*,*,#13869,.F.);
#13884 = ORIENTED_EDGE('',*,*,#10422,.F.);
#13885 = ORIENTED_EDGE('',*,*,#13886,.T.);
#13886 = EDGE_CURVE('',#6045,#9061,#13887,.T.);
#13887 = LINE('',#13888,#13889);
#13888 = CARTESIAN_POINT('',(20.129409790039,-13.73296260833,1.75));
#13889 = VECTOR('',#13890,1.);
#13890 = DIRECTION('',(0.,0.,1.));
#13891 = ORIENTED_EDGE('',*,*,#13460,.F.);
#13892 = PLANE('',#13893);
#13893 = AXIS2_PLACEMENT_3D('',#13894,#13895,#13896);
#13894 = CARTESIAN_POINT('',(20.170359611511,-13.71805810928,3.5));
#13895 = DIRECTION('',(-0.342019797629,0.939692746609,0.));
#13896 = DIRECTION('',(0.939692746609,0.342019797629,0.));
#13897 = ADVANCED_FACE('',(#13898),#13904,.T.);
#13898 = FACE_BOUND('',#13899,.T.);
#13899 = EDGE_LOOP('',(#13900,#13901,#13902,#13903));
#13900 = ORIENTED_EDGE('',*,*,#13886,.F.);
#13901 = ORIENTED_EDGE('',*,*,#10438,.F.);
#13902 = ORIENTED_EDGE('',*,*,#10465,.F.);
#13903 = ORIENTED_EDGE('',*,*,#13476,.F.);
#13904 = PLANE('',#13905);
#13905 = AXIS2_PLACEMENT_3D('',#13906,#13907,#13908);
#13906 = CARTESIAN_POINT('',(20.086493492126,-13.74053001403,3.5));
#13907 = DIRECTION('',(-0.173650502593,0.984807343062,0.));
#13908 = DIRECTION('',(0.984807343062,0.173650502593,0.));
#13909 = ADVANCED_FACE('',(#13910),#13921,.F.);
#13910 = FACE_BOUND('',#13911,.T.);
#13911 = EDGE_LOOP('',(#13912,#13918,#13919,#13920));
#13912 = ORIENTED_EDGE('',*,*,#13913,.F.);
#13913 = EDGE_CURVE('',#10675,#10946,#13914,.T.);
#13914 = LINE('',#13915,#13916);
#13915 = CARTESIAN_POINT('',(-11.01500000953,-8.875,-1.8));
#13916 = VECTOR('',#13917,1.);
#13917 = DIRECTION('',(-6.221586926347E-17,0.,-1.));
#13918 = ORIENTED_EDGE('',*,*,#10682,.T.);
#13919 = ORIENTED_EDGE('',*,*,#13913,.T.);
#13920 = ORIENTED_EDGE('',*,*,#10945,.T.);
#13921 = CYLINDRICAL_SURFACE('',#13922,1.6);
#13922 = AXIS2_PLACEMENT_3D('',#13923,#13924,#13925);
#13923 = CARTESIAN_POINT('',(-12.61500000953,-8.875,-1.8));
#13924 = DIRECTION('',(-0.,-0.,-1.));
#13925 = DIRECTION('',(1.,0.,0.));
#13926 = ADVANCED_FACE('',(#13927),#13931,.T.);
#13927 = FACE_BOUND('',#13928,.T.);
#13928 = EDGE_LOOP('',(#13929,#13930));
#13929 = ORIENTED_EDGE('',*,*,#10969,.T.);
#13930 = ORIENTED_EDGE('',*,*,#10731,.T.);
#13931 = PLANE('',#13932);
#13932 = AXIS2_PLACEMENT_3D('',#13933,#13934,#13935);
#13933 = CARTESIAN_POINT('',(-4.98535904655E-09,3.911430034802E-09,0.));
#13934 = DIRECTION('',(0.,0.,1.));
#13935 = DIRECTION('',(1.,0.,0.));
#13936 = ADVANCED_FACE('',(#13937),#13946,.T.);
#13937 = FACE_BOUND('',#13938,.T.);
#13938 = EDGE_LOOP('',(#13939,#13945));
#13939 = ORIENTED_EDGE('',*,*,#13940,.T.);
#13940 = EDGE_CURVE('',#10867,#10732,#13941,.T.);
#13941 = LINE('',#13942,#13943);
#13942 = CARTESIAN_POINT('',(-23.29982603491,-9.026088140344,0.));
#13943 = VECTOR('',#13944,1.);
#13944 = DIRECTION('',(-0.15643744031,0.987687869354,0.));
#13945 = ORIENTED_EDGE('',*,*,#10875,.T.);
#13946 = PLANE('',#13947);
#13947 = AXIS2_PLACEMENT_3D('',#13948,#13949,#13950);
#13948 = CARTESIAN_POINT('',(-4.98535904655E-09,3.911430034802E-09,0.));
#13949 = DIRECTION('',(0.,0.,1.));
#13950 = DIRECTION('',(1.,0.,0.));
#13951 = ADVANCED_FACE('',(#13952),#13961,.T.);
#13952 = FACE_BOUND('',#13953,.T.);
#13953 = EDGE_LOOP('',(#13954,#13960));
#13954 = ORIENTED_EDGE('',*,*,#13955,.T.);
#13955 = EDGE_CURVE('',#10858,#10867,#13956,.T.);
#13956 = LINE('',#13957,#13958);
#13957 = CARTESIAN_POINT('',(-23.48671225588,-10.49492351109,
    -5.551115123126E-17));
#13958 = VECTOR('',#13959,1.);
#13959 = DIRECTION('',(-0.258815529605,0.965926768257,0.));
#13960 = ORIENTED_EDGE('',*,*,#10866,.T.);
#13961 = PLANE('',#13962);
#13962 = AXIS2_PLACEMENT_3D('',#13963,#13964,#13965);
#13963 = CARTESIAN_POINT('',(-4.98535904655E-09,3.911430034802E-09,0.));
#13964 = DIRECTION('',(0.,0.,1.));
#13965 = DIRECTION('',(1.,0.,0.));
#13966 = ADVANCED_FACE('',(#13967),#13976,.T.);
#13967 = FACE_BOUND('',#13968,.T.);
#13968 = EDGE_LOOP('',(#13969,#13975));
#13969 = ORIENTED_EDGE('',*,*,#13970,.T.);
#13970 = EDGE_CURVE('',#10849,#10858,#13971,.T.);
#13971 = LINE('',#13972,#13973);
#13972 = CARTESIAN_POINT('',(-23.38250773236,-11.97771879648,0.));
#13973 = VECTOR('',#13974,1.);
#13974 = DIRECTION('',(-0.358368467375,0.933580227721,0.));
#13975 = ORIENTED_EDGE('',*,*,#10857,.T.);
#13976 = PLANE('',#13977);
#13977 = AXIS2_PLACEMENT_3D('',#13978,#13979,#13980);
#13978 = CARTESIAN_POINT('',(-4.98535904655E-09,3.911430034802E-09,0.));
#13979 = DIRECTION('',(0.,0.,1.));
#13980 = DIRECTION('',(1.,0.,0.));
#13981 = ADVANCED_FACE('',(#13982),#14000,.T.);
#13982 = FACE_BOUND('',#13983,.T.);
#13983 = EDGE_LOOP('',(#13984,#13985,#13991,#13992,#13998,#13999));
#13984 = ORIENTED_EDGE('',*,*,#12199,.T.);
#13985 = ORIENTED_EDGE('',*,*,#13986,.T.);
#13986 = EDGE_CURVE('',#12189,#11263,#13987,.T.);
#13987 = LINE('',#13988,#13989);
#13988 = CARTESIAN_POINT('',(20.700000762939,-15.75,-0.5));
#13989 = VECTOR('',#13990,1.);
#13990 = DIRECTION('',(0.,0.,1.));
#13991 = ORIENTED_EDGE('',*,*,#11262,.T.);
#13992 = ORIENTED_EDGE('',*,*,#13993,.F.);
#13993 = EDGE_CURVE('',#10751,#11255,#13994,.T.);
#13994 = LINE('',#13995,#13996);
#13995 = CARTESIAN_POINT('',(-20.70000076293,-15.75,-0.5));
#13996 = VECTOR('',#13997,1.);
#13997 = DIRECTION('',(0.,0.,1.));
#13998 = ORIENTED_EDGE('',*,*,#10750,.T.);
#13999 = ORIENTED_EDGE('',*,*,#10924,.T.);
#14000 = PLANE('',#14001);
#14001 = AXIS2_PLACEMENT_3D('',#14002,#14003,#14004);
#14002 = CARTESIAN_POINT('',(0.,-15.75,4.201208389368E-08));
#14003 = DIRECTION('',(-0.,-1.,-0.));
#14004 = DIRECTION('',(0.,0.,-1.));
#14005 = ADVANCED_FACE('',(#14006),#14015,.T.);
#14006 = FACE_BOUND('',#14007,.T.);
#14007 = EDGE_LOOP('',(#14008,#14014));
#14008 = ORIENTED_EDGE('',*,*,#14009,.T.);
#14009 = EDGE_CURVE('',#10840,#10849,#14010,.T.);
#14010 = LINE('',#14011,#14012);
#14011 = CARTESIAN_POINT('',(-22.98987580652,-13.41525407748,0.));
#14012 = VECTOR('',#14013,1.);
#14013 = DIRECTION('',(-0.453985455162,0.891009094511,0.));
#14014 = ORIENTED_EDGE('',*,*,#10848,.T.);
#14015 = PLANE('',#14016);
#14016 = AXIS2_PLACEMENT_3D('',#14017,#14018,#14019);
#14017 = CARTESIAN_POINT('',(-4.98535904655E-09,3.911430034802E-09,0.));
#14018 = DIRECTION('',(0.,0.,1.));
#14019 = DIRECTION('',(1.,0.,0.));
#14020 = ADVANCED_FACE('',(#14021),#14030,.T.);
#14021 = FACE_BOUND('',#14022,.T.);
#14022 = EDGE_LOOP('',(#14023,#14029));
#14023 = ORIENTED_EDGE('',*,*,#14024,.T.);
#14024 = EDGE_CURVE('',#10831,#10840,#14025,.T.);
#14025 = LINE('',#14026,#14027);
#14026 = CARTESIAN_POINT('',(-22.32338131457,-14.75062542929,0.));
#14027 = VECTOR('',#14028,1.);
#14028 = DIRECTION('',(-0.544640121925,0.838669862097,0.));
#14029 = ORIENTED_EDGE('',*,*,#10839,.T.);
#14030 = PLANE('',#14031);
#14031 = AXIS2_PLACEMENT_3D('',#14032,#14033,#14034);
#14032 = CARTESIAN_POINT('',(-4.98535904655E-09,3.911430034802E-09,0.));
#14033 = DIRECTION('',(0.,0.,1.));
#14034 = DIRECTION('',(1.,0.,0.));
#14035 = ADVANCED_FACE('',(#14036),#14045,.T.);
#14036 = FACE_BOUND('',#14037,.T.);
#14037 = EDGE_LOOP('',(#14038,#14044));
#14038 = ORIENTED_EDGE('',*,*,#14039,.T.);
#14039 = EDGE_CURVE('',#10751,#10759,#14040,.T.);
#14040 = LINE('',#14041,#14042);
#14041 = CARTESIAN_POINT('',(-10.83698914413,-16.2669219937,
    -1.110223024625E-16));
#14042 = VECTOR('',#14043,1.);
#14043 = DIRECTION('',(-0.998629410619,5.233832483047E-02,0.));
#14044 = ORIENTED_EDGE('',*,*,#10758,.T.);
#14045 = PLANE('',#14046);
#14046 = AXIS2_PLACEMENT_3D('',#14047,#14048,#14049);
#14047 = CARTESIAN_POINT('',(-4.98535904655E-09,3.911430034802E-09,0.));
#14048 = DIRECTION('',(0.,0.,1.));
#14049 = DIRECTION('',(1.,0.,0.));
#14050 = ADVANCED_FACE('',(#14051),#14060,.T.);
#14051 = FACE_BOUND('',#14052,.T.);
#14052 = EDGE_LOOP('',(#14053,#14059));
#14053 = ORIENTED_EDGE('',*,*,#14054,.T.);
#14054 = EDGE_CURVE('',#10822,#10831,#14055,.T.);
#14055 = LINE('',#14056,#14057);
#14056 = CARTESIAN_POINT('',(-21.40915606882,-15.9305697552,0.));
#14057 = VECTOR('',#14058,1.);
#14058 = DIRECTION('',(-0.629322281061,0.777144430953,0.));
#14059 = ORIENTED_EDGE('',*,*,#10830,.T.);
#14060 = PLANE('',#14061);
#14061 = AXIS2_PLACEMENT_3D('',#14062,#14063,#14064);
#14062 = CARTESIAN_POINT('',(-4.98535904655E-09,3.911430034802E-09,0.));
#14063 = DIRECTION('',(0.,0.,1.));
#14064 = DIRECTION('',(1.,0.,0.));
#14065 = ADVANCED_FACE('',(#14066),#14075,.T.);
#14066 = FACE_BOUND('',#14067,.T.);
#14067 = EDGE_LOOP('',(#14068,#14074));
#14068 = ORIENTED_EDGE('',*,*,#14069,.T.);
#14069 = EDGE_CURVE('',#10759,#10768,#14070,.T.);
#14070 = LINE('',#14071,#14072);
#14071 = CARTESIAN_POINT('',(-11.96214577003,-17.15385395068,
    -1.110223024625E-16));
#14072 = VECTOR('',#14073,1.);
#14073 = DIRECTION('',(-0.9876887753,0.156431720395,0.));
#14074 = ORIENTED_EDGE('',*,*,#10767,.T.);
#14075 = PLANE('',#14076);
#14076 = AXIS2_PLACEMENT_3D('',#14077,#14078,#14079);
#14077 = CARTESIAN_POINT('',(-4.98535904655E-09,3.911430034802E-09,0.));
#14078 = DIRECTION('',(0.,0.,1.));
#14079 = DIRECTION('',(1.,0.,0.));
#14080 = ADVANCED_FACE('',(#14081),#14090,.T.);
#14081 = FACE_BOUND('',#14082,.T.);
#14082 = EDGE_LOOP('',(#14083,#14089));
#14083 = ORIENTED_EDGE('',*,*,#14084,.T.);
#14084 = EDGE_CURVE('',#10813,#10822,#14085,.T.);
#14085 = LINE('',#14086,#14087);
#14086 = CARTESIAN_POINT('',(-20.28350820379,-16.90857499599,0.));
#14087 = VECTOR('',#14088,1.);
#14088 = DIRECTION('',(-0.707109312032,0.707104250332,0.));
#14089 = ORIENTED_EDGE('',*,*,#10821,.T.);
#14090 = PLANE('',#14091);
#14091 = AXIS2_PLACEMENT_3D('',#14092,#14093,#14094);
#14092 = CARTESIAN_POINT('',(-4.98535904655E-09,3.911430034802E-09,0.));
#14093 = DIRECTION('',(0.,0.,1.));
#14094 = DIRECTION('',(1.,0.,0.));
#14095 = ADVANCED_FACE('',(#14096),#14105,.T.);
#14096 = FACE_BOUND('',#14097,.T.);
#14097 = EDGE_LOOP('',(#14098,#14104));
#14098 = ORIENTED_EDGE('',*,*,#14099,.T.);
#14099 = EDGE_CURVE('',#10768,#10777,#14100,.T.);
#14100 = LINE('',#14101,#14102);
#14101 = CARTESIAN_POINT('',(-13.25231979179,-17.80655382193,0.));
#14102 = VECTOR('',#14103,1.);
#14103 = DIRECTION('',(-0.965925502835,0.258820252248,0.));
#14104 = ORIENTED_EDGE('',*,*,#10776,.T.);
#14105 = PLANE('',#14106);
#14106 = AXIS2_PLACEMENT_3D('',#14107,#14108,#14109);
#14107 = CARTESIAN_POINT('',(-4.98535904655E-09,3.911430034802E-09,0.));
#14108 = DIRECTION('',(0.,0.,1.));
#14109 = DIRECTION('',(1.,0.,0.));
#14110 = ADVANCED_FACE('',(#14111),#14120,.T.);
#14111 = FACE_BOUND('',#14112,.T.);
#14112 = EDGE_LOOP('',(#14113,#14119));
#14113 = ORIENTED_EDGE('',*,*,#14114,.T.);
#14114 = EDGE_CURVE('',#10804,#10813,#14115,.T.);
#14115 = LINE('',#14116,#14117);
#14116 = CARTESIAN_POINT('',(-18.99160036198,-17.64643866478,0.));
#14117 = VECTOR('',#14118,1.);
#14118 = DIRECTION('',(-0.777144430953,0.629322281061,0.));
#14119 = ORIENTED_EDGE('',*,*,#10812,.T.);
#14120 = PLANE('',#14121);
#14121 = AXIS2_PLACEMENT_3D('',#14122,#14123,#14124);
#14122 = CARTESIAN_POINT('',(-4.98535904655E-09,3.911430034802E-09,0.));
#14123 = DIRECTION('',(0.,0.,1.));
#14124 = DIRECTION('',(1.,0.,0.));
#14125 = ADVANCED_FACE('',(#14126),#14135,.T.);
#14126 = FACE_BOUND('',#14127,.T.);
#14127 = EDGE_LOOP('',(#14128,#14134));
#14128 = ORIENTED_EDGE('',*,*,#14129,.T.);
#14129 = EDGE_CURVE('',#10777,#10786,#14130,.T.);
#14130 = LINE('',#14131,#14132);
#14131 = CARTESIAN_POINT('',(-14.65698973999,-18.19510885952,0.));
#14132 = VECTOR('',#14133,1.);
#14133 = DIRECTION('',(-0.933580621069,0.358367442669,0.));
#14134 = ORIENTED_EDGE('',*,*,#10785,.T.);
#14135 = PLANE('',#14136);
#14136 = AXIS2_PLACEMENT_3D('',#14137,#14138,#14139);
#14137 = CARTESIAN_POINT('',(-4.98535904655E-09,3.911430034802E-09,0.));
#14138 = DIRECTION('',(0.,0.,1.));
#14139 = DIRECTION('',(1.,0.,0.));
#14140 = ADVANCED_FACE('',(#14141),#14150,.T.);
#14141 = FACE_BOUND('',#14142,.T.);
#14142 = EDGE_LOOP('',(#14143,#14149));
#14143 = ORIENTED_EDGE('',*,*,#14144,.T.);
#14144 = EDGE_CURVE('',#10795,#10804,#14145,.T.);
#14145 = LINE('',#14146,#14147);
#14146 = CARTESIAN_POINT('',(-17.58513177188,-18.11613039231,0.));
#14147 = VECTOR('',#14148,1.);
#14148 = DIRECTION('',(-0.838670672686,0.544638873729,0.));
#14149 = ORIENTED_EDGE('',*,*,#10803,.T.);
#14150 = PLANE('',#14151);
#14151 = AXIS2_PLACEMENT_3D('',#14152,#14153,#14154);
#14152 = CARTESIAN_POINT('',(-4.98535904655E-09,3.911430034802E-09,0.));
#14153 = DIRECTION('',(0.,0.,1.));
#14154 = DIRECTION('',(1.,0.,0.));
#14155 = ADVANCED_FACE('',(#14156),#14165,.T.);
#14156 = FACE_BOUND('',#14157,.T.);
#14157 = EDGE_LOOP('',(#14158,#14164));
#14158 = ORIENTED_EDGE('',*,*,#14159,.T.);
#14159 = EDGE_CURVE('',#10786,#10795,#14160,.T.);
#14160 = LINE('',#14161,#14162);
#14161 = CARTESIAN_POINT('',(-16.1207350051,-18.3006778018,
    -1.110223024625E-16));
#14162 = VECTOR('',#14163,1.);
#14163 = DIRECTION('',(-0.891006042771,0.453991444573,0.));
#14164 = ORIENTED_EDGE('',*,*,#10794,.T.);
#14165 = PLANE('',#14166);
#14166 = AXIS2_PLACEMENT_3D('',#14167,#14168,#14169);
#14167 = CARTESIAN_POINT('',(-4.98535904655E-09,3.911430034802E-09,0.));
#14168 = DIRECTION('',(0.,0.,1.));
#14169 = DIRECTION('',(1.,0.,0.));
#14170 = ADVANCED_FACE('',(#14171),#14189,.T.);
#14171 = FACE_BOUND('',#14172,.T.);
#14172 = EDGE_LOOP('',(#14173,#14174,#14175,#14176,#14182,#14183));
#14173 = ORIENTED_EDGE('',*,*,#12026,.T.);
#14174 = ORIENTED_EDGE('',*,*,#10899,.F.);
#14175 = ORIENTED_EDGE('',*,*,#11008,.F.);
#14176 = ORIENTED_EDGE('',*,*,#14177,.F.);
#14177 = EDGE_CURVE('',#11510,#10998,#14178,.T.);
#14178 = LINE('',#14179,#14180);
#14179 = CARTESIAN_POINT('',(-20.70000076293,15.75,2.));
#14180 = VECTOR('',#14181,1.);
#14181 = DIRECTION('',(0.,0.,-1.));
#14182 = ORIENTED_EDGE('',*,*,#11509,.F.);
#14183 = ORIENTED_EDGE('',*,*,#14184,.F.);
#14184 = EDGE_CURVE('',#12027,#11502,#14185,.T.);
#14185 = LINE('',#14186,#14187);
#14186 = CARTESIAN_POINT('',(20.700000762939,15.75,-0.5));
#14187 = VECTOR('',#14188,1.);
#14188 = DIRECTION('',(0.,0.,1.));
#14189 = PLANE('',#14190);
#14190 = AXIS2_PLACEMENT_3D('',#14191,#14192,#14193);
#14191 = CARTESIAN_POINT('',(-2.331670661659E-07,15.75,
    2.100604172621E-08));
#14192 = DIRECTION('',(0.,1.,0.));
#14193 = DIRECTION('',(0.,0.,1.));
#14194 = ADVANCED_FACE('',(#14195),#14206,.T.);
#14195 = FACE_BOUND('',#14196,.T.);
#14196 = EDGE_LOOP('',(#14197,#14198,#14199,#14205));
#14197 = ORIENTED_EDGE('',*,*,#10975,.F.);
#14198 = ORIENTED_EDGE('',*,*,#13940,.F.);
#14199 = ORIENTED_EDGE('',*,*,#14200,.T.);
#14200 = EDGE_CURVE('',#10867,#11151,#14201,.T.);
#14201 = LINE('',#14202,#14203);
#14202 = CARTESIAN_POINT('',(-22.46066474914,-14.3242406845,-0.5));
#14203 = VECTOR('',#14204,1.);
#14204 = DIRECTION('',(0.,0.,1.));
#14205 = ORIENTED_EDGE('',*,*,#11150,.T.);
#14206 = PLANE('',#14207);
#14207 = AXIS2_PLACEMENT_3D('',#14208,#14209,#14210);
#14208 = CARTESIAN_POINT('',(-22.47540187835,-14.23119592666,0.75));
#14209 = DIRECTION('',(-0.987687869354,-0.15643744031,-0.));
#14210 = DIRECTION('',(0.15643744031,-0.987687869354,0.));
#14211 = ADVANCED_FACE('',(#14212),#14221,.T.);
#14212 = FACE_BOUND('',#14213,.T.);
#14213 = EDGE_LOOP('',(#14214,#14220));
#14214 = ORIENTED_EDGE('',*,*,#14215,.T.);
#14215 = EDGE_CURVE('',#11000,#10998,#14216,.T.);
#14216 = LINE('',#14217,#14218);
#14217 = CARTESIAN_POINT('',(-10.83698914393,16.266921993718,
    -1.110223024625E-16));
#14218 = VECTOR('',#14219,1.);
#14219 = DIRECTION('',(0.998629410619,5.233832483047E-02,0.));
#14220 = ORIENTED_EDGE('',*,*,#10997,.T.);
#14221 = PLANE('',#14222);
#14222 = AXIS2_PLACEMENT_3D('',#14223,#14224,#14225);
#14223 = CARTESIAN_POINT('',(-4.98535904655E-09,3.911430034802E-09,0.));
#14224 = DIRECTION('',(0.,0.,1.));
#14225 = DIRECTION('',(1.,0.,0.));
#14226 = ADVANCED_FACE('',(#14227),#14236,.T.);
#14227 = FACE_BOUND('',#14228,.T.);
#14228 = EDGE_LOOP('',(#14229,#14235));
#14229 = ORIENTED_EDGE('',*,*,#14230,.T.);
#14230 = EDGE_CURVE('',#11125,#11000,#14231,.T.);
#14231 = LINE('',#14232,#14233);
#14232 = CARTESIAN_POINT('',(-11.96214576943,17.153853950777,
    -1.110223024625E-16));
#14233 = VECTOR('',#14234,1.);
#14234 = DIRECTION('',(0.9876887753,0.156431720395,0.));
#14235 = ORIENTED_EDGE('',*,*,#11133,.T.);
#14236 = PLANE('',#14237);
#14237 = AXIS2_PLACEMENT_3D('',#14238,#14239,#14240);
#14238 = CARTESIAN_POINT('',(-4.98535904655E-09,3.911430034802E-09,0.));
#14239 = DIRECTION('',(0.,0.,1.));
#14240 = DIRECTION('',(1.,0.,0.));
#14241 = ADVANCED_FACE('',(#14242),#14251,.T.);
#14242 = FACE_BOUND('',#14243,.T.);
#14243 = EDGE_LOOP('',(#14244,#14250));
#14244 = ORIENTED_EDGE('',*,*,#14245,.T.);
#14245 = EDGE_CURVE('',#11116,#11125,#14246,.T.);
#14246 = LINE('',#14247,#14248);
#14247 = CARTESIAN_POINT('',(-13.25231979082,17.806553822199,0.));
#14248 = VECTOR('',#14249,1.);
#14249 = DIRECTION('',(0.965925502835,0.258820252248,0.));
#14250 = ORIENTED_EDGE('',*,*,#11124,.T.);
#14251 = PLANE('',#14252);
#14252 = AXIS2_PLACEMENT_3D('',#14253,#14254,#14255);
#14253 = CARTESIAN_POINT('',(-4.98535904655E-09,3.911430034802E-09,0.));
#14254 = DIRECTION('',(0.,0.,1.));
#14255 = DIRECTION('',(1.,0.,0.));
#14256 = ADVANCED_FACE('',(#14257),#14266,.T.);
#14257 = FACE_BOUND('',#14258,.T.);
#14258 = EDGE_LOOP('',(#14259,#14265));
#14259 = ORIENTED_EDGE('',*,*,#14260,.T.);
#14260 = EDGE_CURVE('',#11107,#11116,#14261,.T.);
#14261 = LINE('',#14262,#14263);
#14262 = CARTESIAN_POINT('',(-14.65698973869,18.195108860028,0.));
#14263 = VECTOR('',#14264,1.);
#14264 = DIRECTION('',(0.933580621069,0.358367442669,0.));
#14265 = ORIENTED_EDGE('',*,*,#11115,.T.);
#14266 = PLANE('',#14267);
#14267 = AXIS2_PLACEMENT_3D('',#14268,#14269,#14270);
#14268 = CARTESIAN_POINT('',(-4.98535904655E-09,3.911430034802E-09,0.));
#14269 = DIRECTION('',(0.,0.,1.));
#14270 = DIRECTION('',(1.,0.,0.));
#14271 = ADVANCED_FACE('',(#14272),#14281,.T.);
#14272 = FACE_BOUND('',#14273,.T.);
#14273 = EDGE_LOOP('',(#14274,#14280));
#14274 = ORIENTED_EDGE('',*,*,#14275,.T.);
#14275 = EDGE_CURVE('',#11098,#11107,#14276,.T.);
#14276 = LINE('',#14277,#14278);
#14277 = CARTESIAN_POINT('',(-16.12073500352,18.300677802607,
    -1.110223024625E-16));
#14278 = VECTOR('',#14279,1.);
#14279 = DIRECTION('',(0.891006042771,0.453991444573,0.));
#14280 = ORIENTED_EDGE('',*,*,#11106,.T.);
#14281 = PLANE('',#14282);
#14282 = AXIS2_PLACEMENT_3D('',#14283,#14284,#14285);
#14283 = CARTESIAN_POINT('',(-4.98535904655E-09,3.911430034802E-09,0.));
#14284 = DIRECTION('',(0.,0.,1.));
#14285 = DIRECTION('',(1.,0.,0.));
#14286 = ADVANCED_FACE('',(#14287),#14296,.T.);
#14287 = FACE_BOUND('',#14288,.T.);
#14288 = EDGE_LOOP('',(#14289,#14295));
#14289 = ORIENTED_EDGE('',*,*,#14290,.T.);
#14290 = EDGE_CURVE('',#11089,#11098,#14291,.T.);
#14291 = LINE('',#14292,#14293);
#14292 = CARTESIAN_POINT('',(-17.5851317701,18.11613039347,0.));
#14293 = VECTOR('',#14294,1.);
#14294 = DIRECTION('',(0.838670672686,0.544638873729,0.));
#14295 = ORIENTED_EDGE('',*,*,#11097,.T.);
#14296 = PLANE('',#14297);
#14297 = AXIS2_PLACEMENT_3D('',#14298,#14299,#14300);
#14298 = CARTESIAN_POINT('',(-4.98535904655E-09,3.911430034802E-09,0.));
#14299 = DIRECTION('',(0.,0.,1.));
#14300 = DIRECTION('',(1.,0.,0.));
#14301 = ADVANCED_FACE('',(#14302),#14306,.T.);
#14302 = FACE_BOUND('',#14303,.T.);
#14303 = EDGE_LOOP('',(#14304,#14305));
#14304 = ORIENTED_EDGE('',*,*,#11999,.T.);
#14305 = ORIENTED_EDGE('',*,*,#11016,.T.);
#14306 = PLANE('',#14307);
#14307 = AXIS2_PLACEMENT_3D('',#14308,#14309,#14310);
#14308 = CARTESIAN_POINT('',(-4.98535904655E-09,3.911430034802E-09,0.));
#14309 = DIRECTION('',(0.,0.,1.));
#14310 = DIRECTION('',(1.,0.,0.));
#14311 = ADVANCED_FACE('',(#14312),#14321,.T.);
#14312 = FACE_BOUND('',#14313,.T.);
#14313 = EDGE_LOOP('',(#14314,#14320));
#14314 = ORIENTED_EDGE('',*,*,#14315,.T.);
#14315 = EDGE_CURVE('',#11080,#11089,#14316,.T.);
#14316 = LINE('',#14317,#14318);
#14317 = CARTESIAN_POINT('',(-18.99160036007,17.646438666338,0.));
#14318 = VECTOR('',#14319,1.);
#14319 = DIRECTION('',(0.777144430953,0.629322281061,0.));
#14320 = ORIENTED_EDGE('',*,*,#11088,.T.);
#14321 = PLANE('',#14322);
#14322 = AXIS2_PLACEMENT_3D('',#14323,#14324,#14325);
#14323 = CARTESIAN_POINT('',(-4.98535904655E-09,3.911430034802E-09,0.));
#14324 = DIRECTION('',(0.,0.,1.));
#14325 = DIRECTION('',(1.,0.,0.));
#14326 = ADVANCED_FACE('',(#14327),#14336,.T.);
#14327 = FACE_BOUND('',#14328,.T.);
#14328 = EDGE_LOOP('',(#14329,#14335));
#14329 = ORIENTED_EDGE('',*,*,#14330,.T.);
#14330 = EDGE_CURVE('',#11017,#11026,#14331,.T.);
#14331 = LINE('',#14332,#14333);
#14332 = CARTESIAN_POINT('',(-23.2998260343,9.02608814416,0.));
#14333 = VECTOR('',#14334,1.);
#14334 = DIRECTION('',(0.15643744031,0.987687869354,0.));
#14335 = ORIENTED_EDGE('',*,*,#11025,.T.);
#14336 = PLANE('',#14337);
#14337 = AXIS2_PLACEMENT_3D('',#14338,#14339,#14340);
#14338 = CARTESIAN_POINT('',(-4.98535904655E-09,3.911430034802E-09,0.));
#14339 = DIRECTION('',(0.,0.,1.));
#14340 = DIRECTION('',(1.,0.,0.));
#14341 = ADVANCED_FACE('',(#14342),#14351,.T.);
#14342 = FACE_BOUND('',#14343,.T.);
#14343 = EDGE_LOOP('',(#14344,#14350));
#14344 = ORIENTED_EDGE('',*,*,#14345,.T.);
#14345 = EDGE_CURVE('',#11071,#11080,#14346,.T.);
#14346 = LINE('',#14347,#14348);
#14347 = CARTESIAN_POINT('',(-20.28350820183,16.908574997946,0.));
#14348 = VECTOR('',#14349,1.);
#14349 = DIRECTION('',(0.707109312032,0.707104250332,0.));
#14350 = ORIENTED_EDGE('',*,*,#11079,.T.);
#14351 = PLANE('',#14352);
#14352 = AXIS2_PLACEMENT_3D('',#14353,#14354,#14355);
#14353 = CARTESIAN_POINT('',(-4.98535904655E-09,3.911430034802E-09,0.));
#14354 = DIRECTION('',(0.,0.,1.));
#14355 = DIRECTION('',(1.,0.,0.));
#14356 = ADVANCED_FACE('',(#14357),#14366,.T.);
#14357 = FACE_BOUND('',#14358,.T.);
#14358 = EDGE_LOOP('',(#14359,#14365));
#14359 = ORIENTED_EDGE('',*,*,#14360,.T.);
#14360 = EDGE_CURVE('',#11026,#11035,#14361,.T.);
#14361 = LINE('',#14362,#14363);
#14362 = CARTESIAN_POINT('',(-23.4867122549,10.494923514739,
    -5.551115123126E-17));
#14363 = VECTOR('',#14364,1.);
#14364 = DIRECTION('',(0.258815529605,0.965926768257,0.));
#14365 = ORIENTED_EDGE('',*,*,#11034,.T.);
#14366 = PLANE('',#14367);
#14367 = AXIS2_PLACEMENT_3D('',#14368,#14369,#14370);
#14368 = CARTESIAN_POINT('',(-4.98535904655E-09,3.911430034802E-09,0.));
#14369 = DIRECTION('',(0.,0.,1.));
#14370 = DIRECTION('',(1.,0.,0.));
#14371 = ADVANCED_FACE('',(#14372),#14381,.T.);
#14372 = FACE_BOUND('',#14373,.T.);
#14373 = EDGE_LOOP('',(#14374,#14380));
#14374 = ORIENTED_EDGE('',*,*,#14375,.T.);
#14375 = EDGE_CURVE('',#11062,#11071,#14376,.T.);
#14376 = LINE('',#14377,#14378);
#14377 = CARTESIAN_POINT('',(-21.40915606691,15.930569757566,0.));
#14378 = VECTOR('',#14379,1.);
#14379 = DIRECTION('',(0.629322281061,0.777144430953,0.));
#14380 = ORIENTED_EDGE('',*,*,#11070,.T.);
#14381 = PLANE('',#14382);
#14382 = AXIS2_PLACEMENT_3D('',#14383,#14384,#14385);
#14383 = CARTESIAN_POINT('',(-4.98535904655E-09,3.911430034802E-09,0.));
#14384 = DIRECTION('',(0.,0.,1.));
#14385 = DIRECTION('',(1.,0.,0.));
#14386 = ADVANCED_FACE('',(#14387),#14396,.T.);
#14387 = FACE_BOUND('',#14388,.T.);
#14388 = EDGE_LOOP('',(#14389,#14395));
#14389 = ORIENTED_EDGE('',*,*,#14390,.T.);
#14390 = EDGE_CURVE('',#11035,#11044,#14391,.T.);
#14391 = LINE('',#14392,#14393);
#14392 = CARTESIAN_POINT('',(-23.38250773106,11.977718799896,0.));
#14393 = VECTOR('',#14394,1.);
#14394 = DIRECTION('',(0.358368467375,0.933580227721,0.));
#14395 = ORIENTED_EDGE('',*,*,#11043,.T.);
#14396 = PLANE('',#14397);
#14397 = AXIS2_PLACEMENT_3D('',#14398,#14399,#14400);
#14398 = CARTESIAN_POINT('',(-4.98535904655E-09,3.911430034802E-09,0.));
#14399 = DIRECTION('',(0.,0.,1.));
#14400 = DIRECTION('',(1.,0.,0.));
#14401 = ADVANCED_FACE('',(#14402),#14411,.T.);
#14402 = FACE_BOUND('',#14403,.T.);
#14403 = EDGE_LOOP('',(#14404,#14410));
#14404 = ORIENTED_EDGE('',*,*,#14405,.T.);
#14405 = EDGE_CURVE('',#11053,#11062,#14406,.T.);
#14406 = LINE('',#14407,#14408);
#14407 = CARTESIAN_POINT('',(-22.32338131279,14.750625432048,0.));
#14408 = VECTOR('',#14409,1.);
#14409 = DIRECTION('',(0.544640121925,0.838669862097,0.));
#14410 = ORIENTED_EDGE('',*,*,#11061,.T.);
#14411 = PLANE('',#14412);
#14412 = AXIS2_PLACEMENT_3D('',#14413,#14414,#14415);
#14413 = CARTESIAN_POINT('',(-4.98535904655E-09,3.911430034802E-09,0.));
#14414 = DIRECTION('',(0.,0.,1.));
#14415 = DIRECTION('',(1.,0.,0.));
#14416 = ADVANCED_FACE('',(#14417),#14426,.T.);
#14417 = FACE_BOUND('',#14418,.T.);
#14418 = EDGE_LOOP('',(#14419,#14425));
#14419 = ORIENTED_EDGE('',*,*,#14420,.T.);
#14420 = EDGE_CURVE('',#11044,#11053,#14421,.T.);
#14421 = LINE('',#14422,#14423);
#14422 = CARTESIAN_POINT('',(-22.98987580494,13.41525408059,0.));
#14423 = VECTOR('',#14424,1.);
#14424 = DIRECTION('',(0.453985455162,0.891009094511,0.));
#14425 = ORIENTED_EDGE('',*,*,#11052,.T.);
#14426 = PLANE('',#14427);
#14427 = AXIS2_PLACEMENT_3D('',#14428,#14429,#14430);
#14428 = CARTESIAN_POINT('',(-4.98535904655E-09,3.911430034802E-09,0.));
#14429 = DIRECTION('',(0.,0.,1.));
#14430 = DIRECTION('',(1.,0.,0.));
#14431 = ADVANCED_FACE('',(#14432),#14443,.T.);
#14432 = FACE_BOUND('',#14433,.T.);
#14433 = EDGE_LOOP('',(#14434,#14435,#14436,#14442));
#14434 = ORIENTED_EDGE('',*,*,#14200,.F.);
#14435 = ORIENTED_EDGE('',*,*,#13955,.F.);
#14436 = ORIENTED_EDGE('',*,*,#14437,.T.);
#14437 = EDGE_CURVE('',#10858,#11159,#14438,.T.);
#14438 = LINE('',#14439,#14440);
#14439 = CARTESIAN_POINT('',(-22.41190147399,-14.5062303543,-0.5));
#14440 = VECTOR('',#14441,1.);
#14441 = DIRECTION('',(0.,0.,1.));
#14442 = ORIENTED_EDGE('',*,*,#11158,.T.);
#14443 = PLANE('',#14444);
#14444 = AXIS2_PLACEMENT_3D('',#14445,#14446,#14447);
#14445 = CARTESIAN_POINT('',(-22.43628311157,-14.4152355194,0.75));
#14446 = DIRECTION('',(-0.965926768257,-0.258815529605,-0.));
#14447 = DIRECTION('',(0.258815529605,-0.965926768257,0.));
#14448 = ADVANCED_FACE('',(#14449),#14460,.T.);
#14449 = FACE_BOUND('',#14450,.T.);
#14450 = EDGE_LOOP('',(#14451,#14452,#14453,#14459));
#14451 = ORIENTED_EDGE('',*,*,#14437,.F.);
#14452 = ORIENTED_EDGE('',*,*,#13970,.F.);
#14453 = ORIENTED_EDGE('',*,*,#14454,.T.);
#14454 = EDGE_CURVE('',#10849,#11167,#14455,.T.);
#14455 = LINE('',#14456,#14457);
#14456 = CARTESIAN_POINT('',(-22.34438133239,-14.68212604522,-0.5));
#14457 = VECTOR('',#14458,1.);
#14458 = DIRECTION('',(0.,0.,1.));
#14459 = ORIENTED_EDGE('',*,*,#11166,.T.);
#14460 = PLANE('',#14461);
#14461 = AXIS2_PLACEMENT_3D('',#14462,#14463,#14464);
#14462 = CARTESIAN_POINT('',(-22.37814140319,-14.59417819976,0.75));
#14463 = DIRECTION('',(-0.933580227721,-0.358368467375,-0.));
#14464 = DIRECTION('',(0.358368467375,-0.933580227721,0.));
#14465 = ADVANCED_FACE('',(#14466),#14477,.T.);
#14466 = FACE_BOUND('',#14467,.T.);
#14467 = EDGE_LOOP('',(#14468,#14469,#14470,#14476));
#14468 = ORIENTED_EDGE('',*,*,#14454,.F.);
#14469 = ORIENTED_EDGE('',*,*,#14009,.F.);
#14470 = ORIENTED_EDGE('',*,*,#14471,.T.);
#14471 = EDGE_CURVE('',#10840,#11175,#14472,.T.);
#14472 = LINE('',#14473,#14474);
#14473 = CARTESIAN_POINT('',(-22.25884628295,-14.85000038147,-0.5));
#14474 = VECTOR('',#14475,1.);
#14475 = DIRECTION('',(0.,0.,1.));
#14476 = ORIENTED_EDGE('',*,*,#11174,.T.);
#14477 = PLANE('',#14478);
#14478 = AXIS2_PLACEMENT_3D('',#14479,#14480,#14481);
#14479 = CARTESIAN_POINT('',(-22.30161380767,-14.76606321334,0.75));
#14480 = DIRECTION('',(-0.891009094511,-0.453985455162,-0.));
#14481 = DIRECTION('',(0.453985455162,-0.891009094511,0.));
#14482 = ADVANCED_FACE('',(#14483),#14494,.T.);
#14483 = FACE_BOUND('',#14484,.T.);
#14484 = EDGE_LOOP('',(#14485,#14486,#14487,#14493));
#14485 = ORIENTED_EDGE('',*,*,#14471,.F.);
#14486 = ORIENTED_EDGE('',*,*,#14024,.F.);
#14487 = ORIENTED_EDGE('',*,*,#14488,.T.);
#14488 = EDGE_CURVE('',#10831,#11183,#14489,.T.);
#14489 = LINE('',#14490,#14491);
#14490 = CARTESIAN_POINT('',(-22.15623092651,-15.00801372528,-0.5));
#14491 = VECTOR('',#14492,1.);
#14492 = DIRECTION('',(0.,0.,1.));
#14493 = ORIENTED_EDGE('',*,*,#11182,.T.);
#14494 = PLANE('',#14495);
#14495 = AXIS2_PLACEMENT_3D('',#14496,#14497,#14498);
#14496 = CARTESIAN_POINT('',(-22.20753860473,-14.92900705337,0.75));
#14497 = DIRECTION('',(-0.838669862097,-0.544640121925,-0.));
#14498 = DIRECTION('',(0.544640121925,-0.838669862097,0.));
#14499 = ADVANCED_FACE('',(#14500),#14511,.T.);
#14500 = FACE_BOUND('',#14501,.T.);
#14501 = EDGE_LOOP('',(#14502,#14503,#14504,#14510));
#14502 = ORIENTED_EDGE('',*,*,#14488,.F.);
#14503 = ORIENTED_EDGE('',*,*,#14054,.F.);
#14504 = ORIENTED_EDGE('',*,*,#14505,.T.);
#14505 = EDGE_CURVE('',#10822,#11191,#14506,.T.);
#14506 = LINE('',#14507,#14508);
#14507 = CARTESIAN_POINT('',(-22.03766059875,-15.15443515777,-0.5));
#14508 = VECTOR('',#14509,1.);
#14509 = DIRECTION('',(0.,0.,1.));
#14510 = ORIENTED_EDGE('',*,*,#11190,.T.);
#14511 = PLANE('',#14512);
#14512 = AXIS2_PLACEMENT_3D('',#14513,#14514,#14515);
#14513 = CARTESIAN_POINT('',(-22.09694576263,-15.08122444152,0.75));
#14514 = DIRECTION('',(-0.777144430953,-0.629322281061,-0.));
#14515 = DIRECTION('',(0.629322281061,-0.777144430953,0.));
#14516 = ADVANCED_FACE('',(#14517),#14528,.T.);
#14517 = FACE_BOUND('',#14518,.T.);
#14518 = EDGE_LOOP('',(#14519,#14525,#14526,#14527));
#14519 = ORIENTED_EDGE('',*,*,#14520,.T.);
#14520 = EDGE_CURVE('',#10813,#11199,#14521,.T.);
#14521 = LINE('',#14522,#14523);
#14522 = CARTESIAN_POINT('',(-21.9044342041,-15.28766059875,-0.5));
#14523 = VECTOR('',#14524,1.);
#14524 = DIRECTION('',(0.,0.,1.));
#14525 = ORIENTED_EDGE('',*,*,#11198,.T.);
#14526 = ORIENTED_EDGE('',*,*,#14505,.F.);
#14527 = ORIENTED_EDGE('',*,*,#14084,.F.);
#14528 = PLANE('',#14529);
#14529 = AXIS2_PLACEMENT_3D('',#14530,#14531,#14532);
#14530 = CARTESIAN_POINT('',(-21.97104740142,-15.22104787826,0.75));
#14531 = DIRECTION('',(-0.707104250332,-0.707109312032,-0.));
#14532 = DIRECTION('',(-0.707109312032,0.707104250332,0.));
#14533 = ADVANCED_FACE('',(#14534),#14545,.T.);
#14534 = FACE_BOUND('',#14535,.T.);
#14535 = EDGE_LOOP('',(#14536,#14537,#14538,#14544));
#14536 = ORIENTED_EDGE('',*,*,#14520,.F.);
#14537 = ORIENTED_EDGE('',*,*,#14114,.F.);
#14538 = ORIENTED_EDGE('',*,*,#14539,.T.);
#14539 = EDGE_CURVE('',#10804,#11207,#14540,.T.);
#14540 = LINE('',#14541,#14542);
#14541 = CARTESIAN_POINT('',(-21.7580127716,-15.40623092651,-0.5));
#14542 = VECTOR('',#14543,1.);
#14543 = DIRECTION('',(0.,0.,1.));
#14544 = ORIENTED_EDGE('',*,*,#11206,.T.);
#14545 = PLANE('',#14546);
#14546 = AXIS2_PLACEMENT_3D('',#14547,#14548,#14549);
#14547 = CARTESIAN_POINT('',(-21.83122348785,-15.34694576263,0.75));
#14548 = DIRECTION('',(-0.629322281061,-0.777144430953,-0.));
#14549 = DIRECTION('',(-0.777144430953,0.629322281061,0.));
#14550 = ADVANCED_FACE('',(#14551),#14562,.T.);
#14551 = FACE_BOUND('',#14552,.T.);
#14552 = EDGE_LOOP('',(#14553,#14554,#14555,#14561));
#14553 = ORIENTED_EDGE('',*,*,#14539,.F.);
#14554 = ORIENTED_EDGE('',*,*,#14144,.F.);
#14555 = ORIENTED_EDGE('',*,*,#14556,.T.);
#14556 = EDGE_CURVE('',#10795,#11215,#14557,.T.);
#14557 = LINE('',#14558,#14559);
#14558 = CARTESIAN_POINT('',(-21.60000038147,-15.50884532928,-0.5));
#14559 = VECTOR('',#14560,1.);
#14560 = DIRECTION('',(0.,0.,1.));
#14561 = ORIENTED_EDGE('',*,*,#11214,.T.);
#14562 = PLANE('',#14563);
#14563 = AXIS2_PLACEMENT_3D('',#14564,#14565,#14566);
#14564 = CARTESIAN_POINT('',(-21.67900657653,-15.45753812789,0.75));
#14565 = DIRECTION('',(-0.544638873729,-0.838670672686,-0.));
#14566 = DIRECTION('',(-0.838670672686,0.544638873729,0.));
#14567 = ADVANCED_FACE('',(#14568),#14579,.T.);
#14568 = FACE_BOUND('',#14569,.T.);
#14569 = EDGE_LOOP('',(#14570,#14571,#14572,#14578));
#14570 = ORIENTED_EDGE('',*,*,#14556,.F.);
#14571 = ORIENTED_EDGE('',*,*,#14159,.F.);
#14572 = ORIENTED_EDGE('',*,*,#14573,.T.);
#14573 = EDGE_CURVE('',#10786,#11223,#14574,.T.);
#14574 = LINE('',#14575,#14576);
#14575 = CARTESIAN_POINT('',(-21.43212509155,-15.59438228607,-0.5));
#14576 = VECTOR('',#14577,1.);
#14577 = DIRECTION('',(0.,0.,1.));
#14578 = ORIENTED_EDGE('',*,*,#11222,.T.);
#14579 = PLANE('',#14580);
#14580 = AXIS2_PLACEMENT_3D('',#14581,#14582,#14583);
#14581 = CARTESIAN_POINT('',(-21.51606273651,-15.55161380767,0.75));
#14582 = DIRECTION('',(-0.453991444573,-0.891006042771,-0.));
#14583 = DIRECTION('',(-0.891006042771,0.453991444573,0.));
#14584 = ADVANCED_FACE('',(#14585),#14596,.T.);
#14585 = FACE_BOUND('',#14586,.T.);
#14586 = EDGE_LOOP('',(#14587,#14588,#14589,#14595));
#14587 = ORIENTED_EDGE('',*,*,#14573,.F.);
#14588 = ORIENTED_EDGE('',*,*,#14129,.F.);
#14589 = ORIENTED_EDGE('',*,*,#14590,.T.);
#14590 = EDGE_CURVE('',#10777,#11231,#14591,.T.);
#14591 = LINE('',#14592,#14593);
#14592 = CARTESIAN_POINT('',(-21.25623130798,-15.66190147399,-0.5));
#14593 = VECTOR('',#14594,1.);
#14594 = DIRECTION('',(0.,0.,1.));
#14595 = ORIENTED_EDGE('',*,*,#11230,.T.);
#14596 = PLANE('',#14597);
#14597 = AXIS2_PLACEMENT_3D('',#14598,#14599,#14600);
#14598 = CARTESIAN_POINT('',(-21.34417819976,-15.62814188003,0.75));
#14599 = DIRECTION('',(-0.358367442669,-0.933580621069,-0.));
#14600 = DIRECTION('',(-0.933580621069,0.358367442669,0.));
#14601 = ADVANCED_FACE('',(#14602),#14613,.T.);
#14602 = FACE_BOUND('',#14603,.T.);
#14603 = EDGE_LOOP('',(#14604,#14605,#14606,#14612));
#14604 = ORIENTED_EDGE('',*,*,#14590,.F.);
#14605 = ORIENTED_EDGE('',*,*,#14099,.F.);
#14606 = ORIENTED_EDGE('',*,*,#14607,.T.);
#14607 = EDGE_CURVE('',#10768,#11239,#14608,.T.);
#14608 = LINE('',#14609,#14610);
#14609 = CARTESIAN_POINT('',(-21.07424163818,-15.71066570282,-0.5));
#14610 = VECTOR('',#14611,1.);
#14611 = DIRECTION('',(0.,0.,1.));
#14612 = ORIENTED_EDGE('',*,*,#11238,.T.);
#14613 = PLANE('',#14614);
#14614 = AXIS2_PLACEMENT_3D('',#14615,#14616,#14617);
#14615 = CARTESIAN_POINT('',(-21.16523647308,-15.6862835884,0.75));
#14616 = DIRECTION('',(-0.258820252248,-0.965925502835,-0.));
#14617 = DIRECTION('',(-0.965925502835,0.258820252248,0.));
#14618 = ADVANCED_FACE('',(#14619),#14630,.T.);
#14619 = FACE_BOUND('',#14620,.T.);
#14620 = EDGE_LOOP('',(#14621,#14622,#14623,#14629));
#14621 = ORIENTED_EDGE('',*,*,#14607,.F.);
#14622 = ORIENTED_EDGE('',*,*,#14069,.F.);
#14623 = ORIENTED_EDGE('',*,*,#14624,.T.);
#14624 = EDGE_CURVE('',#10759,#11247,#14625,.T.);
#14625 = LINE('',#14626,#14627);
#14626 = CARTESIAN_POINT('',(-20.88815116882,-15.74013900756,-0.5));
#14627 = VECTOR('',#14628,1.);
#14628 = DIRECTION('',(0.,0.,1.));
#14629 = ORIENTED_EDGE('',*,*,#11246,.T.);
#14630 = PLANE('',#14631);
#14631 = AXIS2_PLACEMENT_3D('',#14632,#14633,#14634);
#14632 = CARTESIAN_POINT('',(-20.9811964035,-15.72540235519,0.75));
#14633 = DIRECTION('',(-0.156431720395,-0.9876887753,-0.));
#14634 = DIRECTION('',(-0.9876887753,0.156431720395,0.));
#14635 = ADVANCED_FACE('',(#14636),#14642,.T.);
#14636 = FACE_BOUND('',#14637,.T.);
#14637 = EDGE_LOOP('',(#14638,#14639,#14640,#14641));
#14638 = ORIENTED_EDGE('',*,*,#14624,.F.);
#14639 = ORIENTED_EDGE('',*,*,#14039,.F.);
#14640 = ORIENTED_EDGE('',*,*,#13993,.T.);
#14641 = ORIENTED_EDGE('',*,*,#11254,.T.);
#14642 = PLANE('',#14643);
#14643 = AXIS2_PLACEMENT_3D('',#14644,#14645,#14646);
#14644 = CARTESIAN_POINT('',(-20.79407596588,-15.74506950378,0.75));
#14645 = DIRECTION('',(-5.233832483047E-02,-0.998629410619,-0.));
#14646 = DIRECTION('',(-0.998629410619,5.233832483047E-02,0.));
#14647 = ADVANCED_FACE('',(#14648),#14664,.T.);
#14648 = FACE_BOUND('',#14649,.T.);
#14649 = EDGE_LOOP('',(#14650,#14651,#14657,#14663));
#14650 = ORIENTED_EDGE('',*,*,#13986,.F.);
#14651 = ORIENTED_EDGE('',*,*,#14652,.F.);
#14652 = EDGE_CURVE('',#12191,#12189,#14653,.T.);
#14653 = LINE('',#14654,#14655);
#14654 = CARTESIAN_POINT('',(10.836989139165,-16.26692199396,
    -1.110223024625E-16));
#14655 = VECTOR('',#14656,1.);
#14656 = DIRECTION('',(-0.998629410619,-5.233832483047E-02,0.));
#14657 = ORIENTED_EDGE('',*,*,#14658,.T.);
#14658 = EDGE_CURVE('',#12191,#11271,#14659,.T.);
#14659 = LINE('',#14660,#14661);
#14660 = CARTESIAN_POINT('',(20.888151168823,-15.74013900756,-0.5));
#14661 = VECTOR('',#14662,1.);
#14662 = DIRECTION('',(0.,0.,1.));
#14663 = ORIENTED_EDGE('',*,*,#11270,.T.);
#14664 = PLANE('',#14665);
#14665 = AXIS2_PLACEMENT_3D('',#14666,#14667,#14668);
#14666 = CARTESIAN_POINT('',(20.794075965881,-15.74506950378,0.75));
#14667 = DIRECTION('',(5.233832483047E-02,-0.998629410619,0.));
#14668 = DIRECTION('',(-0.998629410619,-5.233832483047E-02,0.));
#14669 = ADVANCED_FACE('',(#14670),#14686,.T.);
#14670 = FACE_BOUND('',#14671,.T.);
#14671 = EDGE_LOOP('',(#14672,#14673,#14679,#14685));
#14672 = ORIENTED_EDGE('',*,*,#14658,.F.);
#14673 = ORIENTED_EDGE('',*,*,#14674,.F.);
#14674 = EDGE_CURVE('',#12316,#12191,#14675,.T.);
#14675 = LINE('',#14676,#14677);
#14676 = CARTESIAN_POINT('',(11.962145765171,-17.15385395145,
    -1.110223024625E-16));
#14677 = VECTOR('',#14678,1.);
#14678 = DIRECTION('',(-0.9876887753,-0.156431720395,0.));
#14679 = ORIENTED_EDGE('',*,*,#14680,.T.);
#14680 = EDGE_CURVE('',#12316,#11279,#14681,.T.);
#14681 = LINE('',#14682,#14683);
#14682 = CARTESIAN_POINT('',(21.074241638184,-15.71066570282,-0.5));
#14683 = VECTOR('',#14684,1.);
#14684 = DIRECTION('',(0.,0.,1.));
#14685 = ORIENTED_EDGE('',*,*,#11278,.T.);
#14686 = PLANE('',#14687);
#14687 = AXIS2_PLACEMENT_3D('',#14688,#14689,#14690);
#14688 = CARTESIAN_POINT('',(20.981196403503,-15.72540235519,0.75));
#14689 = DIRECTION('',(0.156431720395,-0.9876887753,0.));
#14690 = DIRECTION('',(-0.9876887753,-0.156431720395,0.));
#14691 = ADVANCED_FACE('',(#14692),#14708,.T.);
#14692 = FACE_BOUND('',#14693,.T.);
#14693 = EDGE_LOOP('',(#14694,#14695,#14701,#14707));
#14694 = ORIENTED_EDGE('',*,*,#14680,.F.);
#14695 = ORIENTED_EDGE('',*,*,#14696,.F.);
#14696 = EDGE_CURVE('',#12307,#12316,#14697,.T.);
#14697 = LINE('',#14698,#14699);
#14698 = CARTESIAN_POINT('',(13.252319787148,-17.80655382318,0.));
#14699 = VECTOR('',#14700,1.);
#14700 = DIRECTION('',(-0.965925502835,-0.258820252248,0.));
#14701 = ORIENTED_EDGE('',*,*,#14702,.T.);
#14702 = EDGE_CURVE('',#12307,#11287,#14703,.T.);
#14703 = LINE('',#14704,#14705);
#14704 = CARTESIAN_POINT('',(21.256231307983,-15.66190147399,-0.5));
#14705 = VECTOR('',#14706,1.);
#14706 = DIRECTION('',(0.,0.,1.));
#14707 = ORIENTED_EDGE('',*,*,#11286,.T.);
#14708 = PLANE('',#14709);
#14709 = AXIS2_PLACEMENT_3D('',#14710,#14711,#14712);
#14710 = CARTESIAN_POINT('',(21.165236473083,-15.6862835884,0.75));
#14711 = DIRECTION('',(0.258820252248,-0.965925502835,0.));
#14712 = DIRECTION('',(-0.965925502835,-0.258820252248,0.));
#14713 = ADVANCED_FACE('',(#14714),#14730,.T.);
#14714 = FACE_BOUND('',#14715,.T.);
#14715 = EDGE_LOOP('',(#14716,#14717,#14723,#14729));
#14716 = ORIENTED_EDGE('',*,*,#14702,.F.);
#14717 = ORIENTED_EDGE('',*,*,#14718,.F.);
#14718 = EDGE_CURVE('',#12298,#12307,#14719,.T.);
#14719 = LINE('',#14720,#14721);
#14720 = CARTESIAN_POINT('',(14.656989735653,-18.19510886119,0.));
#14721 = VECTOR('',#14722,1.);
#14722 = DIRECTION('',(-0.933580621069,-0.358367442669,0.));
#14723 = ORIENTED_EDGE('',*,*,#14724,.T.);
#14724 = EDGE_CURVE('',#12298,#11295,#14725,.T.);
#14725 = LINE('',#14726,#14727);
#14726 = CARTESIAN_POINT('',(21.432125091553,-15.59438228607,-0.5));
#14727 = VECTOR('',#14728,1.);
#14728 = DIRECTION('',(0.,0.,1.));
#14729 = ORIENTED_EDGE('',*,*,#11294,.T.);
#14730 = PLANE('',#14731);
#14731 = AXIS2_PLACEMENT_3D('',#14732,#14733,#14734);
#14732 = CARTESIAN_POINT('',(21.344178199768,-15.62814188003,0.75));
#14733 = DIRECTION('',(0.358367442669,-0.933580621069,0.));
#14734 = DIRECTION('',(-0.933580621069,-0.358367442669,0.));
#14735 = ADVANCED_FACE('',(#14736),#14752,.T.);
#14736 = FACE_BOUND('',#14737,.T.);
#14737 = EDGE_LOOP('',(#14738,#14739,#14745,#14751));
#14738 = ORIENTED_EDGE('',*,*,#14724,.F.);
#14739 = ORIENTED_EDGE('',*,*,#14740,.F.);
#14740 = EDGE_CURVE('',#12289,#12298,#14741,.T.);
#14741 = LINE('',#14742,#14743);
#14742 = CARTESIAN_POINT('',(16.120735001145,-18.30067780381,
    -1.110223024625E-16));
#14743 = VECTOR('',#14744,1.);
#14744 = DIRECTION('',(-0.891006042771,-0.453991444573,0.));
#14745 = ORIENTED_EDGE('',*,*,#14746,.T.);
#14746 = EDGE_CURVE('',#12289,#11303,#14747,.T.);
#14747 = LINE('',#14748,#14749);
#14748 = CARTESIAN_POINT('',(21.60000038147,-15.50884532928,-0.5));
#14749 = VECTOR('',#14750,1.);
#14750 = DIRECTION('',(0.,0.,1.));
#14751 = ORIENTED_EDGE('',*,*,#11302,.T.);
#14752 = PLANE('',#14753);
#14753 = AXIS2_PLACEMENT_3D('',#14754,#14755,#14756);
#14754 = CARTESIAN_POINT('',(21.516062736511,-15.55161380767,0.75));
#14755 = DIRECTION('',(0.453991444573,-0.891006042771,0.));
#14756 = DIRECTION('',(-0.891006042771,-0.453991444573,0.));
#14757 = ADVANCED_FACE('',(#14758),#14774,.T.);
#14758 = FACE_BOUND('',#14759,.T.);
#14759 = EDGE_LOOP('',(#14760,#14761,#14767,#14773));
#14760 = ORIENTED_EDGE('',*,*,#14746,.F.);
#14761 = ORIENTED_EDGE('',*,*,#14762,.F.);
#14762 = EDGE_CURVE('',#12280,#12289,#14763,.T.);
#14763 = LINE('',#14764,#14765);
#14764 = CARTESIAN_POINT('',(17.58513176838,-18.11613039458,0.));
#14765 = VECTOR('',#14766,1.);
#14766 = DIRECTION('',(-0.838670672686,-0.544638873729,0.));
#14767 = ORIENTED_EDGE('',*,*,#14768,.T.);
#14768 = EDGE_CURVE('',#12280,#11311,#14769,.T.);
#14769 = LINE('',#14770,#14771);
#14770 = CARTESIAN_POINT('',(21.758012771606,-15.40623092651,-0.5));
#14771 = VECTOR('',#14772,1.);
#14772 = DIRECTION('',(0.,0.,1.));
#14773 = ORIENTED_EDGE('',*,*,#11310,.T.);
#14774 = PLANE('',#14775);
#14775 = AXIS2_PLACEMENT_3D('',#14776,#14777,#14778);
#14776 = CARTESIAN_POINT('',(21.679006576538,-15.45753812789,0.75));
#14777 = DIRECTION('',(0.544638873729,-0.838670672686,0.));
#14778 = DIRECTION('',(-0.838670672686,-0.544638873729,0.));
#14779 = ADVANCED_FACE('',(#14780),#14796,.T.);
#14780 = FACE_BOUND('',#14781,.T.);
#14781 = EDGE_LOOP('',(#14782,#14783,#14789,#14795));
#14782 = ORIENTED_EDGE('',*,*,#14768,.F.);
#14783 = ORIENTED_EDGE('',*,*,#14784,.F.);
#14784 = EDGE_CURVE('',#12271,#12280,#14785,.T.);
#14785 = LINE('',#14786,#14787);
#14786 = CARTESIAN_POINT('',(18.991600358974,-17.64643866722,0.));
#14787 = VECTOR('',#14788,1.);
#14788 = DIRECTION('',(-0.777144430953,-0.629322281061,0.));
#14789 = ORIENTED_EDGE('',*,*,#14790,.T.);
#14790 = EDGE_CURVE('',#12271,#11319,#14791,.T.);
#14791 = LINE('',#14792,#14793);
#14792 = CARTESIAN_POINT('',(21.904434204102,-15.28766059875,-0.5));
#14793 = VECTOR('',#14794,1.);
#14794 = DIRECTION('',(0.,0.,1.));
#14795 = ORIENTED_EDGE('',*,*,#11318,.T.);
#14796 = PLANE('',#14797);
#14797 = AXIS2_PLACEMENT_3D('',#14798,#14799,#14800);
#14798 = CARTESIAN_POINT('',(21.831223487854,-15.34694576263,0.75));
#14799 = DIRECTION('',(0.629322281061,-0.777144430953,0.));
#14800 = DIRECTION('',(-0.777144430953,-0.629322281061,0.));
#14801 = ADVANCED_FACE('',(#14802),#14818,.T.);
#14802 = FACE_BOUND('',#14803,.T.);
#14803 = EDGE_LOOP('',(#14804,#14810,#14811,#14812));
#14804 = ORIENTED_EDGE('',*,*,#14805,.T.);
#14805 = EDGE_CURVE('',#12262,#11327,#14806,.T.);
#14806 = LINE('',#14807,#14808);
#14807 = CARTESIAN_POINT('',(22.037660598755,-15.15443515777,-0.5));
#14808 = VECTOR('',#14809,1.);
#14809 = DIRECTION('',(0.,0.,1.));
#14810 = ORIENTED_EDGE('',*,*,#11326,.T.);
#14811 = ORIENTED_EDGE('',*,*,#14790,.F.);
#14812 = ORIENTED_EDGE('',*,*,#14813,.F.);
#14813 = EDGE_CURVE('',#12262,#12271,#14814,.T.);
#14814 = LINE('',#14815,#14816);
#14815 = CARTESIAN_POINT('',(20.283508201301,-16.90857499848,0.));
#14816 = VECTOR('',#14817,1.);
#14817 = DIRECTION('',(-0.707109312032,-0.707104250332,0.));
#14818 = PLANE('',#14819);
#14819 = AXIS2_PLACEMENT_3D('',#14820,#14821,#14822);
#14820 = CARTESIAN_POINT('',(21.971047401428,-15.22104787826,0.75));
#14821 = DIRECTION('',(0.707104250332,-0.707109312032,0.));
#14822 = DIRECTION('',(-0.707109312032,-0.707104250332,0.));
#14823 = ADVANCED_FACE('',(#14824),#14840,.T.);
#14824 = FACE_BOUND('',#14825,.T.);
#14825 = EDGE_LOOP('',(#14826,#14827,#14833,#14839));
#14826 = ORIENTED_EDGE('',*,*,#14805,.F.);
#14827 = ORIENTED_EDGE('',*,*,#14828,.F.);
#14828 = EDGE_CURVE('',#12253,#12262,#14829,.T.);
#14829 = LINE('',#14830,#14831);
#14830 = CARTESIAN_POINT('',(21.409156066851,-15.93056975764,0.));
#14831 = VECTOR('',#14832,1.);
#14832 = DIRECTION('',(-0.629322281061,-0.777144430953,0.));
#14833 = ORIENTED_EDGE('',*,*,#14834,.T.);
#14834 = EDGE_CURVE('',#12253,#11335,#14835,.T.);
#14835 = LINE('',#14836,#14837);
#14836 = CARTESIAN_POINT('',(22.156230926514,-15.00801372528,-0.5));
#14837 = VECTOR('',#14838,1.);
#14838 = DIRECTION('',(0.,0.,1.));
#14839 = ORIENTED_EDGE('',*,*,#11334,.T.);
#14840 = PLANE('',#14841);
#14841 = AXIS2_PLACEMENT_3D('',#14842,#14843,#14844);
#14842 = CARTESIAN_POINT('',(22.096945762634,-15.08122444152,0.75));
#14843 = DIRECTION('',(0.777144430953,-0.629322281061,0.));
#14844 = DIRECTION('',(0.629322281061,0.777144430953,0.));
#14845 = ADVANCED_FACE('',(#14846),#14862,.T.);
#14846 = FACE_BOUND('',#14847,.T.);
#14847 = EDGE_LOOP('',(#14848,#14849,#14855,#14861));
#14848 = ORIENTED_EDGE('',*,*,#14834,.F.);
#14849 = ORIENTED_EDGE('',*,*,#14850,.F.);
#14850 = EDGE_CURVE('',#12244,#12253,#14851,.T.);
#14851 = LINE('',#14852,#14853);
#14852 = CARTESIAN_POINT('',(22.323381313098,-14.75062543157,0.));
#14853 = VECTOR('',#14854,1.);
#14854 = DIRECTION('',(-0.544640121925,-0.838669862097,0.));
#14855 = ORIENTED_EDGE('',*,*,#14856,.T.);
#14856 = EDGE_CURVE('',#12244,#11343,#14857,.T.);
#14857 = LINE('',#14858,#14859);
#14858 = CARTESIAN_POINT('',(22.258846282959,-14.85000038147,-0.5));
#14859 = VECTOR('',#14860,1.);
#14860 = DIRECTION('',(0.,0.,1.));
#14861 = ORIENTED_EDGE('',*,*,#11342,.T.);
#14862 = PLANE('',#14863);
#14863 = AXIS2_PLACEMENT_3D('',#14864,#14865,#14866);
#14864 = CARTESIAN_POINT('',(22.207538604736,-14.92900705337,0.75));
#14865 = DIRECTION('',(0.838669862097,-0.544640121925,0.));
#14866 = DIRECTION('',(0.544640121925,0.838669862097,0.));
#14867 = ADVANCED_FACE('',(#14868),#14884,.T.);
#14868 = FACE_BOUND('',#14869,.T.);
#14869 = EDGE_LOOP('',(#14870,#14871,#14877,#14883));
#14870 = ORIENTED_EDGE('',*,*,#14856,.F.);
#14871 = ORIENTED_EDGE('',*,*,#14872,.F.);
#14872 = EDGE_CURVE('',#12235,#12244,#14873,.T.);
#14873 = LINE('',#14874,#14875);
#14874 = CARTESIAN_POINT('',(22.989875805501,-13.4152540795,0.));
#14875 = VECTOR('',#14876,1.);
#14876 = DIRECTION('',(-0.453985455162,-0.891009094511,0.));
#14877 = ORIENTED_EDGE('',*,*,#14878,.T.);
#14878 = EDGE_CURVE('',#12235,#11351,#14879,.T.);
#14879 = LINE('',#14880,#14881);
#14880 = CARTESIAN_POINT('',(22.344381332397,-14.68212604522,-0.5));
#14881 = VECTOR('',#14882,1.);
#14882 = DIRECTION('',(0.,0.,1.));
#14883 = ORIENTED_EDGE('',*,*,#11350,.T.);
#14884 = PLANE('',#14885);
#14885 = AXIS2_PLACEMENT_3D('',#14886,#14887,#14888);
#14886 = CARTESIAN_POINT('',(22.301613807678,-14.76606321334,0.75));
#14887 = DIRECTION('',(0.891009094511,-0.453985455162,0.));
#14888 = DIRECTION('',(0.453985455162,0.891009094511,0.));
#14889 = ADVANCED_FACE('',(#14890),#14906,.T.);
#14890 = FACE_BOUND('',#14891,.T.);
#14891 = EDGE_LOOP('',(#14892,#14893,#14899,#14905));
#14892 = ORIENTED_EDGE('',*,*,#14878,.F.);
#14893 = ORIENTED_EDGE('',*,*,#14894,.F.);
#14894 = EDGE_CURVE('',#12226,#12235,#14895,.T.);
#14895 = LINE('',#14896,#14897);
#14896 = CARTESIAN_POINT('',(23.382507731729,-11.97771879815,0.));
#14897 = VECTOR('',#14898,1.);
#14898 = DIRECTION('',(-0.358368467375,-0.933580227721,0.));
#14899 = ORIENTED_EDGE('',*,*,#14900,.T.);
#14900 = EDGE_CURVE('',#12226,#11359,#14901,.T.);
#14901 = LINE('',#14902,#14903);
#14902 = CARTESIAN_POINT('',(22.411901473999,-14.5062303543,-0.5));
#14903 = VECTOR('',#14904,1.);
#14904 = DIRECTION('',(0.,0.,1.));
#14905 = ORIENTED_EDGE('',*,*,#11358,.T.);
#14906 = PLANE('',#14907);
#14907 = AXIS2_PLACEMENT_3D('',#14908,#14909,#14910);
#14908 = CARTESIAN_POINT('',(22.378141403198,-14.59417819976,0.75));
#14909 = DIRECTION('',(0.933580227721,-0.358368467375,0.));
#14910 = DIRECTION('',(0.358368467375,0.933580227721,0.));
#14911 = ADVANCED_FACE('',(#14912),#14928,.T.);
#14912 = FACE_BOUND('',#14913,.T.);
#14913 = EDGE_LOOP('',(#14914,#14915,#14921,#14927));
#14914 = ORIENTED_EDGE('',*,*,#14900,.F.);
#14915 = ORIENTED_EDGE('',*,*,#14916,.F.);
#14916 = EDGE_CURVE('',#12217,#12226,#14917,.T.);
#14917 = LINE('',#14918,#14919);
#14918 = CARTESIAN_POINT('',(23.486712255552,-10.49492351233,
    -5.551115123126E-17));
#14919 = VECTOR('',#14920,1.);
#14920 = DIRECTION('',(-0.258815529605,-0.965926768257,0.));
#14921 = ORIENTED_EDGE('',*,*,#14922,.T.);
#14922 = EDGE_CURVE('',#12217,#11367,#14923,.T.);
#14923 = LINE('',#14924,#14925);
#14924 = CARTESIAN_POINT('',(22.460664749146,-14.3242406845,-0.5));
#14925 = VECTOR('',#14926,1.);
#14926 = DIRECTION('',(0.,0.,1.));
#14927 = ORIENTED_EDGE('',*,*,#11366,.T.);
#14928 = PLANE('',#14929);
#14929 = AXIS2_PLACEMENT_3D('',#14930,#14931,#14932);
#14930 = CARTESIAN_POINT('',(22.436283111572,-14.4152355194,0.75));
#14931 = DIRECTION('',(0.965926768257,-0.258815529605,0.));
#14932 = DIRECTION('',(0.258815529605,0.965926768257,0.));
#14933 = ADVANCED_FACE('',(#14934),#14945,.T.);
#14934 = FACE_BOUND('',#14935,.T.);
#14935 = EDGE_LOOP('',(#14936,#14937,#14943,#14944));
#14936 = ORIENTED_EDGE('',*,*,#14922,.F.);
#14937 = ORIENTED_EDGE('',*,*,#14938,.F.);
#14938 = EDGE_CURVE('',#12208,#12217,#14939,.T.);
#14939 = LINE('',#14940,#14941);
#14940 = CARTESIAN_POINT('',(23.299826034788,-9.026088141115,0.));
#14941 = VECTOR('',#14942,1.);
#14942 = DIRECTION('',(-0.15643744031,-0.987687869354,0.));
#14943 = ORIENTED_EDGE('',*,*,#12339,.T.);
#14944 = ORIENTED_EDGE('',*,*,#11374,.T.);
#14945 = PLANE('',#14946);
#14946 = AXIS2_PLACEMENT_3D('',#14947,#14948,#14949);
#14947 = CARTESIAN_POINT('',(22.475401878357,-14.23119592666,0.75));
#14948 = DIRECTION('',(0.987687869354,-0.15643744031,0.));
#14949 = DIRECTION('',(0.15643744031,0.987687869354,0.));
#14950 = ADVANCED_FACE('',(#14951),#14967,.T.);
#14951 = FACE_BOUND('',#14952,.T.);
#14952 = EDGE_LOOP('',(#14953,#14954,#14960,#14966));
#14953 = ORIENTED_EDGE('',*,*,#12174,.F.);
#14954 = ORIENTED_EDGE('',*,*,#14955,.F.);
#14955 = EDGE_CURVE('',#12143,#12016,#14956,.T.);
#14956 = LINE('',#14957,#14958);
#14957 = CARTESIAN_POINT('',(23.299826034184,9.02608814493,0.));
#14958 = VECTOR('',#14959,1.);
#14959 = DIRECTION('',(0.15643744031,-0.987687869354,0.));
#14960 = ORIENTED_EDGE('',*,*,#14961,.T.);
#14961 = EDGE_CURVE('',#12143,#11398,#14962,.T.);
#14962 = LINE('',#14963,#14964);
#14963 = CARTESIAN_POINT('',(22.460664749146,14.324240684509,-0.5));
#14964 = VECTOR('',#14965,1.);
#14965 = DIRECTION('',(0.,0.,1.));
#14966 = ORIENTED_EDGE('',*,*,#11397,.T.);
#14967 = PLANE('',#14968);
#14968 = AXIS2_PLACEMENT_3D('',#14969,#14970,#14971);
#14969 = CARTESIAN_POINT('',(22.475401878357,14.231195926666,0.75));
#14970 = DIRECTION('',(0.987687869354,0.15643744031,0.));
#14971 = DIRECTION('',(-0.15643744031,0.987687869354,0.));
#14972 = ADVANCED_FACE('',(#14973),#14989,.T.);
#14973 = FACE_BOUND('',#14974,.T.);
#14974 = EDGE_LOOP('',(#14975,#14976,#14982,#14988));
#14975 = ORIENTED_EDGE('',*,*,#14961,.F.);
#14976 = ORIENTED_EDGE('',*,*,#14977,.F.);
#14977 = EDGE_CURVE('',#12134,#12143,#14978,.T.);
#14978 = LINE('',#14979,#14980);
#14979 = CARTESIAN_POINT('',(23.486712254574,10.494923515986,
    -5.551115123126E-17));
#14980 = VECTOR('',#14981,1.);
#14981 = DIRECTION('',(0.258815529605,-0.965926768257,0.));
#14982 = ORIENTED_EDGE('',*,*,#14983,.T.);
#14983 = EDGE_CURVE('',#12134,#11406,#14984,.T.);
#14984 = LINE('',#14985,#14986);
#14985 = CARTESIAN_POINT('',(22.411901473999,14.506230354309,-0.5));
#14986 = VECTOR('',#14987,1.);
#14987 = DIRECTION('',(0.,0.,1.));
#14988 = ORIENTED_EDGE('',*,*,#11405,.T.);
#14989 = PLANE('',#14990);
#14990 = AXIS2_PLACEMENT_3D('',#14991,#14992,#14993);
#14991 = CARTESIAN_POINT('',(22.436283111572,14.415235519409,0.75));
#14992 = DIRECTION('',(0.965926768257,0.258815529605,0.));
#14993 = DIRECTION('',(-0.258815529605,0.965926768257,0.));
#14994 = ADVANCED_FACE('',(#14995),#15011,.T.);
#14995 = FACE_BOUND('',#14996,.T.);
#14996 = EDGE_LOOP('',(#14997,#14998,#15004,#15010));
#14997 = ORIENTED_EDGE('',*,*,#14983,.F.);
#14998 = ORIENTED_EDGE('',*,*,#14999,.F.);
#14999 = EDGE_CURVE('',#12125,#12134,#15000,.T.);
#15000 = LINE('',#15001,#15002);
#15001 = CARTESIAN_POINT('',(23.382507730421,11.977718801563,0.));
#15002 = VECTOR('',#15003,1.);
#15003 = DIRECTION('',(0.358368467375,-0.933580227721,0.));
#15004 = ORIENTED_EDGE('',*,*,#15005,.T.);
#15005 = EDGE_CURVE('',#12125,#11414,#15006,.T.);
#15006 = LINE('',#15007,#15008);
#15007 = CARTESIAN_POINT('',(22.344381332397,14.682126045227,-0.5));
#15008 = VECTOR('',#15009,1.);
#15009 = DIRECTION('',(0.,0.,1.));
#15010 = ORIENTED_EDGE('',*,*,#11413,.T.);
#15011 = PLANE('',#15012);
#15012 = AXIS2_PLACEMENT_3D('',#15013,#15014,#15015);
#15013 = CARTESIAN_POINT('',(22.378141403198,14.594178199768,0.75));
#15014 = DIRECTION('',(0.933580227721,0.358368467375,0.));
#15015 = DIRECTION('',(-0.358368467375,0.933580227721,0.));
#15016 = ADVANCED_FACE('',(#15017),#15033,.T.);
#15017 = FACE_BOUND('',#15018,.T.);
#15018 = EDGE_LOOP('',(#15019,#15020,#15026,#15032));
#15019 = ORIENTED_EDGE('',*,*,#15005,.F.);
#15020 = ORIENTED_EDGE('',*,*,#15021,.F.);
#15021 = EDGE_CURVE('',#12116,#12125,#15022,.T.);
#15022 = LINE('',#15023,#15024);
#15023 = CARTESIAN_POINT('',(22.989875803919,13.415254082607,0.));
#15024 = VECTOR('',#15025,1.);
#15025 = DIRECTION('',(0.453985455162,-0.891009094511,0.));
#15026 = ORIENTED_EDGE('',*,*,#15027,.T.);
#15027 = EDGE_CURVE('',#12116,#11422,#15028,.T.);
#15028 = LINE('',#15029,#15030);
#15029 = CARTESIAN_POINT('',(22.258846282959,14.85000038147,-0.5));
#15030 = VECTOR('',#15031,1.);
#15031 = DIRECTION('',(0.,0.,1.));
#15032 = ORIENTED_EDGE('',*,*,#11421,.T.);
#15033 = PLANE('',#15034);
#15034 = AXIS2_PLACEMENT_3D('',#15035,#15036,#15037);
#15035 = CARTESIAN_POINT('',(22.301613807678,14.766063213348,0.75));
#15036 = DIRECTION('',(0.891009094511,0.453985455162,0.));
#15037 = DIRECTION('',(-0.453985455162,0.891009094511,0.));
#15038 = ADVANCED_FACE('',(#15039),#15055,.T.);
#15039 = FACE_BOUND('',#15040,.T.);
#15040 = EDGE_LOOP('',(#15041,#15042,#15048,#15054));
#15041 = ORIENTED_EDGE('',*,*,#15027,.F.);
#15042 = ORIENTED_EDGE('',*,*,#15043,.F.);
#15043 = EDGE_CURVE('',#12107,#12116,#15044,.T.);
#15044 = LINE('',#15045,#15046);
#15045 = CARTESIAN_POINT('',(22.323381311312,14.750625434325,0.));
#15046 = VECTOR('',#15047,1.);
#15047 = DIRECTION('',(0.544640121925,-0.838669862097,0.));
#15048 = ORIENTED_EDGE('',*,*,#15049,.T.);
#15049 = EDGE_CURVE('',#12107,#11430,#15050,.T.);
#15050 = LINE('',#15051,#15052);
#15051 = CARTESIAN_POINT('',(22.156230926514,15.008013725281,-0.5));
#15052 = VECTOR('',#15053,1.);
#15053 = DIRECTION('',(0.,0.,1.));
#15054 = ORIENTED_EDGE('',*,*,#11429,.T.);
#15055 = PLANE('',#15056);
#15056 = AXIS2_PLACEMENT_3D('',#15057,#15058,#15059);
#15057 = CARTESIAN_POINT('',(22.207538604736,14.929007053375,0.75));
#15058 = DIRECTION('',(0.838669862097,0.544640121925,0.));
#15059 = DIRECTION('',(-0.544640121925,0.838669862097,0.));
#15060 = ADVANCED_FACE('',(#15061),#15077,.T.);
#15061 = FACE_BOUND('',#15062,.T.);
#15062 = EDGE_LOOP('',(#15063,#15064,#15070,#15076));
#15063 = ORIENTED_EDGE('',*,*,#15049,.F.);
#15064 = ORIENTED_EDGE('',*,*,#15065,.F.);
#15065 = EDGE_CURVE('',#12098,#12107,#15066,.T.);
#15066 = LINE('',#15067,#15068);
#15067 = CARTESIAN_POINT('',(21.409156064938,15.930569760005,0.));
#15068 = VECTOR('',#15069,1.);
#15069 = DIRECTION('',(0.629322281061,-0.777144430953,0.));
#15070 = ORIENTED_EDGE('',*,*,#15071,.T.);
#15071 = EDGE_CURVE('',#12098,#11438,#15072,.T.);
#15072 = LINE('',#15073,#15074);
#15073 = CARTESIAN_POINT('',(22.037660598755,15.154435157776,-0.5));
#15074 = VECTOR('',#15075,1.);
#15075 = DIRECTION('',(0.,0.,1.));
#15076 = ORIENTED_EDGE('',*,*,#11437,.T.);
#15077 = PLANE('',#15078);
#15078 = AXIS2_PLACEMENT_3D('',#15079,#15080,#15081);
#15079 = CARTESIAN_POINT('',(22.096945762634,15.081224441528,0.75));
#15080 = DIRECTION('',(0.777144430953,0.629322281061,0.));
#15081 = DIRECTION('',(-0.629322281061,0.777144430953,0.));
#15082 = ADVANCED_FACE('',(#15083),#15099,.T.);
#15083 = FACE_BOUND('',#15084,.T.);
#15084 = EDGE_LOOP('',(#15085,#15091,#15092,#15093));
#15085 = ORIENTED_EDGE('',*,*,#15086,.T.);
#15086 = EDGE_CURVE('',#12089,#11446,#15087,.T.);
#15087 = LINE('',#15088,#15089);
#15088 = CARTESIAN_POINT('',(21.904434204102,15.287660598755,-0.5));
#15089 = VECTOR('',#15090,1.);
#15090 = DIRECTION('',(0.,0.,1.));
#15091 = ORIENTED_EDGE('',*,*,#11445,.T.);
#15092 = ORIENTED_EDGE('',*,*,#15071,.F.);
#15093 = ORIENTED_EDGE('',*,*,#15094,.F.);
#15094 = EDGE_CURVE('',#12089,#12098,#15095,.T.);
#15095 = LINE('',#15096,#15097);
#15096 = CARTESIAN_POINT('',(20.283508199346,16.908575000439,0.));
#15097 = VECTOR('',#15098,1.);
#15098 = DIRECTION('',(0.707109312032,-0.707104250332,0.));
#15099 = PLANE('',#15100);
#15100 = AXIS2_PLACEMENT_3D('',#15101,#15102,#15103);
#15101 = CARTESIAN_POINT('',(21.971047401428,15.221047878265,0.75));
#15102 = DIRECTION('',(0.707104250332,0.707109312032,0.));
#15103 = DIRECTION('',(0.707109312032,-0.707104250332,0.));
#15104 = ADVANCED_FACE('',(#15105),#15121,.T.);
#15105 = FACE_BOUND('',#15106,.T.);
#15106 = EDGE_LOOP('',(#15107,#15108,#15114,#15120));
#15107 = ORIENTED_EDGE('',*,*,#15086,.F.);
#15108 = ORIENTED_EDGE('',*,*,#15109,.F.);
#15109 = EDGE_CURVE('',#12080,#12089,#15110,.T.);
#15110 = LINE('',#15111,#15112);
#15111 = CARTESIAN_POINT('',(18.991600357061,17.646438668776,0.));
#15112 = VECTOR('',#15113,1.);
#15113 = DIRECTION('',(0.777144430953,-0.629322281061,0.));
#15114 = ORIENTED_EDGE('',*,*,#15115,.T.);
#15115 = EDGE_CURVE('',#12080,#11454,#15116,.T.);
#15116 = LINE('',#15117,#15118);
#15117 = CARTESIAN_POINT('',(21.758012771606,15.406230926514,-0.5));
#15118 = VECTOR('',#15119,1.);
#15119 = DIRECTION('',(0.,0.,1.));
#15120 = ORIENTED_EDGE('',*,*,#11453,.T.);
#15121 = PLANE('',#15122);
#15122 = AXIS2_PLACEMENT_3D('',#15123,#15124,#15125);
#15123 = CARTESIAN_POINT('',(21.831223487854,15.346945762634,0.75));
#15124 = DIRECTION('',(0.629322281061,0.777144430953,0.));
#15125 = DIRECTION('',(0.777144430953,-0.629322281061,0.));
#15126 = ADVANCED_FACE('',(#15127),#15143,.T.);
#15127 = FACE_BOUND('',#15128,.T.);
#15128 = EDGE_LOOP('',(#15129,#15130,#15136,#15142));
#15129 = ORIENTED_EDGE('',*,*,#15115,.F.);
#15130 = ORIENTED_EDGE('',*,*,#15131,.F.);
#15131 = EDGE_CURVE('',#12071,#12080,#15132,.T.);
#15132 = LINE('',#15133,#15134);
#15133 = CARTESIAN_POINT('',(17.585131766594,18.116130395747,0.));
#15134 = VECTOR('',#15135,1.);
#15135 = DIRECTION('',(0.838670672686,-0.544638873729,0.));
#15136 = ORIENTED_EDGE('',*,*,#15137,.T.);
#15137 = EDGE_CURVE('',#12071,#11462,#15138,.T.);
#15138 = LINE('',#15139,#15140);
#15139 = CARTESIAN_POINT('',(21.60000038147,15.508845329285,-0.5));
#15140 = VECTOR('',#15141,1.);
#15141 = DIRECTION('',(0.,0.,1.));
#15142 = ORIENTED_EDGE('',*,*,#11461,.T.);
#15143 = PLANE('',#15144);
#15144 = AXIS2_PLACEMENT_3D('',#15145,#15146,#15147);
#15145 = CARTESIAN_POINT('',(21.679006576538,15.457538127899,0.75));
#15146 = DIRECTION('',(0.544638873729,0.838670672686,0.));
#15147 = DIRECTION('',(0.838670672686,-0.544638873729,0.));
#15148 = ADVANCED_FACE('',(#15149),#15165,.T.);
#15149 = FACE_BOUND('',#15150,.T.);
#15150 = EDGE_LOOP('',(#15151,#15152,#15158,#15164));
#15151 = ORIENTED_EDGE('',*,*,#15137,.F.);
#15152 = ORIENTED_EDGE('',*,*,#15153,.F.);
#15153 = EDGE_CURVE('',#12062,#12071,#15154,.T.);
#15154 = LINE('',#15155,#15156);
#15155 = CARTESIAN_POINT('',(16.120734999563,18.300677804624,
    -1.110223024625E-16));
#15156 = VECTOR('',#15157,1.);
#15157 = DIRECTION('',(0.891006042771,-0.453991444573,0.));
#15158 = ORIENTED_EDGE('',*,*,#15159,.T.);
#15159 = EDGE_CURVE('',#12062,#11470,#15160,.T.);
#15160 = LINE('',#15161,#15162);
#15161 = CARTESIAN_POINT('',(21.432125091553,15.594382286072,-0.5));
#15162 = VECTOR('',#15163,1.);
#15163 = DIRECTION('',(0.,0.,1.));
#15164 = ORIENTED_EDGE('',*,*,#11469,.T.);
#15165 = PLANE('',#15166);
#15166 = AXIS2_PLACEMENT_3D('',#15167,#15168,#15169);
#15167 = CARTESIAN_POINT('',(21.516062736511,15.551613807678,0.75));
#15168 = DIRECTION('',(0.453991444573,0.891006042771,0.));
#15169 = DIRECTION('',(0.891006042771,-0.453991444573,0.));
#15170 = ADVANCED_FACE('',(#15171),#15187,.T.);
#15171 = FACE_BOUND('',#15172,.T.);
#15172 = EDGE_LOOP('',(#15173,#15174,#15180,#15186));
#15173 = ORIENTED_EDGE('',*,*,#15159,.F.);
#15174 = ORIENTED_EDGE('',*,*,#15175,.F.);
#15175 = EDGE_CURVE('',#12053,#12062,#15176,.T.);
#15176 = LINE('',#15177,#15178);
#15177 = CARTESIAN_POINT('',(14.656989734345,18.195108861696,0.));
#15178 = VECTOR('',#15179,1.);
#15179 = DIRECTION('',(0.933580621069,-0.358367442669,0.));
#15180 = ORIENTED_EDGE('',*,*,#15181,.T.);
#15181 = EDGE_CURVE('',#12053,#11478,#15182,.T.);
#15182 = LINE('',#15183,#15184);
#15183 = CARTESIAN_POINT('',(21.256231307983,15.661901473999,-0.5));
#15184 = VECTOR('',#15185,1.);
#15185 = DIRECTION('',(0.,0.,1.));
#15186 = ORIENTED_EDGE('',*,*,#11477,.T.);
#15187 = PLANE('',#15188);
#15188 = AXIS2_PLACEMENT_3D('',#15189,#15190,#15191);
#15189 = CARTESIAN_POINT('',(21.344178199768,15.628141880035,0.75));
#15190 = DIRECTION('',(0.358367442669,0.933580621069,0.));
#15191 = DIRECTION('',(0.933580621069,-0.358367442669,0.));
#15192 = ADVANCED_FACE('',(#15193),#15209,.T.);
#15193 = FACE_BOUND('',#15194,.T.);
#15194 = EDGE_LOOP('',(#15195,#15196,#15202,#15208));
#15195 = ORIENTED_EDGE('',*,*,#15181,.F.);
#15196 = ORIENTED_EDGE('',*,*,#15197,.F.);
#15197 = EDGE_CURVE('',#12044,#12053,#15198,.T.);
#15198 = LINE('',#15199,#15200);
#15199 = CARTESIAN_POINT('',(13.25231978617,17.806553823446,0.));
#15200 = VECTOR('',#15201,1.);
#15201 = DIRECTION('',(0.965925502835,-0.258820252248,0.));
#15202 = ORIENTED_EDGE('',*,*,#15203,.T.);
#15203 = EDGE_CURVE('',#12044,#11486,#15204,.T.);
#15204 = LINE('',#15205,#15206);
#15205 = CARTESIAN_POINT('',(21.074241638184,15.71066570282,-0.5));
#15206 = VECTOR('',#15207,1.);
#15207 = DIRECTION('',(0.,0.,1.));
#15208 = ORIENTED_EDGE('',*,*,#11485,.T.);
#15209 = PLANE('',#15210);
#15210 = AXIS2_PLACEMENT_3D('',#15211,#15212,#15213);
#15211 = CARTESIAN_POINT('',(21.165236473083,15.686283588409,0.75));
#15212 = DIRECTION('',(0.258820252248,0.965925502835,0.));
#15213 = DIRECTION('',(0.965925502835,-0.258820252248,0.));
#15214 = ADVANCED_FACE('',(#15215),#15231,.T.);
#15215 = FACE_BOUND('',#15216,.T.);
#15216 = EDGE_LOOP('',(#15217,#15218,#15224,#15230));
#15217 = ORIENTED_EDGE('',*,*,#15203,.F.);
#15218 = ORIENTED_EDGE('',*,*,#15219,.F.);
#15219 = EDGE_CURVE('',#12035,#12044,#15220,.T.);
#15220 = LINE('',#15221,#15222);
#15221 = CARTESIAN_POINT('',(11.962145764567,17.153853951547,
    -1.110223024625E-16));
#15222 = VECTOR('',#15223,1.);
#15223 = DIRECTION('',(0.9876887753,-0.156431720395,0.));
#15224 = ORIENTED_EDGE('',*,*,#15225,.T.);
#15225 = EDGE_CURVE('',#12035,#11494,#15226,.T.);
#15226 = LINE('',#15227,#15228);
#15227 = CARTESIAN_POINT('',(20.888151168823,15.740139007568,-0.5));
#15228 = VECTOR('',#15229,1.);
#15229 = DIRECTION('',(0.,0.,1.));
#15230 = ORIENTED_EDGE('',*,*,#11493,.T.);
#15231 = PLANE('',#15232);
#15232 = AXIS2_PLACEMENT_3D('',#15233,#15234,#15235);
#15233 = CARTESIAN_POINT('',(20.981196403503,15.725402355194,0.75));
#15234 = DIRECTION('',(0.156431720395,0.9876887753,0.));
#15235 = DIRECTION('',(0.9876887753,-0.156431720395,0.));
#15236 = ADVANCED_FACE('',(#15237),#15248,.T.);
#15237 = FACE_BOUND('',#15238,.T.);
#15238 = EDGE_LOOP('',(#15239,#15240,#15246,#15247));
#15239 = ORIENTED_EDGE('',*,*,#15225,.F.);
#15240 = ORIENTED_EDGE('',*,*,#15241,.F.);
#15241 = EDGE_CURVE('',#12027,#12035,#15242,.T.);
#15242 = LINE('',#15243,#15244);
#15243 = CARTESIAN_POINT('',(10.836989138961,16.266921993978,
    -1.110223024625E-16));
#15244 = VECTOR('',#15245,1.);
#15245 = DIRECTION('',(0.998629410619,-5.233832483047E-02,0.));
#15246 = ORIENTED_EDGE('',*,*,#14184,.T.);
#15247 = ORIENTED_EDGE('',*,*,#11501,.T.);
#15248 = PLANE('',#15249);
#15249 = AXIS2_PLACEMENT_3D('',#15250,#15251,#15252);
#15250 = CARTESIAN_POINT('',(20.794075965881,15.745069503784,0.75));
#15251 = DIRECTION('',(5.233832483047E-02,0.998629410619,0.));
#15252 = DIRECTION('',(0.998629410619,-5.233832483047E-02,0.));
#15253 = ADVANCED_FACE('',(#15254),#15265,.T.);
#15254 = FACE_BOUND('',#15255,.T.);
#15255 = EDGE_LOOP('',(#15256,#15257,#15258,#15259));
#15256 = ORIENTED_EDGE('',*,*,#11517,.F.);
#15257 = ORIENTED_EDGE('',*,*,#14177,.T.);
#15258 = ORIENTED_EDGE('',*,*,#14215,.F.);
#15259 = ORIENTED_EDGE('',*,*,#15260,.T.);
#15260 = EDGE_CURVE('',#11000,#11518,#15261,.T.);
#15261 = LINE('',#15262,#15263);
#15262 = CARTESIAN_POINT('',(-20.88815116882,15.740139007568,-0.5));
#15263 = VECTOR('',#15264,1.);
#15264 = DIRECTION('',(0.,0.,1.));
#15265 = PLANE('',#15266);
#15266 = AXIS2_PLACEMENT_3D('',#15267,#15268,#15269);
#15267 = CARTESIAN_POINT('',(-20.79407596588,15.745069503784,0.75));
#15268 = DIRECTION('',(-5.233832483047E-02,0.998629410619,0.));
#15269 = DIRECTION('',(0.998629410619,5.233832483047E-02,0.));
#15270 = ADVANCED_FACE('',(#15271),#15282,.T.);
#15271 = FACE_BOUND('',#15272,.T.);
#15272 = EDGE_LOOP('',(#15273,#15274,#15275,#15281));
#15273 = ORIENTED_EDGE('',*,*,#15260,.F.);
#15274 = ORIENTED_EDGE('',*,*,#14230,.F.);
#15275 = ORIENTED_EDGE('',*,*,#15276,.T.);
#15276 = EDGE_CURVE('',#11125,#11526,#15277,.T.);
#15277 = LINE('',#15278,#15279);
#15278 = CARTESIAN_POINT('',(-21.07424163818,15.71066570282,-0.5));
#15279 = VECTOR('',#15280,1.);
#15280 = DIRECTION('',(0.,0.,1.));
#15281 = ORIENTED_EDGE('',*,*,#11525,.F.);
#15282 = PLANE('',#15283);
#15283 = AXIS2_PLACEMENT_3D('',#15284,#15285,#15286);
#15284 = CARTESIAN_POINT('',(-20.9811964035,15.725402355194,0.75));
#15285 = DIRECTION('',(-0.156431720395,0.9876887753,0.));
#15286 = DIRECTION('',(0.9876887753,0.156431720395,0.));
#15287 = ADVANCED_FACE('',(#15288),#15299,.T.);
#15288 = FACE_BOUND('',#15289,.T.);
#15289 = EDGE_LOOP('',(#15290,#15291,#15292,#15298));
#15290 = ORIENTED_EDGE('',*,*,#15276,.F.);
#15291 = ORIENTED_EDGE('',*,*,#14245,.F.);
#15292 = ORIENTED_EDGE('',*,*,#15293,.T.);
#15293 = EDGE_CURVE('',#11116,#11534,#15294,.T.);
#15294 = LINE('',#15295,#15296);
#15295 = CARTESIAN_POINT('',(-21.25623130798,15.661901473999,-0.5));
#15296 = VECTOR('',#15297,1.);
#15297 = DIRECTION('',(0.,0.,1.));
#15298 = ORIENTED_EDGE('',*,*,#11533,.F.);
#15299 = PLANE('',#15300);
#15300 = AXIS2_PLACEMENT_3D('',#15301,#15302,#15303);
#15301 = CARTESIAN_POINT('',(-21.16523647308,15.686283588409,0.75));
#15302 = DIRECTION('',(-0.258820252248,0.965925502835,0.));
#15303 = DIRECTION('',(0.965925502835,0.258820252248,0.));
#15304 = ADVANCED_FACE('',(#15305),#15316,.T.);
#15305 = FACE_BOUND('',#15306,.T.);
#15306 = EDGE_LOOP('',(#15307,#15308,#15309,#15315));
#15307 = ORIENTED_EDGE('',*,*,#15293,.F.);
#15308 = ORIENTED_EDGE('',*,*,#14260,.F.);
#15309 = ORIENTED_EDGE('',*,*,#15310,.T.);
#15310 = EDGE_CURVE('',#11107,#11542,#15311,.T.);
#15311 = LINE('',#15312,#15313);
#15312 = CARTESIAN_POINT('',(-21.43212509155,15.594382286072,-0.5));
#15313 = VECTOR('',#15314,1.);
#15314 = DIRECTION('',(0.,0.,1.));
#15315 = ORIENTED_EDGE('',*,*,#11541,.F.);
#15316 = PLANE('',#15317);
#15317 = AXIS2_PLACEMENT_3D('',#15318,#15319,#15320);
#15318 = CARTESIAN_POINT('',(-21.34417819976,15.628141880035,0.75));
#15319 = DIRECTION('',(-0.358367442669,0.933580621069,0.));
#15320 = DIRECTION('',(0.933580621069,0.358367442669,0.));
#15321 = ADVANCED_FACE('',(#15322),#15333,.T.);
#15322 = FACE_BOUND('',#15323,.T.);
#15323 = EDGE_LOOP('',(#15324,#15325,#15326,#15332));
#15324 = ORIENTED_EDGE('',*,*,#15310,.F.);
#15325 = ORIENTED_EDGE('',*,*,#14275,.F.);
#15326 = ORIENTED_EDGE('',*,*,#15327,.T.);
#15327 = EDGE_CURVE('',#11098,#11550,#15328,.T.);
#15328 = LINE('',#15329,#15330);
#15329 = CARTESIAN_POINT('',(-21.60000038147,15.508845329285,-0.5));
#15330 = VECTOR('',#15331,1.);
#15331 = DIRECTION('',(0.,0.,1.));
#15332 = ORIENTED_EDGE('',*,*,#11549,.F.);
#15333 = PLANE('',#15334);
#15334 = AXIS2_PLACEMENT_3D('',#15335,#15336,#15337);
#15335 = CARTESIAN_POINT('',(-21.51606273651,15.551613807678,0.75));
#15336 = DIRECTION('',(-0.453991444573,0.891006042771,0.));
#15337 = DIRECTION('',(0.891006042771,0.453991444573,0.));
#15338 = ADVANCED_FACE('',(#15339),#15350,.T.);
#15339 = FACE_BOUND('',#15340,.T.);
#15340 = EDGE_LOOP('',(#15341,#15342,#15343,#15349));
#15341 = ORIENTED_EDGE('',*,*,#15327,.F.);
#15342 = ORIENTED_EDGE('',*,*,#14290,.F.);
#15343 = ORIENTED_EDGE('',*,*,#15344,.T.);
#15344 = EDGE_CURVE('',#11089,#11558,#15345,.T.);
#15345 = LINE('',#15346,#15347);
#15346 = CARTESIAN_POINT('',(-21.7580127716,15.406230926514,-0.5));
#15347 = VECTOR('',#15348,1.);
#15348 = DIRECTION('',(0.,0.,1.));
#15349 = ORIENTED_EDGE('',*,*,#11557,.F.);
#15350 = PLANE('',#15351);
#15351 = AXIS2_PLACEMENT_3D('',#15352,#15353,#15354);
#15352 = CARTESIAN_POINT('',(-21.67900657653,15.457538127899,0.75));
#15353 = DIRECTION('',(-0.544638873729,0.838670672686,0.));
#15354 = DIRECTION('',(0.838670672686,0.544638873729,0.));
#15355 = ADVANCED_FACE('',(#15356),#15367,.T.);
#15356 = FACE_BOUND('',#15357,.T.);
#15357 = EDGE_LOOP('',(#15358,#15359,#15360,#15366));
#15358 = ORIENTED_EDGE('',*,*,#15344,.F.);
#15359 = ORIENTED_EDGE('',*,*,#14315,.F.);
#15360 = ORIENTED_EDGE('',*,*,#15361,.T.);
#15361 = EDGE_CURVE('',#11080,#11566,#15362,.T.);
#15362 = LINE('',#15363,#15364);
#15363 = CARTESIAN_POINT('',(-21.9044342041,15.287660598755,-0.5));
#15364 = VECTOR('',#15365,1.);
#15365 = DIRECTION('',(0.,0.,1.));
#15366 = ORIENTED_EDGE('',*,*,#11565,.F.);
#15367 = PLANE('',#15368);
#15368 = AXIS2_PLACEMENT_3D('',#15369,#15370,#15371);
#15369 = CARTESIAN_POINT('',(-21.83122348785,15.346945762634,0.75));
#15370 = DIRECTION('',(-0.629322281061,0.777144430953,0.));
#15371 = DIRECTION('',(0.777144430953,0.629322281061,0.));
#15372 = ADVANCED_FACE('',(#15373),#15384,.T.);
#15373 = FACE_BOUND('',#15374,.T.);
#15374 = EDGE_LOOP('',(#15375,#15376,#15377,#15378));
#15375 = ORIENTED_EDGE('',*,*,#11573,.F.);
#15376 = ORIENTED_EDGE('',*,*,#15361,.F.);
#15377 = ORIENTED_EDGE('',*,*,#14345,.F.);
#15378 = ORIENTED_EDGE('',*,*,#15379,.T.);
#15379 = EDGE_CURVE('',#11071,#11574,#15380,.T.);
#15380 = LINE('',#15381,#15382);
#15381 = CARTESIAN_POINT('',(-22.03766059875,15.154435157776,-0.5));
#15382 = VECTOR('',#15383,1.);
#15383 = DIRECTION('',(0.,0.,1.));
#15384 = PLANE('',#15385);
#15385 = AXIS2_PLACEMENT_3D('',#15386,#15387,#15388);
#15386 = CARTESIAN_POINT('',(-21.97104740142,15.221047878265,0.75));
#15387 = DIRECTION('',(-0.707104250332,0.707109312032,0.));
#15388 = DIRECTION('',(0.707109312032,0.707104250332,0.));
#15389 = ADVANCED_FACE('',(#15390),#15401,.T.);
#15390 = FACE_BOUND('',#15391,.T.);
#15391 = EDGE_LOOP('',(#15392,#15393,#15394,#15400));
#15392 = ORIENTED_EDGE('',*,*,#15379,.F.);
#15393 = ORIENTED_EDGE('',*,*,#14375,.F.);
#15394 = ORIENTED_EDGE('',*,*,#15395,.T.);
#15395 = EDGE_CURVE('',#11062,#11582,#15396,.T.);
#15396 = LINE('',#15397,#15398);
#15397 = CARTESIAN_POINT('',(-22.15623092651,15.008013725281,-0.5));
#15398 = VECTOR('',#15399,1.);
#15399 = DIRECTION('',(0.,0.,1.));
#15400 = ORIENTED_EDGE('',*,*,#11581,.F.);
#15401 = PLANE('',#15402);
#15402 = AXIS2_PLACEMENT_3D('',#15403,#15404,#15405);
#15403 = CARTESIAN_POINT('',(-22.09694576263,15.081224441528,0.75));
#15404 = DIRECTION('',(-0.777144430953,0.629322281061,0.));
#15405 = DIRECTION('',(-0.629322281061,-0.777144430953,0.));
#15406 = ADVANCED_FACE('',(#15407),#15418,.T.);
#15407 = FACE_BOUND('',#15408,.T.);
#15408 = EDGE_LOOP('',(#15409,#15410,#15411,#15417));
#15409 = ORIENTED_EDGE('',*,*,#15395,.F.);
#15410 = ORIENTED_EDGE('',*,*,#14405,.F.);
#15411 = ORIENTED_EDGE('',*,*,#15412,.T.);
#15412 = EDGE_CURVE('',#11053,#11590,#15413,.T.);
#15413 = LINE('',#15414,#15415);
#15414 = CARTESIAN_POINT('',(-22.25884628295,14.85000038147,-0.5));
#15415 = VECTOR('',#15416,1.);
#15416 = DIRECTION('',(0.,0.,1.));
#15417 = ORIENTED_EDGE('',*,*,#11589,.F.);
#15418 = PLANE('',#15419);
#15419 = AXIS2_PLACEMENT_3D('',#15420,#15421,#15422);
#15420 = CARTESIAN_POINT('',(-22.20753860473,14.929007053375,0.75));
#15421 = DIRECTION('',(-0.838669862097,0.544640121925,0.));
#15422 = DIRECTION('',(-0.544640121925,-0.838669862097,0.));
#15423 = ADVANCED_FACE('',(#15424),#15435,.T.);
#15424 = FACE_BOUND('',#15425,.T.);
#15425 = EDGE_LOOP('',(#15426,#15427,#15428,#15434));
#15426 = ORIENTED_EDGE('',*,*,#15412,.F.);
#15427 = ORIENTED_EDGE('',*,*,#14420,.F.);
#15428 = ORIENTED_EDGE('',*,*,#15429,.T.);
#15429 = EDGE_CURVE('',#11044,#11598,#15430,.T.);
#15430 = LINE('',#15431,#15432);
#15431 = CARTESIAN_POINT('',(-22.34438133239,14.682126045227,-0.5));
#15432 = VECTOR('',#15433,1.);
#15433 = DIRECTION('',(0.,0.,1.));
#15434 = ORIENTED_EDGE('',*,*,#11597,.F.);
#15435 = PLANE('',#15436);
#15436 = AXIS2_PLACEMENT_3D('',#15437,#15438,#15439);
#15437 = CARTESIAN_POINT('',(-22.30161380767,14.766063213348,0.75));
#15438 = DIRECTION('',(-0.891009094511,0.453985455162,0.));
#15439 = DIRECTION('',(-0.453985455162,-0.891009094511,0.));
#15440 = ADVANCED_FACE('',(#15441),#15452,.T.);
#15441 = FACE_BOUND('',#15442,.T.);
#15442 = EDGE_LOOP('',(#15443,#15444,#15445,#15451));
#15443 = ORIENTED_EDGE('',*,*,#15429,.F.);
#15444 = ORIENTED_EDGE('',*,*,#14390,.F.);
#15445 = ORIENTED_EDGE('',*,*,#15446,.T.);
#15446 = EDGE_CURVE('',#11035,#11606,#15447,.T.);
#15447 = LINE('',#15448,#15449);
#15448 = CARTESIAN_POINT('',(-22.41190147399,14.506230354309,-0.5));
#15449 = VECTOR('',#15450,1.);
#15450 = DIRECTION('',(0.,0.,1.));
#15451 = ORIENTED_EDGE('',*,*,#11605,.F.);
#15452 = PLANE('',#15453);
#15453 = AXIS2_PLACEMENT_3D('',#15454,#15455,#15456);
#15454 = CARTESIAN_POINT('',(-22.37814140319,14.594178199768,0.75));
#15455 = DIRECTION('',(-0.933580227721,0.358368467375,0.));
#15456 = DIRECTION('',(-0.358368467375,-0.933580227721,0.));
#15457 = ADVANCED_FACE('',(#15458),#15469,.T.);
#15458 = FACE_BOUND('',#15459,.T.);
#15459 = EDGE_LOOP('',(#15460,#15461,#15462,#15468));
#15460 = ORIENTED_EDGE('',*,*,#15446,.F.);
#15461 = ORIENTED_EDGE('',*,*,#14360,.F.);
#15462 = ORIENTED_EDGE('',*,*,#15463,.T.);
#15463 = EDGE_CURVE('',#11026,#11614,#15464,.T.);
#15464 = LINE('',#15465,#15466);
#15465 = CARTESIAN_POINT('',(-22.46066474914,14.324240684509,-0.5));
#15466 = VECTOR('',#15467,1.);
#15467 = DIRECTION('',(0.,0.,1.));
#15468 = ORIENTED_EDGE('',*,*,#11613,.F.);
#15469 = PLANE('',#15470);
#15470 = AXIS2_PLACEMENT_3D('',#15471,#15472,#15473);
#15471 = CARTESIAN_POINT('',(-22.43628311157,14.415235519409,0.75));
#15472 = DIRECTION('',(-0.965926768257,0.258815529605,0.));
#15473 = DIRECTION('',(-0.258815529605,-0.965926768257,0.));
#15474 = ADVANCED_FACE('',(#15475),#15481,.T.);
#15475 = FACE_BOUND('',#15476,.T.);
#15476 = EDGE_LOOP('',(#15477,#15478,#15479,#15480));
#15477 = ORIENTED_EDGE('',*,*,#15463,.F.);
#15478 = ORIENTED_EDGE('',*,*,#14330,.F.);
#15479 = ORIENTED_EDGE('',*,*,#11993,.T.);
#15480 = ORIENTED_EDGE('',*,*,#11621,.F.);
#15481 = PLANE('',#15482);
#15482 = AXIS2_PLACEMENT_3D('',#15483,#15484,#15485);
#15483 = CARTESIAN_POINT('',(-22.47540187835,14.231195926666,0.75));
#15484 = DIRECTION('',(-0.987687869354,0.15643744031,0.));
#15485 = DIRECTION('',(-0.15643744031,-0.987687869354,0.));
#15486 = ADVANCED_FACE('',(#15487),#15497,.T.);
#15487 = FACE_BOUND('',#15488,.T.);
#15488 = EDGE_LOOP('',(#15489,#15495,#15496));
#15489 = ORIENTED_EDGE('',*,*,#15490,.F.);
#15490 = EDGE_CURVE('',#11639,#7793,#15491,.T.);
#15491 = LINE('',#15492,#15493);
#15492 = CARTESIAN_POINT('',(-21.48982238769,13.892314910889,2.));
#15493 = VECTOR('',#15494,1.);
#15494 = DIRECTION('',(-3.787684560308E-03,-4.193208445614E-02,
    0.999113283737));
#15495 = ORIENTED_EDGE('',*,*,#11638,.F.);
#15496 = ORIENTED_EDGE('',*,*,#12569,.F.);
#15497 = PLANE('',#15498);
#15498 = AXIS2_PLACEMENT_3D('',#15499,#15500,#15501);
#15499 = CARTESIAN_POINT('',(-21.49704378759,13.804756138784,
    3.215336864062));
#15500 = DIRECTION('',(-0.997452279505,7.133252959817E-02,
    -7.876113309206E-04));
#15501 = DIRECTION('',(-7.13325517231E-02,-0.997452588881,
    -6.776263578034E-21));
#15502 = ADVANCED_FACE('',(#15503),#15518,.T.);
#15503 = FACE_BOUND('',#15504,.T.);
#15504 = EDGE_LOOP('',(#15505,#15511,#15512));
#15505 = ORIENTED_EDGE('',*,*,#15506,.F.);
#15506 = EDGE_CURVE('',#11647,#7770,#15507,.T.);
#15507 = LINE('',#15508,#15509);
#15508 = CARTESIAN_POINT('',(-21.45949363708,14.031732559204,2.));
#15509 = VECTOR('',#15510,1.);
#15510 = DIRECTION('',(-9.222114576669E-03,-3.829880070288E-02,
    0.999223775972));
#15511 = ORIENTED_EDGE('',*,*,#11646,.F.);
#15512 = ORIENTED_EDGE('',*,*,#15513,.T.);
#15513 = EDGE_CURVE('',#11639,#7770,#15514,.T.);
#15514 = LINE('',#15515,#15516);
#15515 = CARTESIAN_POINT('',(-21.48982238769,13.892314910889,2.));
#15516 = VECTOR('',#15517,1.);
#15517 = DIRECTION('',(2.901768278386E-03,1.743578273897E-02,
    0.999843774407));
#15518 = PLANE('',#15519);
#15519 = AXIS2_PLACEMENT_3D('',#15520,#15521,#15522);
#15520 = CARTESIAN_POINT('',(-21.47850047524,13.949340035795,
    3.215335750406));
#15521 = DIRECTION('',(-0.977146062074,0.212567200671,
    -8.709601483195E-04));
#15522 = DIRECTION('',(-0.212567281295,-0.977146432692,0.));
#15523 = ADVANCED_FACE('',(#15524),#15539,.T.);
#15524 = FACE_BOUND('',#15525,.T.);
#15525 = EDGE_LOOP('',(#15526,#15532,#15533));
#15526 = ORIENTED_EDGE('',*,*,#15527,.F.);
#15527 = EDGE_CURVE('',#11655,#7747,#15528,.T.);
#15528 = LINE('',#15529,#15530);
#15529 = CARTESIAN_POINT('',(-21.40963172912,14.165414810181,2.));
#15530 = VECTOR('',#15531,1.);
#15531 = DIRECTION('',(-1.369164573436E-02,-3.403126479429E-02,
    0.999326979448));
#15532 = ORIENTED_EDGE('',*,*,#11654,.F.);
#15533 = ORIENTED_EDGE('',*,*,#15534,.T.);
#15534 = EDGE_CURVE('',#11647,#7747,#15535,.T.);
#15535 = LINE('',#15536,#15537);
#15536 = CARTESIAN_POINT('',(-21.45949363708,14.031732559204,2.));
#15537 = VECTOR('',#15538,1.);
#15538 = DIRECTION('',(6.242597931861E-03,1.941467789109E-02,
    0.999792028501));
#15539 = PLANE('',#15540);
#15540 = AXIS2_PLACEMENT_3D('',#15541,#15542,#15543);
#15541 = CARTESIAN_POINT('',(-21.43909122159,14.08968774676,
    3.215334848074));
#15542 = DIRECTION('',(-0.93694700532,0.349470217627,-9.360629445072E-04
    ));
#15543 = DIRECTION('',(-0.349470370733,-0.936947415803,
    -5.421010862428E-20));
#15544 = ADVANCED_FACE('',(#15545),#15560,.T.);
#15545 = FACE_BOUND('',#15546,.T.);
#15546 = EDGE_LOOP('',(#15547,#15553,#15554));
#15547 = ORIENTED_EDGE('',*,*,#15548,.F.);
#15548 = EDGE_CURVE('',#11663,#7724,#15549,.T.);
#15549 = LINE('',#15550,#15551);
#15550 = CARTESIAN_POINT('',(-21.34125328064,14.290640830994,2.));
#15551 = VECTOR('',#15552,1.);
#15552 = DIRECTION('',(-1.713488034632E-02,-2.933181635645E-02,
    0.999422853663));
#15553 = ORIENTED_EDGE('',*,*,#11662,.F.);
#15554 = ORIENTED_EDGE('',*,*,#15555,.T.);
#15555 = EDGE_CURVE('',#11655,#7724,#15556,.T.);
#15556 = LINE('',#15557,#15558);
#15557 = CARTESIAN_POINT('',(-21.40963172912,14.165414810181,2.));
#15558 = VECTOR('',#15559,1.);
#15559 = DIRECTION('',(1.020387793803E-02,2.073611358665E-02,
    0.999732911566));
#15560 = PLANE('',#15561);
#15561 = AXIS2_PLACEMENT_3D('',#15562,#15563,#15564);
#15562 = CARTESIAN_POINT('',(-21.37965602567,14.222802288959,
    3.215334215425));
#15563 = DIRECTION('',(-0.877678955817,0.479248041886,
    -9.822752531646E-04));
#15564 = DIRECTION('',(-0.479248273091,-0.877679379238,0.));
#15565 = ADVANCED_FACE('',(#15566),#15581,.T.);
#15566 = FACE_BOUND('',#15567,.T.);
#15567 = EDGE_LOOP('',(#15568,#15574,#15575));
#15568 = ORIENTED_EDGE('',*,*,#15569,.F.);
#15569 = EDGE_CURVE('',#11671,#7701,#15570,.T.);
#15570 = LINE('',#15571,#15572);
#15571 = CARTESIAN_POINT('',(-21.25574874877,14.404860496521,2.));
#15572 = VECTOR('',#15573,1.);
#15573 = DIRECTION('',(-1.953009506427E-02,-2.440403995526E-02,
    0.99951138974));
#15574 = ORIENTED_EDGE('',*,*,#11670,.F.);
#15575 = ORIENTED_EDGE('',*,*,#15576,.T.);
#15576 = EDGE_CURVE('',#11663,#7701,#15577,.T.);
#15577 = LINE('',#15578,#15579);
#15578 = CARTESIAN_POINT('',(-21.34125328064,14.290640830994,2.));
#15579 = VECTOR('',#15580,1.);
#15580 = DIRECTION('',(1.465727955832E-02,2.126480070794E-02,
    0.999666430569));
#15581 = PLANE('',#15582);
#15582 = AXIS2_PLACEMENT_3D('',#15583,#15584,#15585);
#15583 = CARTESIAN_POINT('',(-21.30146328128,14.345842267371,
    3.21533385254));
#15584 = DIRECTION('',(-0.800538272778,0.599280780014,
    -1.010210069058E-03));
#15585 = DIRECTION('',(-0.599281085804,-0.800538681262,
    5.421010862428E-20));
#15586 = ADVANCED_FACE('',(#15587),#15602,.T.);
#15587 = FACE_BOUND('',#15588,.T.);
#15588 = EDGE_LOOP('',(#15589,#15595,#15596));
#15589 = ORIENTED_EDGE('',*,*,#15590,.F.);
#15590 = EDGE_CURVE('',#11679,#7678,#15591,.T.);
#15591 = LINE('',#15592,#15593);
#15592 = CARTESIAN_POINT('',(-21.15486145019,14.505749702454,2.));
#15593 = VECTOR('',#15594,1.);
#15594 = DIRECTION('',(-2.088992315436E-02,-1.94493176915E-02,
    0.999592584582));
#15595 = ORIENTED_EDGE('',*,*,#11678,.F.);
#15596 = ORIENTED_EDGE('',*,*,#15597,.T.);
#15597 = EDGE_CURVE('',#11671,#7678,#15598,.T.);
#15598 = LINE('',#15599,#15600);
#15599 = CARTESIAN_POINT('',(-21.25574874877,14.404860496521,2.));
#15600 = VECTOR('',#15601,1.);
#15601 = DIRECTION('',(1.944855535135E-02,2.08899234642E-02,
    0.999592599409));
#15602 = PLANE('',#15603);
#15603 = AXIS2_PLACEMENT_3D('',#15604,#15605,#15606);
#15604 = CARTESIAN_POINT('',(-21.20618132808,14.456180864839,
    3.215333958391));
#15605 = DIRECTION('',(-0.70711309791,0.707099729669,-1.019346292264E-03
    ));
#15606 = DIRECTION('',(-0.707100097031,-0.707113465279,
    -1.084202172486E-19));
#15607 = ADVANCED_FACE('',(#15608),#15623,.T.);
#15608 = FACE_BOUND('',#15609,.T.);
#15609 = EDGE_LOOP('',(#15610,#15616,#15617));
#15610 = ORIENTED_EDGE('',*,*,#15611,.F.);
#15611 = EDGE_CURVE('',#11687,#7655,#15612,.T.);
#15612 = LINE('',#15613,#15614);
#15613 = CARTESIAN_POINT('',(-21.04063987731,14.59125328064,2.));
#15614 = VECTOR('',#15615,1.);
#15615 = DIRECTION('',(-2.126518187798E-02,-1.465727943946E-02,
    0.999666422463));
#15616 = ORIENTED_EDGE('',*,*,#11686,.F.);
#15617 = ORIENTED_EDGE('',*,*,#15618,.T.);
#15618 = EDGE_CURVE('',#11679,#7655,#15619,.T.);
#15619 = LINE('',#15620,#15621);
#15620 = CARTESIAN_POINT('',(-21.15486145019,14.505749702454,2.));
#15621 = VECTOR('',#15622,1.);
#15622 = DIRECTION('',(2.440442119325E-02,1.952971374464E-02,
    0.999511387883));
#15623 = PLANE('',#15624);
#15624 = AXIS2_PLACEMENT_3D('',#15625,#15626,#15627);
#15625 = CARTESIAN_POINT('',(-21.09584226767,14.551463525852,
    3.215333627015));
#15626 = DIRECTION('',(-0.599270083193,0.800546280424,
    -1.010093721304E-03));
#15627 = DIRECTION('',(0.800546688819,0.599270388907,0.));
#15628 = ADVANCED_FACE('',(#15629),#15644,.T.);
#15629 = FACE_BOUND('',#15630,.T.);
#15630 = EDGE_LOOP('',(#15631,#15637,#15638));
#15631 = ORIENTED_EDGE('',*,*,#15632,.F.);
#15632 = EDGE_CURVE('',#11695,#7632,#15633,.T.);
#15633 = LINE('',#15634,#15635);
#15634 = CARTESIAN_POINT('',(-20.91541481018,14.659631729126,2.));
#15635 = VECTOR('',#15636,1.);
#15636 = DIRECTION('',(-2.073573238279E-02,-1.020387801872E-02,
    0.999732919472));
#15637 = ORIENTED_EDGE('',*,*,#11694,.F.);
#15638 = ORIENTED_EDGE('',*,*,#15639,.T.);
#15639 = EDGE_CURVE('',#11687,#7632,#15640,.T.);
#15640 = LINE('',#15641,#15642);
#15641 = CARTESIAN_POINT('',(-21.04063987731,14.59125328064,2.));
#15642 = VECTOR('',#15643,1.);
#15643 = DIRECTION('',(2.933181635645E-02,1.713488034632E-02,
    0.999422853663));
#15644 = PLANE('',#15645);
#15645 = AXIS2_PLACEMENT_3D('',#15646,#15647,#15648);
#15646 = CARTESIAN_POINT('',(-20.97280157955,14.62965602629,
    3.215334413018));
#15647 = DIRECTION('',(-0.479250853449,0.877677420706,
    -9.821664181881E-04));
#15648 = DIRECTION('',(0.877677844033,0.479251084604,5.421010862428E-20)
  );
#15649 = ADVANCED_FACE('',(#15650),#15665,.T.);
#15650 = FACE_BOUND('',#15651,.T.);
#15651 = EDGE_LOOP('',(#15652,#15658,#15659));
#15652 = ORIENTED_EDGE('',*,*,#15653,.F.);
#15653 = EDGE_CURVE('',#11703,#7609,#15654,.T.);
#15654 = LINE('',#15655,#15656);
#15655 = CARTESIAN_POINT('',(-20.7817325592,14.709492683411,2.));
#15656 = VECTOR('',#15657,1.);
#15657 = DIRECTION('',(-1.941429664445E-02,-6.242597978085E-03,
    0.999792035904));
#15658 = ORIENTED_EDGE('',*,*,#11702,.F.);
#15659 = ORIENTED_EDGE('',*,*,#15660,.T.);
#15660 = EDGE_CURVE('',#11695,#7609,#15661,.T.);
#15661 = LINE('',#15662,#15663);
#15662 = CARTESIAN_POINT('',(-20.91541481018,14.659631729126,2.));
#15663 = VECTOR('',#15664,1.);
#15664 = DIRECTION('',(3.40316457434E-02,1.369126441521E-02,0.9993269717
    ));
#15665 = PLANE('',#15666);
#15666 = AXIS2_PLACEMENT_3D('',#15667,#15668,#15669);
#15667 = CARTESIAN_POINT('',(-20.83968728281,14.68909051321,
    3.215334926808));
#15668 = DIRECTION('',(-0.34946434994,0.936949194138,-9.35802024715E-04)
  );
#15669 = DIRECTION('',(0.936949604393,0.349464502957,0.));
#15670 = ADVANCED_FACE('',(#15671),#15686,.T.);
#15671 = FACE_BOUND('',#15672,.T.);
#15672 = EDGE_LOOP('',(#15673,#15679,#15680));
#15673 = ORIENTED_EDGE('',*,*,#15674,.F.);
#15674 = EDGE_CURVE('',#11711,#7586,#15675,.T.);
#15675 = LINE('',#15676,#15677);
#15676 = CARTESIAN_POINT('',(-20.64231491088,14.739821434021,2.));
#15677 = VECTOR('',#15678,1.);
#15678 = DIRECTION('',(-1.743578275827E-02,-2.901386871465E-03,
    0.999843775514));
#15679 = ORIENTED_EDGE('',*,*,#11710,.F.);
#15680 = ORIENTED_EDGE('',*,*,#15681,.T.);
#15681 = EDGE_CURVE('',#11703,#7586,#15682,.T.);
#15682 = LINE('',#15683,#15684);
#15683 = CARTESIAN_POINT('',(-20.7817325592,14.709492683411,2.));
#15684 = VECTOR('',#15685,1.);
#15685 = DIRECTION('',(3.829880056824E-02,9.22249571787E-03,
    0.999223772459));
#15686 = PLANE('',#15687);
#15687 = AXIS2_PLACEMENT_3D('',#15688,#15689,#15690);
#15688 = CARTESIAN_POINT('',(-20.69934003587,14.72849998517,
    3.215335750447));
#15689 = DIRECTION('',(-0.212567200602,0.977146061757,
    -8.713328996777E-04));
#15690 = DIRECTION('',(0.977146432692,0.212567281295,-2.710505431214E-20
    ));
#15691 = ADVANCED_FACE('',(#15692),#15702,.T.);
#15692 = FACE_BOUND('',#15693,.T.);
#15693 = EDGE_LOOP('',(#15694,#15695,#15696));
#15694 = ORIENTED_EDGE('',*,*,#12393,.F.);
#15695 = ORIENTED_EDGE('',*,*,#11718,.F.);
#15696 = ORIENTED_EDGE('',*,*,#15697,.T.);
#15697 = EDGE_CURVE('',#11711,#7563,#15698,.T.);
#15698 = LINE('',#15699,#15700);
#15699 = CARTESIAN_POINT('',(-20.64231491088,14.739821434021,2.));
#15700 = VECTOR('',#15701,1.);
#15701 = DIRECTION('',(4.193208433506E-02,3.788446812311E-03,
    0.999113280852));
#15702 = PLANE('',#15703);
#15703 = AXIS2_PLACEMENT_3D('',#15704,#15705,#15706);
#15704 = CARTESIAN_POINT('',(-20.55475613905,14.747044006054,
    3.215336848039));
#15705 = DIRECTION('',(-7.13391796382E-02,0.997451803528,
    -7.880914242817E-04));
#15706 = DIRECTION('',(0.99745211328,7.133920179217E-02,0.));
#15707 = ADVANCED_FACE('',(#15708),#15718,.T.);
#15708 = FACE_BOUND('',#15709,.T.);
#15709 = EDGE_LOOP('',(#15710,#15716,#15717));
#15710 = ORIENTED_EDGE('',*,*,#15711,.F.);
#15711 = EDGE_CURVE('',#11726,#7509,#15712,.T.);
#15712 = LINE('',#15713,#15714);
#15713 = CARTESIAN_POINT('',(20.642314910889,14.739821434021,2.));
#15714 = VECTOR('',#15715,1.);
#15715 = DIRECTION('',(-4.193208433506E-02,3.788446812311E-03,
    0.999113280852));
#15716 = ORIENTED_EDGE('',*,*,#11725,.F.);
#15717 = ORIENTED_EDGE('',*,*,#12377,.F.);
#15718 = PLANE('',#15719);
#15719 = AXIS2_PLACEMENT_3D('',#15720,#15721,#15722);
#15720 = CARTESIAN_POINT('',(20.554756139052,14.747044006054,
    3.215336848039));
#15721 = DIRECTION('',(7.13391796382E-02,0.997451803528,
    -7.880914242817E-04));
#15722 = DIRECTION('',(0.99745211328,-7.133920179217E-02,
    -6.776263578034E-21));
#15723 = ADVANCED_FACE('',(#15724),#15739,.T.);
#15724 = FACE_BOUND('',#15725,.T.);
#15725 = EDGE_LOOP('',(#15726,#15732,#15733));
#15726 = ORIENTED_EDGE('',*,*,#15727,.F.);
#15727 = EDGE_CURVE('',#11734,#8690,#15728,.T.);
#15728 = LINE('',#15729,#15730);
#15729 = CARTESIAN_POINT('',(20.781732559204,14.709492683411,2.));
#15730 = VECTOR('',#15731,1.);
#15731 = DIRECTION('',(-3.829880056824E-02,9.22249571787E-03,
    0.999223772459));
#15732 = ORIENTED_EDGE('',*,*,#11733,.F.);
#15733 = ORIENTED_EDGE('',*,*,#15734,.T.);
#15734 = EDGE_CURVE('',#11726,#8690,#15735,.T.);
#15735 = LINE('',#15736,#15737);
#15736 = CARTESIAN_POINT('',(20.642314910889,14.739821434021,2.));
#15737 = VECTOR('',#15738,1.);
#15738 = DIRECTION('',(1.743578275827E-02,-2.901386871465E-03,
    0.999843775514));
#15739 = PLANE('',#15740);
#15740 = AXIS2_PLACEMENT_3D('',#15741,#15742,#15743);
#15741 = CARTESIAN_POINT('',(20.699340035873,14.72849998517,
    3.215335750447));
#15742 = DIRECTION('',(0.212567200602,0.977146061757,-8.713328996777E-04
    ));
#15743 = DIRECTION('',(0.977146432692,-0.212567281295,2.710505431214E-20
    ));
#15744 = ADVANCED_FACE('',(#15745),#15760,.T.);
#15745 = FACE_BOUND('',#15746,.T.);
#15746 = EDGE_LOOP('',(#15747,#15753,#15754));
#15747 = ORIENTED_EDGE('',*,*,#15748,.F.);
#15748 = EDGE_CURVE('',#11742,#8667,#15749,.T.);
#15749 = LINE('',#15750,#15751);
#15750 = CARTESIAN_POINT('',(20.915414810181,14.659631729126,2.));
#15751 = VECTOR('',#15752,1.);
#15752 = DIRECTION('',(-3.40316457434E-02,1.369126441521E-02,
    0.9993269717));
#15753 = ORIENTED_EDGE('',*,*,#11741,.F.);
#15754 = ORIENTED_EDGE('',*,*,#15755,.T.);
#15755 = EDGE_CURVE('',#11734,#8667,#15756,.T.);
#15756 = LINE('',#15757,#15758);
#15757 = CARTESIAN_POINT('',(20.781732559204,14.709492683411,2.));
#15758 = VECTOR('',#15759,1.);
#15759 = DIRECTION('',(1.941429664445E-02,-6.242597978085E-03,
    0.999792035904));
#15760 = PLANE('',#15761);
#15761 = AXIS2_PLACEMENT_3D('',#15762,#15763,#15764);
#15762 = CARTESIAN_POINT('',(20.839687282817,14.68909051321,
    3.215334926808));
#15763 = DIRECTION('',(0.34946434994,0.936949194138,-9.35802024715E-04)
  );
#15764 = DIRECTION('',(0.936949604393,-0.349464502957,0.));
#15765 = ADVANCED_FACE('',(#15766),#15781,.T.);
#15766 = FACE_BOUND('',#15767,.T.);
#15767 = EDGE_LOOP('',(#15768,#15774,#15775));
#15768 = ORIENTED_EDGE('',*,*,#15769,.F.);
#15769 = EDGE_CURVE('',#11750,#8644,#15770,.T.);
#15770 = LINE('',#15771,#15772);
#15771 = CARTESIAN_POINT('',(21.040639877319,14.59125328064,2.));
#15772 = VECTOR('',#15773,1.);
#15773 = DIRECTION('',(-2.933181635645E-02,1.713488034632E-02,
    0.999422853663));
#15774 = ORIENTED_EDGE('',*,*,#11749,.F.);
#15775 = ORIENTED_EDGE('',*,*,#15776,.T.);
#15776 = EDGE_CURVE('',#11742,#8644,#15777,.T.);
#15777 = LINE('',#15778,#15779);
#15778 = CARTESIAN_POINT('',(20.915414810181,14.659631729126,2.));
#15779 = VECTOR('',#15780,1.);
#15780 = DIRECTION('',(2.073573238279E-02,-1.020387801872E-02,
    0.999732919472));
#15781 = PLANE('',#15782);
#15782 = AXIS2_PLACEMENT_3D('',#15783,#15784,#15785);
#15783 = CARTESIAN_POINT('',(20.97280157955,14.62965602629,
    3.215334413018));
#15784 = DIRECTION('',(0.479250853449,0.877677420706,-9.821664181881E-04
    ));
#15785 = DIRECTION('',(0.877677844033,-0.479251084604,0.));
#15786 = ADVANCED_FACE('',(#15787),#15802,.T.);
#15787 = FACE_BOUND('',#15788,.T.);
#15788 = EDGE_LOOP('',(#15789,#15795,#15796));
#15789 = ORIENTED_EDGE('',*,*,#15790,.F.);
#15790 = EDGE_CURVE('',#11758,#8621,#15791,.T.);
#15791 = LINE('',#15792,#15793);
#15792 = CARTESIAN_POINT('',(21.154861450195,14.505749702454,2.));
#15793 = VECTOR('',#15794,1.);
#15794 = DIRECTION('',(-2.440442119325E-02,1.952971374464E-02,
    0.999511387883));
#15795 = ORIENTED_EDGE('',*,*,#11757,.F.);
#15796 = ORIENTED_EDGE('',*,*,#15797,.T.);
#15797 = EDGE_CURVE('',#11750,#8621,#15798,.T.);
#15798 = LINE('',#15799,#15800);
#15799 = CARTESIAN_POINT('',(21.040639877319,14.59125328064,2.));
#15800 = VECTOR('',#15801,1.);
#15801 = DIRECTION('',(2.126518187798E-02,-1.465727943946E-02,
    0.999666422463));
#15802 = PLANE('',#15803);
#15803 = AXIS2_PLACEMENT_3D('',#15804,#15805,#15806);
#15804 = CARTESIAN_POINT('',(21.095842267674,14.551463525852,
    3.215333627015));
#15805 = DIRECTION('',(0.599270083193,0.800546280424,-1.010093721304E-03
    ));
#15806 = DIRECTION('',(0.800546688819,-0.599270388907,0.));
#15807 = ADVANCED_FACE('',(#15808),#15823,.T.);
#15808 = FACE_BOUND('',#15809,.T.);
#15809 = EDGE_LOOP('',(#15810,#15816,#15817));
#15810 = ORIENTED_EDGE('',*,*,#15811,.F.);
#15811 = EDGE_CURVE('',#11766,#8598,#15812,.T.);
#15812 = LINE('',#15813,#15814);
#15813 = CARTESIAN_POINT('',(21.255748748779,14.404860496521,2.));
#15814 = VECTOR('',#15815,1.);
#15815 = DIRECTION('',(-1.944855535135E-02,2.08899234642E-02,
    0.999592599409));
#15816 = ORIENTED_EDGE('',*,*,#11765,.F.);
#15817 = ORIENTED_EDGE('',*,*,#15818,.T.);
#15818 = EDGE_CURVE('',#11758,#8598,#15819,.T.);
#15819 = LINE('',#15820,#15821);
#15820 = CARTESIAN_POINT('',(21.154861450195,14.505749702454,2.));
#15821 = VECTOR('',#15822,1.);
#15822 = DIRECTION('',(2.088992315436E-02,-1.94493176915E-02,
    0.999592584582));
#15823 = PLANE('',#15824);
#15824 = AXIS2_PLACEMENT_3D('',#15825,#15826,#15827);
#15825 = CARTESIAN_POINT('',(21.206181328089,14.456180864839,
    3.215333958391));
#15826 = DIRECTION('',(0.70711309791,0.707099729669,-1.019346292264E-03)
  );
#15827 = DIRECTION('',(-0.707100097031,0.707113465279,1.084202172486E-19
    ));
#15828 = ADVANCED_FACE('',(#15829),#15844,.T.);
#15829 = FACE_BOUND('',#15830,.T.);
#15830 = EDGE_LOOP('',(#15831,#15837,#15838));
#15831 = ORIENTED_EDGE('',*,*,#15832,.F.);
#15832 = EDGE_CURVE('',#11774,#8575,#15833,.T.);
#15833 = LINE('',#15834,#15835);
#15834 = CARTESIAN_POINT('',(21.34125328064,14.290640830994,2.));
#15835 = VECTOR('',#15836,1.);
#15836 = DIRECTION('',(-1.465727955832E-02,2.126480070794E-02,
    0.999666430569));
#15837 = ORIENTED_EDGE('',*,*,#11773,.F.);
#15838 = ORIENTED_EDGE('',*,*,#15839,.T.);
#15839 = EDGE_CURVE('',#11766,#8575,#15840,.T.);
#15840 = LINE('',#15841,#15842);
#15841 = CARTESIAN_POINT('',(21.255748748779,14.404860496521,2.));
#15842 = VECTOR('',#15843,1.);
#15843 = DIRECTION('',(1.953009506427E-02,-2.440403995526E-02,
    0.99951138974));
#15844 = PLANE('',#15845);
#15845 = AXIS2_PLACEMENT_3D('',#15846,#15847,#15848);
#15846 = CARTESIAN_POINT('',(21.301463281288,14.345842267371,
    3.21533385254));
#15847 = DIRECTION('',(0.800538272778,0.599280780014,-1.010210069058E-03
    ));
#15848 = DIRECTION('',(-0.599281085804,0.800538681262,0.));
#15849 = ADVANCED_FACE('',(#15850),#15865,.T.);
#15850 = FACE_BOUND('',#15851,.T.);
#15851 = EDGE_LOOP('',(#15852,#15858,#15859));
#15852 = ORIENTED_EDGE('',*,*,#15853,.F.);
#15853 = EDGE_CURVE('',#11782,#8552,#15854,.T.);
#15854 = LINE('',#15855,#15856);
#15855 = CARTESIAN_POINT('',(21.409631729126,14.165414810181,2.));
#15856 = VECTOR('',#15857,1.);
#15857 = DIRECTION('',(-1.020387793803E-02,2.073611358665E-02,
    0.999732911566));
#15858 = ORIENTED_EDGE('',*,*,#11781,.F.);
#15859 = ORIENTED_EDGE('',*,*,#15860,.T.);
#15860 = EDGE_CURVE('',#11774,#8552,#15861,.T.);
#15861 = LINE('',#15862,#15863);
#15862 = CARTESIAN_POINT('',(21.34125328064,14.290640830994,2.));
#15863 = VECTOR('',#15864,1.);
#15864 = DIRECTION('',(1.713488034632E-02,-2.933181635645E-02,
    0.999422853663));
#15865 = PLANE('',#15866);
#15866 = AXIS2_PLACEMENT_3D('',#15867,#15868,#15869);
#15867 = CARTESIAN_POINT('',(21.37965602567,14.222802288959,
    3.215334215425));
#15868 = DIRECTION('',(0.877678955817,0.479248041886,-9.822752531646E-04
    ));
#15869 = DIRECTION('',(-0.479248273091,0.877679379238,0.));
#15870 = ADVANCED_FACE('',(#15871),#15886,.T.);
#15871 = FACE_BOUND('',#15872,.T.);
#15872 = EDGE_LOOP('',(#15873,#15879,#15880));
#15873 = ORIENTED_EDGE('',*,*,#15874,.F.);
#15874 = EDGE_CURVE('',#11790,#8529,#15875,.T.);
#15875 = LINE('',#15876,#15877);
#15876 = CARTESIAN_POINT('',(21.459493637085,14.031732559204,2.));
#15877 = VECTOR('',#15878,1.);
#15878 = DIRECTION('',(-6.242597931861E-03,1.941467789109E-02,
    0.999792028501));
#15879 = ORIENTED_EDGE('',*,*,#11789,.F.);
#15880 = ORIENTED_EDGE('',*,*,#15881,.T.);
#15881 = EDGE_CURVE('',#11782,#8529,#15882,.T.);
#15882 = LINE('',#15883,#15884);
#15883 = CARTESIAN_POINT('',(21.409631729126,14.165414810181,2.));
#15884 = VECTOR('',#15885,1.);
#15885 = DIRECTION('',(1.369164573436E-02,-3.403126479429E-02,
    0.999326979448));
#15886 = PLANE('',#15887);
#15887 = AXIS2_PLACEMENT_3D('',#15888,#15889,#15890);
#15888 = CARTESIAN_POINT('',(21.439091221598,14.08968774676,
    3.215334848074));
#15889 = DIRECTION('',(0.93694700532,0.349470217627,-9.360629445072E-04)
  );
#15890 = DIRECTION('',(-0.349470370733,0.936947415803,0.));
#15891 = ADVANCED_FACE('',(#15892),#15907,.T.);
#15892 = FACE_BOUND('',#15893,.T.);
#15893 = EDGE_LOOP('',(#15894,#15900,#15901));
#15894 = ORIENTED_EDGE('',*,*,#15895,.F.);
#15895 = EDGE_CURVE('',#11798,#8506,#15896,.T.);
#15896 = LINE('',#15897,#15898);
#15897 = CARTESIAN_POINT('',(21.489822387695,13.892314910889,2.));
#15898 = VECTOR('',#15899,1.);
#15899 = DIRECTION('',(-2.901768278386E-03,1.743578273897E-02,
    0.999843774407));
#15900 = ORIENTED_EDGE('',*,*,#11797,.F.);
#15901 = ORIENTED_EDGE('',*,*,#15902,.T.);
#15902 = EDGE_CURVE('',#11790,#8506,#15903,.T.);
#15903 = LINE('',#15904,#15905);
#15904 = CARTESIAN_POINT('',(21.459493637085,14.031732559204,2.));
#15905 = VECTOR('',#15906,1.);
#15906 = DIRECTION('',(9.222114576669E-03,-3.829880070288E-02,
    0.999223775972));
#15907 = PLANE('',#15908);
#15908 = AXIS2_PLACEMENT_3D('',#15909,#15910,#15911);
#15909 = CARTESIAN_POINT('',(21.478500475247,13.949340035795,
    3.215335750406));
#15910 = DIRECTION('',(0.977146062074,0.212567200671,-8.709601483195E-04
    ));
#15911 = DIRECTION('',(-0.212567281295,0.977146432692,0.));
#15912 = ADVANCED_FACE('',(#15913),#15923,.T.);
#15913 = FACE_BOUND('',#15914,.T.);
#15914 = EDGE_LOOP('',(#15915,#15916,#15917));
#15915 = ORIENTED_EDGE('',*,*,#13044,.F.);
#15916 = ORIENTED_EDGE('',*,*,#11805,.F.);
#15917 = ORIENTED_EDGE('',*,*,#15918,.T.);
#15918 = EDGE_CURVE('',#11798,#8483,#15919,.T.);
#15919 = LINE('',#15920,#15921);
#15920 = CARTESIAN_POINT('',(21.489822387695,13.892314910889,2.));
#15921 = VECTOR('',#15922,1.);
#15922 = DIRECTION('',(3.787684560308E-03,-4.193208445614E-02,
    0.999113283737));
#15923 = PLANE('',#15924);
#15924 = AXIS2_PLACEMENT_3D('',#15925,#15926,#15927);
#15925 = CARTESIAN_POINT('',(21.497043787592,13.804756138784,
    3.215336864062));
#15926 = DIRECTION('',(0.997452279505,7.133252959817E-02,
    -7.876113309206E-04));
#15927 = DIRECTION('',(-7.13325517231E-02,0.997452588881,
    6.776263578034E-21));
#15928 = ADVANCED_FACE('',(#15929),#15939,.T.);
#15929 = FACE_BOUND('',#15930,.T.);
#15930 = EDGE_LOOP('',(#15931,#15937,#15938));
#15931 = ORIENTED_EDGE('',*,*,#15932,.F.);
#15932 = EDGE_CURVE('',#11813,#8395,#15933,.T.);
#15933 = LINE('',#15934,#15935);
#15934 = CARTESIAN_POINT('',(21.489822387695,-13.89231491088,2.));
#15935 = VECTOR('',#15936,1.);
#15936 = DIRECTION('',(3.787684560308E-03,4.193208445614E-02,
    0.999113283737));
#15937 = ORIENTED_EDGE('',*,*,#11812,.F.);
#15938 = ORIENTED_EDGE('',*,*,#13028,.F.);
#15939 = PLANE('',#15940);
#15940 = AXIS2_PLACEMENT_3D('',#15941,#15942,#15943);
#15941 = CARTESIAN_POINT('',(21.497043787592,-13.80475613878,
    3.215336864062));
#15942 = DIRECTION('',(0.997452279505,-7.133252959817E-02,
    -7.876113309206E-04));
#15943 = DIRECTION('',(7.13325517231E-02,0.997452588881,
    -6.776263578034E-21));
#15944 = ADVANCED_FACE('',(#15945),#15960,.T.);
#15945 = FACE_BOUND('',#15946,.T.);
#15946 = EDGE_LOOP('',(#15947,#15953,#15954));
#15947 = ORIENTED_EDGE('',*,*,#15948,.F.);
#15948 = EDGE_CURVE('',#11821,#8372,#15949,.T.);
#15949 = LINE('',#15950,#15951);
#15950 = CARTESIAN_POINT('',(21.459493637085,-14.0317325592,2.));
#15951 = VECTOR('',#15952,1.);
#15952 = DIRECTION('',(9.222114576669E-03,3.829880070288E-02,
    0.999223775972));
#15953 = ORIENTED_EDGE('',*,*,#11820,.F.);
#15954 = ORIENTED_EDGE('',*,*,#15955,.T.);
#15955 = EDGE_CURVE('',#11813,#8372,#15956,.T.);
#15956 = LINE('',#15957,#15958);
#15957 = CARTESIAN_POINT('',(21.489822387695,-13.89231491088,2.));
#15958 = VECTOR('',#15959,1.);
#15959 = DIRECTION('',(-2.901768278386E-03,-1.743578273897E-02,
    0.999843774407));
#15960 = PLANE('',#15961);
#15961 = AXIS2_PLACEMENT_3D('',#15962,#15963,#15964);
#15962 = CARTESIAN_POINT('',(21.478500475247,-13.94934003579,
    3.215335750406));
#15963 = DIRECTION('',(0.977146062074,-0.212567200671,
    -8.709601483195E-04));
#15964 = DIRECTION('',(0.212567281295,0.977146432692,0.));
#15965 = ADVANCED_FACE('',(#15966),#15981,.T.);
#15966 = FACE_BOUND('',#15967,.T.);
#15967 = EDGE_LOOP('',(#15968,#15974,#15975));
#15968 = ORIENTED_EDGE('',*,*,#15969,.F.);
#15969 = EDGE_CURVE('',#11829,#8349,#15970,.T.);
#15970 = LINE('',#15971,#15972);
#15971 = CARTESIAN_POINT('',(21.409631729126,-14.16541481018,2.));
#15972 = VECTOR('',#15973,1.);
#15973 = DIRECTION('',(1.369164573436E-02,3.403126479429E-02,
    0.999326979448));
#15974 = ORIENTED_EDGE('',*,*,#11828,.F.);
#15975 = ORIENTED_EDGE('',*,*,#15976,.T.);
#15976 = EDGE_CURVE('',#11821,#8349,#15977,.T.);
#15977 = LINE('',#15978,#15979);
#15978 = CARTESIAN_POINT('',(21.459493637085,-14.0317325592,2.));
#15979 = VECTOR('',#15980,1.);
#15980 = DIRECTION('',(-6.242597931861E-03,-1.941467789109E-02,
    0.999792028501));
#15981 = PLANE('',#15982);
#15982 = AXIS2_PLACEMENT_3D('',#15983,#15984,#15985);
#15983 = CARTESIAN_POINT('',(21.439091221598,-14.08968774676,
    3.215334848074));
#15984 = DIRECTION('',(0.93694700532,-0.349470217627,-9.360629445072E-04
    ));
#15985 = DIRECTION('',(0.349470370733,0.936947415803,-5.421010862428E-20
    ));
#15986 = ADVANCED_FACE('',(#15987),#16002,.T.);
#15987 = FACE_BOUND('',#15988,.T.);
#15988 = EDGE_LOOP('',(#15989,#15995,#15996));
#15989 = ORIENTED_EDGE('',*,*,#15990,.F.);
#15990 = EDGE_CURVE('',#11837,#8326,#15991,.T.);
#15991 = LINE('',#15992,#15993);
#15992 = CARTESIAN_POINT('',(21.34125328064,-14.29064083099,2.));
#15993 = VECTOR('',#15994,1.);
#15994 = DIRECTION('',(1.713488034632E-02,2.933181635645E-02,
    0.999422853663));
#15995 = ORIENTED_EDGE('',*,*,#11836,.F.);
#15996 = ORIENTED_EDGE('',*,*,#15997,.T.);
#15997 = EDGE_CURVE('',#11829,#8326,#15998,.T.);
#15998 = LINE('',#15999,#16000);
#15999 = CARTESIAN_POINT('',(21.409631729126,-14.16541481018,2.));
#16000 = VECTOR('',#16001,1.);
#16001 = DIRECTION('',(-1.020387793803E-02,-2.073611358665E-02,
    0.999732911566));
#16002 = PLANE('',#16003);
#16003 = AXIS2_PLACEMENT_3D('',#16004,#16005,#16006);
#16004 = CARTESIAN_POINT('',(21.37965602567,-14.22280228895,
    3.215334215425));
#16005 = DIRECTION('',(0.877678955817,-0.479248041886,
    -9.822752531646E-04));
#16006 = DIRECTION('',(0.479248273091,0.877679379238,0.));
#16007 = ADVANCED_FACE('',(#16008),#16023,.T.);
#16008 = FACE_BOUND('',#16009,.T.);
#16009 = EDGE_LOOP('',(#16010,#16016,#16017));
#16010 = ORIENTED_EDGE('',*,*,#16011,.F.);
#16011 = EDGE_CURVE('',#11845,#8303,#16012,.T.);
#16012 = LINE('',#16013,#16014);
#16013 = CARTESIAN_POINT('',(21.255748748779,-14.40486049652,2.));
#16014 = VECTOR('',#16015,1.);
#16015 = DIRECTION('',(1.953009506427E-02,2.440403995526E-02,
    0.99951138974));
#16016 = ORIENTED_EDGE('',*,*,#11844,.F.);
#16017 = ORIENTED_EDGE('',*,*,#16018,.T.);
#16018 = EDGE_CURVE('',#11837,#8303,#16019,.T.);
#16019 = LINE('',#16020,#16021);
#16020 = CARTESIAN_POINT('',(21.34125328064,-14.29064083099,2.));
#16021 = VECTOR('',#16022,1.);
#16022 = DIRECTION('',(-1.465727955832E-02,-2.126480070794E-02,
    0.999666430569));
#16023 = PLANE('',#16024);
#16024 = AXIS2_PLACEMENT_3D('',#16025,#16026,#16027);
#16025 = CARTESIAN_POINT('',(21.301463281288,-14.34584226737,
    3.21533385254));
#16026 = DIRECTION('',(0.800538272778,-0.599280780014,
    -1.010210069058E-03));
#16027 = DIRECTION('',(0.599281085804,0.800538681262,5.421010862428E-20)
  );
#16028 = ADVANCED_FACE('',(#16029),#16044,.T.);
#16029 = FACE_BOUND('',#16030,.T.);
#16030 = EDGE_LOOP('',(#16031,#16037,#16038));
#16031 = ORIENTED_EDGE('',*,*,#16032,.F.);
#16032 = EDGE_CURVE('',#11853,#8280,#16033,.T.);
#16033 = LINE('',#16034,#16035);
#16034 = CARTESIAN_POINT('',(21.154861450195,-14.50574970245,2.));
#16035 = VECTOR('',#16036,1.);
#16036 = DIRECTION('',(2.088992315436E-02,1.94493176915E-02,
    0.999592584582));
#16037 = ORIENTED_EDGE('',*,*,#11852,.F.);
#16038 = ORIENTED_EDGE('',*,*,#16039,.T.);
#16039 = EDGE_CURVE('',#11845,#8280,#16040,.T.);
#16040 = LINE('',#16041,#16042);
#16041 = CARTESIAN_POINT('',(21.255748748779,-14.40486049652,2.));
#16042 = VECTOR('',#16043,1.);
#16043 = DIRECTION('',(-1.944855535135E-02,-2.08899234642E-02,
    0.999592599409));
#16044 = PLANE('',#16045);
#16045 = AXIS2_PLACEMENT_3D('',#16046,#16047,#16048);
#16046 = CARTESIAN_POINT('',(21.206181328089,-14.45618086483,
    3.215333958391));
#16047 = DIRECTION('',(0.70711309791,-0.707099729669,-1.019346292264E-03
    ));
#16048 = DIRECTION('',(0.707100097031,0.707113465279,-1.084202172486E-19
    ));
#16049 = ADVANCED_FACE('',(#16050),#16065,.T.);
#16050 = FACE_BOUND('',#16051,.T.);
#16051 = EDGE_LOOP('',(#16052,#16058,#16059));
#16052 = ORIENTED_EDGE('',*,*,#16053,.F.);
#16053 = EDGE_CURVE('',#11861,#8257,#16054,.T.);
#16054 = LINE('',#16055,#16056);
#16055 = CARTESIAN_POINT('',(21.040639877319,-14.59125328064,2.));
#16056 = VECTOR('',#16057,1.);
#16057 = DIRECTION('',(2.126518187798E-02,1.465727943946E-02,
    0.999666422463));
#16058 = ORIENTED_EDGE('',*,*,#11860,.F.);
#16059 = ORIENTED_EDGE('',*,*,#16060,.T.);
#16060 = EDGE_CURVE('',#11853,#8257,#16061,.T.);
#16061 = LINE('',#16062,#16063);
#16062 = CARTESIAN_POINT('',(21.154861450195,-14.50574970245,2.));
#16063 = VECTOR('',#16064,1.);
#16064 = DIRECTION('',(-2.440442119325E-02,-1.952971374464E-02,
    0.999511387883));
#16065 = PLANE('',#16066);
#16066 = AXIS2_PLACEMENT_3D('',#16067,#16068,#16069);
#16067 = CARTESIAN_POINT('',(21.095842267674,-14.55146352585,
    3.215333627015));
#16068 = DIRECTION('',(0.599270083193,-0.800546280424,
    -1.010093721304E-03));
#16069 = DIRECTION('',(-0.800546688819,-0.599270388907,0.));
#16070 = ADVANCED_FACE('',(#16071),#16086,.T.);
#16071 = FACE_BOUND('',#16072,.T.);
#16072 = EDGE_LOOP('',(#16073,#16079,#16080));
#16073 = ORIENTED_EDGE('',*,*,#16074,.F.);
#16074 = EDGE_CURVE('',#11869,#8234,#16075,.T.);
#16075 = LINE('',#16076,#16077);
#16076 = CARTESIAN_POINT('',(20.915414810181,-14.65963172912,2.));
#16077 = VECTOR('',#16078,1.);
#16078 = DIRECTION('',(2.073573238279E-02,1.020387801872E-02,
    0.999732919472));
#16079 = ORIENTED_EDGE('',*,*,#11868,.F.);
#16080 = ORIENTED_EDGE('',*,*,#16081,.T.);
#16081 = EDGE_CURVE('',#11861,#8234,#16082,.T.);
#16082 = LINE('',#16083,#16084);
#16083 = CARTESIAN_POINT('',(21.040639877319,-14.59125328064,2.));
#16084 = VECTOR('',#16085,1.);
#16085 = DIRECTION('',(-2.933181635645E-02,-1.713488034632E-02,
    0.999422853663));
#16086 = PLANE('',#16087);
#16087 = AXIS2_PLACEMENT_3D('',#16088,#16089,#16090);
#16088 = CARTESIAN_POINT('',(20.97280157955,-14.62965602629,
    3.215334413018));
#16089 = DIRECTION('',(0.479250853449,-0.877677420706,
    -9.821664181881E-04));
#16090 = DIRECTION('',(-0.877677844033,-0.479251084604,
    5.421010862428E-20));
#16091 = ADVANCED_FACE('',(#16092),#16107,.T.);
#16092 = FACE_BOUND('',#16093,.T.);
#16093 = EDGE_LOOP('',(#16094,#16100,#16101));
#16094 = ORIENTED_EDGE('',*,*,#16095,.F.);
#16095 = EDGE_CURVE('',#11877,#8211,#16096,.T.);
#16096 = LINE('',#16097,#16098);
#16097 = CARTESIAN_POINT('',(20.781732559204,-14.70949268341,2.));
#16098 = VECTOR('',#16099,1.);
#16099 = DIRECTION('',(1.941429664445E-02,6.242597978085E-03,
    0.999792035904));
#16100 = ORIENTED_EDGE('',*,*,#11876,.F.);
#16101 = ORIENTED_EDGE('',*,*,#16102,.T.);
#16102 = EDGE_CURVE('',#11869,#8211,#16103,.T.);
#16103 = LINE('',#16104,#16105);
#16104 = CARTESIAN_POINT('',(20.915414810181,-14.65963172912,2.));
#16105 = VECTOR('',#16106,1.);
#16106 = DIRECTION('',(-3.40316457434E-02,-1.369126441521E-02,
    0.9993269717));
#16107 = PLANE('',#16108);
#16108 = AXIS2_PLACEMENT_3D('',#16109,#16110,#16111);
#16109 = CARTESIAN_POINT('',(20.839687282817,-14.68909051321,
    3.215334926808));
#16110 = DIRECTION('',(0.34946434994,-0.936949194138,-9.35802024715E-04)
  );
#16111 = DIRECTION('',(-0.936949604393,-0.349464502957,0.));
#16112 = ADVANCED_FACE('',(#16113),#16128,.T.);
#16113 = FACE_BOUND('',#16114,.T.);
#16114 = EDGE_LOOP('',(#16115,#16121,#16122));
#16115 = ORIENTED_EDGE('',*,*,#16116,.F.);
#16116 = EDGE_CURVE('',#11885,#8188,#16117,.T.);
#16117 = LINE('',#16118,#16119);
#16118 = CARTESIAN_POINT('',(20.642314910889,-14.73982143402,2.));
#16119 = VECTOR('',#16120,1.);
#16120 = DIRECTION('',(1.743578275827E-02,2.901386871465E-03,
    0.999843775514));
#16121 = ORIENTED_EDGE('',*,*,#11884,.F.);
#16122 = ORIENTED_EDGE('',*,*,#16123,.T.);
#16123 = EDGE_CURVE('',#11877,#8188,#16124,.T.);
#16124 = LINE('',#16125,#16126);
#16125 = CARTESIAN_POINT('',(20.781732559204,-14.70949268341,2.));
#16126 = VECTOR('',#16127,1.);
#16127 = DIRECTION('',(-3.829880056824E-02,-9.22249571787E-03,
    0.999223772459));
#16128 = PLANE('',#16129);
#16129 = AXIS2_PLACEMENT_3D('',#16130,#16131,#16132);
#16130 = CARTESIAN_POINT('',(20.699340035873,-14.72849998517,
    3.215335750447));
#16131 = DIRECTION('',(0.212567200602,-0.977146061757,
    -8.713328996777E-04));
#16132 = DIRECTION('',(-0.977146432692,-0.212567281295,
    -2.710505431214E-20));
#16133 = ADVANCED_FACE('',(#16134),#16144,.T.);
#16134 = FACE_BOUND('',#16135,.T.);
#16135 = EDGE_LOOP('',(#16136,#16137,#16138));
#16136 = ORIENTED_EDGE('',*,*,#12852,.F.);
#16137 = ORIENTED_EDGE('',*,*,#11892,.F.);
#16138 = ORIENTED_EDGE('',*,*,#16139,.T.);
#16139 = EDGE_CURVE('',#11885,#8165,#16140,.T.);
#16140 = LINE('',#16141,#16142);
#16141 = CARTESIAN_POINT('',(20.642314910889,-14.73982143402,2.));
#16142 = VECTOR('',#16143,1.);
#16143 = DIRECTION('',(-4.193208433506E-02,-3.788446812311E-03,
    0.999113280852));
#16144 = PLANE('',#16145);
#16145 = AXIS2_PLACEMENT_3D('',#16146,#16147,#16148);
#16146 = CARTESIAN_POINT('',(20.554756139052,-14.74704400605,
    3.215336848039));
#16147 = DIRECTION('',(7.13391796382E-02,-0.997451803528,
    -7.880914242817E-04));
#16148 = DIRECTION('',(-0.99745211328,-7.133920179217E-02,0.));
#16149 = ADVANCED_FACE('',(#16150),#16160,.T.);
#16150 = FACE_BOUND('',#16151,.T.);
#16151 = EDGE_LOOP('',(#16152,#16158,#16159));
#16152 = ORIENTED_EDGE('',*,*,#16153,.F.);
#16153 = EDGE_CURVE('',#11900,#8111,#16154,.T.);
#16154 = LINE('',#16155,#16156);
#16155 = CARTESIAN_POINT('',(-20.64231491088,-14.73982143402,2.));
#16156 = VECTOR('',#16157,1.);
#16157 = DIRECTION('',(4.193208433506E-02,-3.788446812311E-03,
    0.999113280852));
#16158 = ORIENTED_EDGE('',*,*,#11899,.F.);
#16159 = ORIENTED_EDGE('',*,*,#12836,.F.);
#16160 = PLANE('',#16161);
#16161 = AXIS2_PLACEMENT_3D('',#16162,#16163,#16164);
#16162 = CARTESIAN_POINT('',(-20.55475613905,-14.74704400605,
    3.215336848039));
#16163 = DIRECTION('',(-7.13391796382E-02,-0.997451803528,
    -7.880914242817E-04));
#16164 = DIRECTION('',(-0.99745211328,7.133920179217E-02,
    -6.776263578034E-21));
#16165 = ADVANCED_FACE('',(#16166),#16181,.T.);
#16166 = FACE_BOUND('',#16167,.T.);
#16167 = EDGE_LOOP('',(#16168,#16174,#16175));
#16168 = ORIENTED_EDGE('',*,*,#16169,.F.);
#16169 = EDGE_CURVE('',#11908,#8088,#16170,.T.);
#16170 = LINE('',#16171,#16172);
#16171 = CARTESIAN_POINT('',(-20.7817325592,-14.70949268341,2.));
#16172 = VECTOR('',#16173,1.);
#16173 = DIRECTION('',(3.829880056824E-02,-9.22249571787E-03,
    0.999223772459));
#16174 = ORIENTED_EDGE('',*,*,#11907,.F.);
#16175 = ORIENTED_EDGE('',*,*,#16176,.T.);
#16176 = EDGE_CURVE('',#11900,#8088,#16177,.T.);
#16177 = LINE('',#16178,#16179);
#16178 = CARTESIAN_POINT('',(-20.64231491088,-14.73982143402,2.));
#16179 = VECTOR('',#16180,1.);
#16180 = DIRECTION('',(-1.743578275827E-02,2.901386871465E-03,
    0.999843775514));
#16181 = PLANE('',#16182);
#16182 = AXIS2_PLACEMENT_3D('',#16183,#16184,#16185);
#16183 = CARTESIAN_POINT('',(-20.69934003587,-14.72849998517,
    3.215335750447));
#16184 = DIRECTION('',(-0.212567200602,-0.977146061757,
    -8.713328996777E-04));
#16185 = DIRECTION('',(-0.977146432692,0.212567281295,2.710505431214E-20
    ));
#16186 = ADVANCED_FACE('',(#16187),#16202,.T.);
#16187 = FACE_BOUND('',#16188,.T.);
#16188 = EDGE_LOOP('',(#16189,#16195,#16196));
#16189 = ORIENTED_EDGE('',*,*,#16190,.F.);
#16190 = EDGE_CURVE('',#11916,#8065,#16191,.T.);
#16191 = LINE('',#16192,#16193);
#16192 = CARTESIAN_POINT('',(-20.91541481018,-14.65963172912,2.));
#16193 = VECTOR('',#16194,1.);
#16194 = DIRECTION('',(3.40316457434E-02,-1.369126441521E-02,
    0.9993269717));
#16195 = ORIENTED_EDGE('',*,*,#11915,.F.);
#16196 = ORIENTED_EDGE('',*,*,#16197,.T.);
#16197 = EDGE_CURVE('',#11908,#8065,#16198,.T.);
#16198 = LINE('',#16199,#16200);
#16199 = CARTESIAN_POINT('',(-20.7817325592,-14.70949268341,2.));
#16200 = VECTOR('',#16201,1.);
#16201 = DIRECTION('',(-1.941429664445E-02,6.242597978085E-03,
    0.999792035904));
#16202 = PLANE('',#16203);
#16203 = AXIS2_PLACEMENT_3D('',#16204,#16205,#16206);
#16204 = CARTESIAN_POINT('',(-20.83968728281,-14.68909051321,
    3.215334926808));
#16205 = DIRECTION('',(-0.34946434994,-0.936949194138,-9.35802024715E-04
    ));
#16206 = DIRECTION('',(-0.936949604393,0.349464502957,0.));
#16207 = ADVANCED_FACE('',(#16208),#16223,.T.);
#16208 = FACE_BOUND('',#16209,.T.);
#16209 = EDGE_LOOP('',(#16210,#16216,#16217));
#16210 = ORIENTED_EDGE('',*,*,#16211,.F.);
#16211 = EDGE_CURVE('',#11924,#8042,#16212,.T.);
#16212 = LINE('',#16213,#16214);
#16213 = CARTESIAN_POINT('',(-21.04063987731,-14.59125328064,2.));
#16214 = VECTOR('',#16215,1.);
#16215 = DIRECTION('',(2.933181635645E-02,-1.713488034632E-02,
    0.999422853663));
#16216 = ORIENTED_EDGE('',*,*,#11923,.F.);
#16217 = ORIENTED_EDGE('',*,*,#16218,.T.);
#16218 = EDGE_CURVE('',#11916,#8042,#16219,.T.);
#16219 = LINE('',#16220,#16221);
#16220 = CARTESIAN_POINT('',(-20.91541481018,-14.65963172912,2.));
#16221 = VECTOR('',#16222,1.);
#16222 = DIRECTION('',(-2.073573238279E-02,1.020387801872E-02,
    0.999732919472));
#16223 = PLANE('',#16224);
#16224 = AXIS2_PLACEMENT_3D('',#16225,#16226,#16227);
#16225 = CARTESIAN_POINT('',(-20.97280157955,-14.62965602629,
    3.215334413018));
#16226 = DIRECTION('',(-0.479250853449,-0.877677420706,
    -9.821664181881E-04));
#16227 = DIRECTION('',(-0.877677844033,0.479251084604,0.));
#16228 = ADVANCED_FACE('',(#16229),#16244,.T.);
#16229 = FACE_BOUND('',#16230,.T.);
#16230 = EDGE_LOOP('',(#16231,#16237,#16238));
#16231 = ORIENTED_EDGE('',*,*,#16232,.F.);
#16232 = EDGE_CURVE('',#11932,#8019,#16233,.T.);
#16233 = LINE('',#16234,#16235);
#16234 = CARTESIAN_POINT('',(-21.15486145019,-14.50574970245,2.));
#16235 = VECTOR('',#16236,1.);
#16236 = DIRECTION('',(2.440442119325E-02,-1.952971374464E-02,
    0.999511387883));
#16237 = ORIENTED_EDGE('',*,*,#11931,.F.);
#16238 = ORIENTED_EDGE('',*,*,#16239,.T.);
#16239 = EDGE_CURVE('',#11924,#8019,#16240,.T.);
#16240 = LINE('',#16241,#16242);
#16241 = CARTESIAN_POINT('',(-21.04063987731,-14.59125328064,2.));
#16242 = VECTOR('',#16243,1.);
#16243 = DIRECTION('',(-2.126518187798E-02,1.465727943946E-02,
    0.999666422463));
#16244 = PLANE('',#16245);
#16245 = AXIS2_PLACEMENT_3D('',#16246,#16247,#16248);
#16246 = CARTESIAN_POINT('',(-21.09584226767,-14.55146352585,
    3.215333627015));
#16247 = DIRECTION('',(-0.599270083193,-0.800546280424,
    -1.010093721304E-03));
#16248 = DIRECTION('',(-0.800546688819,0.599270388907,0.));
#16249 = ADVANCED_FACE('',(#16250),#16265,.T.);
#16250 = FACE_BOUND('',#16251,.T.);
#16251 = EDGE_LOOP('',(#16252,#16258,#16259));
#16252 = ORIENTED_EDGE('',*,*,#16253,.F.);
#16253 = EDGE_CURVE('',#11940,#7996,#16254,.T.);
#16254 = LINE('',#16255,#16256);
#16255 = CARTESIAN_POINT('',(-21.25574874877,-14.40486049652,2.));
#16256 = VECTOR('',#16257,1.);
#16257 = DIRECTION('',(1.944855535135E-02,-2.08899234642E-02,
    0.999592599409));
#16258 = ORIENTED_EDGE('',*,*,#11939,.F.);
#16259 = ORIENTED_EDGE('',*,*,#16260,.T.);
#16260 = EDGE_CURVE('',#11932,#7996,#16261,.T.);
#16261 = LINE('',#16262,#16263);
#16262 = CARTESIAN_POINT('',(-21.15486145019,-14.50574970245,2.));
#16263 = VECTOR('',#16264,1.);
#16264 = DIRECTION('',(-2.088992315436E-02,1.94493176915E-02,
    0.999592584582));
#16265 = PLANE('',#16266);
#16266 = AXIS2_PLACEMENT_3D('',#16267,#16268,#16269);
#16267 = CARTESIAN_POINT('',(-21.20618132808,-14.45618086483,
    3.215333958391));
#16268 = DIRECTION('',(-0.70711309791,-0.707099729669,
    -1.019346292264E-03));
#16269 = DIRECTION('',(0.707100097031,-0.707113465279,1.084202172486E-19
    ));
#16270 = ADVANCED_FACE('',(#16271),#16286,.T.);
#16271 = FACE_BOUND('',#16272,.T.);
#16272 = EDGE_LOOP('',(#16273,#16279,#16280));
#16273 = ORIENTED_EDGE('',*,*,#16274,.F.);
#16274 = EDGE_CURVE('',#11948,#7973,#16275,.T.);
#16275 = LINE('',#16276,#16277);
#16276 = CARTESIAN_POINT('',(-21.34125328064,-14.29064083099,2.));
#16277 = VECTOR('',#16278,1.);
#16278 = DIRECTION('',(1.465727955832E-02,-2.126480070794E-02,
    0.999666430569));
#16279 = ORIENTED_EDGE('',*,*,#11947,.F.);
#16280 = ORIENTED_EDGE('',*,*,#16281,.T.);
#16281 = EDGE_CURVE('',#11940,#7973,#16282,.T.);
#16282 = LINE('',#16283,#16284);
#16283 = CARTESIAN_POINT('',(-21.25574874877,-14.40486049652,2.));
#16284 = VECTOR('',#16285,1.);
#16285 = DIRECTION('',(-1.953009506427E-02,2.440403995526E-02,
    0.99951138974));
#16286 = PLANE('',#16287);
#16287 = AXIS2_PLACEMENT_3D('',#16288,#16289,#16290);
#16288 = CARTESIAN_POINT('',(-21.30146328128,-14.34584226737,
    3.21533385254));
#16289 = DIRECTION('',(-0.800538272778,-0.599280780014,
    -1.010210069058E-03));
#16290 = DIRECTION('',(0.599281085804,-0.800538681262,0.));
#16291 = ADVANCED_FACE('',(#16292),#16307,.T.);
#16292 = FACE_BOUND('',#16293,.T.);
#16293 = EDGE_LOOP('',(#16294,#16300,#16301));
#16294 = ORIENTED_EDGE('',*,*,#16295,.F.);
#16295 = EDGE_CURVE('',#11956,#7950,#16296,.T.);
#16296 = LINE('',#16297,#16298);
#16297 = CARTESIAN_POINT('',(-21.40963172912,-14.16541481018,2.));
#16298 = VECTOR('',#16299,1.);
#16299 = DIRECTION('',(1.020387793803E-02,-2.073611358665E-02,
    0.999732911566));
#16300 = ORIENTED_EDGE('',*,*,#11955,.F.);
#16301 = ORIENTED_EDGE('',*,*,#16302,.T.);
#16302 = EDGE_CURVE('',#11948,#7950,#16303,.T.);
#16303 = LINE('',#16304,#16305);
#16304 = CARTESIAN_POINT('',(-21.34125328064,-14.29064083099,2.));
#16305 = VECTOR('',#16306,1.);
#16306 = DIRECTION('',(-1.713488034632E-02,2.933181635645E-02,
    0.999422853663));
#16307 = PLANE('',#16308);
#16308 = AXIS2_PLACEMENT_3D('',#16309,#16310,#16311);
#16309 = CARTESIAN_POINT('',(-21.37965602567,-14.22280228895,
    3.215334215425));
#16310 = DIRECTION('',(-0.877678955817,-0.479248041886,
    -9.822752531646E-04));
#16311 = DIRECTION('',(0.479248273091,-0.877679379238,0.));
#16312 = ADVANCED_FACE('',(#16313),#16328,.T.);
#16313 = FACE_BOUND('',#16314,.T.);
#16314 = EDGE_LOOP('',(#16315,#16321,#16322));
#16315 = ORIENTED_EDGE('',*,*,#16316,.F.);
#16316 = EDGE_CURVE('',#11964,#7927,#16317,.T.);
#16317 = LINE('',#16318,#16319);
#16318 = CARTESIAN_POINT('',(-21.45949363708,-14.0317325592,2.));
#16319 = VECTOR('',#16320,1.);
#16320 = DIRECTION('',(6.242597931861E-03,-1.941467789109E-02,
    0.999792028501));
#16321 = ORIENTED_EDGE('',*,*,#11963,.F.);
#16322 = ORIENTED_EDGE('',*,*,#16323,.T.);
#16323 = EDGE_CURVE('',#11956,#7927,#16324,.T.);
#16324 = LINE('',#16325,#16326);
#16325 = CARTESIAN_POINT('',(-21.40963172912,-14.16541481018,2.));
#16326 = VECTOR('',#16327,1.);
#16327 = DIRECTION('',(-1.369164573436E-02,3.403126479429E-02,
    0.999326979448));
#16328 = PLANE('',#16329);
#16329 = AXIS2_PLACEMENT_3D('',#16330,#16331,#16332);
#16330 = CARTESIAN_POINT('',(-21.43909122159,-14.08968774676,
    3.215334848074));
#16331 = DIRECTION('',(-0.93694700532,-0.349470217627,
    -9.360629445072E-04));
#16332 = DIRECTION('',(0.349470370733,-0.936947415803,0.));
#16333 = ADVANCED_FACE('',(#16334),#16349,.T.);
#16334 = FACE_BOUND('',#16335,.T.);
#16335 = EDGE_LOOP('',(#16336,#16342,#16343));
#16336 = ORIENTED_EDGE('',*,*,#16337,.F.);
#16337 = EDGE_CURVE('',#11972,#7904,#16338,.T.);
#16338 = LINE('',#16339,#16340);
#16339 = CARTESIAN_POINT('',(-21.48982238769,-13.89231491088,2.));
#16340 = VECTOR('',#16341,1.);
#16341 = DIRECTION('',(2.901768278386E-03,-1.743578273897E-02,
    0.999843774407));
#16342 = ORIENTED_EDGE('',*,*,#11971,.F.);
#16343 = ORIENTED_EDGE('',*,*,#16344,.T.);
#16344 = EDGE_CURVE('',#11964,#7904,#16345,.T.);
#16345 = LINE('',#16346,#16347);
#16346 = CARTESIAN_POINT('',(-21.45949363708,-14.0317325592,2.));
#16347 = VECTOR('',#16348,1.);
#16348 = DIRECTION('',(-9.222114576669E-03,3.829880070288E-02,
    0.999223775972));
#16349 = PLANE('',#16350);
#16350 = AXIS2_PLACEMENT_3D('',#16351,#16352,#16353);
#16351 = CARTESIAN_POINT('',(-21.47850047524,-13.94934003579,
    3.215335750406));
#16352 = DIRECTION('',(-0.977146062074,-0.212567200671,
    -8.709601483195E-04));
#16353 = DIRECTION('',(0.212567281295,-0.977146432692,0.));
#16354 = ADVANCED_FACE('',(#16355),#16365,.T.);
#16355 = FACE_BOUND('',#16356,.T.);
#16356 = EDGE_LOOP('',(#16357,#16358,#16359));
#16357 = ORIENTED_EDGE('',*,*,#12585,.F.);
#16358 = ORIENTED_EDGE('',*,*,#11979,.F.);
#16359 = ORIENTED_EDGE('',*,*,#16360,.T.);
#16360 = EDGE_CURVE('',#11972,#7881,#16361,.T.);
#16361 = LINE('',#16362,#16363);
#16362 = CARTESIAN_POINT('',(-21.48982238769,-13.89231491088,2.));
#16363 = VECTOR('',#16364,1.);
#16364 = DIRECTION('',(-3.787684560308E-03,4.193208445614E-02,
    0.999113283737));
#16365 = PLANE('',#16366);
#16366 = AXIS2_PLACEMENT_3D('',#16367,#16368,#16369);
#16367 = CARTESIAN_POINT('',(-21.49704378759,-13.80475613878,
    3.215336864062));
#16368 = DIRECTION('',(-0.997452279505,-7.133252959817E-02,
    -7.876113309206E-04));
#16369 = DIRECTION('',(7.13325517231E-02,-0.997452588881,
    6.776263578034E-21));
#16370 = ADVANCED_FACE('',(#16371),#16375,.T.);
#16371 = FACE_BOUND('',#16372,.T.);
#16372 = EDGE_LOOP('',(#16373,#16374));
#16373 = ORIENTED_EDGE('',*,*,#12015,.T.);
#16374 = ORIENTED_EDGE('',*,*,#12168,.T.);
#16375 = PLANE('',#16376);
#16376 = AXIS2_PLACEMENT_3D('',#16377,#16378,#16379);
#16377 = CARTESIAN_POINT('',(-4.98535904655E-09,3.911430034802E-09,0.));
#16378 = DIRECTION('',(0.,0.,1.));
#16379 = DIRECTION('',(1.,0.,0.));
#16380 = ADVANCED_FACE('',(#16381),#16385,.T.);
#16381 = FACE_BOUND('',#16382,.T.);
#16382 = EDGE_LOOP('',(#16383,#16384));
#16383 = ORIENTED_EDGE('',*,*,#12151,.T.);
#16384 = ORIENTED_EDGE('',*,*,#14955,.T.);
#16385 = PLANE('',#16386);
#16386 = AXIS2_PLACEMENT_3D('',#16387,#16388,#16389);
#16387 = CARTESIAN_POINT('',(-4.98535904655E-09,3.911430034802E-09,0.));
#16388 = DIRECTION('',(0.,0.,1.));
#16389 = DIRECTION('',(1.,0.,0.));
#16390 = ADVANCED_FACE('',(#16391),#16395,.T.);
#16391 = FACE_BOUND('',#16392,.T.);
#16392 = EDGE_LOOP('',(#16393,#16394));
#16393 = ORIENTED_EDGE('',*,*,#12142,.T.);
#16394 = ORIENTED_EDGE('',*,*,#14977,.T.);
#16395 = PLANE('',#16396);
#16396 = AXIS2_PLACEMENT_3D('',#16397,#16398,#16399);
#16397 = CARTESIAN_POINT('',(-4.98535904655E-09,3.911430034802E-09,0.));
#16398 = DIRECTION('',(0.,0.,1.));
#16399 = DIRECTION('',(1.,0.,0.));
#16400 = ADVANCED_FACE('',(#16401),#16405,.T.);
#16401 = FACE_BOUND('',#16402,.T.);
#16402 = EDGE_LOOP('',(#16403,#16404));
#16403 = ORIENTED_EDGE('',*,*,#12133,.T.);
#16404 = ORIENTED_EDGE('',*,*,#14999,.T.);
#16405 = PLANE('',#16406);
#16406 = AXIS2_PLACEMENT_3D('',#16407,#16408,#16409);
#16407 = CARTESIAN_POINT('',(-4.98535904655E-09,3.911430034802E-09,0.));
#16408 = DIRECTION('',(0.,0.,1.));
#16409 = DIRECTION('',(1.,0.,0.));
#16410 = ADVANCED_FACE('',(#16411),#16415,.T.);
#16411 = FACE_BOUND('',#16412,.T.);
#16412 = EDGE_LOOP('',(#16413,#16414));
#16413 = ORIENTED_EDGE('',*,*,#12124,.T.);
#16414 = ORIENTED_EDGE('',*,*,#15021,.T.);
#16415 = PLANE('',#16416);
#16416 = AXIS2_PLACEMENT_3D('',#16417,#16418,#16419);
#16417 = CARTESIAN_POINT('',(-4.98535904655E-09,3.911430034802E-09,0.));
#16418 = DIRECTION('',(0.,0.,1.));
#16419 = DIRECTION('',(1.,0.,0.));
#16420 = ADVANCED_FACE('',(#16421),#16425,.T.);
#16421 = FACE_BOUND('',#16422,.T.);
#16422 = EDGE_LOOP('',(#16423,#16424));
#16423 = ORIENTED_EDGE('',*,*,#12115,.T.);
#16424 = ORIENTED_EDGE('',*,*,#15043,.T.);
#16425 = PLANE('',#16426);
#16426 = AXIS2_PLACEMENT_3D('',#16427,#16428,#16429);
#16427 = CARTESIAN_POINT('',(-4.98535904655E-09,3.911430034802E-09,0.));
#16428 = DIRECTION('',(0.,0.,1.));
#16429 = DIRECTION('',(1.,0.,0.));
#16430 = ADVANCED_FACE('',(#16431),#16435,.T.);
#16431 = FACE_BOUND('',#16432,.T.);
#16432 = EDGE_LOOP('',(#16433,#16434));
#16433 = ORIENTED_EDGE('',*,*,#12034,.T.);
#16434 = ORIENTED_EDGE('',*,*,#15241,.T.);
#16435 = PLANE('',#16436);
#16436 = AXIS2_PLACEMENT_3D('',#16437,#16438,#16439);
#16437 = CARTESIAN_POINT('',(-4.98535904655E-09,3.911430034802E-09,0.));
#16438 = DIRECTION('',(0.,0.,1.));
#16439 = DIRECTION('',(1.,0.,0.));
#16440 = ADVANCED_FACE('',(#16441),#16445,.T.);
#16441 = FACE_BOUND('',#16442,.T.);
#16442 = EDGE_LOOP('',(#16443,#16444));
#16443 = ORIENTED_EDGE('',*,*,#12106,.T.);
#16444 = ORIENTED_EDGE('',*,*,#15065,.T.);
#16445 = PLANE('',#16446);
#16446 = AXIS2_PLACEMENT_3D('',#16447,#16448,#16449);
#16447 = CARTESIAN_POINT('',(-4.98535904655E-09,3.911430034802E-09,0.));
#16448 = DIRECTION('',(0.,0.,1.));
#16449 = DIRECTION('',(1.,0.,0.));
#16450 = ADVANCED_FACE('',(#16451),#16455,.T.);
#16451 = FACE_BOUND('',#16452,.T.);
#16452 = EDGE_LOOP('',(#16453,#16454));
#16453 = ORIENTED_EDGE('',*,*,#12043,.T.);
#16454 = ORIENTED_EDGE('',*,*,#15219,.T.);
#16455 = PLANE('',#16456);
#16456 = AXIS2_PLACEMENT_3D('',#16457,#16458,#16459);
#16457 = CARTESIAN_POINT('',(-4.98535904655E-09,3.911430034802E-09,0.));
#16458 = DIRECTION('',(0.,0.,1.));
#16459 = DIRECTION('',(1.,0.,0.));
#16460 = ADVANCED_FACE('',(#16461),#16465,.T.);
#16461 = FACE_BOUND('',#16462,.T.);
#16462 = EDGE_LOOP('',(#16463,#16464));
#16463 = ORIENTED_EDGE('',*,*,#12097,.T.);
#16464 = ORIENTED_EDGE('',*,*,#15094,.T.);
#16465 = PLANE('',#16466);
#16466 = AXIS2_PLACEMENT_3D('',#16467,#16468,#16469);
#16467 = CARTESIAN_POINT('',(-4.98535904655E-09,3.911430034802E-09,0.));
#16468 = DIRECTION('',(0.,0.,1.));
#16469 = DIRECTION('',(1.,0.,0.));
#16470 = ADVANCED_FACE('',(#16471),#16475,.T.);
#16471 = FACE_BOUND('',#16472,.T.);
#16472 = EDGE_LOOP('',(#16473,#16474));
#16473 = ORIENTED_EDGE('',*,*,#12052,.T.);
#16474 = ORIENTED_EDGE('',*,*,#15197,.T.);
#16475 = PLANE('',#16476);
#16476 = AXIS2_PLACEMENT_3D('',#16477,#16478,#16479);
#16477 = CARTESIAN_POINT('',(-4.98535904655E-09,3.911430034802E-09,0.));
#16478 = DIRECTION('',(0.,0.,1.));
#16479 = DIRECTION('',(1.,0.,0.));
#16480 = ADVANCED_FACE('',(#16481),#16485,.T.);
#16481 = FACE_BOUND('',#16482,.T.);
#16482 = EDGE_LOOP('',(#16483,#16484));
#16483 = ORIENTED_EDGE('',*,*,#12088,.T.);
#16484 = ORIENTED_EDGE('',*,*,#15109,.T.);
#16485 = PLANE('',#16486);
#16486 = AXIS2_PLACEMENT_3D('',#16487,#16488,#16489);
#16487 = CARTESIAN_POINT('',(-4.98535904655E-09,3.911430034802E-09,0.));
#16488 = DIRECTION('',(0.,0.,1.));
#16489 = DIRECTION('',(1.,0.,0.));
#16490 = ADVANCED_FACE('',(#16491),#16495,.T.);
#16491 = FACE_BOUND('',#16492,.T.);
#16492 = EDGE_LOOP('',(#16493,#16494));
#16493 = ORIENTED_EDGE('',*,*,#12061,.T.);
#16494 = ORIENTED_EDGE('',*,*,#15175,.T.);
#16495 = PLANE('',#16496);
#16496 = AXIS2_PLACEMENT_3D('',#16497,#16498,#16499);
#16497 = CARTESIAN_POINT('',(-4.98535904655E-09,3.911430034802E-09,0.));
#16498 = DIRECTION('',(0.,0.,1.));
#16499 = DIRECTION('',(1.,0.,0.));
#16500 = ADVANCED_FACE('',(#16501),#16505,.T.);
#16501 = FACE_BOUND('',#16502,.T.);
#16502 = EDGE_LOOP('',(#16503,#16504));
#16503 = ORIENTED_EDGE('',*,*,#12079,.T.);
#16504 = ORIENTED_EDGE('',*,*,#15131,.T.);
#16505 = PLANE('',#16506);
#16506 = AXIS2_PLACEMENT_3D('',#16507,#16508,#16509);
#16507 = CARTESIAN_POINT('',(-4.98535904655E-09,3.911430034802E-09,0.));
#16508 = DIRECTION('',(0.,0.,1.));
#16509 = DIRECTION('',(1.,0.,0.));
#16510 = ADVANCED_FACE('',(#16511),#16515,.T.);
#16511 = FACE_BOUND('',#16512,.T.);
#16512 = EDGE_LOOP('',(#16513,#16514));
#16513 = ORIENTED_EDGE('',*,*,#12070,.T.);
#16514 = ORIENTED_EDGE('',*,*,#15153,.T.);
#16515 = PLANE('',#16516);
#16516 = AXIS2_PLACEMENT_3D('',#16517,#16518,#16519);
#16517 = CARTESIAN_POINT('',(-4.98535904655E-09,3.911430034802E-09,0.));
#16518 = DIRECTION('',(0.,0.,1.));
#16519 = DIRECTION('',(1.,0.,0.));
#16520 = ADVANCED_FACE('',(#16521),#16525,.T.);
#16521 = FACE_BOUND('',#16522,.T.);
#16522 = EDGE_LOOP('',(#16523,#16524));
#16523 = ORIENTED_EDGE('',*,*,#12188,.T.);
#16524 = ORIENTED_EDGE('',*,*,#14652,.T.);
#16525 = PLANE('',#16526);
#16526 = AXIS2_PLACEMENT_3D('',#16527,#16528,#16529);
#16527 = CARTESIAN_POINT('',(-4.98535904655E-09,3.911430034802E-09,0.));
#16528 = DIRECTION('',(0.,0.,1.));
#16529 = DIRECTION('',(1.,0.,0.));
#16530 = ADVANCED_FACE('',(#16531),#16535,.T.);
#16531 = FACE_BOUND('',#16532,.T.);
#16532 = EDGE_LOOP('',(#16533,#16534));
#16533 = ORIENTED_EDGE('',*,*,#12324,.T.);
#16534 = ORIENTED_EDGE('',*,*,#14674,.T.);
#16535 = PLANE('',#16536);
#16536 = AXIS2_PLACEMENT_3D('',#16537,#16538,#16539);
#16537 = CARTESIAN_POINT('',(-4.98535904655E-09,3.911430034802E-09,0.));
#16538 = DIRECTION('',(0.,0.,1.));
#16539 = DIRECTION('',(1.,0.,0.));
#16540 = ADVANCED_FACE('',(#16541),#16545,.T.);
#16541 = FACE_BOUND('',#16542,.T.);
#16542 = EDGE_LOOP('',(#16543,#16544));
#16543 = ORIENTED_EDGE('',*,*,#12315,.T.);
#16544 = ORIENTED_EDGE('',*,*,#14696,.T.);
#16545 = PLANE('',#16546);
#16546 = AXIS2_PLACEMENT_3D('',#16547,#16548,#16549);
#16547 = CARTESIAN_POINT('',(-4.98535904655E-09,3.911430034802E-09,0.));
#16548 = DIRECTION('',(0.,0.,1.));
#16549 = DIRECTION('',(1.,0.,0.));
#16550 = ADVANCED_FACE('',(#16551),#16555,.T.);
#16551 = FACE_BOUND('',#16552,.T.);
#16552 = EDGE_LOOP('',(#16553,#16554));
#16553 = ORIENTED_EDGE('',*,*,#12306,.T.);
#16554 = ORIENTED_EDGE('',*,*,#14718,.T.);
#16555 = PLANE('',#16556);
#16556 = AXIS2_PLACEMENT_3D('',#16557,#16558,#16559);
#16557 = CARTESIAN_POINT('',(-4.98535904655E-09,3.911430034802E-09,0.));
#16558 = DIRECTION('',(0.,0.,1.));
#16559 = DIRECTION('',(1.,0.,0.));
#16560 = ADVANCED_FACE('',(#16561),#16565,.T.);
#16561 = FACE_BOUND('',#16562,.T.);
#16562 = EDGE_LOOP('',(#16563,#16564));
#16563 = ORIENTED_EDGE('',*,*,#12297,.T.);
#16564 = ORIENTED_EDGE('',*,*,#14740,.T.);
#16565 = PLANE('',#16566);
#16566 = AXIS2_PLACEMENT_3D('',#16567,#16568,#16569);
#16567 = CARTESIAN_POINT('',(-4.98535904655E-09,3.911430034802E-09,0.));
#16568 = DIRECTION('',(0.,0.,1.));
#16569 = DIRECTION('',(1.,0.,0.));
#16570 = ADVANCED_FACE('',(#16571),#16575,.T.);
#16571 = FACE_BOUND('',#16572,.T.);
#16572 = EDGE_LOOP('',(#16573,#16574));
#16573 = ORIENTED_EDGE('',*,*,#12288,.T.);
#16574 = ORIENTED_EDGE('',*,*,#14762,.T.);
#16575 = PLANE('',#16576);
#16576 = AXIS2_PLACEMENT_3D('',#16577,#16578,#16579);
#16577 = CARTESIAN_POINT('',(-4.98535904655E-09,3.911430034802E-09,0.));
#16578 = DIRECTION('',(0.,0.,1.));
#16579 = DIRECTION('',(1.,0.,0.));
#16580 = ADVANCED_FACE('',(#16581),#16585,.T.);
#16581 = FACE_BOUND('',#16582,.T.);
#16582 = EDGE_LOOP('',(#16583,#16584));
#16583 = ORIENTED_EDGE('',*,*,#12207,.T.);
#16584 = ORIENTED_EDGE('',*,*,#12345,.T.);
#16585 = PLANE('',#16586);
#16586 = AXIS2_PLACEMENT_3D('',#16587,#16588,#16589);
#16587 = CARTESIAN_POINT('',(-4.98535904655E-09,3.911430034802E-09,0.));
#16588 = DIRECTION('',(0.,0.,1.));
#16589 = DIRECTION('',(1.,0.,0.));
#16590 = ADVANCED_FACE('',(#16591),#16595,.T.);
#16591 = FACE_BOUND('',#16592,.T.);
#16592 = EDGE_LOOP('',(#16593,#16594));
#16593 = ORIENTED_EDGE('',*,*,#12279,.T.);
#16594 = ORIENTED_EDGE('',*,*,#14784,.T.);
#16595 = PLANE('',#16596);
#16596 = AXIS2_PLACEMENT_3D('',#16597,#16598,#16599);
#16597 = CARTESIAN_POINT('',(-4.98535904655E-09,3.911430034802E-09,0.));
#16598 = DIRECTION('',(0.,0.,1.));
#16599 = DIRECTION('',(1.,0.,0.));
#16600 = ADVANCED_FACE('',(#16601),#16605,.T.);
#16601 = FACE_BOUND('',#16602,.T.);
#16602 = EDGE_LOOP('',(#16603,#16604));
#16603 = ORIENTED_EDGE('',*,*,#12216,.T.);
#16604 = ORIENTED_EDGE('',*,*,#14938,.T.);
#16605 = PLANE('',#16606);
#16606 = AXIS2_PLACEMENT_3D('',#16607,#16608,#16609);
#16607 = CARTESIAN_POINT('',(-4.98535904655E-09,3.911430034802E-09,0.));
#16608 = DIRECTION('',(0.,0.,1.));
#16609 = DIRECTION('',(1.,0.,0.));
#16610 = ADVANCED_FACE('',(#16611),#16615,.T.);
#16611 = FACE_BOUND('',#16612,.T.);
#16612 = EDGE_LOOP('',(#16613,#16614));
#16613 = ORIENTED_EDGE('',*,*,#12270,.T.);
#16614 = ORIENTED_EDGE('',*,*,#14813,.T.);
#16615 = PLANE('',#16616);
#16616 = AXIS2_PLACEMENT_3D('',#16617,#16618,#16619);
#16617 = CARTESIAN_POINT('',(-4.98535904655E-09,3.911430034802E-09,0.));
#16618 = DIRECTION('',(0.,0.,1.));
#16619 = DIRECTION('',(1.,0.,0.));
#16620 = ADVANCED_FACE('',(#16621),#16625,.T.);
#16621 = FACE_BOUND('',#16622,.T.);
#16622 = EDGE_LOOP('',(#16623,#16624));
#16623 = ORIENTED_EDGE('',*,*,#12225,.T.);
#16624 = ORIENTED_EDGE('',*,*,#14916,.T.);
#16625 = PLANE('',#16626);
#16626 = AXIS2_PLACEMENT_3D('',#16627,#16628,#16629);
#16627 = CARTESIAN_POINT('',(-4.98535904655E-09,3.911430034802E-09,0.));
#16628 = DIRECTION('',(0.,0.,1.));
#16629 = DIRECTION('',(1.,0.,0.));
#16630 = ADVANCED_FACE('',(#16631),#16635,.T.);
#16631 = FACE_BOUND('',#16632,.T.);
#16632 = EDGE_LOOP('',(#16633,#16634));
#16633 = ORIENTED_EDGE('',*,*,#12261,.T.);
#16634 = ORIENTED_EDGE('',*,*,#14828,.T.);
#16635 = PLANE('',#16636);
#16636 = AXIS2_PLACEMENT_3D('',#16637,#16638,#16639);
#16637 = CARTESIAN_POINT('',(-4.98535904655E-09,3.911430034802E-09,0.));
#16638 = DIRECTION('',(0.,0.,1.));
#16639 = DIRECTION('',(1.,0.,0.));
#16640 = ADVANCED_FACE('',(#16641),#16645,.T.);
#16641 = FACE_BOUND('',#16642,.T.);
#16642 = EDGE_LOOP('',(#16643,#16644));
#16643 = ORIENTED_EDGE('',*,*,#12234,.T.);
#16644 = ORIENTED_EDGE('',*,*,#14894,.T.);
#16645 = PLANE('',#16646);
#16646 = AXIS2_PLACEMENT_3D('',#16647,#16648,#16649);
#16647 = CARTESIAN_POINT('',(-4.98535904655E-09,3.911430034802E-09,0.));
#16648 = DIRECTION('',(0.,0.,1.));
#16649 = DIRECTION('',(1.,0.,0.));
#16650 = ADVANCED_FACE('',(#16651),#16655,.T.);
#16651 = FACE_BOUND('',#16652,.T.);
#16652 = EDGE_LOOP('',(#16653,#16654));
#16653 = ORIENTED_EDGE('',*,*,#12252,.T.);
#16654 = ORIENTED_EDGE('',*,*,#14850,.T.);
#16655 = PLANE('',#16656);
#16656 = AXIS2_PLACEMENT_3D('',#16657,#16658,#16659);
#16657 = CARTESIAN_POINT('',(-4.98535904655E-09,3.911430034802E-09,0.));
#16658 = DIRECTION('',(0.,0.,1.));
#16659 = DIRECTION('',(1.,0.,0.));
#16660 = ADVANCED_FACE('',(#16661),#16665,.T.);
#16661 = FACE_BOUND('',#16662,.T.);
#16662 = EDGE_LOOP('',(#16663,#16664));
#16663 = ORIENTED_EDGE('',*,*,#12243,.T.);
#16664 = ORIENTED_EDGE('',*,*,#14872,.T.);
#16665 = PLANE('',#16666);
#16666 = AXIS2_PLACEMENT_3D('',#16667,#16668,#16669);
#16667 = CARTESIAN_POINT('',(-4.98535904655E-09,3.911430034802E-09,0.));
#16668 = DIRECTION('',(0.,0.,1.));
#16669 = DIRECTION('',(1.,0.,0.));
#16670 = ADVANCED_FACE('',(#16671),#16676,.T.);
#16671 = FACE_BOUND('',#16672,.T.);
#16672 = EDGE_LOOP('',(#16673,#16674,#16675));
#16673 = ORIENTED_EDGE('',*,*,#12361,.F.);
#16674 = ORIENTED_EDGE('',*,*,#15734,.F.);
#16675 = ORIENTED_EDGE('',*,*,#15711,.T.);
#16676 = PLANE('',#16677);
#16677 = AXIS2_PLACEMENT_3D('',#16678,#16679,#16680);
#16678 = CARTESIAN_POINT('',(20.626525223402,14.740395285044,
    3.286261959351));
#16679 = DIRECTION('',(0.111964379542,0.993711784555,9.311011881752E-04)
  );
#16680 = DIRECTION('',(0.993712215305,-0.111964428076,
    -1.355252715607E-20));
#16681 = ADVANCED_FACE('',(#16682),#16687,.T.);
#16682 = FACE_BOUND('',#16683,.T.);
#16683 = EDGE_LOOP('',(#16684,#16685,#16686));
#16684 = ORIENTED_EDGE('',*,*,#12409,.F.);
#16685 = ORIENTED_EDGE('',*,*,#15697,.F.);
#16686 = ORIENTED_EDGE('',*,*,#15674,.T.);
#16687 = PLANE('',#16688);
#16688 = AXIS2_PLACEMENT_3D('',#16689,#16690,#16691);
#16689 = CARTESIAN_POINT('',(-20.6265252234,14.740395285044,
    3.286261959351));
#16690 = DIRECTION('',(-0.111964379542,0.993711784555,9.311011881752E-04
    ));
#16691 = DIRECTION('',(0.993712215305,0.111964428076,1.355252715607E-20)
  );
#16692 = ADVANCED_FACE('',(#16693),#16698,.T.);
#16693 = FACE_BOUND('',#16694,.T.);
#16694 = EDGE_LOOP('',(#16695,#16696,#16697));
#16695 = ORIENTED_EDGE('',*,*,#12425,.F.);
#16696 = ORIENTED_EDGE('',*,*,#15681,.F.);
#16697 = ORIENTED_EDGE('',*,*,#15653,.T.);
#16698 = PLANE('',#16699);
#16699 = AXIS2_PLACEMENT_3D('',#16700,#16701,#16702);
#16700 = CARTESIAN_POINT('',(-20.76956083866,14.711415591728,
    3.286263200656));
#16701 = DIRECTION('',(-0.258823982135,0.965923980367,1.005198564162E-03
    ));
#16702 = DIRECTION('',(0.965924468364,0.258824112896,5.421010862428E-20)
  );
#16703 = ADVANCED_FACE('',(#16704),#16709,.T.);
#16704 = FACE_BOUND('',#16705,.T.);
#16705 = EDGE_LOOP('',(#16706,#16707,#16708));
#16706 = ORIENTED_EDGE('',*,*,#12441,.F.);
#16707 = ORIENTED_EDGE('',*,*,#15660,.F.);
#16708 = ORIENTED_EDGE('',*,*,#15632,.T.);
#16709 = PLANE('',#16710);
#16710 = AXIS2_PLACEMENT_3D('',#16711,#16712,#16713);
#16711 = CARTESIAN_POINT('',(-20.90684585248,14.661881702119,
    3.286263972519));
#16712 = DIRECTION('',(-0.399890531389,0.916562293418,1.060750103006E-03
    ));
#16713 = DIRECTION('',(0.916562809072,0.399890756365,0.));
#16714 = ADVANCED_FACE('',(#16715),#16720,.T.);
#16715 = FACE_BOUND('',#16716,.T.);
#16716 = EDGE_LOOP('',(#16717,#16718,#16719));
#16717 = ORIENTED_EDGE('',*,*,#12457,.F.);
#16718 = ORIENTED_EDGE('',*,*,#15639,.F.);
#16719 = ORIENTED_EDGE('',*,*,#15611,.T.);
#16720 = PLANE('',#16721);
#16721 = AXIS2_PLACEMENT_3D('',#16722,#16723,#16724);
#16722 = CARTESIAN_POINT('',(-21.03544189078,14.592852276015,
    3.286264678437));
#16723 = DIRECTION('',(-0.532027472731,0.846726380804,1.097410271911E-03
    ));
#16724 = DIRECTION('',(0.846726890665,0.532027793094,1.084202172486E-19)
  );
#16725 = ADVANCED_FACE('',(#16726),#16731,.T.);
#16726 = FACE_BOUND('',#16727,.T.);
#16727 = EDGE_LOOP('',(#16728,#16729,#16730));
#16728 = ORIENTED_EDGE('',*,*,#12473,.F.);
#16729 = ORIENTED_EDGE('',*,*,#15618,.F.);
#16730 = ORIENTED_EDGE('',*,*,#15590,.T.);
#16731 = PLANE('',#16732);
#16732 = AXIS2_PLACEMENT_3D('',#16733,#16734,#16735);
#16733 = CARTESIAN_POINT('',(-21.15259784875,14.505803410817,
    3.2862648727));
#16734 = DIRECTION('',(-0.652286781235,0.757971443385,1.116261451E-03));
#16735 = DIRECTION('',(0.757971915616,0.652287187623,0.));
#16736 = ADVANCED_FACE('',(#16737),#16742,.T.);
#16737 = FACE_BOUND('',#16738,.T.);
#16738 = EDGE_LOOP('',(#16739,#16740,#16741));
#16739 = ORIENTED_EDGE('',*,*,#12489,.F.);
#16740 = ORIENTED_EDGE('',*,*,#15597,.F.);
#16741 = ORIENTED_EDGE('',*,*,#15569,.T.);
#16742 = PLANE('',#16743);
#16743 = AXIS2_PLACEMENT_3D('',#16744,#16745,#16746);
#16744 = CARTESIAN_POINT('',(-21.25580319328,14.402597140801,
    3.28626455613));
#16745 = DIRECTION('',(-0.757971883731,0.652286270499,1.115702405856E-03
    ));
#16746 = DIRECTION('',(-0.65228667648,-0.75797235549,-1.084202172486E-19
    ));
#16747 = ADVANCED_FACE('',(#16748),#16753,.T.);
#16748 = FACE_BOUND('',#16749,.T.);
#16749 = EDGE_LOOP('',(#16750,#16751,#16752));
#16750 = ORIENTED_EDGE('',*,*,#12505,.F.);
#16751 = ORIENTED_EDGE('',*,*,#15576,.F.);
#16752 = ORIENTED_EDGE('',*,*,#15548,.T.);
#16753 = PLANE('',#16754);
#16754 = AXIS2_PLACEMENT_3D('',#16755,#16756,#16757);
#16755 = CARTESIAN_POINT('',(-21.34285227585,14.285442599797,
    3.286264488334));
#16756 = DIRECTION('',(-0.846724574586,0.532030347094,1.09752559807E-03)
  );
#16757 = DIRECTION('',(-0.532030667526,-0.846725084553,0.));
#16758 = ADVANCED_FACE('',(#16759),#16764,.T.);
#16759 = FACE_BOUND('',#16760,.T.);
#16760 = EDGE_LOOP('',(#16761,#16762,#16763));
#16761 = ORIENTED_EDGE('',*,*,#12521,.F.);
#16762 = ORIENTED_EDGE('',*,*,#15555,.F.);
#16763 = ORIENTED_EDGE('',*,*,#15527,.T.);
#16764 = PLANE('',#16765);
#16765 = AXIS2_PLACEMENT_3D('',#16766,#16767,#16768);
#16766 = CARTESIAN_POINT('',(-21.41188194754,14.156846342814,
    3.286264062364));
#16767 = DIRECTION('',(-0.916559954968,0.399895891912,1.060462503133E-03
    ));
#16768 = DIRECTION('',(-0.39989611677,-0.916560470342,0.));
#16769 = ADVANCED_FACE('',(#16770),#16775,.T.);
#16770 = FACE_BOUND('',#16771,.T.);
#16771 = EDGE_LOOP('',(#16772,#16773,#16774));
#16772 = ORIENTED_EDGE('',*,*,#12537,.F.);
#16773 = ORIENTED_EDGE('',*,*,#15534,.F.);
#16774 = ORIENTED_EDGE('',*,*,#15506,.T.);
#16775 = PLANE('',#16776);
#16776 = AXIS2_PLACEMENT_3D('',#16777,#16778,#16779);
#16777 = CARTESIAN_POINT('',(-21.46141630018,14.019561082629,
    3.286263359456));
#16778 = DIRECTION('',(-0.965926002945,0.258816433578,1.005259042709E-03
    ));
#16779 = DIRECTION('',(-0.258816564351,-0.965926491001,0.));
#16780 = ADVANCED_FACE('',(#16781),#16786,.T.);
#16781 = FACE_BOUND('',#16782,.T.);
#16782 = EDGE_LOOP('',(#16783,#16784,#16785));
#16783 = ORIENTED_EDGE('',*,*,#12553,.F.);
#16784 = ORIENTED_EDGE('',*,*,#15513,.F.);
#16785 = ORIENTED_EDGE('',*,*,#15490,.T.);
#16786 = PLANE('',#16787);
#16787 = AXIS2_PLACEMENT_3D('',#16788,#16789,#16790);
#16788 = CARTESIAN_POINT('',(-21.4903955026,13.876525223782,
    3.286261934229));
#16789 = DIRECTION('',(-0.993712494015,0.111958078647,9.315921963519E-04
    ));
#16790 = DIRECTION('',(-0.111958127229,-0.993712925219,0.));
#16791 = ADVANCED_FACE('',(#16792),#16797,.T.);
#16792 = FACE_BOUND('',#16793,.T.);
#16793 = EDGE_LOOP('',(#16794,#16795,#16796));
#16794 = ORIENTED_EDGE('',*,*,#12676,.F.);
#16795 = ORIENTED_EDGE('',*,*,#16360,.F.);
#16796 = ORIENTED_EDGE('',*,*,#16337,.T.);
#16797 = PLANE('',#16798);
#16798 = AXIS2_PLACEMENT_3D('',#16799,#16800,#16801);
#16799 = CARTESIAN_POINT('',(-21.4903955026,-13.87652522378,
    3.286261934229));
#16800 = DIRECTION('',(-0.993712494015,-0.111958078647,
    9.315921963519E-04));
#16801 = DIRECTION('',(0.111958127229,-0.993712925219,0.));
#16802 = ADVANCED_FACE('',(#16803),#16808,.T.);
#16803 = FACE_BOUND('',#16804,.T.);
#16804 = EDGE_LOOP('',(#16805,#16806,#16807));
#16805 = ORIENTED_EDGE('',*,*,#12692,.F.);
#16806 = ORIENTED_EDGE('',*,*,#16344,.F.);
#16807 = ORIENTED_EDGE('',*,*,#16316,.T.);
#16808 = PLANE('',#16809);
#16809 = AXIS2_PLACEMENT_3D('',#16810,#16811,#16812);
#16810 = CARTESIAN_POINT('',(-21.46141630018,-14.01956108262,
    3.286263359456));
#16811 = DIRECTION('',(-0.965926002945,-0.258816433578,
    1.005259042709E-03));
#16812 = DIRECTION('',(0.258816564351,-0.965926491001,
    -5.421010862428E-20));
#16813 = ADVANCED_FACE('',(#16814),#16819,.T.);
#16814 = FACE_BOUND('',#16815,.T.);
#16815 = EDGE_LOOP('',(#16816,#16817,#16818));
#16816 = ORIENTED_EDGE('',*,*,#12708,.F.);
#16817 = ORIENTED_EDGE('',*,*,#16323,.F.);
#16818 = ORIENTED_EDGE('',*,*,#16295,.T.);
#16819 = PLANE('',#16820);
#16820 = AXIS2_PLACEMENT_3D('',#16821,#16822,#16823);
#16821 = CARTESIAN_POINT('',(-21.41188194754,-14.15684634281,
    3.286264062364));
#16822 = DIRECTION('',(-0.916559954968,-0.399895891912,
    1.060462503133E-03));
#16823 = DIRECTION('',(0.39989611677,-0.916560470342,0.));
#16824 = ADVANCED_FACE('',(#16825),#16830,.T.);
#16825 = FACE_BOUND('',#16826,.T.);
#16826 = EDGE_LOOP('',(#16827,#16828,#16829));
#16827 = ORIENTED_EDGE('',*,*,#12724,.F.);
#16828 = ORIENTED_EDGE('',*,*,#16302,.F.);
#16829 = ORIENTED_EDGE('',*,*,#16274,.T.);
#16830 = PLANE('',#16831);
#16831 = AXIS2_PLACEMENT_3D('',#16832,#16833,#16834);
#16832 = CARTESIAN_POINT('',(-21.34285227585,-14.28544259979,
    3.286264488334));
#16833 = DIRECTION('',(-0.846724574586,-0.532030347094,1.09752559807E-03
    ));
#16834 = DIRECTION('',(0.532030667526,-0.846725084553,0.));
#16835 = ADVANCED_FACE('',(#16836),#16841,.T.);
#16836 = FACE_BOUND('',#16837,.T.);
#16837 = EDGE_LOOP('',(#16838,#16839,#16840));
#16838 = ORIENTED_EDGE('',*,*,#12740,.F.);
#16839 = ORIENTED_EDGE('',*,*,#16281,.F.);
#16840 = ORIENTED_EDGE('',*,*,#16253,.T.);
#16841 = PLANE('',#16842);
#16842 = AXIS2_PLACEMENT_3D('',#16843,#16844,#16845);
#16843 = CARTESIAN_POINT('',(-21.25580319328,-14.4025971408,
    3.28626455613));
#16844 = DIRECTION('',(-0.757971883731,-0.652286270499,
    1.115702405856E-03));
#16845 = DIRECTION('',(0.65228667648,-0.75797235549,0.));
#16846 = ADVANCED_FACE('',(#16847),#16852,.T.);
#16847 = FACE_BOUND('',#16848,.T.);
#16848 = EDGE_LOOP('',(#16849,#16850,#16851));
#16849 = ORIENTED_EDGE('',*,*,#12756,.F.);
#16850 = ORIENTED_EDGE('',*,*,#16260,.F.);
#16851 = ORIENTED_EDGE('',*,*,#16232,.T.);
#16852 = PLANE('',#16853);
#16853 = AXIS2_PLACEMENT_3D('',#16854,#16855,#16856);
#16854 = CARTESIAN_POINT('',(-21.15259784875,-14.50580341081,
    3.2862648727));
#16855 = DIRECTION('',(-0.652286781235,-0.757971443385,1.116261451E-03)
  );
#16856 = DIRECTION('',(-0.757971915616,0.652287187623,0.));
#16857 = ADVANCED_FACE('',(#16858),#16863,.T.);
#16858 = FACE_BOUND('',#16859,.T.);
#16859 = EDGE_LOOP('',(#16860,#16861,#16862));
#16860 = ORIENTED_EDGE('',*,*,#12772,.F.);
#16861 = ORIENTED_EDGE('',*,*,#16239,.F.);
#16862 = ORIENTED_EDGE('',*,*,#16211,.T.);
#16863 = PLANE('',#16864);
#16864 = AXIS2_PLACEMENT_3D('',#16865,#16866,#16867);
#16865 = CARTESIAN_POINT('',(-21.03544189078,-14.59285227601,
    3.286264678437));
#16866 = DIRECTION('',(-0.532027472731,-0.846726380804,
    1.097410271911E-03));
#16867 = DIRECTION('',(-0.846726890665,0.532027793094,0.));
#16868 = ADVANCED_FACE('',(#16869),#16874,.T.);
#16869 = FACE_BOUND('',#16870,.T.);
#16870 = EDGE_LOOP('',(#16871,#16872,#16873));
#16871 = ORIENTED_EDGE('',*,*,#12788,.F.);
#16872 = ORIENTED_EDGE('',*,*,#16218,.F.);
#16873 = ORIENTED_EDGE('',*,*,#16190,.T.);
#16874 = PLANE('',#16875);
#16875 = AXIS2_PLACEMENT_3D('',#16876,#16877,#16878);
#16876 = CARTESIAN_POINT('',(-20.90684585248,-14.66188170211,
    3.286263972519));
#16877 = DIRECTION('',(-0.399890531389,-0.916562293418,
    1.060750103006E-03));
#16878 = DIRECTION('',(-0.916562809072,0.399890756365,0.));
#16879 = ADVANCED_FACE('',(#16880),#16885,.T.);
#16880 = FACE_BOUND('',#16881,.T.);
#16881 = EDGE_LOOP('',(#16882,#16883,#16884));
#16882 = ORIENTED_EDGE('',*,*,#12804,.F.);
#16883 = ORIENTED_EDGE('',*,*,#16197,.F.);
#16884 = ORIENTED_EDGE('',*,*,#16169,.T.);
#16885 = PLANE('',#16886);
#16886 = AXIS2_PLACEMENT_3D('',#16887,#16888,#16889);
#16887 = CARTESIAN_POINT('',(-20.76956083866,-14.71141559172,
    3.286263200656));
#16888 = DIRECTION('',(-0.258823982135,-0.965923980367,
    1.005198564162E-03));
#16889 = DIRECTION('',(-0.965924468364,0.258824112896,
    -5.421010862428E-20));
#16890 = ADVANCED_FACE('',(#16891),#16896,.T.);
#16891 = FACE_BOUND('',#16892,.T.);
#16892 = EDGE_LOOP('',(#16893,#16894,#16895));
#16893 = ORIENTED_EDGE('',*,*,#12820,.F.);
#16894 = ORIENTED_EDGE('',*,*,#16176,.F.);
#16895 = ORIENTED_EDGE('',*,*,#16153,.T.);
#16896 = PLANE('',#16897);
#16897 = AXIS2_PLACEMENT_3D('',#16898,#16899,#16900);
#16898 = CARTESIAN_POINT('',(-20.6265252234,-14.74039528504,
    3.286261959351));
#16899 = DIRECTION('',(-0.111964379542,-0.993711784555,
    9.311011881752E-04));
#16900 = DIRECTION('',(-0.993712215305,0.111964428076,
    -1.355252715607E-20));
#16901 = ADVANCED_FACE('',(#16902),#16907,.T.);
#16902 = FACE_BOUND('',#16903,.T.);
#16903 = EDGE_LOOP('',(#16904,#16905,#16906));
#16904 = ORIENTED_EDGE('',*,*,#12868,.F.);
#16905 = ORIENTED_EDGE('',*,*,#16139,.F.);
#16906 = ORIENTED_EDGE('',*,*,#16116,.T.);
#16907 = PLANE('',#16908);
#16908 = AXIS2_PLACEMENT_3D('',#16909,#16910,#16911);
#16909 = CARTESIAN_POINT('',(20.626525223402,-14.74039528504,
    3.286261959351));
#16910 = DIRECTION('',(0.111964379542,-0.993711784555,9.311011881752E-04
    ));
#16911 = DIRECTION('',(-0.993712215305,-0.111964428076,
    1.355252715607E-20));
#16912 = ADVANCED_FACE('',(#16913),#16918,.T.);
#16913 = FACE_BOUND('',#16914,.T.);
#16914 = EDGE_LOOP('',(#16915,#16916,#16917));
#16915 = ORIENTED_EDGE('',*,*,#12884,.F.);
#16916 = ORIENTED_EDGE('',*,*,#16123,.F.);
#16917 = ORIENTED_EDGE('',*,*,#16095,.T.);
#16918 = PLANE('',#16919);
#16919 = AXIS2_PLACEMENT_3D('',#16920,#16921,#16922);
#16920 = CARTESIAN_POINT('',(20.769560838668,-14.71141559172,
    3.286263200656));
#16921 = DIRECTION('',(0.258823982135,-0.965923980367,1.005198564162E-03
    ));
#16922 = DIRECTION('',(-0.965924468364,-0.258824112896,
    5.421010862428E-20));
#16923 = ADVANCED_FACE('',(#16924),#16929,.T.);
#16924 = FACE_BOUND('',#16925,.T.);
#16925 = EDGE_LOOP('',(#16926,#16927,#16928));
#16926 = ORIENTED_EDGE('',*,*,#12900,.F.);
#16927 = ORIENTED_EDGE('',*,*,#16102,.F.);
#16928 = ORIENTED_EDGE('',*,*,#16074,.T.);
#16929 = PLANE('',#16930);
#16930 = AXIS2_PLACEMENT_3D('',#16931,#16932,#16933);
#16931 = CARTESIAN_POINT('',(20.90684585248,-14.66188170211,
    3.286263972519));
#16932 = DIRECTION('',(0.399890531389,-0.916562293418,1.060750103006E-03
    ));
#16933 = DIRECTION('',(-0.916562809072,-0.399890756365,0.));
#16934 = ADVANCED_FACE('',(#16935),#16940,.T.);
#16935 = FACE_BOUND('',#16936,.T.);
#16936 = EDGE_LOOP('',(#16937,#16938,#16939));
#16937 = ORIENTED_EDGE('',*,*,#12916,.F.);
#16938 = ORIENTED_EDGE('',*,*,#16081,.F.);
#16939 = ORIENTED_EDGE('',*,*,#16053,.T.);
#16940 = PLANE('',#16941);
#16941 = AXIS2_PLACEMENT_3D('',#16942,#16943,#16944);
#16942 = CARTESIAN_POINT('',(21.035441890787,-14.59285227601,
    3.286264678437));
#16943 = DIRECTION('',(0.532027472731,-0.846726380804,1.097410271911E-03
    ));
#16944 = DIRECTION('',(-0.846726890665,-0.532027793094,
    1.084202172486E-19));
#16945 = ADVANCED_FACE('',(#16946),#16951,.T.);
#16946 = FACE_BOUND('',#16947,.T.);
#16947 = EDGE_LOOP('',(#16948,#16949,#16950));
#16948 = ORIENTED_EDGE('',*,*,#12932,.F.);
#16949 = ORIENTED_EDGE('',*,*,#16060,.F.);
#16950 = ORIENTED_EDGE('',*,*,#16032,.T.);
#16951 = PLANE('',#16952);
#16952 = AXIS2_PLACEMENT_3D('',#16953,#16954,#16955);
#16953 = CARTESIAN_POINT('',(21.152597848752,-14.50580341081,
    3.2862648727));
#16954 = DIRECTION('',(0.652286781235,-0.757971443385,1.116261451E-03));
#16955 = DIRECTION('',(-0.757971915616,-0.652287187623,0.));
#16956 = ADVANCED_FACE('',(#16957),#16962,.T.);
#16957 = FACE_BOUND('',#16958,.T.);
#16958 = EDGE_LOOP('',(#16959,#16960,#16961));
#16959 = ORIENTED_EDGE('',*,*,#12948,.F.);
#16960 = ORIENTED_EDGE('',*,*,#16039,.F.);
#16961 = ORIENTED_EDGE('',*,*,#16011,.T.);
#16962 = PLANE('',#16963);
#16963 = AXIS2_PLACEMENT_3D('',#16964,#16965,#16966);
#16964 = CARTESIAN_POINT('',(21.255803193281,-14.4025971408,
    3.28626455613));
#16965 = DIRECTION('',(0.757971883731,-0.652286270499,1.115702405856E-03
    ));
#16966 = DIRECTION('',(0.65228667648,0.75797235549,-1.084202172486E-19)
  );
#16967 = ADVANCED_FACE('',(#16968),#16973,.T.);
#16968 = FACE_BOUND('',#16969,.T.);
#16969 = EDGE_LOOP('',(#16970,#16971,#16972));
#16970 = ORIENTED_EDGE('',*,*,#12964,.F.);
#16971 = ORIENTED_EDGE('',*,*,#16018,.F.);
#16972 = ORIENTED_EDGE('',*,*,#15990,.T.);
#16973 = PLANE('',#16974);
#16974 = AXIS2_PLACEMENT_3D('',#16975,#16976,#16977);
#16975 = CARTESIAN_POINT('',(21.342852275858,-14.28544259979,
    3.286264488334));
#16976 = DIRECTION('',(0.846724574586,-0.532030347094,1.09752559807E-03)
  );
#16977 = DIRECTION('',(0.532030667526,0.846725084553,0.));
#16978 = ADVANCED_FACE('',(#16979),#16984,.T.);
#16979 = FACE_BOUND('',#16980,.T.);
#16980 = EDGE_LOOP('',(#16981,#16982,#16983));
#16981 = ORIENTED_EDGE('',*,*,#12980,.F.);
#16982 = ORIENTED_EDGE('',*,*,#15997,.F.);
#16983 = ORIENTED_EDGE('',*,*,#15969,.T.);
#16984 = PLANE('',#16985);
#16985 = AXIS2_PLACEMENT_3D('',#16986,#16987,#16988);
#16986 = CARTESIAN_POINT('',(21.411881947545,-14.15684634281,
    3.286264062364));
#16987 = DIRECTION('',(0.916559954968,-0.399895891912,1.060462503133E-03
    ));
#16988 = DIRECTION('',(0.39989611677,0.916560470342,0.));
#16989 = ADVANCED_FACE('',(#16990),#16995,.T.);
#16990 = FACE_BOUND('',#16991,.T.);
#16991 = EDGE_LOOP('',(#16992,#16993,#16994));
#16992 = ORIENTED_EDGE('',*,*,#12996,.F.);
#16993 = ORIENTED_EDGE('',*,*,#15976,.F.);
#16994 = ORIENTED_EDGE('',*,*,#15948,.T.);
#16995 = PLANE('',#16996);
#16996 = AXIS2_PLACEMENT_3D('',#16997,#16998,#16999);
#16997 = CARTESIAN_POINT('',(21.461416300187,-14.01956108262,
    3.286263359456));
#16998 = DIRECTION('',(0.965926002945,-0.258816433578,1.005259042709E-03
    ));
#16999 = DIRECTION('',(0.258816564351,0.965926491001,0.));
#17000 = ADVANCED_FACE('',(#17001),#17006,.T.);
#17001 = FACE_BOUND('',#17002,.T.);
#17002 = EDGE_LOOP('',(#17003,#17004,#17005));
#17003 = ORIENTED_EDGE('',*,*,#13012,.F.);
#17004 = ORIENTED_EDGE('',*,*,#15955,.F.);
#17005 = ORIENTED_EDGE('',*,*,#15932,.T.);
#17006 = PLANE('',#17007);
#17007 = AXIS2_PLACEMENT_3D('',#17008,#17009,#17010);
#17008 = CARTESIAN_POINT('',(21.490395502609,-13.87652522378,
    3.286261934229));
#17009 = DIRECTION('',(0.993712494015,-0.111958078647,9.315921963519E-04
    ));
#17010 = DIRECTION('',(0.111958127229,0.993712925219,0.));
#17011 = ADVANCED_FACE('',(#17012),#17017,.T.);
#17012 = FACE_BOUND('',#17013,.T.);
#17013 = EDGE_LOOP('',(#17014,#17015,#17016));
#17014 = ORIENTED_EDGE('',*,*,#13135,.F.);
#17015 = ORIENTED_EDGE('',*,*,#15918,.F.);
#17016 = ORIENTED_EDGE('',*,*,#15895,.T.);
#17017 = PLANE('',#17018);
#17018 = AXIS2_PLACEMENT_3D('',#17019,#17020,#17021);
#17019 = CARTESIAN_POINT('',(21.490395502609,13.876525223782,
    3.286261934229));
#17020 = DIRECTION('',(0.993712494015,0.111958078647,9.315921963519E-04)
  );
#17021 = DIRECTION('',(-0.111958127229,0.993712925219,0.));
#17022 = ADVANCED_FACE('',(#17023),#17028,.T.);
#17023 = FACE_BOUND('',#17024,.T.);
#17024 = EDGE_LOOP('',(#17025,#17026,#17027));
#17025 = ORIENTED_EDGE('',*,*,#13151,.F.);
#17026 = ORIENTED_EDGE('',*,*,#15902,.F.);
#17027 = ORIENTED_EDGE('',*,*,#15874,.T.);
#17028 = PLANE('',#17029);
#17029 = AXIS2_PLACEMENT_3D('',#17030,#17031,#17032);
#17030 = CARTESIAN_POINT('',(21.461416300187,14.019561082629,
    3.286263359456));
#17031 = DIRECTION('',(0.965926002945,0.258816433578,1.005259042709E-03)
  );
#17032 = DIRECTION('',(-0.258816564351,0.965926491001,
    -5.421010862428E-20));
#17033 = ADVANCED_FACE('',(#17034),#17039,.T.);
#17034 = FACE_BOUND('',#17035,.T.);
#17035 = EDGE_LOOP('',(#17036,#17037,#17038));
#17036 = ORIENTED_EDGE('',*,*,#13167,.F.);
#17037 = ORIENTED_EDGE('',*,*,#15881,.F.);
#17038 = ORIENTED_EDGE('',*,*,#15853,.T.);
#17039 = PLANE('',#17040);
#17040 = AXIS2_PLACEMENT_3D('',#17041,#17042,#17043);
#17041 = CARTESIAN_POINT('',(21.411881947545,14.156846342814,
    3.286264062364));
#17042 = DIRECTION('',(0.916559954968,0.399895891912,1.060462503133E-03)
  );
#17043 = DIRECTION('',(-0.39989611677,0.916560470342,0.));
#17044 = ADVANCED_FACE('',(#17045),#17050,.T.);
#17045 = FACE_BOUND('',#17046,.T.);
#17046 = EDGE_LOOP('',(#17047,#17048,#17049));
#17047 = ORIENTED_EDGE('',*,*,#13183,.F.);
#17048 = ORIENTED_EDGE('',*,*,#15860,.F.);
#17049 = ORIENTED_EDGE('',*,*,#15832,.T.);
#17050 = PLANE('',#17051);
#17051 = AXIS2_PLACEMENT_3D('',#17052,#17053,#17054);
#17052 = CARTESIAN_POINT('',(21.342852275858,14.285442599797,
    3.286264488334));
#17053 = DIRECTION('',(0.846724574586,0.532030347094,1.09752559807E-03)
  );
#17054 = DIRECTION('',(-0.532030667526,0.846725084553,0.));
#17055 = ADVANCED_FACE('',(#17056),#17061,.T.);
#17056 = FACE_BOUND('',#17057,.T.);
#17057 = EDGE_LOOP('',(#17058,#17059,#17060));
#17058 = ORIENTED_EDGE('',*,*,#13199,.F.);
#17059 = ORIENTED_EDGE('',*,*,#15839,.F.);
#17060 = ORIENTED_EDGE('',*,*,#15811,.T.);
#17061 = PLANE('',#17062);
#17062 = AXIS2_PLACEMENT_3D('',#17063,#17064,#17065);
#17063 = CARTESIAN_POINT('',(21.255803193281,14.402597140801,
    3.28626455613));
#17064 = DIRECTION('',(0.757971883731,0.652286270499,1.115702405856E-03)
  );
#17065 = DIRECTION('',(-0.65228667648,0.75797235549,0.));
#17066 = ADVANCED_FACE('',(#17067),#17072,.T.);
#17067 = FACE_BOUND('',#17068,.T.);
#17068 = EDGE_LOOP('',(#17069,#17070,#17071));
#17069 = ORIENTED_EDGE('',*,*,#13215,.F.);
#17070 = ORIENTED_EDGE('',*,*,#15818,.F.);
#17071 = ORIENTED_EDGE('',*,*,#15790,.T.);
#17072 = PLANE('',#17073);
#17073 = AXIS2_PLACEMENT_3D('',#17074,#17075,#17076);
#17074 = CARTESIAN_POINT('',(21.152597848752,14.505803410817,
    3.2862648727));
#17075 = DIRECTION('',(0.652286781235,0.757971443385,1.116261451E-03));
#17076 = DIRECTION('',(0.757971915616,-0.652287187623,0.));
#17077 = ADVANCED_FACE('',(#17078),#17083,.T.);
#17078 = FACE_BOUND('',#17079,.T.);
#17079 = EDGE_LOOP('',(#17080,#17081,#17082));
#17080 = ORIENTED_EDGE('',*,*,#13231,.F.);
#17081 = ORIENTED_EDGE('',*,*,#15797,.F.);
#17082 = ORIENTED_EDGE('',*,*,#15769,.T.);
#17083 = PLANE('',#17084);
#17084 = AXIS2_PLACEMENT_3D('',#17085,#17086,#17087);
#17085 = CARTESIAN_POINT('',(21.035441890787,14.592852276015,
    3.286264678437));
#17086 = DIRECTION('',(0.532027472731,0.846726380804,1.097410271911E-03)
  );
#17087 = DIRECTION('',(0.846726890665,-0.532027793094,0.));
#17088 = ADVANCED_FACE('',(#17089),#17094,.T.);
#17089 = FACE_BOUND('',#17090,.T.);
#17090 = EDGE_LOOP('',(#17091,#17092,#17093));
#17091 = ORIENTED_EDGE('',*,*,#13247,.F.);
#17092 = ORIENTED_EDGE('',*,*,#15776,.F.);
#17093 = ORIENTED_EDGE('',*,*,#15748,.T.);
#17094 = PLANE('',#17095);
#17095 = AXIS2_PLACEMENT_3D('',#17096,#17097,#17098);
#17096 = CARTESIAN_POINT('',(20.90684585248,14.661881702119,
    3.286263972519));
#17097 = DIRECTION('',(0.399890531389,0.916562293418,1.060750103006E-03)
  );
#17098 = DIRECTION('',(0.916562809072,-0.399890756365,0.));
#17099 = ADVANCED_FACE('',(#17100),#17105,.T.);
#17100 = FACE_BOUND('',#17101,.T.);
#17101 = EDGE_LOOP('',(#17102,#17103,#17104));
#17102 = ORIENTED_EDGE('',*,*,#13263,.F.);
#17103 = ORIENTED_EDGE('',*,*,#15755,.F.);
#17104 = ORIENTED_EDGE('',*,*,#15727,.T.);
#17105 = PLANE('',#17106);
#17106 = AXIS2_PLACEMENT_3D('',#17107,#17108,#17109);
#17107 = CARTESIAN_POINT('',(20.769560838668,14.711415591728,
    3.286263200656));
#17108 = DIRECTION('',(0.258823982135,0.965923980367,1.005198564162E-03)
  );
#17109 = DIRECTION('',(0.965924468364,-0.258824112896,
    -5.421010862428E-20));
#17110 = ADVANCED_FACE('',(#17111),#17117,.T.);
#17111 = FACE_BOUND('',#17112,.T.);
#17112 = EDGE_LOOP('',(#17113,#17114,#17115,#17116));
#17113 = ORIENTED_EDGE('',*,*,#31,.T.);
#17114 = ORIENTED_EDGE('',*,*,#610,.T.);
#17115 = ORIENTED_EDGE('',*,*,#4547,.F.);
#17116 = ORIENTED_EDGE('',*,*,#694,.F.);
#17117 = PLANE('',#17118);
#17118 = AXIS2_PLACEMENT_3D('',#17119,#17120,#17121);
#17119 = CARTESIAN_POINT('',(1.338527799643E-16,4.95,-0.45));
#17120 = DIRECTION('',(0.,-0.707106781187,0.707106781187));
#17121 = DIRECTION('',(0.,0.707106781187,0.707106781187));
#17122 = ADVANCED_FACE('',(#17123),#17129,.T.);
#17123 = FACE_BOUND('',#17124,.T.);
#17124 = EDGE_LOOP('',(#17125,#17126,#17127,#17128));
#17125 = ORIENTED_EDGE('',*,*,#514,.F.);
#17126 = ORIENTED_EDGE('',*,*,#3108,.T.);
#17127 = ORIENTED_EDGE('',*,*,#790,.T.);
#17128 = ORIENTED_EDGE('',*,*,#3204,.F.);
#17129 = PLANE('',#17130);
#17130 = AXIS2_PLACEMENT_3D('',#17131,#17132,#17133);
#17131 = CARTESIAN_POINT('',(-8.404256008135E-17,-4.95,-0.45));
#17132 = DIRECTION('',(0.,0.707106781187,0.707106781187));
#17133 = DIRECTION('',(0.,0.707106781187,-0.707106781187));
#17134 = ( GEOMETRIC_REPRESENTATION_CONTEXT(3) 
GLOBAL_UNCERTAINTY_ASSIGNED_CONTEXT((#17138)) 
GLOBAL_UNIT_ASSIGNED_CONTEXT((#17135,#17136,#17137)) 
REPRESENTATION_CONTEXT('Context #1',
  '3D Context with UNIT and UNCERTAINTY') );
#17135 = ( LENGTH_UNIT() NAMED_UNIT(*) SI_UNIT(.MILLI.,.METRE.) );
#17136 = ( NAMED_UNIT(*) PLANE_ANGLE_UNIT() SI_UNIT($,.RADIAN.) );
#17137 = ( NAMED_UNIT(*) SI_UNIT($,.STERADIAN.) SOLID_ANGLE_UNIT() );
#17138 = UNCERTAINTY_MEASURE_WITH_UNIT(LENGTH_MEASURE(1.E-05),#17135,
  'distance_accuracy_value','confusion accuracy');
#17139 = PRODUCT_RELATED_PRODUCT_CATEGORY('part',$,(#7));
#17140 = MECHANICAL_DESIGN_GEOMETRIC_PRESENTATION_REPRESENTATION('',(
    #17141),#17134);
#17141 = STYLED_ITEM('color',(#17142),#15);
#17142 = PRESENTATION_STYLE_ASSIGNMENT((#17143,#17149));
#17143 = SURFACE_STYLE_USAGE(.BOTH.,#17144);
#17144 = SURFACE_SIDE_STYLE('',(#17145));
#17145 = SURFACE_STYLE_FILL_AREA(#17146);
#17146 = FILL_AREA_STYLE('',(#17147));
#17147 = FILL_AREA_STYLE_COLOUR('',#17148);
#17148 = COLOUR_RGB('',0.800000010877,0.800000010877,0.90196104065);
#17149 = CURVE_STYLE('',#17150,POSITIVE_LENGTH_MEASURE(0.1),#17151);
#17150 = DRAUGHTING_PRE_DEFINED_CURVE_FONT('continuous');
#17151 = COLOUR_RGB('',9.803921802644E-02,9.803921802644E-02,
  9.803921802644E-02);
ENDSEC;
END-ISO-10303-21;
