ISO-10303-21;
HEADER;
FILE_DESCRIPTION(('FreeCAD Model'),'2;1');
FILE_NAME('Open CASCADE Shape Model','2026-01-16T21:58:39',(''),(''),
  'Open CASCADE STEP processor 7.8','FreeCAD','Unknown');
FILE_SCHEMA(('AUTOMOTIVE_DESIGN { 1 0 10303 214 1 1 1 1 }'));
ENDSEC;
DATA;
#1 = APPLICATION_PROTOCOL_DEFINITION('international standard',
  'automotive_design',2000,#2);
#2 = APPLICATION_CONTEXT(
  'core data for automotive mechanical design processes');
#3 = SHAPE_DEFINITION_REPRESENTATION(#4,#10);
#4 = PRODUCT_DEFINITION_SHAPE('','',#5);
#5 = PRODUCT_DEFINITION('design','',#6,#9);
#6 = PRODUCT_DEFINITION_FORMATION('','',#7);
#7 = PRODUCT('bottom-tilted','bottom-tilted','',(#8));
#8 = PRODUCT_CONTEXT('',#2,'mechanical');
#9 = PRODUCT_DEFINITION_CONTEXT('part definition',#2,'design');
#10 = ADVANCED_BREP_SHAPE_REPRESENTATION('',(#11,#15),#17145);
#11 = AXIS2_PLACEMENT_3D('',#12,#13,#14);
#12 = CARTESIAN_POINT('',(0.,0.,0.));
#13 = DIRECTION('',(0.,0.,1.));
#14 = DIRECTION('',(1.,0.,-0.));
#15 = MANIFOLD_SOLID_BREP('',#16);
#16 = CLOSED_SHELL('',(#17,#185,#659,#683,#714,#779,#2092,#2123,#2147,
    #2621,#2645,#2669,#2825,#2881,#2905,#2929,#2953,#2970,#2987,#3003,
    #3084,#3107,#3130,#3153,#3176,#3199,#3222,#3245,#3268,#3291,#3314,
    #3337,#3360,#3383,#3406,#3429,#3452,#3474,#3497,#3530,#3552,#3576,
    #3609,#3656,#3680,#3697,#3744,#3793,#3810,#3834,#3883,#3930,#3954,
    #3971,#4018,#4067,#4084,#4108,#4157,#4204,#4228,#4245,#4292,#4341,
    #4358,#4382,#4431,#4478,#4502,#4519,#4566,#4615,#4632,#4656,#4698,
    #4723,#4739,#4768,#4842,#4866,#4976,#4999,#5030,#5053,#5076,#5099,
    #5122,#5145,#5168,#5191,#5214,#5237,#5260,#5283,#5348,#5371,#5394,
    #5417,#5440,#5463,#5486,#5509,#5532,#5555,#5578,#5601,#5632,#5655,
    #5678,#5701,#5724,#5747,#5770,#5793,#5816,#5839,#5862,#5885,#5950,
    #5973,#5996,#6019,#6042,#6065,#6088,#6111,#6134,#6157,#6180,#6218,
    #6498,#6529,#6546,#6569,#6592,#6615,#6638,#6661,#6684,#6707,#6730,
    #6753,#6776,#6799,#6822,#6845,#6868,#6891,#6914,#6937,#6960,#7089,
    #7112,#7135,#7158,#7181,#7204,#7227,#7250,#7271,#7287,#7310,#7333,
    #7356,#7379,#7402,#7425,#7448,#7471,#7488,#7505,#7522,#7553,#7591,
    #7608,#7641,#7672,#7710,#7727,#7760,#7791,#7829,#7846,#7879,#7896,
    #7941,#7958,#7998,#8015,#8032,#8063,#8101,#8118,#8151,#8182,#8220,
    #8237,#8270,#8287,#8304,#8349,#8366,#8406,#8423,#8440,#8471,#8509,
    #8526,#8559,#8576,#8592,#8621,#8642,#8665,#8688,#8711,#8734,#8757,
    #8780,#8803,#8826,#8849,#8872,#8895,#8918,#8941,#8964,#8987,#9010,
    #9027,#9044,#9061,#9078,#9095,#9112,#9129,#9146,#9163,#9188,#9205,
    #9222,#9239,#9251,#9276,#9301,#9313,#9324,#9341,#9358,#9370,#9386,
    #9402,#9418,#9434,#9450,#9466,#9482,#9498,#9514,#9530,#9546,#9562,
    #9578,#9594,#9611,#9627,#9644,#9656,#9668,#9680,#9692,#9704,#9716,
    #9728,#9740,#9752,#9764,#9776,#9788,#9800,#9812,#9824,#9836,#9848,
    #9873,#9884,#9906,#9937,#10094,#10172,#10323,#10352,#11190,#11214,
    #11238,#11387,#11536,#11552,#11568,#11584,#11600,#11616,#11632,
    #11648,#11664,#11680,#11696,#11712,#11728,#11744,#11760,#11776,
    #11799,#11823,#11839,#11851,#11867,#11883,#11899,#11915,#11931,
    #11947,#11963,#11979,#11995,#12011,#12027,#12043,#12059,#12075,
    #12091,#12107,#12123,#12139,#12155,#12171,#12187,#12203,#12219,
    #12235,#12258,#12282,#12298,#12310,#12326,#12342,#12358,#12374,
    #12390,#12406,#12422,#12438,#12454,#12466,#12478,#12490,#12502,
    #12514,#12526,#12538,#12550,#12562,#12574,#12586,#12598,#12610,
    #12622,#12634,#12646,#12658,#12675,#12691,#12707,#12723,#12739,
    #12755,#12771,#12787,#12803,#12819,#12835,#12851,#12867,#12883,
    #12899,#12915,#12931,#12947,#12963,#12979,#12995,#13011,#13027,
    #13038,#13049,#13065,#13081,#13097,#13113,#13129,#13145,#13161,
    #13178,#13189,#13211,#13222,#13238,#13254,#13270,#13286,#13302,
    #13318,#13334,#13350,#13366,#13382,#13398,#13414,#13430,#13446,
    #13471,#13488,#13505,#13522,#13539,#13556,#13573,#13590,#13607,
    #13624,#13641,#13658,#13675,#13687,#13704,#13716,#13733,#13755,
    #13765,#13775,#13790,#13805,#13820,#13835,#13850,#13865,#13880,
    #13895,#13910,#13925,#13940,#13955,#13970,#13994,#14018,#14035,
    #14050,#14065,#14080,#14095,#14110,#14125,#14140,#14155,#14170,
    #14185,#14200,#14215,#14230,#14245,#14255,#14272,#14289,#14306,
    #14323,#14340,#14357,#14374,#14391,#14408,#14425,#14442,#14459,
    #14476,#14488,#14510,#14532,#14554,#14576,#14598,#14620,#14642,
    #14664,#14686,#14708,#14730,#14752,#14774,#14791,#14813,#14835,
    #14857,#14879,#14901,#14923,#14945,#14967,#14989,#15011,#15033,
    #15055,#15077,#15094,#15111,#15128,#15145,#15162,#15179,#15196,
    #15213,#15230,#15247,#15264,#15281,#15298,#15310,#15326,#15347,
    #15368,#15389,#15410,#15431,#15452,#15473,#15494,#15515,#15531,
    #15547,#15568,#15589,#15610,#15631,#15652,#15673,#15694,#15715,
    #15736,#15752,#15768,#15789,#15810,#15831,#15852,#15873,#15894,
    #15915,#15936,#15957,#15973,#15989,#16010,#16031,#16052,#16073,
    #16094,#16115,#16136,#16157,#16178,#16194,#16204,#16214,#16224,
    #16234,#16244,#16254,#16264,#16274,#16284,#16294,#16304,#16314,
    #16324,#16334,#16344,#16354,#16364,#16374,#16384,#16394,#16404,
    #16414,#16424,#16434,#16444,#16454,#16464,#16474,#16484,#16494,
    #16505,#16516,#16527,#16538,#16549,#16560,#16571,#16582,#16593,
    #16604,#16615,#16626,#16637,#16648,#16659,#16670,#16681,#16692,
    #16703,#16714,#16725,#16736,#16747,#16758,#16769,#16780,#16791,
    #16802,#16813,#16824,#16835,#16846,#16857,#16868,#16879,#16890,
    #16901,#16912,#16923,#16934,#16951,#16968,#16985,#17002,#17019,
    #17036,#17048,#17065,#17082,#17099,#17116,#17133));
#17 = ADVANCED_FACE('',(#18),#180,.T.);
#18 = FACE_BOUND('',#19,.T.);
#19 = EDGE_LOOP('',(#20,#30,#38,#46,#54,#62,#70,#78,#86,#94,#102,#110,
    #118,#126,#134,#142,#150,#158,#166,#174));
#20 = ORIENTED_EDGE('',*,*,#21,.F.);
#21 = EDGE_CURVE('',#22,#24,#26,.T.);
#22 = VERTEX_POINT('',#23);
#23 = CARTESIAN_POINT('',(-20.5,-5.9,2.22044604925E-16));
#24 = VERTEX_POINT('',#25);
#25 = CARTESIAN_POINT('',(-20.5,-13.25,0.));
#26 = LINE('',#27,#28);
#27 = CARTESIAN_POINT('',(-20.5,13.25,0.));
#28 = VECTOR('',#29,1.);
#29 = DIRECTION('',(0.,-1.,0.));
#30 = ORIENTED_EDGE('',*,*,#31,.T.);
#31 = EDGE_CURVE('',#22,#32,#34,.T.);
#32 = VERTEX_POINT('',#33);
#33 = CARTESIAN_POINT('',(-20.5,-4.5,-1.4));
#34 = LINE('',#35,#36);
#35 = CARTESIAN_POINT('',(-20.5,-4.690953103957,-1.209046896043));
#36 = VECTOR('',#37,1.);
#37 = DIRECTION('',(0.,0.707106781187,-0.707106781187));
#38 = ORIENTED_EDGE('',*,*,#39,.F.);
#39 = EDGE_CURVE('',#40,#32,#42,.T.);
#40 = VERTEX_POINT('',#41);
#41 = CARTESIAN_POINT('',(-20.5,-4.5,0.));
#42 = LINE('',#43,#44);
#43 = CARTESIAN_POINT('',(-20.5,-4.5,0.625412711084));
#44 = VECTOR('',#45,1.);
#45 = DIRECTION('',(0.,0.,-1.));
#46 = ORIENTED_EDGE('',*,*,#47,.F.);
#47 = EDGE_CURVE('',#48,#40,#50,.T.);
#48 = VERTEX_POINT('',#49);
#49 = CARTESIAN_POINT('',(-20.5,-4.5,1.391534391534));
#50 = LINE('',#51,#52);
#51 = CARTESIAN_POINT('',(-20.5,-4.5,1.404584842865));
#52 = VECTOR('',#53,1.);
#53 = DIRECTION('',(0.,0.,-1.));
#54 = ORIENTED_EDGE('',*,*,#55,.F.);
#55 = EDGE_CURVE('',#56,#48,#58,.T.);
#56 = VERTEX_POINT('',#57);
#57 = CARTESIAN_POINT('',(-20.5,-2.033333333333,1.));
#58 = LINE('',#59,#60);
#59 = CARTESIAN_POINT('',(-20.5,-1.235188826083,0.873310395675));
#60 = VECTOR('',#61,1.);
#61 = DIRECTION('',(0.,-0.987635528464,0.156767544201));
#62 = ORIENTED_EDGE('',*,*,#63,.T.);
#63 = EDGE_CURVE('',#56,#64,#66,.T.);
#64 = VERTEX_POINT('',#65);
#65 = CARTESIAN_POINT('',(-20.5,-2.033333333333,-3.164729411609));
#66 = LINE('',#67,#68);
#67 = CARTESIAN_POINT('',(-20.5,-2.033333333333,-1.177136710337));
#68 = VECTOR('',#69,1.);
#69 = DIRECTION('',(0.,0.,-1.));
#70 = ORIENTED_EDGE('',*,*,#71,.T.);
#71 = EDGE_CURVE('',#64,#72,#74,.T.);
#72 = VERTEX_POINT('',#73);
#73 = CARTESIAN_POINT('',(-20.5,-1.233333333333,-3.291713538594));
#74 = LINE('',#75,#76);
#75 = CARTESIAN_POINT('',(-20.5,-4.5,-2.773195020075));
#76 = VECTOR('',#77,1.);
#77 = DIRECTION('',(0.,0.987635528464,-0.156767544201));
#78 = ORIENTED_EDGE('',*,*,#79,.F.);
#79 = EDGE_CURVE('',#80,#72,#82,.T.);
#80 = VERTEX_POINT('',#81);
#81 = CARTESIAN_POINT('',(-20.5,-1.233333333333,1.391534391534));
#82 = LINE('',#83,#84);
#83 = CARTESIAN_POINT('',(-20.5,-1.233333333333,1.274955213235));
#84 = VECTOR('',#85,1.);
#85 = DIRECTION('',(0.,0.,-1.));
#86 = ORIENTED_EDGE('',*,*,#87,.F.);
#87 = EDGE_CURVE('',#88,#80,#90,.T.);
#88 = VERTEX_POINT('',#89);
#89 = CARTESIAN_POINT('',(-20.5,1.233333333333,1.));
#90 = LINE('',#91,#92);
#91 = CARTESIAN_POINT('',(-20.5,0.438285410011,1.126198083067));
#92 = VECTOR('',#93,1.);
#93 = DIRECTION('',(0.,-0.987635528464,0.156767544201));
#94 = ORIENTED_EDGE('',*,*,#95,.T.);
#95 = EDGE_CURVE('',#88,#96,#98,.T.);
#96 = VERTEX_POINT('',#97);
#97 = CARTESIAN_POINT('',(-20.5,1.233333333333,-3.683247930128));
#98 = LINE('',#99,#100);
#99 = CARTESIAN_POINT('',(-20.5,1.233333333333,-1.306766339966));
#100 = VECTOR('',#101,1.);
#101 = DIRECTION('',(0.,0.,-1.));
#102 = ORIENTED_EDGE('',*,*,#103,.T.);
#103 = EDGE_CURVE('',#96,#104,#106,.T.);
#104 = VERTEX_POINT('',#105);
#105 = CARTESIAN_POINT('',(-20.5,2.033333333333,-3.810232057112));
#106 = LINE('',#107,#108);
#107 = CARTESIAN_POINT('',(-20.5,-4.5,-2.773195020075));
#108 = VECTOR('',#109,1.);
#109 = DIRECTION('',(0.,0.987635528464,-0.156767544201));
#110 = ORIENTED_EDGE('',*,*,#111,.F.);
#111 = EDGE_CURVE('',#112,#104,#114,.T.);
#112 = VERTEX_POINT('',#113);
#113 = CARTESIAN_POINT('',(-20.5,2.033333333333,1.391534391534));
#114 = LINE('',#115,#116);
#115 = CARTESIAN_POINT('',(-20.5,2.033333333333,1.145325583606));
#116 = VECTOR('',#117,1.);
#117 = DIRECTION('',(0.,0.,-1.));
#118 = ORIENTED_EDGE('',*,*,#119,.F.);
#119 = EDGE_CURVE('',#120,#112,#122,.T.);
#120 = VERTEX_POINT('',#121);
#121 = CARTESIAN_POINT('',(-20.5,4.5,1.));
#122 = LINE('',#123,#124);
#123 = CARTESIAN_POINT('',(-20.5,2.111759646105,1.37908577046));
#124 = VECTOR('',#125,1.);
#125 = DIRECTION('',(0.,-0.987635528464,0.156767544201));
#126 = ORIENTED_EDGE('',*,*,#127,.F.);
#127 = EDGE_CURVE('',#128,#120,#130,.T.);
#128 = VERTEX_POINT('',#129);
#129 = CARTESIAN_POINT('',(-20.5,4.5,0.));
#130 = LINE('',#131,#132);
#131 = CARTESIAN_POINT('',(-20.5,4.5,0.949558387838));
#132 = VECTOR('',#133,1.);
#133 = DIRECTION('',(0.,0.,1.));
#134 = ORIENTED_EDGE('',*,*,#135,.T.);
#135 = EDGE_CURVE('',#128,#136,#138,.T.);
#136 = VERTEX_POINT('',#137);
#137 = CARTESIAN_POINT('',(-20.5,4.5,-1.4));
#138 = LINE('',#139,#140);
#139 = CARTESIAN_POINT('',(-20.5,4.5,0.253756721648));
#140 = VECTOR('',#141,1.);
#141 = DIRECTION('',(-0.,-0.,-1.));
#142 = ORIENTED_EDGE('',*,*,#143,.T.);
#143 = EDGE_CURVE('',#136,#144,#146,.T.);
#144 = VERTEX_POINT('',#145);
#145 = CARTESIAN_POINT('',(-20.5,5.9,5.551115123126E-16));
#146 = LINE('',#147,#148);
#147 = CARTESIAN_POINT('',(-20.5,4.692917905738,-1.207082094262));
#148 = VECTOR('',#149,1.);
#149 = DIRECTION('',(0.,0.707106781187,0.707106781187));
#150 = ORIENTED_EDGE('',*,*,#151,.F.);
#151 = EDGE_CURVE('',#152,#144,#154,.T.);
#152 = VERTEX_POINT('',#153);
#153 = CARTESIAN_POINT('',(-20.5,13.25,0.));
#154 = LINE('',#155,#156);
#155 = CARTESIAN_POINT('',(-20.5,13.25,0.));
#156 = VECTOR('',#157,1.);
#157 = DIRECTION('',(0.,-1.,0.));
#158 = ORIENTED_EDGE('',*,*,#159,.F.);
#159 = EDGE_CURVE('',#160,#152,#162,.T.);
#160 = VERTEX_POINT('',#161);
#161 = CARTESIAN_POINT('',(-20.5,13.25,7.));
#162 = LINE('',#163,#164);
#163 = CARTESIAN_POINT('',(-20.5,13.25,7.));
#164 = VECTOR('',#165,1.);
#165 = DIRECTION('',(0.,0.,-1.));
#166 = ORIENTED_EDGE('',*,*,#167,.T.);
#167 = EDGE_CURVE('',#160,#168,#170,.T.);
#168 = VERTEX_POINT('',#169);
#169 = CARTESIAN_POINT('',(-20.5,-13.25,7.));
#170 = LINE('',#171,#172);
#171 = CARTESIAN_POINT('',(-20.5,13.25,7.));
#172 = VECTOR('',#173,1.);
#173 = DIRECTION('',(0.,-1.,0.));
#174 = ORIENTED_EDGE('',*,*,#175,.T.);
#175 = EDGE_CURVE('',#168,#24,#176,.T.);
#176 = LINE('',#177,#178);
#177 = CARTESIAN_POINT('',(-20.5,-13.25,7.));
#178 = VECTOR('',#179,1.);
#179 = DIRECTION('',(0.,0.,-1.));
#180 = PLANE('',#181);
#181 = AXIS2_PLACEMENT_3D('',#182,#183,#184);
#182 = CARTESIAN_POINT('',(-20.5,3.929603561284E-03,2.467742019389));
#183 = DIRECTION('',(1.,0.,0.));
#184 = DIRECTION('',(0.,0.,1.));
#185 = ADVANCED_FACE('',(#186,#643),#654,.T.);
#186 = FACE_BOUND('',#187,.T.);
#187 = EDGE_LOOP('',(#188,#189,#197,#205,#213,#221,#229,#237,#245,#253,
    #261,#269,#277,#285,#293,#301,#309,#317,#325,#333,#341,#349,#357,
    #365,#373,#381,#389,#397,#405,#413,#421,#429,#437,#445,#453,#461,
    #469,#477,#485,#493,#501,#509,#517,#525,#533,#541,#549,#557,#565,
    #573,#581,#589,#597,#605,#613,#621,#629,#637));
#188 = ORIENTED_EDGE('',*,*,#21,.T.);
#189 = ORIENTED_EDGE('',*,*,#190,.T.);
#190 = EDGE_CURVE('',#24,#191,#193,.T.);
#191 = VERTEX_POINT('',#192);
#192 = CARTESIAN_POINT('',(-20.49240303039,-13.33682441711,0.));
#193 = LINE('',#194,#195);
#194 = CARTESIAN_POINT('',(-20.5,-13.25,0.));
#195 = VECTOR('',#196,1.);
#196 = DIRECTION('',(8.716504995643E-02,-0.996193883773,0.));
#197 = ORIENTED_EDGE('',*,*,#198,.T.);
#198 = EDGE_CURVE('',#191,#199,#201,.T.);
#199 = VERTEX_POINT('',#200);
#200 = CARTESIAN_POINT('',(-20.46984672546,-13.42101001739,0.));
#201 = LINE('',#202,#203);
#202 = CARTESIAN_POINT('',(-20.49240303039,-13.33682441711,0.));
#203 = VECTOR('',#204,1.);
#204 = DIRECTION('',(0.258806641196,-0.965929149821,0.));
#205 = ORIENTED_EDGE('',*,*,#206,.T.);
#206 = EDGE_CURVE('',#199,#207,#209,.T.);
#207 = VERTEX_POINT('',#208);
#208 = CARTESIAN_POINT('',(-20.43301200866,-13.5,0.));
#209 = LINE('',#210,#211);
#210 = CARTESIAN_POINT('',(-20.46984672546,-13.42101001739,0.));
#211 = VECTOR('',#212,1.);
#212 = DIRECTION('',(0.42262846823,-0.906303027602,0.));
#213 = ORIENTED_EDGE('',*,*,#214,.T.);
#214 = EDGE_CURVE('',#207,#215,#217,.T.);
#215 = VERTEX_POINT('',#216);
#216 = CARTESIAN_POINT('',(-20.38302230835,-13.57139396667,0.));
#217 = LINE('',#218,#219);
#218 = CARTESIAN_POINT('',(-20.43301200866,-13.5,0.));
#219 = VECTOR('',#220,1.);
#220 = DIRECTION('',(0.573569558571,-0.819156860119,0.));
#221 = ORIENTED_EDGE('',*,*,#222,.T.);
#222 = EDGE_CURVE('',#215,#223,#225,.T.);
#223 = VERTEX_POINT('',#224);
#224 = CARTESIAN_POINT('',(-20.32139396667,-13.63302230835,0.));
#225 = LINE('',#226,#227);
#226 = CARTESIAN_POINT('',(-20.38302230835,-13.57139396667,0.));
#227 = VECTOR('',#228,1.);
#228 = DIRECTION('',(0.707106781187,-0.707106781187,0.));
#229 = ORIENTED_EDGE('',*,*,#230,.T.);
#230 = EDGE_CURVE('',#223,#231,#233,.T.);
#231 = VERTEX_POINT('',#232);
#232 = CARTESIAN_POINT('',(-20.25,-13.68301296234,0.));
#233 = LINE('',#234,#235);
#234 = CARTESIAN_POINT('',(-20.32139396667,-13.63302230835,0.));
#235 = VECTOR('',#236,1.);
#236 = DIRECTION('',(0.819151718986,-0.573576900931,0.));
#237 = ORIENTED_EDGE('',*,*,#238,.T.);
#238 = EDGE_CURVE('',#231,#239,#241,.T.);
#239 = VERTEX_POINT('',#240);
#240 = CARTESIAN_POINT('',(-20.17101097106,-13.71984672546,0.));
#241 = LINE('',#242,#243);
#242 = CARTESIAN_POINT('',(-20.25,-13.68301296234,0.));
#243 = VECTOR('',#244,1.);
#244 = DIRECTION('',(0.906305264352,-0.422623671614,0.));
#245 = ORIENTED_EDGE('',*,*,#246,.T.);
#246 = EDGE_CURVE('',#239,#247,#249,.T.);
#247 = VERTEX_POINT('',#248);
#248 = CARTESIAN_POINT('',(-20.08682441711,-13.74240398407,0.));
#249 = LINE('',#250,#251);
#250 = CARTESIAN_POINT('',(-20.17101097106,-13.71984672546,0.));
#251 = VECTOR('',#252,1.);
#252 = DIRECTION('',(0.965927147295,-0.258814114991,0.));
#253 = ORIENTED_EDGE('',*,*,#254,.T.);
#254 = EDGE_CURVE('',#247,#255,#257,.T.);
#255 = VERTEX_POINT('',#256);
#256 = CARTESIAN_POINT('',(-20.,-13.75,0.));
#257 = LINE('',#258,#259);
#258 = CARTESIAN_POINT('',(-20.08682441711,-13.74240398407,0.));
#259 = VECTOR('',#260,1.);
#260 = DIRECTION('',(0.996194833856,-8.715419094114E-02,0.));
#261 = ORIENTED_EDGE('',*,*,#262,.T.);
#262 = EDGE_CURVE('',#255,#263,#265,.T.);
#263 = VERTEX_POINT('',#264);
#264 = CARTESIAN_POINT('',(-4.730000019073,-13.75,0.));
#265 = LINE('',#266,#267);
#266 = CARTESIAN_POINT('',(-20.,-13.75,0.));
#267 = VECTOR('',#268,1.);
#268 = DIRECTION('',(1.,0.,0.));
#269 = ORIENTED_EDGE('',*,*,#270,.T.);
#270 = EDGE_CURVE('',#263,#271,#273,.T.);
#271 = VERTEX_POINT('',#272);
#272 = CARTESIAN_POINT('',(-4.730000019073,-6.5,0.));
#273 = LINE('',#274,#275);
#274 = CARTESIAN_POINT('',(-4.730000019073,-13.75,0.));
#275 = VECTOR('',#276,1.);
#276 = DIRECTION('',(0.,1.,0.));
#277 = ORIENTED_EDGE('',*,*,#278,.T.);
#278 = EDGE_CURVE('',#271,#279,#281,.T.);
#279 = VERTEX_POINT('',#280);
#280 = CARTESIAN_POINT('',(-3.329999923706,-6.5,0.));
#281 = LINE('',#282,#283);
#282 = CARTESIAN_POINT('',(-2.171171010102,-6.5,0.));
#283 = VECTOR('',#284,1.);
#284 = DIRECTION('',(1.,0.,0.));
#285 = ORIENTED_EDGE('',*,*,#286,.F.);
#286 = EDGE_CURVE('',#287,#279,#289,.T.);
#287 = VERTEX_POINT('',#288);
#288 = CARTESIAN_POINT('',(-3.329999923706,-12.47999954223,0.));
#289 = LINE('',#290,#291);
#290 = CARTESIAN_POINT('',(-3.329999923706,-12.47999954223,0.));
#291 = VECTOR('',#292,1.);
#292 = DIRECTION('',(0.,1.,0.));
#293 = ORIENTED_EDGE('',*,*,#294,.F.);
#294 = EDGE_CURVE('',#295,#287,#297,.T.);
#295 = VERTEX_POINT('',#296);
#296 = CARTESIAN_POINT('',(-1.230000019073,-12.47999954223,0.));
#297 = LINE('',#298,#299);
#298 = CARTESIAN_POINT('',(-1.230000019073,-12.47999954223,0.));
#299 = VECTOR('',#300,1.);
#300 = DIRECTION('',(-1.,0.,0.));
#301 = ORIENTED_EDGE('',*,*,#302,.T.);
#302 = EDGE_CURVE('',#295,#303,#305,.T.);
#303 = VERTEX_POINT('',#304);
#304 = CARTESIAN_POINT('',(-1.230000019073,-6.5,0.));
#305 = LINE('',#306,#307);
#306 = CARTESIAN_POINT('',(-1.230000019073,-12.47999954223,0.));
#307 = VECTOR('',#308,1.);
#308 = DIRECTION('',(0.,1.,0.));
#309 = ORIENTED_EDGE('',*,*,#310,.T.);
#310 = EDGE_CURVE('',#303,#311,#313,.T.);
#311 = VERTEX_POINT('',#312);
#312 = CARTESIAN_POINT('',(-0.790000021458,-6.5,0.));
#313 = LINE('',#314,#315);
#314 = CARTESIAN_POINT('',(-0.505000012625,-6.5,0.));
#315 = VECTOR('',#316,1.);
#316 = DIRECTION('',(1.,0.,0.));
#317 = ORIENTED_EDGE('',*,*,#318,.F.);
#318 = EDGE_CURVE('',#319,#311,#321,.T.);
#319 = VERTEX_POINT('',#320);
#320 = CARTESIAN_POINT('',(-0.790000021458,-12.47999954223,0.));
#321 = LINE('',#322,#323);
#322 = CARTESIAN_POINT('',(-0.790000021458,-12.47999954223,0.));
#323 = VECTOR('',#324,1.);
#324 = DIRECTION('',(0.,1.,0.));
#325 = ORIENTED_EDGE('',*,*,#326,.F.);
#326 = EDGE_CURVE('',#327,#319,#329,.T.);
#327 = VERTEX_POINT('',#328);
#328 = CARTESIAN_POINT('',(1.30999994278,-12.47999954223,0.));
#329 = LINE('',#330,#331);
#330 = CARTESIAN_POINT('',(1.30999994278,-12.47999954223,0.));
#331 = VECTOR('',#332,1.);
#332 = DIRECTION('',(-1.,0.,0.));
#333 = ORIENTED_EDGE('',*,*,#334,.T.);
#334 = EDGE_CURVE('',#327,#335,#337,.T.);
#335 = VERTEX_POINT('',#336);
#336 = CARTESIAN_POINT('',(1.30999994278,-6.5,0.));
#337 = LINE('',#338,#339);
#338 = CARTESIAN_POINT('',(1.30999994278,-12.47999954223,0.));
#339 = VECTOR('',#340,1.);
#340 = DIRECTION('',(0.,1.,0.));
#341 = ORIENTED_EDGE('',*,*,#342,.T.);
#342 = EDGE_CURVE('',#335,#343,#345,.T.);
#343 = VERTEX_POINT('',#344);
#344 = CARTESIAN_POINT('',(1.75,-6.5,0.));
#345 = LINE('',#346,#347);
#346 = CARTESIAN_POINT('',(0.764999989594,-6.5,0.));
#347 = VECTOR('',#348,1.);
#348 = DIRECTION('',(1.,0.,0.));
#349 = ORIENTED_EDGE('',*,*,#350,.F.);
#350 = EDGE_CURVE('',#351,#343,#353,.T.);
#351 = VERTEX_POINT('',#352);
#352 = CARTESIAN_POINT('',(1.75,-12.47999954223,0.));
#353 = LINE('',#354,#355);
#354 = CARTESIAN_POINT('',(1.75,-12.47999954223,0.));
#355 = VECTOR('',#356,1.);
#356 = DIRECTION('',(0.,1.,0.));
#357 = ORIENTED_EDGE('',*,*,#358,.F.);
#358 = EDGE_CURVE('',#359,#351,#361,.T.);
#359 = VERTEX_POINT('',#360);
#360 = CARTESIAN_POINT('',(3.849999904633,-12.47999954223,0.));
#361 = LINE('',#362,#363);
#362 = CARTESIAN_POINT('',(3.849999904633,-12.47999954223,0.));
#363 = VECTOR('',#364,1.);
#364 = DIRECTION('',(-1.,0.,0.));
#365 = ORIENTED_EDGE('',*,*,#366,.T.);
#366 = EDGE_CURVE('',#359,#367,#369,.T.);
#367 = VERTEX_POINT('',#368);
#368 = CARTESIAN_POINT('',(3.849999904633,-6.5,0.));
#369 = LINE('',#370,#371);
#370 = CARTESIAN_POINT('',(3.849999904633,-12.47999954223,0.));
#371 = VECTOR('',#372,1.);
#372 = DIRECTION('',(0.,1.,0.));
#373 = ORIENTED_EDGE('',*,*,#374,.T.);
#374 = EDGE_CURVE('',#367,#375,#377,.T.);
#375 = VERTEX_POINT('',#376);
#376 = CARTESIAN_POINT('',(4.289999961853,-6.5,0.));
#377 = LINE('',#378,#379);
#378 = CARTESIAN_POINT('',(2.034999976912,-6.5,0.));
#379 = VECTOR('',#380,1.);
#380 = DIRECTION('',(1.,0.,0.));
#381 = ORIENTED_EDGE('',*,*,#382,.F.);
#382 = EDGE_CURVE('',#383,#375,#385,.T.);
#383 = VERTEX_POINT('',#384);
#384 = CARTESIAN_POINT('',(4.289999961853,-12.47999954223,0.));
#385 = LINE('',#386,#387);
#386 = CARTESIAN_POINT('',(4.289999961853,-12.47999954223,0.));
#387 = VECTOR('',#388,1.);
#388 = DIRECTION('',(0.,1.,0.));
#389 = ORIENTED_EDGE('',*,*,#390,.F.);
#390 = EDGE_CURVE('',#391,#383,#393,.T.);
#391 = VERTEX_POINT('',#392);
#392 = CARTESIAN_POINT('',(6.389999866486,-12.47999954223,0.));
#393 = LINE('',#394,#395);
#394 = CARTESIAN_POINT('',(6.389999866486,-12.47999954223,0.));
#395 = VECTOR('',#396,1.);
#396 = DIRECTION('',(-1.,0.,0.));
#397 = ORIENTED_EDGE('',*,*,#398,.F.);
#398 = EDGE_CURVE('',#399,#391,#401,.T.);
#399 = VERTEX_POINT('',#400);
#400 = CARTESIAN_POINT('',(6.389999866486,-6.5,0.));
#401 = LINE('',#402,#403);
#402 = CARTESIAN_POINT('',(6.389999866486,-6.5,0.));
#403 = VECTOR('',#404,1.);
#404 = DIRECTION('',(0.,-1.,0.));
#405 = ORIENTED_EDGE('',*,*,#406,.T.);
#406 = EDGE_CURVE('',#399,#407,#409,.T.);
#407 = VERTEX_POINT('',#408);
#408 = CARTESIAN_POINT('',(6.829999923706,-6.5,0.));
#409 = LINE('',#410,#411);
#410 = CARTESIAN_POINT('',(3.304999945055,-6.5,0.));
#411 = VECTOR('',#412,1.);
#412 = DIRECTION('',(1.,0.,0.));
#413 = ORIENTED_EDGE('',*,*,#414,.F.);
#414 = EDGE_CURVE('',#415,#407,#417,.T.);
#415 = VERTEX_POINT('',#416);
#416 = CARTESIAN_POINT('',(6.829999923706,-12.47999954223,0.));
#417 = LINE('',#418,#419);
#418 = CARTESIAN_POINT('',(6.829999923706,-12.47999954223,0.));
#419 = VECTOR('',#420,1.);
#420 = DIRECTION('',(0.,1.,0.));
#421 = ORIENTED_EDGE('',*,*,#422,.F.);
#422 = EDGE_CURVE('',#423,#415,#425,.T.);
#423 = VERTEX_POINT('',#424);
#424 = CARTESIAN_POINT('',(8.930000305176,-12.47999954223,0.));
#425 = LINE('',#426,#427);
#426 = CARTESIAN_POINT('',(8.930000305176,-12.47999954223,0.));
#427 = VECTOR('',#428,1.);
#428 = DIRECTION('',(-1.,0.,0.));
#429 = ORIENTED_EDGE('',*,*,#430,.F.);
#430 = EDGE_CURVE('',#431,#423,#433,.T.);
#431 = VERTEX_POINT('',#432);
#432 = CARTESIAN_POINT('',(8.930000305176,-6.5,0.));
#433 = LINE('',#434,#435);
#434 = CARTESIAN_POINT('',(8.930000305176,-6.5,0.));
#435 = VECTOR('',#436,1.);
#436 = DIRECTION('',(0.,-1.,0.));
#437 = ORIENTED_EDGE('',*,*,#438,.T.);
#438 = EDGE_CURVE('',#431,#439,#441,.T.);
#439 = VERTEX_POINT('',#440);
#440 = CARTESIAN_POINT('',(9.369999885559,-6.5,0.));
#441 = LINE('',#442,#443);
#442 = CARTESIAN_POINT('',(4.575000045191,-6.5,0.));
#443 = VECTOR('',#444,1.);
#444 = DIRECTION('',(1.,0.,0.));
#445 = ORIENTED_EDGE('',*,*,#446,.F.);
#446 = EDGE_CURVE('',#447,#439,#449,.T.);
#447 = VERTEX_POINT('',#448);
#448 = CARTESIAN_POINT('',(9.369999885559,-12.47999954223,0.));
#449 = LINE('',#450,#451);
#450 = CARTESIAN_POINT('',(9.369999885559,-12.47999954223,0.));
#451 = VECTOR('',#452,1.);
#452 = DIRECTION('',(0.,1.,0.));
#453 = ORIENTED_EDGE('',*,*,#454,.F.);
#454 = EDGE_CURVE('',#455,#447,#457,.T.);
#455 = VERTEX_POINT('',#456);
#456 = CARTESIAN_POINT('',(11.470000267029,-12.47999954223,0.));
#457 = LINE('',#458,#459);
#458 = CARTESIAN_POINT('',(11.470000267029,-12.47999954223,0.));
#459 = VECTOR('',#460,1.);
#460 = DIRECTION('',(-1.,0.,0.));
#461 = ORIENTED_EDGE('',*,*,#462,.F.);
#462 = EDGE_CURVE('',#463,#455,#465,.T.);
#463 = VERTEX_POINT('',#464);
#464 = CARTESIAN_POINT('',(11.470000267029,-6.5,0.));
#465 = LINE('',#466,#467);
#466 = CARTESIAN_POINT('',(11.470000267029,-6.5,0.));
#467 = VECTOR('',#468,1.);
#468 = DIRECTION('',(0.,-1.,0.));
#469 = ORIENTED_EDGE('',*,*,#470,.T.);
#470 = EDGE_CURVE('',#463,#471,#473,.T.);
#471 = VERTEX_POINT('',#472);
#472 = CARTESIAN_POINT('',(11.909999847412,-6.5,0.));
#473 = LINE('',#474,#475);
#474 = CARTESIAN_POINT('',(5.845000026118,-6.5,0.));
#475 = VECTOR('',#476,1.);
#476 = DIRECTION('',(1.,0.,0.));
#477 = ORIENTED_EDGE('',*,*,#478,.F.);
#478 = EDGE_CURVE('',#479,#471,#481,.T.);
#479 = VERTEX_POINT('',#480);
#480 = CARTESIAN_POINT('',(11.909999847412,-12.47999954223,0.));
#481 = LINE('',#482,#483);
#482 = CARTESIAN_POINT('',(11.909999847412,-12.47999954223,0.));
#483 = VECTOR('',#484,1.);
#484 = DIRECTION('',(0.,1.,0.));
#485 = ORIENTED_EDGE('',*,*,#486,.F.);
#486 = EDGE_CURVE('',#487,#479,#489,.T.);
#487 = VERTEX_POINT('',#488);
#488 = CARTESIAN_POINT('',(14.010000228882,-12.47999954223,0.));
#489 = LINE('',#490,#491);
#490 = CARTESIAN_POINT('',(14.010000228882,-12.47999954223,0.));
#491 = VECTOR('',#492,1.);
#492 = DIRECTION('',(-1.,0.,0.));
#493 = ORIENTED_EDGE('',*,*,#494,.F.);
#494 = EDGE_CURVE('',#495,#487,#497,.T.);
#495 = VERTEX_POINT('',#496);
#496 = CARTESIAN_POINT('',(14.010000228882,-6.5,0.));
#497 = LINE('',#498,#499);
#498 = CARTESIAN_POINT('',(14.010000228882,-6.5,0.));
#499 = VECTOR('',#500,1.);
#500 = DIRECTION('',(0.,-1.,0.));
#501 = ORIENTED_EDGE('',*,*,#502,.T.);
#502 = EDGE_CURVE('',#495,#503,#505,.T.);
#503 = VERTEX_POINT('',#504);
#504 = CARTESIAN_POINT('',(14.449999809265,-6.5,0.));
#505 = LINE('',#506,#507);
#506 = CARTESIAN_POINT('',(7.115000007044,-6.5,0.));
#507 = VECTOR('',#508,1.);
#508 = DIRECTION('',(1.,0.,0.));
#509 = ORIENTED_EDGE('',*,*,#510,.F.);
#510 = EDGE_CURVE('',#511,#503,#513,.T.);
#511 = VERTEX_POINT('',#512);
#512 = CARTESIAN_POINT('',(14.449999809265,-12.47999954223,0.));
#513 = LINE('',#514,#515);
#514 = CARTESIAN_POINT('',(14.449999809265,-12.47999954223,0.));
#515 = VECTOR('',#516,1.);
#516 = DIRECTION('',(0.,1.,0.));
#517 = ORIENTED_EDGE('',*,*,#518,.F.);
#518 = EDGE_CURVE('',#519,#511,#521,.T.);
#519 = VERTEX_POINT('',#520);
#520 = CARTESIAN_POINT('',(16.549999237061,-12.47999954223,0.));
#521 = LINE('',#522,#523);
#522 = CARTESIAN_POINT('',(16.549999237061,-12.47999954223,0.));
#523 = VECTOR('',#524,1.);
#524 = DIRECTION('',(-1.,0.,0.));
#525 = ORIENTED_EDGE('',*,*,#526,.F.);
#526 = EDGE_CURVE('',#527,#519,#529,.T.);
#527 = VERTEX_POINT('',#528);
#528 = CARTESIAN_POINT('',(16.549999237061,-6.5,0.));
#529 = LINE('',#530,#531);
#530 = CARTESIAN_POINT('',(16.549999237061,-6.5,0.));
#531 = VECTOR('',#532,1.);
#532 = DIRECTION('',(0.,-1.,0.));
#533 = ORIENTED_EDGE('',*,*,#534,.T.);
#534 = EDGE_CURVE('',#527,#535,#537,.T.);
#535 = VERTEX_POINT('',#536);
#536 = CARTESIAN_POINT('',(17.950000762939,-6.5,0.));
#537 = LINE('',#538,#539);
#538 = CARTESIAN_POINT('',(8.731327681081,-6.5,0.));
#539 = VECTOR('',#540,1.);
#540 = DIRECTION('',(1.,0.,0.));
#541 = ORIENTED_EDGE('',*,*,#542,.T.);
#542 = EDGE_CURVE('',#535,#543,#545,.T.);
#543 = VERTEX_POINT('',#544);
#544 = CARTESIAN_POINT('',(17.950000762939,-13.75,0.));
#545 = LINE('',#546,#547);
#546 = CARTESIAN_POINT('',(17.950000762939,-6.5,0.));
#547 = VECTOR('',#548,1.);
#548 = DIRECTION('',(0.,-1.,0.));
#549 = ORIENTED_EDGE('',*,*,#550,.T.);
#550 = EDGE_CURVE('',#543,#551,#553,.T.);
#551 = VERTEX_POINT('',#552);
#552 = CARTESIAN_POINT('',(20.,-13.75,0.));
#553 = LINE('',#554,#555);
#554 = CARTESIAN_POINT('',(17.950000762939,-13.75,0.));
#555 = VECTOR('',#556,1.);
#556 = DIRECTION('',(1.,0.,0.));
#557 = ORIENTED_EDGE('',*,*,#558,.F.);
#558 = EDGE_CURVE('',#559,#551,#561,.T.);
#559 = VERTEX_POINT('',#560);
#560 = CARTESIAN_POINT('',(20.086824417114,-13.74240398407,0.));
#561 = LINE('',#562,#563);
#562 = CARTESIAN_POINT('',(20.086824417114,-13.74240398407,0.));
#563 = VECTOR('',#564,1.);
#564 = DIRECTION('',(-0.996194833856,-8.715419094114E-02,0.));
#565 = ORIENTED_EDGE('',*,*,#566,.F.);
#566 = EDGE_CURVE('',#567,#559,#569,.T.);
#567 = VERTEX_POINT('',#568);
#568 = CARTESIAN_POINT('',(20.171010971069,-13.71984672546,0.));
#569 = LINE('',#570,#571);
#570 = CARTESIAN_POINT('',(20.171010971069,-13.71984672546,0.));
#571 = VECTOR('',#572,1.);
#572 = DIRECTION('',(-0.965927147295,-0.258814114991,0.));
#573 = ORIENTED_EDGE('',*,*,#574,.F.);
#574 = EDGE_CURVE('',#575,#567,#577,.T.);
#575 = VERTEX_POINT('',#576);
#576 = CARTESIAN_POINT('',(20.25,-13.68301296234,0.));
#577 = LINE('',#578,#579);
#578 = CARTESIAN_POINT('',(20.25,-13.68301296234,0.));
#579 = VECTOR('',#580,1.);
#580 = DIRECTION('',(-0.906305264352,-0.422623671614,0.));
#581 = ORIENTED_EDGE('',*,*,#582,.F.);
#582 = EDGE_CURVE('',#583,#575,#585,.T.);
#583 = VERTEX_POINT('',#584);
#584 = CARTESIAN_POINT('',(20.321393966675,-13.63302230835,0.));
#585 = LINE('',#586,#587);
#586 = CARTESIAN_POINT('',(20.321393966675,-13.63302230835,0.));
#587 = VECTOR('',#588,1.);
#588 = DIRECTION('',(-0.819151718986,-0.573576900931,0.));
#589 = ORIENTED_EDGE('',*,*,#590,.F.);
#590 = EDGE_CURVE('',#591,#583,#593,.T.);
#591 = VERTEX_POINT('',#592);
#592 = CARTESIAN_POINT('',(20.38302230835,-13.57139396667,0.));
#593 = LINE('',#594,#595);
#594 = CARTESIAN_POINT('',(20.38302230835,-13.57139396667,0.));
#595 = VECTOR('',#596,1.);
#596 = DIRECTION('',(-0.707106781187,-0.707106781187,0.));
#597 = ORIENTED_EDGE('',*,*,#598,.F.);
#598 = EDGE_CURVE('',#599,#591,#601,.T.);
#599 = VERTEX_POINT('',#600);
#600 = CARTESIAN_POINT('',(20.433012008667,-13.5,0.));
#601 = LINE('',#602,#603);
#602 = CARTESIAN_POINT('',(20.433012008667,-13.5,0.));
#603 = VECTOR('',#604,1.);
#604 = DIRECTION('',(-0.573569558571,-0.819156860119,0.));
#605 = ORIENTED_EDGE('',*,*,#606,.F.);
#606 = EDGE_CURVE('',#607,#599,#609,.T.);
#607 = VERTEX_POINT('',#608);
#608 = CARTESIAN_POINT('',(20.469846725464,-13.42101001739,0.));
#609 = LINE('',#610,#611);
#610 = CARTESIAN_POINT('',(20.469846725464,-13.42101001739,0.));
#611 = VECTOR('',#612,1.);
#612 = DIRECTION('',(-0.42262846823,-0.906303027602,0.));
#613 = ORIENTED_EDGE('',*,*,#614,.F.);
#614 = EDGE_CURVE('',#615,#607,#617,.T.);
#615 = VERTEX_POINT('',#616);
#616 = CARTESIAN_POINT('',(20.492403030396,-13.33682441711,0.));
#617 = LINE('',#618,#619);
#618 = CARTESIAN_POINT('',(20.492403030396,-13.33682441711,0.));
#619 = VECTOR('',#620,1.);
#620 = DIRECTION('',(-0.258806641196,-0.965929149821,0.));
#621 = ORIENTED_EDGE('',*,*,#622,.F.);
#622 = EDGE_CURVE('',#623,#615,#625,.T.);
#623 = VERTEX_POINT('',#624);
#624 = CARTESIAN_POINT('',(20.5,-13.25,0.));
#625 = LINE('',#626,#627);
#626 = CARTESIAN_POINT('',(20.5,-13.25,0.));
#627 = VECTOR('',#628,1.);
#628 = DIRECTION('',(-8.716504995643E-02,-0.996193883773,0.));
#629 = ORIENTED_EDGE('',*,*,#630,.T.);
#630 = EDGE_CURVE('',#623,#631,#633,.T.);
#631 = VERTEX_POINT('',#632);
#632 = CARTESIAN_POINT('',(20.5,-5.9,-2.22044604925E-16));
#633 = LINE('',#634,#635);
#634 = CARTESIAN_POINT('',(20.5,-13.25,0.));
#635 = VECTOR('',#636,1.);
#636 = DIRECTION('',(0.,1.,0.));
#637 = ORIENTED_EDGE('',*,*,#638,.F.);
#638 = EDGE_CURVE('',#22,#631,#639,.T.);
#639 = LINE('',#640,#641);
#640 = CARTESIAN_POINT('',(-20.5,-5.9,0.));
#641 = VECTOR('',#642,1.);
#642 = DIRECTION('',(1.,0.,0.));
#643 = FACE_BOUND('',#644,.T.);
#644 = EDGE_LOOP('',(#645));
#645 = ORIENTED_EDGE('',*,*,#646,.F.);
#646 = EDGE_CURVE('',#647,#647,#649,.T.);
#647 = VERTEX_POINT('',#648);
#648 = CARTESIAN_POINT('',(-9.71500000954,-8.875,0.));
#649 = ELLIPSE('',#650,2.936148864785,2.9);
#650 = AXIS2_PLACEMENT_3D('',#651,#652,#653);
#651 = CARTESIAN_POINT('',(-12.61500000954,-8.875,0.));
#652 = DIRECTION('',(-0.,0.,1.));
#653 = DIRECTION('',(0.,-1.,0.));
#654 = PLANE('',#655);
#655 = AXIS2_PLACEMENT_3D('',#656,#657,#658);
#656 = CARTESIAN_POINT('',(4.085804604835,-9.965603568412E-18,0.));
#657 = DIRECTION('',(0.,0.,1.));
#658 = DIRECTION('',(1.,0.,0.));
#659 = ADVANCED_FACE('',(#660),#678,.T.);
#660 = FACE_BOUND('',#661,.T.);
#661 = EDGE_LOOP('',(#662,#663,#664,#672));
#662 = ORIENTED_EDGE('',*,*,#31,.F.);
#663 = ORIENTED_EDGE('',*,*,#638,.T.);
#664 = ORIENTED_EDGE('',*,*,#665,.T.);
#665 = EDGE_CURVE('',#631,#666,#668,.T.);
#666 = VERTEX_POINT('',#667);
#667 = CARTESIAN_POINT('',(20.5,-4.5,-1.4));
#668 = LINE('',#669,#670);
#669 = CARTESIAN_POINT('',(20.5,-4.690953103957,-1.209046896043));
#670 = VECTOR('',#671,1.);
#671 = DIRECTION('',(0.,0.707106781187,-0.707106781187));
#672 = ORIENTED_EDGE('',*,*,#673,.F.);
#673 = EDGE_CURVE('',#32,#666,#674,.T.);
#674 = LINE('',#675,#676);
#675 = CARTESIAN_POINT('',(-20.5,-4.5,-1.4));
#676 = VECTOR('',#677,1.);
#677 = DIRECTION('',(1.,0.,0.));
#678 = PLANE('',#679);
#679 = AXIS2_PLACEMENT_3D('',#680,#681,#682);
#680 = CARTESIAN_POINT('',(-20.5,-5.2,-0.7));
#681 = DIRECTION('',(1.41471778041E-17,0.707106781187,0.707106781187));
#682 = DIRECTION('',(1.,-1.000356535993E-17,-1.000356535993E-17));
#683 = ADVANCED_FACE('',(#684),#709,.T.);
#684 = FACE_BOUND('',#685,.T.);
#685 = EDGE_LOOP('',(#686,#694,#702,#708));
#686 = ORIENTED_EDGE('',*,*,#687,.F.);
#687 = EDGE_CURVE('',#688,#168,#690,.T.);
#688 = VERTEX_POINT('',#689);
#689 = CARTESIAN_POINT('',(-20.49809646606,-13.29357814788,5.25));
#690 = LINE('',#691,#692);
#691 = CARTESIAN_POINT('',(-20.49809646606,-13.29357814788,5.25));
#692 = VECTOR('',#693,1.);
#693 = DIRECTION('',(-1.087395939736E-03,2.489406686686E-02,
    0.999689503298));
#694 = ORIENTED_EDGE('',*,*,#695,.T.);
#695 = EDGE_CURVE('',#688,#696,#698,.T.);
#696 = VERTEX_POINT('',#697);
#697 = CARTESIAN_POINT('',(-20.49809646606,-13.29357814788,1.75));
#698 = LINE('',#699,#700);
#699 = CARTESIAN_POINT('',(-20.49809646606,-13.29357814788,5.25));
#700 = VECTOR('',#701,1.);
#701 = DIRECTION('',(0.,0.,-1.));
#702 = ORIENTED_EDGE('',*,*,#703,.T.);
#703 = EDGE_CURVE('',#696,#24,#704,.T.);
#704 = LINE('',#705,#706);
#705 = CARTESIAN_POINT('',(-20.49809646606,-13.29357814788,1.75));
#706 = VECTOR('',#707,1.);
#707 = DIRECTION('',(-1.087395939736E-03,2.489406686686E-02,
    -0.999689503298));
#708 = ORIENTED_EDGE('',*,*,#175,.F.);
#709 = PLANE('',#710);
#710 = AXIS2_PLACEMENT_3D('',#711,#712,#713);
#711 = CARTESIAN_POINT('',(-20.4992861563,-13.26634222839,3.5));
#712 = DIRECTION('',(0.99904735131,4.363931531271E-02,0.));
#713 = DIRECTION('',(-4.363931531271E-02,0.99904735131,0.));
#714 = ADVANCED_FACE('',(#715),#774,.T.);
#715 = FACE_BOUND('',#716,.T.);
#716 = EDGE_LOOP('',(#717,#718,#719,#727,#735,#743,#751,#759,#767,#773)
  );
#717 = ORIENTED_EDGE('',*,*,#39,.T.);
#718 = ORIENTED_EDGE('',*,*,#673,.T.);
#719 = ORIENTED_EDGE('',*,*,#720,.F.);
#720 = EDGE_CURVE('',#721,#666,#723,.T.);
#721 = VERTEX_POINT('',#722);
#722 = CARTESIAN_POINT('',(20.5,-4.5,0.));
#723 = LINE('',#724,#725);
#724 = CARTESIAN_POINT('',(20.5,-4.5,0.625412711084));
#725 = VECTOR('',#726,1.);
#726 = DIRECTION('',(-0.,-0.,-1.));
#727 = ORIENTED_EDGE('',*,*,#728,.T.);
#728 = EDGE_CURVE('',#721,#729,#731,.T.);
#729 = VERTEX_POINT('',#730);
#730 = CARTESIAN_POINT('',(20.5,-4.5,1.391534391534));
#731 = LINE('',#732,#733);
#732 = CARTESIAN_POINT('',(20.5,-4.5,1.404584842865));
#733 = VECTOR('',#734,1.);
#734 = DIRECTION('',(0.,0.,1.));
#735 = ORIENTED_EDGE('',*,*,#736,.F.);
#736 = EDGE_CURVE('',#737,#729,#739,.T.);
#737 = VERTEX_POINT('',#738);
#738 = CARTESIAN_POINT('',(22.5,-4.5,1.391534391534));
#739 = LINE('',#740,#741);
#740 = CARTESIAN_POINT('',(57.252391434769,-4.5,1.391534391534));
#741 = VECTOR('',#742,1.);
#742 = DIRECTION('',(-1.,-0.,-0.));
#743 = ORIENTED_EDGE('',*,*,#744,.T.);
#744 = EDGE_CURVE('',#737,#745,#747,.T.);
#745 = VERTEX_POINT('',#746);
#746 = CARTESIAN_POINT('',(22.5,-4.5,-2.773195020075));
#747 = LINE('',#748,#749);
#748 = CARTESIAN_POINT('',(22.5,-4.5,-1.595415157135));
#749 = VECTOR('',#750,1.);
#750 = DIRECTION('',(0.,0.,-1.));
#751 = ORIENTED_EDGE('',*,*,#752,.T.);
#752 = EDGE_CURVE('',#745,#753,#755,.T.);
#753 = VERTEX_POINT('',#754);
#754 = CARTESIAN_POINT('',(-22.5,-4.5,-2.773195020075));
#755 = LINE('',#756,#757);
#756 = CARTESIAN_POINT('',(57.252391434769,-4.5,-2.773195020075));
#757 = VECTOR('',#758,1.);
#758 = DIRECTION('',(-1.,-0.,-0.));
#759 = ORIENTED_EDGE('',*,*,#760,.T.);
#760 = EDGE_CURVE('',#753,#761,#763,.T.);
#761 = VERTEX_POINT('',#762);
#762 = CARTESIAN_POINT('',(-22.5,-4.5,1.391534391534));
#763 = LINE('',#764,#765);
#764 = CARTESIAN_POINT('',(-22.5,-4.5,-1.595415157135));
#765 = VECTOR('',#766,1.);
#766 = DIRECTION('',(0.,0.,1.));
#767 = ORIENTED_EDGE('',*,*,#768,.F.);
#768 = EDGE_CURVE('',#48,#761,#769,.T.);
#769 = LINE('',#770,#771);
#770 = CARTESIAN_POINT('',(57.252391434769,-4.5,1.391534391534));
#771 = VECTOR('',#772,1.);
#772 = DIRECTION('',(-1.,-0.,-0.));
#773 = ORIENTED_EDGE('',*,*,#47,.T.);
#774 = PLANE('',#775);
#775 = AXIS2_PLACEMENT_3D('',#776,#777,#778);
#776 = CARTESIAN_POINT('',(1.545994404135E-15,-4.5,-1.21691659722));
#777 = DIRECTION('',(0.,1.,0.));
#778 = DIRECTION('',(0.,0.,1.));
#779 = ADVANCED_FACE('',(#780,#1166,#1543,#1577,#1611,#1645,#1679,#1713,
    #1747,#1781,#1815,#1849,#1883,#1917,#1951,#1985,#2019,#2053),#2087,
  .T.);
#780 = FACE_BOUND('',#781,.T.);
#781 = EDGE_LOOP('',(#782,#792,#800,#808,#816,#824,#832,#840,#848,#856,
    #864,#872,#880,#888,#896,#904,#912,#920,#928,#936,#944,#952,#960,
    #968,#976,#984,#992,#1000,#1008,#1016,#1024,#1032,#1040,#1048,#1056,
    #1064,#1072,#1080,#1088,#1096,#1104,#1112,#1120,#1128,#1136,#1144,
    #1152,#1160));
#782 = ORIENTED_EDGE('',*,*,#783,.T.);
#783 = EDGE_CURVE('',#784,#786,#788,.T.);
#784 = VERTEX_POINT('',#785);
#785 = CARTESIAN_POINT('',(20.642314910889,14.739821434021,7.));
#786 = VERTEX_POINT('',#787);
#787 = CARTESIAN_POINT('',(20.5,14.75,7.));
#788 = LINE('',#789,#790);
#789 = CARTESIAN_POINT('',(20.642314910889,14.739821434021,7.));
#790 = VECTOR('',#791,1.);
#791 = DIRECTION('',(-0.99745211328,7.133920179217E-02,0.));
#792 = ORIENTED_EDGE('',*,*,#793,.T.);
#793 = EDGE_CURVE('',#786,#794,#796,.T.);
#794 = VERTEX_POINT('',#795);
#795 = CARTESIAN_POINT('',(-20.5,14.75,7.));
#796 = LINE('',#797,#798);
#797 = CARTESIAN_POINT('',(20.5,14.75,7.));
#798 = VECTOR('',#799,1.);
#799 = DIRECTION('',(-1.,0.,0.));
#800 = ORIENTED_EDGE('',*,*,#801,.T.);
#801 = EDGE_CURVE('',#794,#802,#804,.T.);
#802 = VERTEX_POINT('',#803);
#803 = CARTESIAN_POINT('',(-20.64231491088,14.739821434021,7.));
#804 = LINE('',#805,#806);
#805 = CARTESIAN_POINT('',(-20.5,14.75,7.));
#806 = VECTOR('',#807,1.);
#807 = DIRECTION('',(-0.99745211328,-7.133920179217E-02,0.));
#808 = ORIENTED_EDGE('',*,*,#809,.T.);
#809 = EDGE_CURVE('',#802,#810,#812,.T.);
#810 = VERTEX_POINT('',#811);
#811 = CARTESIAN_POINT('',(-20.7817325592,14.709492683411,7.));
#812 = LINE('',#813,#814);
#813 = CARTESIAN_POINT('',(-20.64231491088,14.739821434021,7.));
#814 = VECTOR('',#815,1.);
#815 = DIRECTION('',(-0.977146432692,-0.212567281295,0.));
#816 = ORIENTED_EDGE('',*,*,#817,.T.);
#817 = EDGE_CURVE('',#810,#818,#820,.T.);
#818 = VERTEX_POINT('',#819);
#819 = CARTESIAN_POINT('',(-20.91541481018,14.659631729126,7.));
#820 = LINE('',#821,#822);
#821 = CARTESIAN_POINT('',(-20.7817325592,14.709492683411,7.));
#822 = VECTOR('',#823,1.);
#823 = DIRECTION('',(-0.936949604393,-0.349464502957,0.));
#824 = ORIENTED_EDGE('',*,*,#825,.T.);
#825 = EDGE_CURVE('',#818,#826,#828,.T.);
#826 = VERTEX_POINT('',#827);
#827 = CARTESIAN_POINT('',(-21.04063987731,14.59125328064,7.));
#828 = LINE('',#829,#830);
#829 = CARTESIAN_POINT('',(-20.91541481018,14.659631729126,7.));
#830 = VECTOR('',#831,1.);
#831 = DIRECTION('',(-0.877677844033,-0.479251084604,0.));
#832 = ORIENTED_EDGE('',*,*,#833,.T.);
#833 = EDGE_CURVE('',#826,#834,#836,.T.);
#834 = VERTEX_POINT('',#835);
#835 = CARTESIAN_POINT('',(-21.15486145019,14.505749702454,7.));
#836 = LINE('',#837,#838);
#837 = CARTESIAN_POINT('',(-21.04063987731,14.59125328064,7.));
#838 = VECTOR('',#839,1.);
#839 = DIRECTION('',(-0.800546688819,-0.599270388907,0.));
#840 = ORIENTED_EDGE('',*,*,#841,.T.);
#841 = EDGE_CURVE('',#834,#842,#844,.T.);
#842 = VERTEX_POINT('',#843);
#843 = CARTESIAN_POINT('',(-21.25574874877,14.404860496521,7.));
#844 = LINE('',#845,#846);
#845 = CARTESIAN_POINT('',(-21.15486145019,14.505749702454,7.));
#846 = VECTOR('',#847,1.);
#847 = DIRECTION('',(-0.707100097031,-0.707113465279,0.));
#848 = ORIENTED_EDGE('',*,*,#849,.T.);
#849 = EDGE_CURVE('',#842,#850,#852,.T.);
#850 = VERTEX_POINT('',#851);
#851 = CARTESIAN_POINT('',(-21.34125328064,14.290640830994,7.));
#852 = LINE('',#853,#854);
#853 = CARTESIAN_POINT('',(-21.25574874877,14.404860496521,7.));
#854 = VECTOR('',#855,1.);
#855 = DIRECTION('',(-0.599281085804,-0.800538681262,0.));
#856 = ORIENTED_EDGE('',*,*,#857,.T.);
#857 = EDGE_CURVE('',#850,#858,#860,.T.);
#858 = VERTEX_POINT('',#859);
#859 = CARTESIAN_POINT('',(-21.40963172912,14.165414810181,7.));
#860 = LINE('',#861,#862);
#861 = CARTESIAN_POINT('',(-21.34125328064,14.290640830994,7.));
#862 = VECTOR('',#863,1.);
#863 = DIRECTION('',(-0.479248273091,-0.877679379238,0.));
#864 = ORIENTED_EDGE('',*,*,#865,.T.);
#865 = EDGE_CURVE('',#858,#866,#868,.T.);
#866 = VERTEX_POINT('',#867);
#867 = CARTESIAN_POINT('',(-21.45949363708,14.031732559204,7.));
#868 = LINE('',#869,#870);
#869 = CARTESIAN_POINT('',(-21.40963172912,14.165414810181,7.));
#870 = VECTOR('',#871,1.);
#871 = DIRECTION('',(-0.349470370733,-0.936947415803,0.));
#872 = ORIENTED_EDGE('',*,*,#873,.T.);
#873 = EDGE_CURVE('',#866,#874,#876,.T.);
#874 = VERTEX_POINT('',#875);
#875 = CARTESIAN_POINT('',(-21.48982238769,13.892314910889,7.));
#876 = LINE('',#877,#878);
#877 = CARTESIAN_POINT('',(-21.45949363708,14.031732559204,7.));
#878 = VECTOR('',#879,1.);
#879 = DIRECTION('',(-0.212567281295,-0.977146432692,0.));
#880 = ORIENTED_EDGE('',*,*,#881,.T.);
#881 = EDGE_CURVE('',#874,#882,#884,.T.);
#882 = VERTEX_POINT('',#883);
#883 = CARTESIAN_POINT('',(-21.5,13.75,7.));
#884 = LINE('',#885,#886);
#885 = CARTESIAN_POINT('',(-21.48982238769,13.892314910889,7.));
#886 = VECTOR('',#887,1.);
#887 = DIRECTION('',(-7.13325517231E-02,-0.997452588881,0.));
#888 = ORIENTED_EDGE('',*,*,#889,.T.);
#889 = EDGE_CURVE('',#882,#890,#892,.T.);
#890 = VERTEX_POINT('',#891);
#891 = CARTESIAN_POINT('',(-21.5,-13.75,7.));
#892 = LINE('',#893,#894);
#893 = CARTESIAN_POINT('',(-21.5,13.75,7.));
#894 = VECTOR('',#895,1.);
#895 = DIRECTION('',(0.,-1.,0.));
#896 = ORIENTED_EDGE('',*,*,#897,.T.);
#897 = EDGE_CURVE('',#890,#898,#900,.T.);
#898 = VERTEX_POINT('',#899);
#899 = CARTESIAN_POINT('',(-21.48982238769,-13.89231491088,7.));
#900 = LINE('',#901,#902);
#901 = CARTESIAN_POINT('',(-21.5,-13.75,7.));
#902 = VECTOR('',#903,1.);
#903 = DIRECTION('',(7.13325517231E-02,-0.997452588881,0.));
#904 = ORIENTED_EDGE('',*,*,#905,.T.);
#905 = EDGE_CURVE('',#898,#906,#908,.T.);
#906 = VERTEX_POINT('',#907);
#907 = CARTESIAN_POINT('',(-21.45949363708,-14.0317325592,7.));
#908 = LINE('',#909,#910);
#909 = CARTESIAN_POINT('',(-21.48982238769,-13.89231491088,7.));
#910 = VECTOR('',#911,1.);
#911 = DIRECTION('',(0.212567281295,-0.977146432692,0.));
#912 = ORIENTED_EDGE('',*,*,#913,.T.);
#913 = EDGE_CURVE('',#906,#914,#916,.T.);
#914 = VERTEX_POINT('',#915);
#915 = CARTESIAN_POINT('',(-21.40963172912,-14.16541481018,7.));
#916 = LINE('',#917,#918);
#917 = CARTESIAN_POINT('',(-21.45949363708,-14.0317325592,7.));
#918 = VECTOR('',#919,1.);
#919 = DIRECTION('',(0.349470370733,-0.936947415803,0.));
#920 = ORIENTED_EDGE('',*,*,#921,.T.);
#921 = EDGE_CURVE('',#914,#922,#924,.T.);
#922 = VERTEX_POINT('',#923);
#923 = CARTESIAN_POINT('',(-21.34125328064,-14.29064083099,7.));
#924 = LINE('',#925,#926);
#925 = CARTESIAN_POINT('',(-21.40963172912,-14.16541481018,7.));
#926 = VECTOR('',#927,1.);
#927 = DIRECTION('',(0.479248273091,-0.877679379238,0.));
#928 = ORIENTED_EDGE('',*,*,#929,.T.);
#929 = EDGE_CURVE('',#922,#930,#932,.T.);
#930 = VERTEX_POINT('',#931);
#931 = CARTESIAN_POINT('',(-21.25574874877,-14.40486049652,7.));
#932 = LINE('',#933,#934);
#933 = CARTESIAN_POINT('',(-21.34125328064,-14.29064083099,7.));
#934 = VECTOR('',#935,1.);
#935 = DIRECTION('',(0.599281085804,-0.800538681262,0.));
#936 = ORIENTED_EDGE('',*,*,#937,.T.);
#937 = EDGE_CURVE('',#930,#938,#940,.T.);
#938 = VERTEX_POINT('',#939);
#939 = CARTESIAN_POINT('',(-21.15486145019,-14.50574970245,7.));
#940 = LINE('',#941,#942);
#941 = CARTESIAN_POINT('',(-21.25574874877,-14.40486049652,7.));
#942 = VECTOR('',#943,1.);
#943 = DIRECTION('',(0.707100097031,-0.707113465279,0.));
#944 = ORIENTED_EDGE('',*,*,#945,.T.);
#945 = EDGE_CURVE('',#938,#946,#948,.T.);
#946 = VERTEX_POINT('',#947);
#947 = CARTESIAN_POINT('',(-21.04063987731,-14.59125328064,7.));
#948 = LINE('',#949,#950);
#949 = CARTESIAN_POINT('',(-21.15486145019,-14.50574970245,7.));
#950 = VECTOR('',#951,1.);
#951 = DIRECTION('',(0.800546688819,-0.599270388907,0.));
#952 = ORIENTED_EDGE('',*,*,#953,.T.);
#953 = EDGE_CURVE('',#946,#954,#956,.T.);
#954 = VERTEX_POINT('',#955);
#955 = CARTESIAN_POINT('',(-20.91541481018,-14.65963172912,7.));
#956 = LINE('',#957,#958);
#957 = CARTESIAN_POINT('',(-21.04063987731,-14.59125328064,7.));
#958 = VECTOR('',#959,1.);
#959 = DIRECTION('',(0.877677844033,-0.479251084604,0.));
#960 = ORIENTED_EDGE('',*,*,#961,.T.);
#961 = EDGE_CURVE('',#954,#962,#964,.T.);
#962 = VERTEX_POINT('',#963);
#963 = CARTESIAN_POINT('',(-20.7817325592,-14.70949268341,7.));
#964 = LINE('',#965,#966);
#965 = CARTESIAN_POINT('',(-20.91541481018,-14.65963172912,7.));
#966 = VECTOR('',#967,1.);
#967 = DIRECTION('',(0.936949604393,-0.349464502957,0.));
#968 = ORIENTED_EDGE('',*,*,#969,.T.);
#969 = EDGE_CURVE('',#962,#970,#972,.T.);
#970 = VERTEX_POINT('',#971);
#971 = CARTESIAN_POINT('',(-20.64231491088,-14.73982143402,7.));
#972 = LINE('',#973,#974);
#973 = CARTESIAN_POINT('',(-20.7817325592,-14.70949268341,7.));
#974 = VECTOR('',#975,1.);
#975 = DIRECTION('',(0.977146432692,-0.212567281295,0.));
#976 = ORIENTED_EDGE('',*,*,#977,.T.);
#977 = EDGE_CURVE('',#970,#978,#980,.T.);
#978 = VERTEX_POINT('',#979);
#979 = CARTESIAN_POINT('',(-20.5,-14.75,7.));
#980 = LINE('',#981,#982);
#981 = CARTESIAN_POINT('',(-20.64231491088,-14.73982143402,7.));
#982 = VECTOR('',#983,1.);
#983 = DIRECTION('',(0.99745211328,-7.133920179217E-02,0.));
#984 = ORIENTED_EDGE('',*,*,#985,.F.);
#985 = EDGE_CURVE('',#986,#978,#988,.T.);
#986 = VERTEX_POINT('',#987);
#987 = CARTESIAN_POINT('',(20.5,-14.75,7.));
#988 = LINE('',#989,#990);
#989 = CARTESIAN_POINT('',(20.5,-14.75,7.));
#990 = VECTOR('',#991,1.);
#991 = DIRECTION('',(-1.,0.,0.));
#992 = ORIENTED_EDGE('',*,*,#993,.F.);
#993 = EDGE_CURVE('',#994,#986,#996,.T.);
#994 = VERTEX_POINT('',#995);
#995 = CARTESIAN_POINT('',(20.642314910889,-14.73982143402,7.));
#996 = LINE('',#997,#998);
#997 = CARTESIAN_POINT('',(20.642314910889,-14.73982143402,7.));
#998 = VECTOR('',#999,1.);
#999 = DIRECTION('',(-0.99745211328,-7.133920179217E-02,0.));
#1000 = ORIENTED_EDGE('',*,*,#1001,.F.);
#1001 = EDGE_CURVE('',#1002,#994,#1004,.T.);
#1002 = VERTEX_POINT('',#1003);
#1003 = CARTESIAN_POINT('',(20.781732559204,-14.70949268341,7.));
#1004 = LINE('',#1005,#1006);
#1005 = CARTESIAN_POINT('',(20.781732559204,-14.70949268341,7.));
#1006 = VECTOR('',#1007,1.);
#1007 = DIRECTION('',(-0.977146432692,-0.212567281295,0.));
#1008 = ORIENTED_EDGE('',*,*,#1009,.F.);
#1009 = EDGE_CURVE('',#1010,#1002,#1012,.T.);
#1010 = VERTEX_POINT('',#1011);
#1011 = CARTESIAN_POINT('',(20.915414810181,-14.65963172912,7.));
#1012 = LINE('',#1013,#1014);
#1013 = CARTESIAN_POINT('',(20.915414810181,-14.65963172912,7.));
#1014 = VECTOR('',#1015,1.);
#1015 = DIRECTION('',(-0.936949604393,-0.349464502957,0.));
#1016 = ORIENTED_EDGE('',*,*,#1017,.F.);
#1017 = EDGE_CURVE('',#1018,#1010,#1020,.T.);
#1018 = VERTEX_POINT('',#1019);
#1019 = CARTESIAN_POINT('',(21.040639877319,-14.59125328064,7.));
#1020 = LINE('',#1021,#1022);
#1021 = CARTESIAN_POINT('',(21.040639877319,-14.59125328064,7.));
#1022 = VECTOR('',#1023,1.);
#1023 = DIRECTION('',(-0.877677844033,-0.479251084604,0.));
#1024 = ORIENTED_EDGE('',*,*,#1025,.F.);
#1025 = EDGE_CURVE('',#1026,#1018,#1028,.T.);
#1026 = VERTEX_POINT('',#1027);
#1027 = CARTESIAN_POINT('',(21.154861450195,-14.50574970245,7.));
#1028 = LINE('',#1029,#1030);
#1029 = CARTESIAN_POINT('',(21.154861450195,-14.50574970245,7.));
#1030 = VECTOR('',#1031,1.);
#1031 = DIRECTION('',(-0.800546688819,-0.599270388907,0.));
#1032 = ORIENTED_EDGE('',*,*,#1033,.F.);
#1033 = EDGE_CURVE('',#1034,#1026,#1036,.T.);
#1034 = VERTEX_POINT('',#1035);
#1035 = CARTESIAN_POINT('',(21.255748748779,-14.40486049652,7.));
#1036 = LINE('',#1037,#1038);
#1037 = CARTESIAN_POINT('',(21.255748748779,-14.40486049652,7.));
#1038 = VECTOR('',#1039,1.);
#1039 = DIRECTION('',(-0.707100097031,-0.707113465279,0.));
#1040 = ORIENTED_EDGE('',*,*,#1041,.F.);
#1041 = EDGE_CURVE('',#1042,#1034,#1044,.T.);
#1042 = VERTEX_POINT('',#1043);
#1043 = CARTESIAN_POINT('',(21.34125328064,-14.29064083099,7.));
#1044 = LINE('',#1045,#1046);
#1045 = CARTESIAN_POINT('',(21.34125328064,-14.29064083099,7.));
#1046 = VECTOR('',#1047,1.);
#1047 = DIRECTION('',(-0.599281085804,-0.800538681262,0.));
#1048 = ORIENTED_EDGE('',*,*,#1049,.F.);
#1049 = EDGE_CURVE('',#1050,#1042,#1052,.T.);
#1050 = VERTEX_POINT('',#1051);
#1051 = CARTESIAN_POINT('',(21.409631729126,-14.16541481018,7.));
#1052 = LINE('',#1053,#1054);
#1053 = CARTESIAN_POINT('',(21.409631729126,-14.16541481018,7.));
#1054 = VECTOR('',#1055,1.);
#1055 = DIRECTION('',(-0.479248273091,-0.877679379238,0.));
#1056 = ORIENTED_EDGE('',*,*,#1057,.F.);
#1057 = EDGE_CURVE('',#1058,#1050,#1060,.T.);
#1058 = VERTEX_POINT('',#1059);
#1059 = CARTESIAN_POINT('',(21.459493637085,-14.0317325592,7.));
#1060 = LINE('',#1061,#1062);
#1061 = CARTESIAN_POINT('',(21.459493637085,-14.0317325592,7.));
#1062 = VECTOR('',#1063,1.);
#1063 = DIRECTION('',(-0.349470370733,-0.936947415803,0.));
#1064 = ORIENTED_EDGE('',*,*,#1065,.F.);
#1065 = EDGE_CURVE('',#1066,#1058,#1068,.T.);
#1066 = VERTEX_POINT('',#1067);
#1067 = CARTESIAN_POINT('',(21.489822387695,-13.89231491088,7.));
#1068 = LINE('',#1069,#1070);
#1069 = CARTESIAN_POINT('',(21.489822387695,-13.89231491088,7.));
#1070 = VECTOR('',#1071,1.);
#1071 = DIRECTION('',(-0.212567281295,-0.977146432692,0.));
#1072 = ORIENTED_EDGE('',*,*,#1073,.F.);
#1073 = EDGE_CURVE('',#1074,#1066,#1076,.T.);
#1074 = VERTEX_POINT('',#1075);
#1075 = CARTESIAN_POINT('',(21.5,-13.75,7.));
#1076 = LINE('',#1077,#1078);
#1077 = CARTESIAN_POINT('',(21.5,-13.75,7.));
#1078 = VECTOR('',#1079,1.);
#1079 = DIRECTION('',(-7.13325517231E-02,-0.997452588881,0.));
#1080 = ORIENTED_EDGE('',*,*,#1081,.T.);
#1081 = EDGE_CURVE('',#1074,#1082,#1084,.T.);
#1082 = VERTEX_POINT('',#1083);
#1083 = CARTESIAN_POINT('',(21.5,13.75,7.));
#1084 = LINE('',#1085,#1086);
#1085 = CARTESIAN_POINT('',(21.5,-13.75,7.));
#1086 = VECTOR('',#1087,1.);
#1087 = DIRECTION('',(0.,1.,0.));
#1088 = ORIENTED_EDGE('',*,*,#1089,.T.);
#1089 = EDGE_CURVE('',#1082,#1090,#1092,.T.);
#1090 = VERTEX_POINT('',#1091);
#1091 = CARTESIAN_POINT('',(21.489822387695,13.892314910889,7.));
#1092 = LINE('',#1093,#1094);
#1093 = CARTESIAN_POINT('',(21.5,13.75,7.));
#1094 = VECTOR('',#1095,1.);
#1095 = DIRECTION('',(-7.13325517231E-02,0.997452588881,0.));
#1096 = ORIENTED_EDGE('',*,*,#1097,.T.);
#1097 = EDGE_CURVE('',#1090,#1098,#1100,.T.);
#1098 = VERTEX_POINT('',#1099);
#1099 = CARTESIAN_POINT('',(21.459493637085,14.031732559204,7.));
#1100 = LINE('',#1101,#1102);
#1101 = CARTESIAN_POINT('',(21.489822387695,13.892314910889,7.));
#1102 = VECTOR('',#1103,1.);
#1103 = DIRECTION('',(-0.212567281295,0.977146432692,0.));
#1104 = ORIENTED_EDGE('',*,*,#1105,.T.);
#1105 = EDGE_CURVE('',#1098,#1106,#1108,.T.);
#1106 = VERTEX_POINT('',#1107);
#1107 = CARTESIAN_POINT('',(21.409631729126,14.165414810181,7.));
#1108 = LINE('',#1109,#1110);
#1109 = CARTESIAN_POINT('',(21.459493637085,14.031732559204,7.));
#1110 = VECTOR('',#1111,1.);
#1111 = DIRECTION('',(-0.349470370733,0.936947415803,0.));
#1112 = ORIENTED_EDGE('',*,*,#1113,.T.);
#1113 = EDGE_CURVE('',#1106,#1114,#1116,.T.);
#1114 = VERTEX_POINT('',#1115);
#1115 = CARTESIAN_POINT('',(21.34125328064,14.290640830994,7.));
#1116 = LINE('',#1117,#1118);
#1117 = CARTESIAN_POINT('',(21.409631729126,14.165414810181,7.));
#1118 = VECTOR('',#1119,1.);
#1119 = DIRECTION('',(-0.479248273091,0.877679379238,0.));
#1120 = ORIENTED_EDGE('',*,*,#1121,.T.);
#1121 = EDGE_CURVE('',#1114,#1122,#1124,.T.);
#1122 = VERTEX_POINT('',#1123);
#1123 = CARTESIAN_POINT('',(21.255748748779,14.404860496521,7.));
#1124 = LINE('',#1125,#1126);
#1125 = CARTESIAN_POINT('',(21.34125328064,14.290640830994,7.));
#1126 = VECTOR('',#1127,1.);
#1127 = DIRECTION('',(-0.599281085804,0.800538681262,0.));
#1128 = ORIENTED_EDGE('',*,*,#1129,.T.);
#1129 = EDGE_CURVE('',#1122,#1130,#1132,.T.);
#1130 = VERTEX_POINT('',#1131);
#1131 = CARTESIAN_POINT('',(21.154861450195,14.505749702454,7.));
#1132 = LINE('',#1133,#1134);
#1133 = CARTESIAN_POINT('',(21.255748748779,14.404860496521,7.));
#1134 = VECTOR('',#1135,1.);
#1135 = DIRECTION('',(-0.707100097031,0.707113465279,0.));
#1136 = ORIENTED_EDGE('',*,*,#1137,.T.);
#1137 = EDGE_CURVE('',#1130,#1138,#1140,.T.);
#1138 = VERTEX_POINT('',#1139);
#1139 = CARTESIAN_POINT('',(21.040639877319,14.59125328064,7.));
#1140 = LINE('',#1141,#1142);
#1141 = CARTESIAN_POINT('',(21.154861450195,14.505749702454,7.));
#1142 = VECTOR('',#1143,1.);
#1143 = DIRECTION('',(-0.800546688819,0.599270388907,0.));
#1144 = ORIENTED_EDGE('',*,*,#1145,.T.);
#1145 = EDGE_CURVE('',#1138,#1146,#1148,.T.);
#1146 = VERTEX_POINT('',#1147);
#1147 = CARTESIAN_POINT('',(20.915414810181,14.659631729126,7.));
#1148 = LINE('',#1149,#1150);
#1149 = CARTESIAN_POINT('',(21.040639877319,14.59125328064,7.));
#1150 = VECTOR('',#1151,1.);
#1151 = DIRECTION('',(-0.877677844033,0.479251084604,0.));
#1152 = ORIENTED_EDGE('',*,*,#1153,.T.);
#1153 = EDGE_CURVE('',#1146,#1154,#1156,.T.);
#1154 = VERTEX_POINT('',#1155);
#1155 = CARTESIAN_POINT('',(20.781732559204,14.709492683411,7.));
#1156 = LINE('',#1157,#1158);
#1157 = CARTESIAN_POINT('',(20.915414810181,14.659631729126,7.));
#1158 = VECTOR('',#1159,1.);
#1159 = DIRECTION('',(-0.936949604393,0.349464502957,0.));
#1160 = ORIENTED_EDGE('',*,*,#1161,.T.);
#1161 = EDGE_CURVE('',#1154,#784,#1162,.T.);
#1162 = LINE('',#1163,#1164);
#1163 = CARTESIAN_POINT('',(20.781732559204,14.709492683411,7.));
#1164 = VECTOR('',#1165,1.);
#1165 = DIRECTION('',(-0.977146432692,0.212567281295,0.));
#1166 = FACE_BOUND('',#1167,.T.);
#1167 = EDGE_LOOP('',(#1168,#1178,#1186,#1194,#1202,#1210,#1218,#1226,
    #1234,#1242,#1250,#1258,#1266,#1274,#1282,#1290,#1298,#1306,#1314,
    #1322,#1330,#1338,#1346,#1354,#1362,#1370,#1378,#1386,#1394,#1402,
    #1410,#1418,#1426,#1434,#1442,#1450,#1458,#1464,#1465,#1473,#1481,
    #1489,#1497,#1505,#1513,#1521,#1529,#1537));
#1168 = ORIENTED_EDGE('',*,*,#1169,.T.);
#1169 = EDGE_CURVE('',#1170,#1172,#1174,.T.);
#1170 = VERTEX_POINT('',#1171);
#1171 = CARTESIAN_POINT('',(-4.730000019073,13.75,7.));
#1172 = VERTEX_POINT('',#1173);
#1173 = CARTESIAN_POINT('',(-4.730000019073,8.979999542236,7.));
#1174 = LINE('',#1175,#1176);
#1175 = CARTESIAN_POINT('',(-4.730000019073,13.75,7.));
#1176 = VECTOR('',#1177,1.);
#1177 = DIRECTION('',(0.,-1.,0.));
#1178 = ORIENTED_EDGE('',*,*,#1179,.T.);
#1179 = EDGE_CURVE('',#1172,#1180,#1182,.T.);
#1180 = VERTEX_POINT('',#1181);
#1181 = CARTESIAN_POINT('',(17.950000762939,8.979999542236,7.));
#1182 = LINE('',#1183,#1184);
#1183 = CARTESIAN_POINT('',(-4.730000019073,8.979999542236,7.));
#1184 = VECTOR('',#1185,1.);
#1185 = DIRECTION('',(1.,0.,0.));
#1186 = ORIENTED_EDGE('',*,*,#1187,.T.);
#1187 = EDGE_CURVE('',#1180,#1188,#1190,.T.);
#1188 = VERTEX_POINT('',#1189);
#1189 = CARTESIAN_POINT('',(17.950000762939,13.75,7.));
#1190 = LINE('',#1191,#1192);
#1191 = CARTESIAN_POINT('',(17.950000762939,8.979999542236,7.));
#1192 = VECTOR('',#1193,1.);
#1193 = DIRECTION('',(0.,1.,0.));
#1194 = ORIENTED_EDGE('',*,*,#1195,.T.);
#1195 = EDGE_CURVE('',#1188,#1196,#1198,.T.);
#1196 = VERTEX_POINT('',#1197);
#1197 = CARTESIAN_POINT('',(20.,13.75,7.));
#1198 = LINE('',#1199,#1200);
#1199 = CARTESIAN_POINT('',(17.950000762939,13.75,7.));
#1200 = VECTOR('',#1201,1.);
#1201 = DIRECTION('',(1.,0.,0.));
#1202 = ORIENTED_EDGE('',*,*,#1203,.F.);
#1203 = EDGE_CURVE('',#1204,#1196,#1206,.T.);
#1204 = VERTEX_POINT('',#1205);
#1205 = CARTESIAN_POINT('',(20.086824417114,13.74240398407,7.));
#1206 = LINE('',#1207,#1208);
#1207 = CARTESIAN_POINT('',(20.086824417114,13.74240398407,7.));
#1208 = VECTOR('',#1209,1.);
#1209 = DIRECTION('',(-0.996194833856,8.715419094114E-02,0.));
#1210 = ORIENTED_EDGE('',*,*,#1211,.F.);
#1211 = EDGE_CURVE('',#1212,#1204,#1214,.T.);
#1212 = VERTEX_POINT('',#1213);
#1213 = CARTESIAN_POINT('',(20.171010971069,13.719846725464,7.));
#1214 = LINE('',#1215,#1216);
#1215 = CARTESIAN_POINT('',(20.171010971069,13.719846725464,7.));
#1216 = VECTOR('',#1217,1.);
#1217 = DIRECTION('',(-0.965927147295,0.258814114991,0.));
#1218 = ORIENTED_EDGE('',*,*,#1219,.F.);
#1219 = EDGE_CURVE('',#1220,#1212,#1222,.T.);
#1220 = VERTEX_POINT('',#1221);
#1221 = CARTESIAN_POINT('',(20.25,13.683012962341,7.));
#1222 = LINE('',#1223,#1224);
#1223 = CARTESIAN_POINT('',(20.25,13.683012962341,7.));
#1224 = VECTOR('',#1225,1.);
#1225 = DIRECTION('',(-0.906305264352,0.422623671614,0.));
#1226 = ORIENTED_EDGE('',*,*,#1227,.F.);
#1227 = EDGE_CURVE('',#1228,#1220,#1230,.T.);
#1228 = VERTEX_POINT('',#1229);
#1229 = CARTESIAN_POINT('',(20.321393966675,13.63302230835,7.));
#1230 = LINE('',#1231,#1232);
#1231 = CARTESIAN_POINT('',(20.321393966675,13.63302230835,7.));
#1232 = VECTOR('',#1233,1.);
#1233 = DIRECTION('',(-0.819151718986,0.573576900931,0.));
#1234 = ORIENTED_EDGE('',*,*,#1235,.F.);
#1235 = EDGE_CURVE('',#1236,#1228,#1238,.T.);
#1236 = VERTEX_POINT('',#1237);
#1237 = CARTESIAN_POINT('',(20.38302230835,13.571393966675,7.));
#1238 = LINE('',#1239,#1240);
#1239 = CARTESIAN_POINT('',(20.38302230835,13.571393966675,7.));
#1240 = VECTOR('',#1241,1.);
#1241 = DIRECTION('',(-0.707106781187,0.707106781187,0.));
#1242 = ORIENTED_EDGE('',*,*,#1243,.F.);
#1243 = EDGE_CURVE('',#1244,#1236,#1246,.T.);
#1244 = VERTEX_POINT('',#1245);
#1245 = CARTESIAN_POINT('',(20.433012008667,13.5,7.));
#1246 = LINE('',#1247,#1248);
#1247 = CARTESIAN_POINT('',(20.433012008667,13.5,7.));
#1248 = VECTOR('',#1249,1.);
#1249 = DIRECTION('',(-0.573569558571,0.819156860119,0.));
#1250 = ORIENTED_EDGE('',*,*,#1251,.F.);
#1251 = EDGE_CURVE('',#1252,#1244,#1254,.T.);
#1252 = VERTEX_POINT('',#1253);
#1253 = CARTESIAN_POINT('',(20.469846725464,13.421010017395,7.));
#1254 = LINE('',#1255,#1256);
#1255 = CARTESIAN_POINT('',(20.469846725464,13.421010017395,7.));
#1256 = VECTOR('',#1257,1.);
#1257 = DIRECTION('',(-0.42262846823,0.906303027602,0.));
#1258 = ORIENTED_EDGE('',*,*,#1259,.F.);
#1259 = EDGE_CURVE('',#1260,#1252,#1262,.T.);
#1260 = VERTEX_POINT('',#1261);
#1261 = CARTESIAN_POINT('',(20.492403030396,13.336824417114,7.));
#1262 = LINE('',#1263,#1264);
#1263 = CARTESIAN_POINT('',(20.492403030396,13.336824417114,7.));
#1264 = VECTOR('',#1265,1.);
#1265 = DIRECTION('',(-0.258806641196,0.965929149821,0.));
#1266 = ORIENTED_EDGE('',*,*,#1267,.F.);
#1267 = EDGE_CURVE('',#1268,#1260,#1270,.T.);
#1268 = VERTEX_POINT('',#1269);
#1269 = CARTESIAN_POINT('',(20.5,13.25,7.));
#1270 = LINE('',#1271,#1272);
#1271 = CARTESIAN_POINT('',(20.5,13.25,7.));
#1272 = VECTOR('',#1273,1.);
#1273 = DIRECTION('',(-8.716504995643E-02,0.996193883773,0.));
#1274 = ORIENTED_EDGE('',*,*,#1275,.F.);
#1275 = EDGE_CURVE('',#1276,#1268,#1278,.T.);
#1276 = VERTEX_POINT('',#1277);
#1277 = CARTESIAN_POINT('',(20.5,-13.25,7.));
#1278 = LINE('',#1279,#1280);
#1279 = CARTESIAN_POINT('',(20.5,-13.25,7.));
#1280 = VECTOR('',#1281,1.);
#1281 = DIRECTION('',(0.,1.,0.));
#1282 = ORIENTED_EDGE('',*,*,#1283,.F.);
#1283 = EDGE_CURVE('',#1284,#1276,#1286,.T.);
#1284 = VERTEX_POINT('',#1285);
#1285 = CARTESIAN_POINT('',(20.492403030396,-13.33682441711,7.));
#1286 = LINE('',#1287,#1288);
#1287 = CARTESIAN_POINT('',(20.492403030396,-13.33682441711,7.));
#1288 = VECTOR('',#1289,1.);
#1289 = DIRECTION('',(8.716504995643E-02,0.996193883773,0.));
#1290 = ORIENTED_EDGE('',*,*,#1291,.F.);
#1291 = EDGE_CURVE('',#1292,#1284,#1294,.T.);
#1292 = VERTEX_POINT('',#1293);
#1293 = CARTESIAN_POINT('',(20.469846725464,-13.42101001739,7.));
#1294 = LINE('',#1295,#1296);
#1295 = CARTESIAN_POINT('',(20.469846725464,-13.42101001739,7.));
#1296 = VECTOR('',#1297,1.);
#1297 = DIRECTION('',(0.258806641196,0.965929149821,0.));
#1298 = ORIENTED_EDGE('',*,*,#1299,.F.);
#1299 = EDGE_CURVE('',#1300,#1292,#1302,.T.);
#1300 = VERTEX_POINT('',#1301);
#1301 = CARTESIAN_POINT('',(20.433012008667,-13.5,7.));
#1302 = LINE('',#1303,#1304);
#1303 = CARTESIAN_POINT('',(20.433012008667,-13.5,7.));
#1304 = VECTOR('',#1305,1.);
#1305 = DIRECTION('',(0.42262846823,0.906303027602,0.));
#1306 = ORIENTED_EDGE('',*,*,#1307,.F.);
#1307 = EDGE_CURVE('',#1308,#1300,#1310,.T.);
#1308 = VERTEX_POINT('',#1309);
#1309 = CARTESIAN_POINT('',(20.38302230835,-13.57139396667,7.));
#1310 = LINE('',#1311,#1312);
#1311 = CARTESIAN_POINT('',(20.38302230835,-13.57139396667,7.));
#1312 = VECTOR('',#1313,1.);
#1313 = DIRECTION('',(0.573569558571,0.819156860119,0.));
#1314 = ORIENTED_EDGE('',*,*,#1315,.F.);
#1315 = EDGE_CURVE('',#1316,#1308,#1318,.T.);
#1316 = VERTEX_POINT('',#1317);
#1317 = CARTESIAN_POINT('',(20.321393966675,-13.63302230835,7.));
#1318 = LINE('',#1319,#1320);
#1319 = CARTESIAN_POINT('',(20.321393966675,-13.63302230835,7.));
#1320 = VECTOR('',#1321,1.);
#1321 = DIRECTION('',(0.707106781187,0.707106781187,0.));
#1322 = ORIENTED_EDGE('',*,*,#1323,.F.);
#1323 = EDGE_CURVE('',#1324,#1316,#1326,.T.);
#1324 = VERTEX_POINT('',#1325);
#1325 = CARTESIAN_POINT('',(20.25,-13.68301296234,7.));
#1326 = LINE('',#1327,#1328);
#1327 = CARTESIAN_POINT('',(20.25,-13.68301296234,7.));
#1328 = VECTOR('',#1329,1.);
#1329 = DIRECTION('',(0.819151718986,0.573576900931,0.));
#1330 = ORIENTED_EDGE('',*,*,#1331,.F.);
#1331 = EDGE_CURVE('',#1332,#1324,#1334,.T.);
#1332 = VERTEX_POINT('',#1333);
#1333 = CARTESIAN_POINT('',(20.171010971069,-13.71984672546,7.));
#1334 = LINE('',#1335,#1336);
#1335 = CARTESIAN_POINT('',(20.171010971069,-13.71984672546,7.));
#1336 = VECTOR('',#1337,1.);
#1337 = DIRECTION('',(0.906305264352,0.422623671614,0.));
#1338 = ORIENTED_EDGE('',*,*,#1339,.F.);
#1339 = EDGE_CURVE('',#1340,#1332,#1342,.T.);
#1340 = VERTEX_POINT('',#1341);
#1341 = CARTESIAN_POINT('',(20.086824417114,-13.74240398407,7.));
#1342 = LINE('',#1343,#1344);
#1343 = CARTESIAN_POINT('',(20.086824417114,-13.74240398407,7.));
#1344 = VECTOR('',#1345,1.);
#1345 = DIRECTION('',(0.965927147295,0.258814114991,0.));
#1346 = ORIENTED_EDGE('',*,*,#1347,.F.);
#1347 = EDGE_CURVE('',#1348,#1340,#1350,.T.);
#1348 = VERTEX_POINT('',#1349);
#1349 = CARTESIAN_POINT('',(20.,-13.75,7.));
#1350 = LINE('',#1351,#1352);
#1351 = CARTESIAN_POINT('',(20.,-13.75,7.));
#1352 = VECTOR('',#1353,1.);
#1353 = DIRECTION('',(0.996194833856,8.715419094114E-02,0.));
#1354 = ORIENTED_EDGE('',*,*,#1355,.T.);
#1355 = EDGE_CURVE('',#1348,#1356,#1358,.T.);
#1356 = VERTEX_POINT('',#1357);
#1357 = CARTESIAN_POINT('',(17.950000762939,-13.75,7.));
#1358 = LINE('',#1359,#1360);
#1359 = CARTESIAN_POINT('',(20.,-13.75,7.));
#1360 = VECTOR('',#1361,1.);
#1361 = DIRECTION('',(-1.,0.,0.));
#1362 = ORIENTED_EDGE('',*,*,#1363,.T.);
#1363 = EDGE_CURVE('',#1356,#1364,#1366,.T.);
#1364 = VERTEX_POINT('',#1365);
#1365 = CARTESIAN_POINT('',(17.950000762939,-8.979999542236,7.));
#1366 = LINE('',#1367,#1368);
#1367 = CARTESIAN_POINT('',(17.950000762939,-13.75,7.));
#1368 = VECTOR('',#1369,1.);
#1369 = DIRECTION('',(0.,1.,0.));
#1370 = ORIENTED_EDGE('',*,*,#1371,.T.);
#1371 = EDGE_CURVE('',#1364,#1372,#1374,.T.);
#1372 = VERTEX_POINT('',#1373);
#1373 = CARTESIAN_POINT('',(-4.730000019073,-8.979999542236,7.));
#1374 = LINE('',#1375,#1376);
#1375 = CARTESIAN_POINT('',(17.950000762939,-8.979999542236,7.));
#1376 = VECTOR('',#1377,1.);
#1377 = DIRECTION('',(-1.,0.,0.));
#1378 = ORIENTED_EDGE('',*,*,#1379,.T.);
#1379 = EDGE_CURVE('',#1372,#1380,#1382,.T.);
#1380 = VERTEX_POINT('',#1381);
#1381 = CARTESIAN_POINT('',(-4.730000019073,-13.75,7.));
#1382 = LINE('',#1383,#1384);
#1383 = CARTESIAN_POINT('',(-4.730000019073,-8.979999542236,7.));
#1384 = VECTOR('',#1385,1.);
#1385 = DIRECTION('',(0.,-1.,0.));
#1386 = ORIENTED_EDGE('',*,*,#1387,.T.);
#1387 = EDGE_CURVE('',#1380,#1388,#1390,.T.);
#1388 = VERTEX_POINT('',#1389);
#1389 = CARTESIAN_POINT('',(-20.,-13.75,7.));
#1390 = LINE('',#1391,#1392);
#1391 = CARTESIAN_POINT('',(-4.730000019073,-13.75,7.));
#1392 = VECTOR('',#1393,1.);
#1393 = DIRECTION('',(-1.,0.,0.));
#1394 = ORIENTED_EDGE('',*,*,#1395,.F.);
#1395 = EDGE_CURVE('',#1396,#1388,#1398,.T.);
#1396 = VERTEX_POINT('',#1397);
#1397 = CARTESIAN_POINT('',(-20.08682441711,-13.74240398407,7.));
#1398 = LINE('',#1399,#1400);
#1399 = CARTESIAN_POINT('',(-20.08682441711,-13.74240398407,7.));
#1400 = VECTOR('',#1401,1.);
#1401 = DIRECTION('',(0.996194833856,-8.715419094114E-02,0.));
#1402 = ORIENTED_EDGE('',*,*,#1403,.F.);
#1403 = EDGE_CURVE('',#1404,#1396,#1406,.T.);
#1404 = VERTEX_POINT('',#1405);
#1405 = CARTESIAN_POINT('',(-20.17101097106,-13.71984672546,7.));
#1406 = LINE('',#1407,#1408);
#1407 = CARTESIAN_POINT('',(-20.17101097106,-13.71984672546,7.));
#1408 = VECTOR('',#1409,1.);
#1409 = DIRECTION('',(0.965927147295,-0.258814114991,0.));
#1410 = ORIENTED_EDGE('',*,*,#1411,.F.);
#1411 = EDGE_CURVE('',#1412,#1404,#1414,.T.);
#1412 = VERTEX_POINT('',#1413);
#1413 = CARTESIAN_POINT('',(-20.25,-13.68301296234,7.));
#1414 = LINE('',#1415,#1416);
#1415 = CARTESIAN_POINT('',(-20.25,-13.68301296234,7.));
#1416 = VECTOR('',#1417,1.);
#1417 = DIRECTION('',(0.906305264352,-0.422623671614,0.));
#1418 = ORIENTED_EDGE('',*,*,#1419,.F.);
#1419 = EDGE_CURVE('',#1420,#1412,#1422,.T.);
#1420 = VERTEX_POINT('',#1421);
#1421 = CARTESIAN_POINT('',(-20.32139396667,-13.63302230835,7.));
#1422 = LINE('',#1423,#1424);
#1423 = CARTESIAN_POINT('',(-20.32139396667,-13.63302230835,7.));
#1424 = VECTOR('',#1425,1.);
#1425 = DIRECTION('',(0.819151718986,-0.573576900931,0.));
#1426 = ORIENTED_EDGE('',*,*,#1427,.F.);
#1427 = EDGE_CURVE('',#1428,#1420,#1430,.T.);
#1428 = VERTEX_POINT('',#1429);
#1429 = CARTESIAN_POINT('',(-20.38302230835,-13.57139396667,7.));
#1430 = LINE('',#1431,#1432);
#1431 = CARTESIAN_POINT('',(-20.38302230835,-13.57139396667,7.));
#1432 = VECTOR('',#1433,1.);
#1433 = DIRECTION('',(0.707106781187,-0.707106781187,0.));
#1434 = ORIENTED_EDGE('',*,*,#1435,.F.);
#1435 = EDGE_CURVE('',#1436,#1428,#1438,.T.);
#1436 = VERTEX_POINT('',#1437);
#1437 = CARTESIAN_POINT('',(-20.43301200866,-13.5,7.));
#1438 = LINE('',#1439,#1440);
#1439 = CARTESIAN_POINT('',(-20.43301200866,-13.5,7.));
#1440 = VECTOR('',#1441,1.);
#1441 = DIRECTION('',(0.573569558571,-0.819156860119,0.));
#1442 = ORIENTED_EDGE('',*,*,#1443,.F.);
#1443 = EDGE_CURVE('',#1444,#1436,#1446,.T.);
#1444 = VERTEX_POINT('',#1445);
#1445 = CARTESIAN_POINT('',(-20.46984672546,-13.42101001739,7.));
#1446 = LINE('',#1447,#1448);
#1447 = CARTESIAN_POINT('',(-20.46984672546,-13.42101001739,7.));
#1448 = VECTOR('',#1449,1.);
#1449 = DIRECTION('',(0.42262846823,-0.906303027602,0.));
#1450 = ORIENTED_EDGE('',*,*,#1451,.F.);
#1451 = EDGE_CURVE('',#1452,#1444,#1454,.T.);
#1452 = VERTEX_POINT('',#1453);
#1453 = CARTESIAN_POINT('',(-20.49240303039,-13.33682441711,7.));
#1454 = LINE('',#1455,#1456);
#1455 = CARTESIAN_POINT('',(-20.49240303039,-13.33682441711,7.));
#1456 = VECTOR('',#1457,1.);
#1457 = DIRECTION('',(0.258806641196,-0.965929149821,0.));
#1458 = ORIENTED_EDGE('',*,*,#1459,.F.);
#1459 = EDGE_CURVE('',#168,#1452,#1460,.T.);
#1460 = LINE('',#1461,#1462);
#1461 = CARTESIAN_POINT('',(-20.5,-13.25,7.));
#1462 = VECTOR('',#1463,1.);
#1463 = DIRECTION('',(8.716504995643E-02,-0.996193883773,0.));
#1464 = ORIENTED_EDGE('',*,*,#167,.F.);
#1465 = ORIENTED_EDGE('',*,*,#1466,.F.);
#1466 = EDGE_CURVE('',#1467,#160,#1469,.T.);
#1467 = VERTEX_POINT('',#1468);
#1468 = CARTESIAN_POINT('',(-20.49240303039,13.336824417114,7.));
#1469 = LINE('',#1470,#1471);
#1470 = CARTESIAN_POINT('',(-20.49240303039,13.336824417114,7.));
#1471 = VECTOR('',#1472,1.);
#1472 = DIRECTION('',(-8.716504995643E-02,-0.996193883773,0.));
#1473 = ORIENTED_EDGE('',*,*,#1474,.F.);
#1474 = EDGE_CURVE('',#1475,#1467,#1477,.T.);
#1475 = VERTEX_POINT('',#1476);
#1476 = CARTESIAN_POINT('',(-20.46984672546,13.421010017395,7.));
#1477 = LINE('',#1478,#1479);
#1478 = CARTESIAN_POINT('',(-20.46984672546,13.421010017395,7.));
#1479 = VECTOR('',#1480,1.);
#1480 = DIRECTION('',(-0.258806641196,-0.965929149821,0.));
#1481 = ORIENTED_EDGE('',*,*,#1482,.F.);
#1482 = EDGE_CURVE('',#1483,#1475,#1485,.T.);
#1483 = VERTEX_POINT('',#1484);
#1484 = CARTESIAN_POINT('',(-20.43301200866,13.5,7.));
#1485 = LINE('',#1486,#1487);
#1486 = CARTESIAN_POINT('',(-20.43301200866,13.5,7.));
#1487 = VECTOR('',#1488,1.);
#1488 = DIRECTION('',(-0.42262846823,-0.906303027602,0.));
#1489 = ORIENTED_EDGE('',*,*,#1490,.F.);
#1490 = EDGE_CURVE('',#1491,#1483,#1493,.T.);
#1491 = VERTEX_POINT('',#1492);
#1492 = CARTESIAN_POINT('',(-20.38302230835,13.571393966675,7.));
#1493 = LINE('',#1494,#1495);
#1494 = CARTESIAN_POINT('',(-20.38302230835,13.571393966675,7.));
#1495 = VECTOR('',#1496,1.);
#1496 = DIRECTION('',(-0.573569558571,-0.819156860119,0.));
#1497 = ORIENTED_EDGE('',*,*,#1498,.F.);
#1498 = EDGE_CURVE('',#1499,#1491,#1501,.T.);
#1499 = VERTEX_POINT('',#1500);
#1500 = CARTESIAN_POINT('',(-20.32139396667,13.63302230835,7.));
#1501 = LINE('',#1502,#1503);
#1502 = CARTESIAN_POINT('',(-20.32139396667,13.63302230835,7.));
#1503 = VECTOR('',#1504,1.);
#1504 = DIRECTION('',(-0.707106781187,-0.707106781187,0.));
#1505 = ORIENTED_EDGE('',*,*,#1506,.F.);
#1506 = EDGE_CURVE('',#1507,#1499,#1509,.T.);
#1507 = VERTEX_POINT('',#1508);
#1508 = CARTESIAN_POINT('',(-20.25,13.683012962341,7.));
#1509 = LINE('',#1510,#1511);
#1510 = CARTESIAN_POINT('',(-20.25,13.683012962341,7.));
#1511 = VECTOR('',#1512,1.);
#1512 = DIRECTION('',(-0.819151718986,-0.573576900931,0.));
#1513 = ORIENTED_EDGE('',*,*,#1514,.F.);
#1514 = EDGE_CURVE('',#1515,#1507,#1517,.T.);
#1515 = VERTEX_POINT('',#1516);
#1516 = CARTESIAN_POINT('',(-20.17101097106,13.719846725464,7.));
#1517 = LINE('',#1518,#1519);
#1518 = CARTESIAN_POINT('',(-20.17101097106,13.719846725464,7.));
#1519 = VECTOR('',#1520,1.);
#1520 = DIRECTION('',(-0.906305264352,-0.422623671614,0.));
#1521 = ORIENTED_EDGE('',*,*,#1522,.F.);
#1522 = EDGE_CURVE('',#1523,#1515,#1525,.T.);
#1523 = VERTEX_POINT('',#1524);
#1524 = CARTESIAN_POINT('',(-20.08682441711,13.74240398407,7.));
#1525 = LINE('',#1526,#1527);
#1526 = CARTESIAN_POINT('',(-20.08682441711,13.74240398407,7.));
#1527 = VECTOR('',#1528,1.);
#1528 = DIRECTION('',(-0.965927147295,-0.258814114991,0.));
#1529 = ORIENTED_EDGE('',*,*,#1530,.F.);
#1530 = EDGE_CURVE('',#1531,#1523,#1533,.T.);
#1531 = VERTEX_POINT('',#1532);
#1532 = CARTESIAN_POINT('',(-20.,13.75,7.));
#1533 = LINE('',#1534,#1535);
#1534 = CARTESIAN_POINT('',(-20.,13.75,7.));
#1535 = VECTOR('',#1536,1.);
#1536 = DIRECTION('',(-0.996194833856,-8.715419094114E-02,0.));
#1537 = ORIENTED_EDGE('',*,*,#1538,.T.);
#1538 = EDGE_CURVE('',#1531,#1170,#1539,.T.);
#1539 = LINE('',#1540,#1541);
#1540 = CARTESIAN_POINT('',(-20.,13.75,7.));
#1541 = VECTOR('',#1542,1.);
#1542 = DIRECTION('',(1.,0.,0.));
#1543 = FACE_BOUND('',#1544,.T.);
#1544 = EDGE_LOOP('',(#1545,#1555,#1563,#1571));
#1545 = ORIENTED_EDGE('',*,*,#1546,.T.);
#1546 = EDGE_CURVE('',#1547,#1549,#1551,.T.);
#1547 = VERTEX_POINT('',#1548);
#1548 = CARTESIAN_POINT('',(6.829999923706,-10.38000011444,7.));
#1549 = VERTEX_POINT('',#1550);
#1550 = CARTESIAN_POINT('',(8.930000305176,-10.38000011444,7.));
#1551 = LINE('',#1552,#1553);
#1552 = CARTESIAN_POINT('',(6.829999923706,-10.38000011444,7.));
#1553 = VECTOR('',#1554,1.);
#1554 = DIRECTION('',(1.,0.,0.));
#1555 = ORIENTED_EDGE('',*,*,#1556,.T.);
#1556 = EDGE_CURVE('',#1549,#1557,#1559,.T.);
#1557 = VERTEX_POINT('',#1558);
#1558 = CARTESIAN_POINT('',(8.930000305176,-12.47999954223,7.));
#1559 = LINE('',#1560,#1561);
#1560 = CARTESIAN_POINT('',(8.930000305176,-10.38000011444,7.));
#1561 = VECTOR('',#1562,1.);
#1562 = DIRECTION('',(0.,-1.,0.));
#1563 = ORIENTED_EDGE('',*,*,#1564,.T.);
#1564 = EDGE_CURVE('',#1557,#1565,#1567,.T.);
#1565 = VERTEX_POINT('',#1566);
#1566 = CARTESIAN_POINT('',(6.829999923706,-12.47999954223,7.));
#1567 = LINE('',#1568,#1569);
#1568 = CARTESIAN_POINT('',(8.930000305176,-12.47999954223,7.));
#1569 = VECTOR('',#1570,1.);
#1570 = DIRECTION('',(-1.,0.,0.));
#1571 = ORIENTED_EDGE('',*,*,#1572,.T.);
#1572 = EDGE_CURVE('',#1565,#1547,#1573,.T.);
#1573 = LINE('',#1574,#1575);
#1574 = CARTESIAN_POINT('',(6.829999923706,-12.47999954223,7.));
#1575 = VECTOR('',#1576,1.);
#1576 = DIRECTION('',(0.,1.,0.));
#1577 = FACE_BOUND('',#1578,.T.);
#1578 = EDGE_LOOP('',(#1579,#1589,#1597,#1605));
#1579 = ORIENTED_EDGE('',*,*,#1580,.T.);
#1580 = EDGE_CURVE('',#1581,#1583,#1585,.T.);
#1581 = VERTEX_POINT('',#1582);
#1582 = CARTESIAN_POINT('',(14.010000228882,-12.47999954223,7.));
#1583 = VERTEX_POINT('',#1584);
#1584 = CARTESIAN_POINT('',(11.909999847412,-12.47999954223,7.));
#1585 = LINE('',#1586,#1587);
#1586 = CARTESIAN_POINT('',(14.010000228882,-12.47999954223,7.));
#1587 = VECTOR('',#1588,1.);
#1588 = DIRECTION('',(-1.,0.,0.));
#1589 = ORIENTED_EDGE('',*,*,#1590,.T.);
#1590 = EDGE_CURVE('',#1583,#1591,#1593,.T.);
#1591 = VERTEX_POINT('',#1592);
#1592 = CARTESIAN_POINT('',(11.909999847412,-10.38000011444,7.));
#1593 = LINE('',#1594,#1595);
#1594 = CARTESIAN_POINT('',(11.909999847412,-12.47999954223,7.));
#1595 = VECTOR('',#1596,1.);
#1596 = DIRECTION('',(0.,1.,0.));
#1597 = ORIENTED_EDGE('',*,*,#1598,.T.);
#1598 = EDGE_CURVE('',#1591,#1599,#1601,.T.);
#1599 = VERTEX_POINT('',#1600);
#1600 = CARTESIAN_POINT('',(14.010000228882,-10.38000011444,7.));
#1601 = LINE('',#1602,#1603);
#1602 = CARTESIAN_POINT('',(11.909999847412,-10.38000011444,7.));
#1603 = VECTOR('',#1604,1.);
#1604 = DIRECTION('',(1.,0.,0.));
#1605 = ORIENTED_EDGE('',*,*,#1606,.T.);
#1606 = EDGE_CURVE('',#1599,#1581,#1607,.T.);
#1607 = LINE('',#1608,#1609);
#1608 = CARTESIAN_POINT('',(14.010000228882,-10.38000011444,7.));
#1609 = VECTOR('',#1610,1.);
#1610 = DIRECTION('',(0.,-1.,0.));
#1611 = FACE_BOUND('',#1612,.T.);
#1612 = EDGE_LOOP('',(#1613,#1623,#1631,#1639));
#1613 = ORIENTED_EDGE('',*,*,#1614,.T.);
#1614 = EDGE_CURVE('',#1615,#1617,#1619,.T.);
#1615 = VERTEX_POINT('',#1616);
#1616 = CARTESIAN_POINT('',(8.930000305176,10.380000114441,7.));
#1617 = VERTEX_POINT('',#1618);
#1618 = CARTESIAN_POINT('',(6.829999923706,10.380000114441,7.));
#1619 = LINE('',#1620,#1621);
#1620 = CARTESIAN_POINT('',(8.930000305176,10.380000114441,7.));
#1621 = VECTOR('',#1622,1.);
#1622 = DIRECTION('',(-1.,0.,0.));
#1623 = ORIENTED_EDGE('',*,*,#1624,.T.);
#1624 = EDGE_CURVE('',#1617,#1625,#1627,.T.);
#1625 = VERTEX_POINT('',#1626);
#1626 = CARTESIAN_POINT('',(6.829999923706,12.479999542236,7.));
#1627 = LINE('',#1628,#1629);
#1628 = CARTESIAN_POINT('',(6.829999923706,10.380000114441,7.));
#1629 = VECTOR('',#1630,1.);
#1630 = DIRECTION('',(0.,1.,0.));
#1631 = ORIENTED_EDGE('',*,*,#1632,.T.);
#1632 = EDGE_CURVE('',#1625,#1633,#1635,.T.);
#1633 = VERTEX_POINT('',#1634);
#1634 = CARTESIAN_POINT('',(8.930000305176,12.479999542236,7.));
#1635 = LINE('',#1636,#1637);
#1636 = CARTESIAN_POINT('',(6.829999923706,12.479999542236,7.));
#1637 = VECTOR('',#1638,1.);
#1638 = DIRECTION('',(1.,0.,0.));
#1639 = ORIENTED_EDGE('',*,*,#1640,.T.);
#1640 = EDGE_CURVE('',#1633,#1615,#1641,.T.);
#1641 = LINE('',#1642,#1643);
#1642 = CARTESIAN_POINT('',(8.930000305176,12.479999542236,7.));
#1643 = VECTOR('',#1644,1.);
#1644 = DIRECTION('',(0.,-1.,0.));
#1645 = FACE_BOUND('',#1646,.T.);
#1646 = EDGE_LOOP('',(#1647,#1657,#1665,#1673));
#1647 = ORIENTED_EDGE('',*,*,#1648,.T.);
#1648 = EDGE_CURVE('',#1649,#1651,#1653,.T.);
#1649 = VERTEX_POINT('',#1650);
#1650 = CARTESIAN_POINT('',(11.470000267029,10.380000114441,7.));
#1651 = VERTEX_POINT('',#1652);
#1652 = CARTESIAN_POINT('',(9.369999885559,10.380000114441,7.));
#1653 = LINE('',#1654,#1655);
#1654 = CARTESIAN_POINT('',(11.470000267029,10.380000114441,7.));
#1655 = VECTOR('',#1656,1.);
#1656 = DIRECTION('',(-1.,0.,0.));
#1657 = ORIENTED_EDGE('',*,*,#1658,.T.);
#1658 = EDGE_CURVE('',#1651,#1659,#1661,.T.);
#1659 = VERTEX_POINT('',#1660);
#1660 = CARTESIAN_POINT('',(9.369999885559,12.479999542236,7.));
#1661 = LINE('',#1662,#1663);
#1662 = CARTESIAN_POINT('',(9.369999885559,10.380000114441,7.));
#1663 = VECTOR('',#1664,1.);
#1664 = DIRECTION('',(0.,1.,0.));
#1665 = ORIENTED_EDGE('',*,*,#1666,.T.);
#1666 = EDGE_CURVE('',#1659,#1667,#1669,.T.);
#1667 = VERTEX_POINT('',#1668);
#1668 = CARTESIAN_POINT('',(11.470000267029,12.479999542236,7.));
#1669 = LINE('',#1670,#1671);
#1670 = CARTESIAN_POINT('',(9.369999885559,12.479999542236,7.));
#1671 = VECTOR('',#1672,1.);
#1672 = DIRECTION('',(1.,0.,0.));
#1673 = ORIENTED_EDGE('',*,*,#1674,.T.);
#1674 = EDGE_CURVE('',#1667,#1649,#1675,.T.);
#1675 = LINE('',#1676,#1677);
#1676 = CARTESIAN_POINT('',(11.470000267029,12.479999542236,7.));
#1677 = VECTOR('',#1678,1.);
#1678 = DIRECTION('',(0.,-1.,0.));
#1679 = FACE_BOUND('',#1680,.T.);
#1680 = EDGE_LOOP('',(#1681,#1691,#1699,#1707));
#1681 = ORIENTED_EDGE('',*,*,#1682,.T.);
#1682 = EDGE_CURVE('',#1683,#1685,#1687,.T.);
#1683 = VERTEX_POINT('',#1684);
#1684 = CARTESIAN_POINT('',(14.010000228882,10.380000114441,7.));
#1685 = VERTEX_POINT('',#1686);
#1686 = CARTESIAN_POINT('',(11.909999847412,10.380000114441,7.));
#1687 = LINE('',#1688,#1689);
#1688 = CARTESIAN_POINT('',(14.010000228882,10.380000114441,7.));
#1689 = VECTOR('',#1690,1.);
#1690 = DIRECTION('',(-1.,0.,0.));
#1691 = ORIENTED_EDGE('',*,*,#1692,.T.);
#1692 = EDGE_CURVE('',#1685,#1693,#1695,.T.);
#1693 = VERTEX_POINT('',#1694);
#1694 = CARTESIAN_POINT('',(11.909999847412,12.479999542236,7.));
#1695 = LINE('',#1696,#1697);
#1696 = CARTESIAN_POINT('',(11.909999847412,10.380000114441,7.));
#1697 = VECTOR('',#1698,1.);
#1698 = DIRECTION('',(0.,1.,0.));
#1699 = ORIENTED_EDGE('',*,*,#1700,.T.);
#1700 = EDGE_CURVE('',#1693,#1701,#1703,.T.);
#1701 = VERTEX_POINT('',#1702);
#1702 = CARTESIAN_POINT('',(14.010000228882,12.479999542236,7.));
#1703 = LINE('',#1704,#1705);
#1704 = CARTESIAN_POINT('',(11.909999847412,12.479999542236,7.));
#1705 = VECTOR('',#1706,1.);
#1706 = DIRECTION('',(1.,0.,0.));
#1707 = ORIENTED_EDGE('',*,*,#1708,.T.);
#1708 = EDGE_CURVE('',#1701,#1683,#1709,.T.);
#1709 = LINE('',#1710,#1711);
#1710 = CARTESIAN_POINT('',(14.010000228882,12.479999542236,7.));
#1711 = VECTOR('',#1712,1.);
#1712 = DIRECTION('',(0.,-1.,0.));
#1713 = FACE_BOUND('',#1714,.T.);
#1714 = EDGE_LOOP('',(#1715,#1725,#1733,#1741));
#1715 = ORIENTED_EDGE('',*,*,#1716,.T.);
#1716 = EDGE_CURVE('',#1717,#1719,#1721,.T.);
#1717 = VERTEX_POINT('',#1718);
#1718 = CARTESIAN_POINT('',(11.470000267029,-12.47999954223,7.));
#1719 = VERTEX_POINT('',#1720);
#1720 = CARTESIAN_POINT('',(9.369999885559,-12.47999954223,7.));
#1721 = LINE('',#1722,#1723);
#1722 = CARTESIAN_POINT('',(11.470000267029,-12.47999954223,7.));
#1723 = VECTOR('',#1724,1.);
#1724 = DIRECTION('',(-1.,0.,0.));
#1725 = ORIENTED_EDGE('',*,*,#1726,.T.);
#1726 = EDGE_CURVE('',#1719,#1727,#1729,.T.);
#1727 = VERTEX_POINT('',#1728);
#1728 = CARTESIAN_POINT('',(9.369999885559,-10.38000011444,7.));
#1729 = LINE('',#1730,#1731);
#1730 = CARTESIAN_POINT('',(9.369999885559,-12.47999954223,7.));
#1731 = VECTOR('',#1732,1.);
#1732 = DIRECTION('',(0.,1.,0.));
#1733 = ORIENTED_EDGE('',*,*,#1734,.T.);
#1734 = EDGE_CURVE('',#1727,#1735,#1737,.T.);
#1735 = VERTEX_POINT('',#1736);
#1736 = CARTESIAN_POINT('',(11.470000267029,-10.38000011444,7.));
#1737 = LINE('',#1738,#1739);
#1738 = CARTESIAN_POINT('',(9.369999885559,-10.38000011444,7.));
#1739 = VECTOR('',#1740,1.);
#1740 = DIRECTION('',(1.,0.,0.));
#1741 = ORIENTED_EDGE('',*,*,#1742,.T.);
#1742 = EDGE_CURVE('',#1735,#1717,#1743,.T.);
#1743 = LINE('',#1744,#1745);
#1744 = CARTESIAN_POINT('',(11.470000267029,-10.38000011444,7.));
#1745 = VECTOR('',#1746,1.);
#1746 = DIRECTION('',(0.,-1.,0.));
#1747 = FACE_BOUND('',#1748,.T.);
#1748 = EDGE_LOOP('',(#1749,#1759,#1767,#1775));
#1749 = ORIENTED_EDGE('',*,*,#1750,.T.);
#1750 = EDGE_CURVE('',#1751,#1753,#1755,.T.);
#1751 = VERTEX_POINT('',#1752);
#1752 = CARTESIAN_POINT('',(-0.790000021458,10.380000114441,7.));
#1753 = VERTEX_POINT('',#1754);
#1754 = CARTESIAN_POINT('',(-0.790000021458,12.479999542236,7.));
#1755 = LINE('',#1756,#1757);
#1756 = CARTESIAN_POINT('',(-0.790000021458,10.380000114441,7.));
#1757 = VECTOR('',#1758,1.);
#1758 = DIRECTION('',(0.,1.,0.));
#1759 = ORIENTED_EDGE('',*,*,#1760,.T.);
#1760 = EDGE_CURVE('',#1753,#1761,#1763,.T.);
#1761 = VERTEX_POINT('',#1762);
#1762 = CARTESIAN_POINT('',(1.30999994278,12.479999542236,7.));
#1763 = LINE('',#1764,#1765);
#1764 = CARTESIAN_POINT('',(-0.790000021458,12.479999542236,7.));
#1765 = VECTOR('',#1766,1.);
#1766 = DIRECTION('',(1.,0.,0.));
#1767 = ORIENTED_EDGE('',*,*,#1768,.T.);
#1768 = EDGE_CURVE('',#1761,#1769,#1771,.T.);
#1769 = VERTEX_POINT('',#1770);
#1770 = CARTESIAN_POINT('',(1.30999994278,10.380000114441,7.));
#1771 = LINE('',#1772,#1773);
#1772 = CARTESIAN_POINT('',(1.30999994278,12.479999542236,7.));
#1773 = VECTOR('',#1774,1.);
#1774 = DIRECTION('',(0.,-1.,0.));
#1775 = ORIENTED_EDGE('',*,*,#1776,.T.);
#1776 = EDGE_CURVE('',#1769,#1751,#1777,.T.);
#1777 = LINE('',#1778,#1779);
#1778 = CARTESIAN_POINT('',(1.30999994278,10.380000114441,7.));
#1779 = VECTOR('',#1780,1.);
#1780 = DIRECTION('',(-1.,0.,0.));
#1781 = FACE_BOUND('',#1782,.T.);
#1782 = EDGE_LOOP('',(#1783,#1793,#1801,#1809));
#1783 = ORIENTED_EDGE('',*,*,#1784,.T.);
#1784 = EDGE_CURVE('',#1785,#1787,#1789,.T.);
#1785 = VERTEX_POINT('',#1786);
#1786 = CARTESIAN_POINT('',(-0.790000021458,-10.38000011444,7.));
#1787 = VERTEX_POINT('',#1788);
#1788 = CARTESIAN_POINT('',(1.30999994278,-10.38000011444,7.));
#1789 = LINE('',#1790,#1791);
#1790 = CARTESIAN_POINT('',(-0.790000021458,-10.38000011444,7.));
#1791 = VECTOR('',#1792,1.);
#1792 = DIRECTION('',(1.,0.,0.));
#1793 = ORIENTED_EDGE('',*,*,#1794,.T.);
#1794 = EDGE_CURVE('',#1787,#1795,#1797,.T.);
#1795 = VERTEX_POINT('',#1796);
#1796 = CARTESIAN_POINT('',(1.30999994278,-12.47999954223,7.));
#1797 = LINE('',#1798,#1799);
#1798 = CARTESIAN_POINT('',(1.30999994278,-10.38000011444,7.));
#1799 = VECTOR('',#1800,1.);
#1800 = DIRECTION('',(0.,-1.,0.));
#1801 = ORIENTED_EDGE('',*,*,#1802,.T.);
#1802 = EDGE_CURVE('',#1795,#1803,#1805,.T.);
#1803 = VERTEX_POINT('',#1804);
#1804 = CARTESIAN_POINT('',(-0.790000021458,-12.47999954223,7.));
#1805 = LINE('',#1806,#1807);
#1806 = CARTESIAN_POINT('',(1.30999994278,-12.47999954223,7.));
#1807 = VECTOR('',#1808,1.);
#1808 = DIRECTION('',(-1.,0.,0.));
#1809 = ORIENTED_EDGE('',*,*,#1810,.T.);
#1810 = EDGE_CURVE('',#1803,#1785,#1811,.T.);
#1811 = LINE('',#1812,#1813);
#1812 = CARTESIAN_POINT('',(-0.790000021458,-12.47999954223,7.));
#1813 = VECTOR('',#1814,1.);
#1814 = DIRECTION('',(0.,1.,0.));
#1815 = FACE_BOUND('',#1816,.T.);
#1816 = EDGE_LOOP('',(#1817,#1827,#1835,#1843));
#1817 = ORIENTED_EDGE('',*,*,#1818,.T.);
#1818 = EDGE_CURVE('',#1819,#1821,#1823,.T.);
#1819 = VERTEX_POINT('',#1820);
#1820 = CARTESIAN_POINT('',(6.389999866486,10.380000114441,7.));
#1821 = VERTEX_POINT('',#1822);
#1822 = CARTESIAN_POINT('',(4.289999961853,10.380000114441,7.));
#1823 = LINE('',#1824,#1825);
#1824 = CARTESIAN_POINT('',(6.389999866486,10.380000114441,7.));
#1825 = VECTOR('',#1826,1.);
#1826 = DIRECTION('',(-1.,0.,0.));
#1827 = ORIENTED_EDGE('',*,*,#1828,.T.);
#1828 = EDGE_CURVE('',#1821,#1829,#1831,.T.);
#1829 = VERTEX_POINT('',#1830);
#1830 = CARTESIAN_POINT('',(4.289999961853,12.479999542236,7.));
#1831 = LINE('',#1832,#1833);
#1832 = CARTESIAN_POINT('',(4.289999961853,10.380000114441,7.));
#1833 = VECTOR('',#1834,1.);
#1834 = DIRECTION('',(0.,1.,0.));
#1835 = ORIENTED_EDGE('',*,*,#1836,.T.);
#1836 = EDGE_CURVE('',#1829,#1837,#1839,.T.);
#1837 = VERTEX_POINT('',#1838);
#1838 = CARTESIAN_POINT('',(6.389999866486,12.479999542236,7.));
#1839 = LINE('',#1840,#1841);
#1840 = CARTESIAN_POINT('',(4.289999961853,12.479999542236,7.));
#1841 = VECTOR('',#1842,1.);
#1842 = DIRECTION('',(1.,0.,0.));
#1843 = ORIENTED_EDGE('',*,*,#1844,.T.);
#1844 = EDGE_CURVE('',#1837,#1819,#1845,.T.);
#1845 = LINE('',#1846,#1847);
#1846 = CARTESIAN_POINT('',(6.389999866486,12.479999542236,7.));
#1847 = VECTOR('',#1848,1.);
#1848 = DIRECTION('',(0.,-1.,0.));
#1849 = FACE_BOUND('',#1850,.T.);
#1850 = EDGE_LOOP('',(#1851,#1861,#1869,#1877));
#1851 = ORIENTED_EDGE('',*,*,#1852,.T.);
#1852 = EDGE_CURVE('',#1853,#1855,#1857,.T.);
#1853 = VERTEX_POINT('',#1854);
#1854 = CARTESIAN_POINT('',(3.849999904633,10.380000114441,7.));
#1855 = VERTEX_POINT('',#1856);
#1856 = CARTESIAN_POINT('',(1.75,10.380000114441,7.));
#1857 = LINE('',#1858,#1859);
#1858 = CARTESIAN_POINT('',(3.849999904633,10.380000114441,7.));
#1859 = VECTOR('',#1860,1.);
#1860 = DIRECTION('',(-1.,0.,0.));
#1861 = ORIENTED_EDGE('',*,*,#1862,.T.);
#1862 = EDGE_CURVE('',#1855,#1863,#1865,.T.);
#1863 = VERTEX_POINT('',#1864);
#1864 = CARTESIAN_POINT('',(1.75,12.479999542236,7.));
#1865 = LINE('',#1866,#1867);
#1866 = CARTESIAN_POINT('',(1.75,10.380000114441,7.));
#1867 = VECTOR('',#1868,1.);
#1868 = DIRECTION('',(0.,1.,0.));
#1869 = ORIENTED_EDGE('',*,*,#1870,.T.);
#1870 = EDGE_CURVE('',#1863,#1871,#1873,.T.);
#1871 = VERTEX_POINT('',#1872);
#1872 = CARTESIAN_POINT('',(3.849999904633,12.479999542236,7.));
#1873 = LINE('',#1874,#1875);
#1874 = CARTESIAN_POINT('',(1.75,12.479999542236,7.));
#1875 = VECTOR('',#1876,1.);
#1876 = DIRECTION('',(1.,0.,0.));
#1877 = ORIENTED_EDGE('',*,*,#1878,.T.);
#1878 = EDGE_CURVE('',#1871,#1853,#1879,.T.);
#1879 = LINE('',#1880,#1881);
#1880 = CARTESIAN_POINT('',(3.849999904633,12.479999542236,7.));
#1881 = VECTOR('',#1882,1.);
#1882 = DIRECTION('',(0.,-1.,0.));
#1883 = FACE_BOUND('',#1884,.T.);
#1884 = EDGE_LOOP('',(#1885,#1895,#1903,#1911));
#1885 = ORIENTED_EDGE('',*,*,#1886,.T.);
#1886 = EDGE_CURVE('',#1887,#1889,#1891,.T.);
#1887 = VERTEX_POINT('',#1888);
#1888 = CARTESIAN_POINT('',(4.289999961853,-10.38000011444,7.));
#1889 = VERTEX_POINT('',#1890);
#1890 = CARTESIAN_POINT('',(6.389999866486,-10.38000011444,7.));
#1891 = LINE('',#1892,#1893);
#1892 = CARTESIAN_POINT('',(4.289999961853,-10.38000011444,7.));
#1893 = VECTOR('',#1894,1.);
#1894 = DIRECTION('',(1.,0.,0.));
#1895 = ORIENTED_EDGE('',*,*,#1896,.T.);
#1896 = EDGE_CURVE('',#1889,#1897,#1899,.T.);
#1897 = VERTEX_POINT('',#1898);
#1898 = CARTESIAN_POINT('',(6.389999866486,-12.47999954223,7.));
#1899 = LINE('',#1900,#1901);
#1900 = CARTESIAN_POINT('',(6.389999866486,-10.38000011444,7.));
#1901 = VECTOR('',#1902,1.);
#1902 = DIRECTION('',(0.,-1.,0.));
#1903 = ORIENTED_EDGE('',*,*,#1904,.T.);
#1904 = EDGE_CURVE('',#1897,#1905,#1907,.T.);
#1905 = VERTEX_POINT('',#1906);
#1906 = CARTESIAN_POINT('',(4.289999961853,-12.47999954223,7.));
#1907 = LINE('',#1908,#1909);
#1908 = CARTESIAN_POINT('',(6.389999866486,-12.47999954223,7.));
#1909 = VECTOR('',#1910,1.);
#1910 = DIRECTION('',(-1.,0.,0.));
#1911 = ORIENTED_EDGE('',*,*,#1912,.T.);
#1912 = EDGE_CURVE('',#1905,#1887,#1913,.T.);
#1913 = LINE('',#1914,#1915);
#1914 = CARTESIAN_POINT('',(4.289999961853,-12.47999954223,7.));
#1915 = VECTOR('',#1916,1.);
#1916 = DIRECTION('',(0.,1.,0.));
#1917 = FACE_BOUND('',#1918,.T.);
#1918 = EDGE_LOOP('',(#1919,#1929,#1937,#1945));
#1919 = ORIENTED_EDGE('',*,*,#1920,.T.);
#1920 = EDGE_CURVE('',#1921,#1923,#1925,.T.);
#1921 = VERTEX_POINT('',#1922);
#1922 = CARTESIAN_POINT('',(1.75,-10.38000011444,7.));
#1923 = VERTEX_POINT('',#1924);
#1924 = CARTESIAN_POINT('',(3.849999904633,-10.38000011444,7.));
#1925 = LINE('',#1926,#1927);
#1926 = CARTESIAN_POINT('',(1.75,-10.38000011444,7.));
#1927 = VECTOR('',#1928,1.);
#1928 = DIRECTION('',(1.,0.,0.));
#1929 = ORIENTED_EDGE('',*,*,#1930,.T.);
#1930 = EDGE_CURVE('',#1923,#1931,#1933,.T.);
#1931 = VERTEX_POINT('',#1932);
#1932 = CARTESIAN_POINT('',(3.849999904633,-12.47999954223,7.));
#1933 = LINE('',#1934,#1935);
#1934 = CARTESIAN_POINT('',(3.849999904633,-10.38000011444,7.));
#1935 = VECTOR('',#1936,1.);
#1936 = DIRECTION('',(0.,-1.,0.));
#1937 = ORIENTED_EDGE('',*,*,#1938,.T.);
#1938 = EDGE_CURVE('',#1931,#1939,#1941,.T.);
#1939 = VERTEX_POINT('',#1940);
#1940 = CARTESIAN_POINT('',(1.75,-12.47999954223,7.));
#1941 = LINE('',#1942,#1943);
#1942 = CARTESIAN_POINT('',(3.849999904633,-12.47999954223,7.));
#1943 = VECTOR('',#1944,1.);
#1944 = DIRECTION('',(-1.,0.,0.));
#1945 = ORIENTED_EDGE('',*,*,#1946,.T.);
#1946 = EDGE_CURVE('',#1939,#1921,#1947,.T.);
#1947 = LINE('',#1948,#1949);
#1948 = CARTESIAN_POINT('',(1.75,-12.47999954223,7.));
#1949 = VECTOR('',#1950,1.);
#1950 = DIRECTION('',(0.,1.,0.));
#1951 = FACE_BOUND('',#1952,.T.);
#1952 = EDGE_LOOP('',(#1953,#1963,#1971,#1979));
#1953 = ORIENTED_EDGE('',*,*,#1954,.T.);
#1954 = EDGE_CURVE('',#1955,#1957,#1959,.T.);
#1955 = VERTEX_POINT('',#1956);
#1956 = CARTESIAN_POINT('',(-3.329999923706,10.380000114441,7.));
#1957 = VERTEX_POINT('',#1958);
#1958 = CARTESIAN_POINT('',(-3.329999923706,12.479999542236,7.));
#1959 = LINE('',#1960,#1961);
#1960 = CARTESIAN_POINT('',(-3.329999923706,10.380000114441,7.));
#1961 = VECTOR('',#1962,1.);
#1962 = DIRECTION('',(0.,1.,0.));
#1963 = ORIENTED_EDGE('',*,*,#1964,.T.);
#1964 = EDGE_CURVE('',#1957,#1965,#1967,.T.);
#1965 = VERTEX_POINT('',#1966);
#1966 = CARTESIAN_POINT('',(-1.230000019073,12.479999542236,7.));
#1967 = LINE('',#1968,#1969);
#1968 = CARTESIAN_POINT('',(-3.329999923706,12.479999542236,7.));
#1969 = VECTOR('',#1970,1.);
#1970 = DIRECTION('',(1.,0.,0.));
#1971 = ORIENTED_EDGE('',*,*,#1972,.T.);
#1972 = EDGE_CURVE('',#1965,#1973,#1975,.T.);
#1973 = VERTEX_POINT('',#1974);
#1974 = CARTESIAN_POINT('',(-1.230000019073,10.380000114441,7.));
#1975 = LINE('',#1976,#1977);
#1976 = CARTESIAN_POINT('',(-1.230000019073,12.479999542236,7.));
#1977 = VECTOR('',#1978,1.);
#1978 = DIRECTION('',(0.,-1.,0.));
#1979 = ORIENTED_EDGE('',*,*,#1980,.T.);
#1980 = EDGE_CURVE('',#1973,#1955,#1981,.T.);
#1981 = LINE('',#1982,#1983);
#1982 = CARTESIAN_POINT('',(-1.230000019073,10.380000114441,7.));
#1983 = VECTOR('',#1984,1.);
#1984 = DIRECTION('',(-1.,0.,0.));
#1985 = FACE_BOUND('',#1986,.T.);
#1986 = EDGE_LOOP('',(#1987,#1997,#2005,#2013));
#1987 = ORIENTED_EDGE('',*,*,#1988,.T.);
#1988 = EDGE_CURVE('',#1989,#1991,#1993,.T.);
#1989 = VERTEX_POINT('',#1990);
#1990 = CARTESIAN_POINT('',(-3.329999923706,-10.38000011444,7.));
#1991 = VERTEX_POINT('',#1992);
#1992 = CARTESIAN_POINT('',(-1.230000019073,-10.38000011444,7.));
#1993 = LINE('',#1994,#1995);
#1994 = CARTESIAN_POINT('',(-3.329999923706,-10.38000011444,7.));
#1995 = VECTOR('',#1996,1.);
#1996 = DIRECTION('',(1.,0.,0.));
#1997 = ORIENTED_EDGE('',*,*,#1998,.T.);
#1998 = EDGE_CURVE('',#1991,#1999,#2001,.T.);
#1999 = VERTEX_POINT('',#2000);
#2000 = CARTESIAN_POINT('',(-1.230000019073,-12.47999954223,7.));
#2001 = LINE('',#2002,#2003);
#2002 = CARTESIAN_POINT('',(-1.230000019073,-10.38000011444,7.));
#2003 = VECTOR('',#2004,1.);
#2004 = DIRECTION('',(0.,-1.,0.));
#2005 = ORIENTED_EDGE('',*,*,#2006,.T.);
#2006 = EDGE_CURVE('',#1999,#2007,#2009,.T.);
#2007 = VERTEX_POINT('',#2008);
#2008 = CARTESIAN_POINT('',(-3.329999923706,-12.47999954223,7.));
#2009 = LINE('',#2010,#2011);
#2010 = CARTESIAN_POINT('',(-1.230000019073,-12.47999954223,7.));
#2011 = VECTOR('',#2012,1.);
#2012 = DIRECTION('',(-1.,0.,0.));
#2013 = ORIENTED_EDGE('',*,*,#2014,.T.);
#2014 = EDGE_CURVE('',#2007,#1989,#2015,.T.);
#2015 = LINE('',#2016,#2017);
#2016 = CARTESIAN_POINT('',(-3.329999923706,-12.47999954223,7.));
#2017 = VECTOR('',#2018,1.);
#2018 = DIRECTION('',(0.,1.,0.));
#2019 = FACE_BOUND('',#2020,.T.);
#2020 = EDGE_LOOP('',(#2021,#2031,#2039,#2047));
#2021 = ORIENTED_EDGE('',*,*,#2022,.T.);
#2022 = EDGE_CURVE('',#2023,#2025,#2027,.T.);
#2023 = VERTEX_POINT('',#2024);
#2024 = CARTESIAN_POINT('',(16.549999237061,10.380000114441,7.));
#2025 = VERTEX_POINT('',#2026);
#2026 = CARTESIAN_POINT('',(14.449999809265,10.380000114441,7.));
#2027 = LINE('',#2028,#2029);
#2028 = CARTESIAN_POINT('',(16.549999237061,10.380000114441,7.));
#2029 = VECTOR('',#2030,1.);
#2030 = DIRECTION('',(-1.,0.,0.));
#2031 = ORIENTED_EDGE('',*,*,#2032,.T.);
#2032 = EDGE_CURVE('',#2025,#2033,#2035,.T.);
#2033 = VERTEX_POINT('',#2034);
#2034 = CARTESIAN_POINT('',(14.449999809265,12.479999542236,7.));
#2035 = LINE('',#2036,#2037);
#2036 = CARTESIAN_POINT('',(14.449999809265,10.380000114441,7.));
#2037 = VECTOR('',#2038,1.);
#2038 = DIRECTION('',(0.,1.,0.));
#2039 = ORIENTED_EDGE('',*,*,#2040,.T.);
#2040 = EDGE_CURVE('',#2033,#2041,#2043,.T.);
#2041 = VERTEX_POINT('',#2042);
#2042 = CARTESIAN_POINT('',(16.549999237061,12.479999542236,7.));
#2043 = LINE('',#2044,#2045);
#2044 = CARTESIAN_POINT('',(14.449999809265,12.479999542236,7.));
#2045 = VECTOR('',#2046,1.);
#2046 = DIRECTION('',(1.,0.,0.));
#2047 = ORIENTED_EDGE('',*,*,#2048,.T.);
#2048 = EDGE_CURVE('',#2041,#2023,#2049,.T.);
#2049 = LINE('',#2050,#2051);
#2050 = CARTESIAN_POINT('',(16.549999237061,12.479999542236,7.));
#2051 = VECTOR('',#2052,1.);
#2052 = DIRECTION('',(0.,-1.,0.));
#2053 = FACE_BOUND('',#2054,.T.);
#2054 = EDGE_LOOP('',(#2055,#2065,#2073,#2081));
#2055 = ORIENTED_EDGE('',*,*,#2056,.T.);
#2056 = EDGE_CURVE('',#2057,#2059,#2061,.T.);
#2057 = VERTEX_POINT('',#2058);
#2058 = CARTESIAN_POINT('',(16.549999237061,-12.47999954223,7.));
#2059 = VERTEX_POINT('',#2060);
#2060 = CARTESIAN_POINT('',(14.449999809265,-12.47999954223,7.));
#2061 = LINE('',#2062,#2063);
#2062 = CARTESIAN_POINT('',(16.549999237061,-12.47999954223,7.));
#2063 = VECTOR('',#2064,1.);
#2064 = DIRECTION('',(-1.,0.,0.));
#2065 = ORIENTED_EDGE('',*,*,#2066,.T.);
#2066 = EDGE_CURVE('',#2059,#2067,#2069,.T.);
#2067 = VERTEX_POINT('',#2068);
#2068 = CARTESIAN_POINT('',(14.449999809265,-10.38000011444,7.));
#2069 = LINE('',#2070,#2071);
#2070 = CARTESIAN_POINT('',(14.449999809265,-12.47999954223,7.));
#2071 = VECTOR('',#2072,1.);
#2072 = DIRECTION('',(0.,1.,0.));
#2073 = ORIENTED_EDGE('',*,*,#2074,.T.);
#2074 = EDGE_CURVE('',#2067,#2075,#2077,.T.);
#2075 = VERTEX_POINT('',#2076);
#2076 = CARTESIAN_POINT('',(16.549999237061,-10.38000011444,7.));
#2077 = LINE('',#2078,#2079);
#2078 = CARTESIAN_POINT('',(14.449999809265,-10.38000011444,7.));
#2079 = VECTOR('',#2080,1.);
#2080 = DIRECTION('',(1.,0.,0.));
#2081 = ORIENTED_EDGE('',*,*,#2082,.T.);
#2082 = EDGE_CURVE('',#2075,#2057,#2083,.T.);
#2083 = LINE('',#2084,#2085);
#2084 = CARTESIAN_POINT('',(16.549999237061,-10.38000011444,7.));
#2085 = VECTOR('',#2086,1.);
#2086 = DIRECTION('',(0.,-1.,0.));
#2087 = PLANE('',#2088);
#2088 = AXIS2_PLACEMENT_3D('',#2089,#2090,#2091);
#2089 = CARTESIAN_POINT('',(-1.4E-16,-1.8E-16,7.));
#2090 = DIRECTION('',(0.,0.,1.));
#2091 = DIRECTION('',(1.,0.,0.));
#2092 = ADVANCED_FACE('',(#2093),#2118,.T.);
#2093 = FACE_BOUND('',#2094,.T.);
#2094 = EDGE_LOOP('',(#2095,#2103,#2111,#2117));
#2095 = ORIENTED_EDGE('',*,*,#2096,.F.);
#2096 = EDGE_CURVE('',#2097,#152,#2099,.T.);
#2097 = VERTEX_POINT('',#2098);
#2098 = CARTESIAN_POINT('',(-20.49809646606,13.293578147888,1.75));
#2099 = LINE('',#2100,#2101);
#2100 = CARTESIAN_POINT('',(-20.49809646606,13.293578147888,1.75));
#2101 = VECTOR('',#2102,1.);
#2102 = DIRECTION('',(-1.087395939736E-03,-2.489406686686E-02,
    -0.999689503298));
#2103 = ORIENTED_EDGE('',*,*,#2104,.T.);
#2104 = EDGE_CURVE('',#2097,#2105,#2107,.T.);
#2105 = VERTEX_POINT('',#2106);
#2106 = CARTESIAN_POINT('',(-20.49809646606,13.293578147888,5.25));
#2107 = LINE('',#2108,#2109);
#2108 = CARTESIAN_POINT('',(-20.49809646606,13.293578147888,1.75));
#2109 = VECTOR('',#2110,1.);
#2110 = DIRECTION('',(0.,0.,1.));
#2111 = ORIENTED_EDGE('',*,*,#2112,.T.);
#2112 = EDGE_CURVE('',#2105,#160,#2113,.T.);
#2113 = LINE('',#2114,#2115);
#2114 = CARTESIAN_POINT('',(-20.49809646606,13.293578147888,5.25));
#2115 = VECTOR('',#2116,1.);
#2116 = DIRECTION('',(-1.087395939736E-03,-2.489406686686E-02,
    0.999689503298));
#2117 = ORIENTED_EDGE('',*,*,#159,.T.);
#2118 = PLANE('',#2119);
#2119 = AXIS2_PLACEMENT_3D('',#2120,#2121,#2122);
#2120 = CARTESIAN_POINT('',(-20.4992861563,13.266342228396,3.5));
#2121 = DIRECTION('',(0.99904735131,-4.363931531271E-02,0.));
#2122 = DIRECTION('',(4.363931531271E-02,0.99904735131,0.));
#2123 = ADVANCED_FACE('',(#2124),#2142,.F.);
#2124 = FACE_BOUND('',#2125,.F.);
#2125 = EDGE_LOOP('',(#2126,#2127,#2135,#2141));
#2126 = ORIENTED_EDGE('',*,*,#55,.F.);
#2127 = ORIENTED_EDGE('',*,*,#2128,.T.);
#2128 = EDGE_CURVE('',#56,#2129,#2131,.T.);
#2129 = VERTEX_POINT('',#2130);
#2130 = CARTESIAN_POINT('',(-22.5,-2.033333333333,1.));
#2131 = LINE('',#2132,#2133);
#2132 = CARTESIAN_POINT('',(57.252391434769,-2.033333333333,1.));
#2133 = VECTOR('',#2134,1.);
#2134 = DIRECTION('',(-1.,-0.,-0.));
#2135 = ORIENTED_EDGE('',*,*,#2136,.F.);
#2136 = EDGE_CURVE('',#761,#2129,#2137,.T.);
#2137 = LINE('',#2138,#2139);
#2138 = CARTESIAN_POINT('',(-22.5,-0.770701236995,0.79958220693));
#2139 = VECTOR('',#2140,1.);
#2140 = DIRECTION('',(0.,0.987635528464,-0.156767544201));
#2141 = ORIENTED_EDGE('',*,*,#768,.F.);
#2142 = PLANE('',#2143);
#2143 = AXIS2_PLACEMENT_3D('',#2144,#2145,#2146);
#2144 = CARTESIAN_POINT('',(57.252391434769,-2.033333333333,1.));
#2145 = DIRECTION('',(0.,0.156767544201,0.987635528464));
#2146 = DIRECTION('',(0.,-0.987635528464,0.156767544201));
#2147 = ADVANCED_FACE('',(#2148,#2605),#2616,.T.);
#2148 = FACE_BOUND('',#2149,.T.);
#2149 = EDGE_LOOP('',(#2150,#2151,#2159,#2167,#2175,#2183,#2191,#2199,
    #2207,#2215,#2223,#2231,#2239,#2247,#2255,#2263,#2271,#2279,#2287,
    #2295,#2303,#2311,#2319,#2327,#2335,#2343,#2351,#2359,#2367,#2375,
    #2383,#2391,#2399,#2407,#2415,#2423,#2431,#2439,#2447,#2455,#2463,
    #2471,#2479,#2487,#2495,#2503,#2511,#2519,#2527,#2535,#2543,#2551,
    #2559,#2567,#2575,#2583,#2591,#2599));
#2150 = ORIENTED_EDGE('',*,*,#151,.T.);
#2151 = ORIENTED_EDGE('',*,*,#2152,.F.);
#2152 = EDGE_CURVE('',#2153,#144,#2155,.T.);
#2153 = VERTEX_POINT('',#2154);
#2154 = CARTESIAN_POINT('',(20.5,5.9,1.110223024625E-16));
#2155 = LINE('',#2156,#2157);
#2156 = CARTESIAN_POINT('',(20.5,5.9,0.));
#2157 = VECTOR('',#2158,1.);
#2158 = DIRECTION('',(-1.,0.,0.));
#2159 = ORIENTED_EDGE('',*,*,#2160,.T.);
#2160 = EDGE_CURVE('',#2153,#2161,#2163,.T.);
#2161 = VERTEX_POINT('',#2162);
#2162 = CARTESIAN_POINT('',(20.5,13.25,0.));
#2163 = LINE('',#2164,#2165);
#2164 = CARTESIAN_POINT('',(20.5,-13.25,0.));
#2165 = VECTOR('',#2166,1.);
#2166 = DIRECTION('',(0.,1.,0.));
#2167 = ORIENTED_EDGE('',*,*,#2168,.T.);
#2168 = EDGE_CURVE('',#2161,#2169,#2171,.T.);
#2169 = VERTEX_POINT('',#2170);
#2170 = CARTESIAN_POINT('',(20.492403030396,13.336824417114,0.));
#2171 = LINE('',#2172,#2173);
#2172 = CARTESIAN_POINT('',(20.5,13.25,0.));
#2173 = VECTOR('',#2174,1.);
#2174 = DIRECTION('',(-8.716504995643E-02,0.996193883773,0.));
#2175 = ORIENTED_EDGE('',*,*,#2176,.T.);
#2176 = EDGE_CURVE('',#2169,#2177,#2179,.T.);
#2177 = VERTEX_POINT('',#2178);
#2178 = CARTESIAN_POINT('',(20.469846725464,13.421010017395,0.));
#2179 = LINE('',#2180,#2181);
#2180 = CARTESIAN_POINT('',(20.492403030396,13.336824417114,0.));
#2181 = VECTOR('',#2182,1.);
#2182 = DIRECTION('',(-0.258806641196,0.965929149821,0.));
#2183 = ORIENTED_EDGE('',*,*,#2184,.T.);
#2184 = EDGE_CURVE('',#2177,#2185,#2187,.T.);
#2185 = VERTEX_POINT('',#2186);
#2186 = CARTESIAN_POINT('',(20.433012008667,13.5,0.));
#2187 = LINE('',#2188,#2189);
#2188 = CARTESIAN_POINT('',(20.469846725464,13.421010017395,0.));
#2189 = VECTOR('',#2190,1.);
#2190 = DIRECTION('',(-0.42262846823,0.906303027602,0.));
#2191 = ORIENTED_EDGE('',*,*,#2192,.T.);
#2192 = EDGE_CURVE('',#2185,#2193,#2195,.T.);
#2193 = VERTEX_POINT('',#2194);
#2194 = CARTESIAN_POINT('',(20.38302230835,13.571393966675,0.));
#2195 = LINE('',#2196,#2197);
#2196 = CARTESIAN_POINT('',(20.433012008667,13.5,0.));
#2197 = VECTOR('',#2198,1.);
#2198 = DIRECTION('',(-0.573569558571,0.819156860119,0.));
#2199 = ORIENTED_EDGE('',*,*,#2200,.T.);
#2200 = EDGE_CURVE('',#2193,#2201,#2203,.T.);
#2201 = VERTEX_POINT('',#2202);
#2202 = CARTESIAN_POINT('',(20.321393966675,13.63302230835,0.));
#2203 = LINE('',#2204,#2205);
#2204 = CARTESIAN_POINT('',(20.38302230835,13.571393966675,0.));
#2205 = VECTOR('',#2206,1.);
#2206 = DIRECTION('',(-0.707106781187,0.707106781187,0.));
#2207 = ORIENTED_EDGE('',*,*,#2208,.T.);
#2208 = EDGE_CURVE('',#2201,#2209,#2211,.T.);
#2209 = VERTEX_POINT('',#2210);
#2210 = CARTESIAN_POINT('',(20.25,13.683012962341,0.));
#2211 = LINE('',#2212,#2213);
#2212 = CARTESIAN_POINT('',(20.321393966675,13.63302230835,0.));
#2213 = VECTOR('',#2214,1.);
#2214 = DIRECTION('',(-0.819151718986,0.573576900931,0.));
#2215 = ORIENTED_EDGE('',*,*,#2216,.T.);
#2216 = EDGE_CURVE('',#2209,#2217,#2219,.T.);
#2217 = VERTEX_POINT('',#2218);
#2218 = CARTESIAN_POINT('',(20.171010971069,13.719846725464,0.));
#2219 = LINE('',#2220,#2221);
#2220 = CARTESIAN_POINT('',(20.25,13.683012962341,0.));
#2221 = VECTOR('',#2222,1.);
#2222 = DIRECTION('',(-0.906305264352,0.422623671614,0.));
#2223 = ORIENTED_EDGE('',*,*,#2224,.T.);
#2224 = EDGE_CURVE('',#2217,#2225,#2227,.T.);
#2225 = VERTEX_POINT('',#2226);
#2226 = CARTESIAN_POINT('',(20.086824417114,13.74240398407,0.));
#2227 = LINE('',#2228,#2229);
#2228 = CARTESIAN_POINT('',(20.171010971069,13.719846725464,0.));
#2229 = VECTOR('',#2230,1.);
#2230 = DIRECTION('',(-0.965927147295,0.258814114991,0.));
#2231 = ORIENTED_EDGE('',*,*,#2232,.T.);
#2232 = EDGE_CURVE('',#2225,#2233,#2235,.T.);
#2233 = VERTEX_POINT('',#2234);
#2234 = CARTESIAN_POINT('',(20.,13.75,0.));
#2235 = LINE('',#2236,#2237);
#2236 = CARTESIAN_POINT('',(20.086824417114,13.74240398407,0.));
#2237 = VECTOR('',#2238,1.);
#2238 = DIRECTION('',(-0.996194833856,8.715419094114E-02,0.));
#2239 = ORIENTED_EDGE('',*,*,#2240,.T.);
#2240 = EDGE_CURVE('',#2233,#2241,#2243,.T.);
#2241 = VERTEX_POINT('',#2242);
#2242 = CARTESIAN_POINT('',(17.950000762939,13.75,0.));
#2243 = LINE('',#2244,#2245);
#2244 = CARTESIAN_POINT('',(20.,13.75,0.));
#2245 = VECTOR('',#2246,1.);
#2246 = DIRECTION('',(-1.,0.,0.));
#2247 = ORIENTED_EDGE('',*,*,#2248,.T.);
#2248 = EDGE_CURVE('',#2241,#2249,#2251,.T.);
#2249 = VERTEX_POINT('',#2250);
#2250 = CARTESIAN_POINT('',(17.950000762939,6.5,0.));
#2251 = LINE('',#2252,#2253);
#2252 = CARTESIAN_POINT('',(17.950000762939,13.75,0.));
#2253 = VECTOR('',#2254,1.);
#2254 = DIRECTION('',(0.,-1.,0.));
#2255 = ORIENTED_EDGE('',*,*,#2256,.T.);
#2256 = EDGE_CURVE('',#2249,#2257,#2259,.T.);
#2257 = VERTEX_POINT('',#2258);
#2258 = CARTESIAN_POINT('',(16.549999237061,6.5,0.));
#2259 = LINE('',#2260,#2261);
#2260 = CARTESIAN_POINT('',(8.731327681081,6.5,0.));
#2261 = VECTOR('',#2262,1.);
#2262 = DIRECTION('',(-1.,0.,0.));
#2263 = ORIENTED_EDGE('',*,*,#2264,.F.);
#2264 = EDGE_CURVE('',#2265,#2257,#2267,.T.);
#2265 = VERTEX_POINT('',#2266);
#2266 = CARTESIAN_POINT('',(16.549999237061,12.479999542236,0.));
#2267 = LINE('',#2268,#2269);
#2268 = CARTESIAN_POINT('',(16.549999237061,12.479999542236,0.));
#2269 = VECTOR('',#2270,1.);
#2270 = DIRECTION('',(0.,-1.,0.));
#2271 = ORIENTED_EDGE('',*,*,#2272,.F.);
#2272 = EDGE_CURVE('',#2273,#2265,#2275,.T.);
#2273 = VERTEX_POINT('',#2274);
#2274 = CARTESIAN_POINT('',(14.449999809265,12.479999542236,0.));
#2275 = LINE('',#2276,#2277);
#2276 = CARTESIAN_POINT('',(14.449999809265,12.479999542236,0.));
#2277 = VECTOR('',#2278,1.);
#2278 = DIRECTION('',(1.,0.,0.));
#2279 = ORIENTED_EDGE('',*,*,#2280,.F.);
#2280 = EDGE_CURVE('',#2281,#2273,#2283,.T.);
#2281 = VERTEX_POINT('',#2282);
#2282 = CARTESIAN_POINT('',(14.449999809265,6.5,0.));
#2283 = LINE('',#2284,#2285);
#2284 = CARTESIAN_POINT('',(14.449999809265,6.5,0.));
#2285 = VECTOR('',#2286,1.);
#2286 = DIRECTION('',(0.,1.,0.));
#2287 = ORIENTED_EDGE('',*,*,#2288,.T.);
#2288 = EDGE_CURVE('',#2281,#2289,#2291,.T.);
#2289 = VERTEX_POINT('',#2290);
#2290 = CARTESIAN_POINT('',(14.010000228882,6.5,0.));
#2291 = LINE('',#2292,#2293);
#2292 = CARTESIAN_POINT('',(7.115000007044,6.5,0.));
#2293 = VECTOR('',#2294,1.);
#2294 = DIRECTION('',(-1.,0.,0.));
#2295 = ORIENTED_EDGE('',*,*,#2296,.F.);
#2296 = EDGE_CURVE('',#2297,#2289,#2299,.T.);
#2297 = VERTEX_POINT('',#2298);
#2298 = CARTESIAN_POINT('',(14.010000228882,12.479999542236,0.));
#2299 = LINE('',#2300,#2301);
#2300 = CARTESIAN_POINT('',(14.010000228882,12.479999542236,0.));
#2301 = VECTOR('',#2302,1.);
#2302 = DIRECTION('',(0.,-1.,0.));
#2303 = ORIENTED_EDGE('',*,*,#2304,.F.);
#2304 = EDGE_CURVE('',#2305,#2297,#2307,.T.);
#2305 = VERTEX_POINT('',#2306);
#2306 = CARTESIAN_POINT('',(11.909999847412,12.479999542236,0.));
#2307 = LINE('',#2308,#2309);
#2308 = CARTESIAN_POINT('',(11.909999847412,12.479999542236,0.));
#2309 = VECTOR('',#2310,1.);
#2310 = DIRECTION('',(1.,0.,0.));
#2311 = ORIENTED_EDGE('',*,*,#2312,.T.);
#2312 = EDGE_CURVE('',#2305,#2313,#2315,.T.);
#2313 = VERTEX_POINT('',#2314);
#2314 = CARTESIAN_POINT('',(11.909999847412,6.5,0.));
#2315 = LINE('',#2316,#2317);
#2316 = CARTESIAN_POINT('',(11.909999847412,12.479999542236,0.));
#2317 = VECTOR('',#2318,1.);
#2318 = DIRECTION('',(0.,-1.,0.));
#2319 = ORIENTED_EDGE('',*,*,#2320,.T.);
#2320 = EDGE_CURVE('',#2313,#2321,#2323,.T.);
#2321 = VERTEX_POINT('',#2322);
#2322 = CARTESIAN_POINT('',(11.470000267029,6.5,0.));
#2323 = LINE('',#2324,#2325);
#2324 = CARTESIAN_POINT('',(5.845000026118,6.5,0.));
#2325 = VECTOR('',#2326,1.);
#2326 = DIRECTION('',(-1.,0.,0.));
#2327 = ORIENTED_EDGE('',*,*,#2328,.F.);
#2328 = EDGE_CURVE('',#2329,#2321,#2331,.T.);
#2329 = VERTEX_POINT('',#2330);
#2330 = CARTESIAN_POINT('',(11.470000267029,12.479999542236,0.));
#2331 = LINE('',#2332,#2333);
#2332 = CARTESIAN_POINT('',(11.470000267029,12.479999542236,0.));
#2333 = VECTOR('',#2334,1.);
#2334 = DIRECTION('',(0.,-1.,0.));
#2335 = ORIENTED_EDGE('',*,*,#2336,.F.);
#2336 = EDGE_CURVE('',#2337,#2329,#2339,.T.);
#2337 = VERTEX_POINT('',#2338);
#2338 = CARTESIAN_POINT('',(9.369999885559,12.479999542236,0.));
#2339 = LINE('',#2340,#2341);
#2340 = CARTESIAN_POINT('',(9.369999885559,12.479999542236,0.));
#2341 = VECTOR('',#2342,1.);
#2342 = DIRECTION('',(1.,0.,0.));
#2343 = ORIENTED_EDGE('',*,*,#2344,.T.);
#2344 = EDGE_CURVE('',#2337,#2345,#2347,.T.);
#2345 = VERTEX_POINT('',#2346);
#2346 = CARTESIAN_POINT('',(9.369999885559,6.5,0.));
#2347 = LINE('',#2348,#2349);
#2348 = CARTESIAN_POINT('',(9.369999885559,12.479999542236,0.));
#2349 = VECTOR('',#2350,1.);
#2350 = DIRECTION('',(0.,-1.,0.));
#2351 = ORIENTED_EDGE('',*,*,#2352,.T.);
#2352 = EDGE_CURVE('',#2345,#2353,#2355,.T.);
#2353 = VERTEX_POINT('',#2354);
#2354 = CARTESIAN_POINT('',(8.930000305176,6.5,0.));
#2355 = LINE('',#2356,#2357);
#2356 = CARTESIAN_POINT('',(4.575000045191,6.5,0.));
#2357 = VECTOR('',#2358,1.);
#2358 = DIRECTION('',(-1.,0.,0.));
#2359 = ORIENTED_EDGE('',*,*,#2360,.F.);
#2360 = EDGE_CURVE('',#2361,#2353,#2363,.T.);
#2361 = VERTEX_POINT('',#2362);
#2362 = CARTESIAN_POINT('',(8.930000305176,12.479999542236,0.));
#2363 = LINE('',#2364,#2365);
#2364 = CARTESIAN_POINT('',(8.930000305176,12.479999542236,0.));
#2365 = VECTOR('',#2366,1.);
#2366 = DIRECTION('',(0.,-1.,0.));
#2367 = ORIENTED_EDGE('',*,*,#2368,.F.);
#2368 = EDGE_CURVE('',#2369,#2361,#2371,.T.);
#2369 = VERTEX_POINT('',#2370);
#2370 = CARTESIAN_POINT('',(6.829999923706,12.479999542236,0.));
#2371 = LINE('',#2372,#2373);
#2372 = CARTESIAN_POINT('',(6.829999923706,12.479999542236,0.));
#2373 = VECTOR('',#2374,1.);
#2374 = DIRECTION('',(1.,0.,0.));
#2375 = ORIENTED_EDGE('',*,*,#2376,.T.);
#2376 = EDGE_CURVE('',#2369,#2377,#2379,.T.);
#2377 = VERTEX_POINT('',#2378);
#2378 = CARTESIAN_POINT('',(6.829999923706,6.5,0.));
#2379 = LINE('',#2380,#2381);
#2380 = CARTESIAN_POINT('',(6.829999923706,12.479999542236,0.));
#2381 = VECTOR('',#2382,1.);
#2382 = DIRECTION('',(0.,-1.,0.));
#2383 = ORIENTED_EDGE('',*,*,#2384,.T.);
#2384 = EDGE_CURVE('',#2377,#2385,#2387,.T.);
#2385 = VERTEX_POINT('',#2386);
#2386 = CARTESIAN_POINT('',(6.389999866486,6.5,0.));
#2387 = LINE('',#2388,#2389);
#2388 = CARTESIAN_POINT('',(3.304999945055,6.5,0.));
#2389 = VECTOR('',#2390,1.);
#2390 = DIRECTION('',(-1.,0.,0.));
#2391 = ORIENTED_EDGE('',*,*,#2392,.F.);
#2392 = EDGE_CURVE('',#2393,#2385,#2395,.T.);
#2393 = VERTEX_POINT('',#2394);
#2394 = CARTESIAN_POINT('',(6.389999866486,12.479999542236,0.));
#2395 = LINE('',#2396,#2397);
#2396 = CARTESIAN_POINT('',(6.389999866486,12.479999542236,0.));
#2397 = VECTOR('',#2398,1.);
#2398 = DIRECTION('',(0.,-1.,0.));
#2399 = ORIENTED_EDGE('',*,*,#2400,.F.);
#2400 = EDGE_CURVE('',#2401,#2393,#2403,.T.);
#2401 = VERTEX_POINT('',#2402);
#2402 = CARTESIAN_POINT('',(4.289999961853,12.479999542236,0.));
#2403 = LINE('',#2404,#2405);
#2404 = CARTESIAN_POINT('',(4.289999961853,12.479999542236,0.));
#2405 = VECTOR('',#2406,1.);
#2406 = DIRECTION('',(1.,0.,0.));
#2407 = ORIENTED_EDGE('',*,*,#2408,.T.);
#2408 = EDGE_CURVE('',#2401,#2409,#2411,.T.);
#2409 = VERTEX_POINT('',#2410);
#2410 = CARTESIAN_POINT('',(4.289999961853,6.5,0.));
#2411 = LINE('',#2412,#2413);
#2412 = CARTESIAN_POINT('',(4.289999961853,12.479999542236,0.));
#2413 = VECTOR('',#2414,1.);
#2414 = DIRECTION('',(0.,-1.,0.));
#2415 = ORIENTED_EDGE('',*,*,#2416,.T.);
#2416 = EDGE_CURVE('',#2409,#2417,#2419,.T.);
#2417 = VERTEX_POINT('',#2418);
#2418 = CARTESIAN_POINT('',(3.849999904633,6.5,0.));
#2419 = LINE('',#2420,#2421);
#2420 = CARTESIAN_POINT('',(2.034999976912,6.5,0.));
#2421 = VECTOR('',#2422,1.);
#2422 = DIRECTION('',(-1.,0.,0.));
#2423 = ORIENTED_EDGE('',*,*,#2424,.F.);
#2424 = EDGE_CURVE('',#2425,#2417,#2427,.T.);
#2425 = VERTEX_POINT('',#2426);
#2426 = CARTESIAN_POINT('',(3.849999904633,12.479999542236,0.));
#2427 = LINE('',#2428,#2429);
#2428 = CARTESIAN_POINT('',(3.849999904633,12.479999542236,0.));
#2429 = VECTOR('',#2430,1.);
#2430 = DIRECTION('',(0.,-1.,0.));
#2431 = ORIENTED_EDGE('',*,*,#2432,.F.);
#2432 = EDGE_CURVE('',#2433,#2425,#2435,.T.);
#2433 = VERTEX_POINT('',#2434);
#2434 = CARTESIAN_POINT('',(1.75,12.479999542236,0.));
#2435 = LINE('',#2436,#2437);
#2436 = CARTESIAN_POINT('',(1.75,12.479999542236,0.));
#2437 = VECTOR('',#2438,1.);
#2438 = DIRECTION('',(1.,0.,0.));
#2439 = ORIENTED_EDGE('',*,*,#2440,.F.);
#2440 = EDGE_CURVE('',#2441,#2433,#2443,.T.);
#2441 = VERTEX_POINT('',#2442);
#2442 = CARTESIAN_POINT('',(1.75,6.5,0.));
#2443 = LINE('',#2444,#2445);
#2444 = CARTESIAN_POINT('',(1.75,6.5,0.));
#2445 = VECTOR('',#2446,1.);
#2446 = DIRECTION('',(0.,1.,0.));
#2447 = ORIENTED_EDGE('',*,*,#2448,.T.);
#2448 = EDGE_CURVE('',#2441,#2449,#2451,.T.);
#2449 = VERTEX_POINT('',#2450);
#2450 = CARTESIAN_POINT('',(1.30999994278,6.5,0.));
#2451 = LINE('',#2452,#2453);
#2452 = CARTESIAN_POINT('',(0.764999989594,6.5,0.));
#2453 = VECTOR('',#2454,1.);
#2454 = DIRECTION('',(-1.,0.,0.));
#2455 = ORIENTED_EDGE('',*,*,#2456,.F.);
#2456 = EDGE_CURVE('',#2457,#2449,#2459,.T.);
#2457 = VERTEX_POINT('',#2458);
#2458 = CARTESIAN_POINT('',(1.30999994278,12.479999542236,0.));
#2459 = LINE('',#2460,#2461);
#2460 = CARTESIAN_POINT('',(1.30999994278,12.479999542236,0.));
#2461 = VECTOR('',#2462,1.);
#2462 = DIRECTION('',(0.,-1.,0.));
#2463 = ORIENTED_EDGE('',*,*,#2464,.F.);
#2464 = EDGE_CURVE('',#2465,#2457,#2467,.T.);
#2465 = VERTEX_POINT('',#2466);
#2466 = CARTESIAN_POINT('',(-0.790000021458,12.479999542236,0.));
#2467 = LINE('',#2468,#2469);
#2468 = CARTESIAN_POINT('',(-0.790000021458,12.479999542236,0.));
#2469 = VECTOR('',#2470,1.);
#2470 = DIRECTION('',(1.,0.,0.));
#2471 = ORIENTED_EDGE('',*,*,#2472,.F.);
#2472 = EDGE_CURVE('',#2473,#2465,#2475,.T.);
#2473 = VERTEX_POINT('',#2474);
#2474 = CARTESIAN_POINT('',(-0.790000021458,6.5,0.));
#2475 = LINE('',#2476,#2477);
#2476 = CARTESIAN_POINT('',(-0.790000021458,6.5,0.));
#2477 = VECTOR('',#2478,1.);
#2478 = DIRECTION('',(0.,1.,0.));
#2479 = ORIENTED_EDGE('',*,*,#2480,.T.);
#2480 = EDGE_CURVE('',#2473,#2481,#2483,.T.);
#2481 = VERTEX_POINT('',#2482);
#2482 = CARTESIAN_POINT('',(-1.230000019073,6.5,0.));
#2483 = LINE('',#2484,#2485);
#2484 = CARTESIAN_POINT('',(-0.505000012625,6.5,0.));
#2485 = VECTOR('',#2486,1.);
#2486 = DIRECTION('',(-1.,0.,0.));
#2487 = ORIENTED_EDGE('',*,*,#2488,.F.);
#2488 = EDGE_CURVE('',#2489,#2481,#2491,.T.);
#2489 = VERTEX_POINT('',#2490);
#2490 = CARTESIAN_POINT('',(-1.230000019073,12.479999542236,0.));
#2491 = LINE('',#2492,#2493);
#2492 = CARTESIAN_POINT('',(-1.230000019073,12.479999542236,0.));
#2493 = VECTOR('',#2494,1.);
#2494 = DIRECTION('',(0.,-1.,0.));
#2495 = ORIENTED_EDGE('',*,*,#2496,.F.);
#2496 = EDGE_CURVE('',#2497,#2489,#2499,.T.);
#2497 = VERTEX_POINT('',#2498);
#2498 = CARTESIAN_POINT('',(-3.329999923706,12.479999542236,0.));
#2499 = LINE('',#2500,#2501);
#2500 = CARTESIAN_POINT('',(-3.329999923706,12.479999542236,0.));
#2501 = VECTOR('',#2502,1.);
#2502 = DIRECTION('',(1.,0.,0.));
#2503 = ORIENTED_EDGE('',*,*,#2504,.F.);
#2504 = EDGE_CURVE('',#2505,#2497,#2507,.T.);
#2505 = VERTEX_POINT('',#2506);
#2506 = CARTESIAN_POINT('',(-3.329999923706,6.5,0.));
#2507 = LINE('',#2508,#2509);
#2508 = CARTESIAN_POINT('',(-3.329999923706,6.5,0.));
#2509 = VECTOR('',#2510,1.);
#2510 = DIRECTION('',(0.,1.,0.));
#2511 = ORIENTED_EDGE('',*,*,#2512,.T.);
#2512 = EDGE_CURVE('',#2505,#2513,#2515,.T.);
#2513 = VERTEX_POINT('',#2514);
#2514 = CARTESIAN_POINT('',(-4.730000019073,6.5,0.));
#2515 = LINE('',#2516,#2517);
#2516 = CARTESIAN_POINT('',(-2.171171010102,6.5,0.));
#2517 = VECTOR('',#2518,1.);
#2518 = DIRECTION('',(-1.,0.,0.));
#2519 = ORIENTED_EDGE('',*,*,#2520,.T.);
#2520 = EDGE_CURVE('',#2513,#2521,#2523,.T.);
#2521 = VERTEX_POINT('',#2522);
#2522 = CARTESIAN_POINT('',(-4.730000019073,13.75,0.));
#2523 = LINE('',#2524,#2525);
#2524 = CARTESIAN_POINT('',(-4.730000019073,6.5,0.));
#2525 = VECTOR('',#2526,1.);
#2526 = DIRECTION('',(0.,1.,0.));
#2527 = ORIENTED_EDGE('',*,*,#2528,.T.);
#2528 = EDGE_CURVE('',#2521,#2529,#2531,.T.);
#2529 = VERTEX_POINT('',#2530);
#2530 = CARTESIAN_POINT('',(-20.,13.75,0.));
#2531 = LINE('',#2532,#2533);
#2532 = CARTESIAN_POINT('',(-4.730000019073,13.75,0.));
#2533 = VECTOR('',#2534,1.);
#2534 = DIRECTION('',(-1.,0.,0.));
#2535 = ORIENTED_EDGE('',*,*,#2536,.F.);
#2536 = EDGE_CURVE('',#2537,#2529,#2539,.T.);
#2537 = VERTEX_POINT('',#2538);
#2538 = CARTESIAN_POINT('',(-20.08682441711,13.74240398407,0.));
#2539 = LINE('',#2540,#2541);
#2540 = CARTESIAN_POINT('',(-20.08682441711,13.74240398407,0.));
#2541 = VECTOR('',#2542,1.);
#2542 = DIRECTION('',(0.996194833856,8.715419094114E-02,0.));
#2543 = ORIENTED_EDGE('',*,*,#2544,.F.);
#2544 = EDGE_CURVE('',#2545,#2537,#2547,.T.);
#2545 = VERTEX_POINT('',#2546);
#2546 = CARTESIAN_POINT('',(-20.17101097106,13.719846725464,0.));
#2547 = LINE('',#2548,#2549);
#2548 = CARTESIAN_POINT('',(-20.17101097106,13.719846725464,0.));
#2549 = VECTOR('',#2550,1.);
#2550 = DIRECTION('',(0.965927147295,0.258814114991,0.));
#2551 = ORIENTED_EDGE('',*,*,#2552,.F.);
#2552 = EDGE_CURVE('',#2553,#2545,#2555,.T.);
#2553 = VERTEX_POINT('',#2554);
#2554 = CARTESIAN_POINT('',(-20.25,13.683012962341,0.));
#2555 = LINE('',#2556,#2557);
#2556 = CARTESIAN_POINT('',(-20.25,13.683012962341,0.));
#2557 = VECTOR('',#2558,1.);
#2558 = DIRECTION('',(0.906305264352,0.422623671614,0.));
#2559 = ORIENTED_EDGE('',*,*,#2560,.F.);
#2560 = EDGE_CURVE('',#2561,#2553,#2563,.T.);
#2561 = VERTEX_POINT('',#2562);
#2562 = CARTESIAN_POINT('',(-20.32139396667,13.63302230835,0.));
#2563 = LINE('',#2564,#2565);
#2564 = CARTESIAN_POINT('',(-20.32139396667,13.63302230835,0.));
#2565 = VECTOR('',#2566,1.);
#2566 = DIRECTION('',(0.819151718986,0.573576900931,0.));
#2567 = ORIENTED_EDGE('',*,*,#2568,.F.);
#2568 = EDGE_CURVE('',#2569,#2561,#2571,.T.);
#2569 = VERTEX_POINT('',#2570);
#2570 = CARTESIAN_POINT('',(-20.38302230835,13.571393966675,0.));
#2571 = LINE('',#2572,#2573);
#2572 = CARTESIAN_POINT('',(-20.38302230835,13.571393966675,0.));
#2573 = VECTOR('',#2574,1.);
#2574 = DIRECTION('',(0.707106781187,0.707106781187,0.));
#2575 = ORIENTED_EDGE('',*,*,#2576,.F.);
#2576 = EDGE_CURVE('',#2577,#2569,#2579,.T.);
#2577 = VERTEX_POINT('',#2578);
#2578 = CARTESIAN_POINT('',(-20.43301200866,13.5,0.));
#2579 = LINE('',#2580,#2581);
#2580 = CARTESIAN_POINT('',(-20.43301200866,13.5,0.));
#2581 = VECTOR('',#2582,1.);
#2582 = DIRECTION('',(0.573569558571,0.819156860119,0.));
#2583 = ORIENTED_EDGE('',*,*,#2584,.F.);
#2584 = EDGE_CURVE('',#2585,#2577,#2587,.T.);
#2585 = VERTEX_POINT('',#2586);
#2586 = CARTESIAN_POINT('',(-20.46984672546,13.421010017395,0.));
#2587 = LINE('',#2588,#2589);
#2588 = CARTESIAN_POINT('',(-20.46984672546,13.421010017395,0.));
#2589 = VECTOR('',#2590,1.);
#2590 = DIRECTION('',(0.42262846823,0.906303027602,0.));
#2591 = ORIENTED_EDGE('',*,*,#2592,.F.);
#2592 = EDGE_CURVE('',#2593,#2585,#2595,.T.);
#2593 = VERTEX_POINT('',#2594);
#2594 = CARTESIAN_POINT('',(-20.49240303039,13.336824417114,0.));
#2595 = LINE('',#2596,#2597);
#2596 = CARTESIAN_POINT('',(-20.49240303039,13.336824417114,0.));
#2597 = VECTOR('',#2598,1.);
#2598 = DIRECTION('',(0.258806641196,0.965929149821,0.));
#2599 = ORIENTED_EDGE('',*,*,#2600,.F.);
#2600 = EDGE_CURVE('',#152,#2593,#2601,.T.);
#2601 = LINE('',#2602,#2603);
#2602 = CARTESIAN_POINT('',(-20.5,13.25,0.));
#2603 = VECTOR('',#2604,1.);
#2604 = DIRECTION('',(8.716504995643E-02,0.996193883773,0.));
#2605 = FACE_BOUND('',#2606,.T.);
#2606 = EDGE_LOOP('',(#2607));
#2607 = ORIENTED_EDGE('',*,*,#2608,.F.);
#2608 = EDGE_CURVE('',#2609,#2609,#2611,.T.);
#2609 = VERTEX_POINT('',#2610);
#2610 = CARTESIAN_POINT('',(-9.715000009537,8.875,0.));
#2611 = ELLIPSE('',#2612,2.936148864785,2.9);
#2612 = AXIS2_PLACEMENT_3D('',#2613,#2614,#2615);
#2613 = CARTESIAN_POINT('',(-12.61500000953,8.875,0.));
#2614 = DIRECTION('',(-0.,0.,1.));
#2615 = DIRECTION('',(0.,-1.,0.));
#2616 = PLANE('',#2617);
#2617 = AXIS2_PLACEMENT_3D('',#2618,#2619,#2620);
#2618 = CARTESIAN_POINT('',(4.085804604835,-9.965603568412E-18,0.));
#2619 = DIRECTION('',(0.,0.,1.));
#2620 = DIRECTION('',(1.,0.,0.));
#2621 = ADVANCED_FACE('',(#2622),#2640,.F.);
#2622 = FACE_BOUND('',#2623,.F.);
#2623 = EDGE_LOOP('',(#2624,#2625,#2633,#2639));
#2624 = ORIENTED_EDGE('',*,*,#63,.T.);
#2625 = ORIENTED_EDGE('',*,*,#2626,.T.);
#2626 = EDGE_CURVE('',#64,#2627,#2629,.T.);
#2627 = VERTEX_POINT('',#2628);
#2628 = CARTESIAN_POINT('',(-22.5,-2.033333333333,-3.164729411609));
#2629 = LINE('',#2630,#2631);
#2630 = CARTESIAN_POINT('',(57.252391434769,-2.033333333333,
    -3.164729411609));
#2631 = VECTOR('',#2632,1.);
#2632 = DIRECTION('',(-1.,-0.,-0.));
#2633 = ORIENTED_EDGE('',*,*,#2634,.F.);
#2634 = EDGE_CURVE('',#2129,#2627,#2635,.T.);
#2635 = LINE('',#2636,#2637);
#2636 = CARTESIAN_POINT('',(-22.5,-2.033333333333,-1.791182352902));
#2637 = VECTOR('',#2638,1.);
#2638 = DIRECTION('',(0.,0.,-1.));
#2639 = ORIENTED_EDGE('',*,*,#2128,.F.);
#2640 = PLANE('',#2641);
#2641 = AXIS2_PLACEMENT_3D('',#2642,#2643,#2644);
#2642 = CARTESIAN_POINT('',(7.783848932485E-16,-2.033333333333,
    -1.082364705805));
#2643 = DIRECTION('',(0.,1.,0.));
#2644 = DIRECTION('',(0.,0.,1.));
#2645 = ADVANCED_FACE('',(#2646),#2664,.T.);
#2646 = FACE_BOUND('',#2647,.F.);
#2647 = EDGE_LOOP('',(#2648,#2656,#2662,#2663));
#2648 = ORIENTED_EDGE('',*,*,#2649,.F.);
#2649 = EDGE_CURVE('',#2650,#2153,#2652,.T.);
#2650 = VERTEX_POINT('',#2651);
#2651 = CARTESIAN_POINT('',(20.5,4.5,-1.4));
#2652 = LINE('',#2653,#2654);
#2653 = CARTESIAN_POINT('',(20.5,4.692917905738,-1.207082094262));
#2654 = VECTOR('',#2655,1.);
#2655 = DIRECTION('',(0.,0.707106781187,0.707106781187));
#2656 = ORIENTED_EDGE('',*,*,#2657,.T.);
#2657 = EDGE_CURVE('',#2650,#136,#2658,.T.);
#2658 = LINE('',#2659,#2660);
#2659 = CARTESIAN_POINT('',(20.5,4.5,-1.4));
#2660 = VECTOR('',#2661,1.);
#2661 = DIRECTION('',(-1.,0.,0.));
#2662 = ORIENTED_EDGE('',*,*,#143,.T.);
#2663 = ORIENTED_EDGE('',*,*,#2152,.F.);
#2664 = PLANE('',#2665);
#2665 = AXIS2_PLACEMENT_3D('',#2666,#2667,#2668);
#2666 = CARTESIAN_POINT('',(20.5,5.2,-0.7));
#2667 = DIRECTION('',(1.41471778041E-17,-0.707106781187,0.707106781187)
  );
#2668 = DIRECTION('',(1.,1.000356535993E-17,-1.000356535993E-17));
#2669 = ADVANCED_FACE('',(#2670,#2798,#2809),#2820,.T.);
#2670 = FACE_BOUND('',#2671,.T.);
#2671 = EDGE_LOOP('',(#2672,#2682,#2690,#2696,#2697,#2705,#2713,#2719,
    #2720,#2721,#2727,#2728,#2736,#2744,#2752,#2760,#2768,#2776,#2784,
    #2792));
#2672 = ORIENTED_EDGE('',*,*,#2673,.T.);
#2673 = EDGE_CURVE('',#2674,#2676,#2678,.T.);
#2674 = VERTEX_POINT('',#2675);
#2675 = CARTESIAN_POINT('',(22.5,4.5,-4.201766448647));
#2676 = VERTEX_POINT('',#2677);
#2677 = CARTESIAN_POINT('',(-22.5,4.5,-4.201766448647));
#2678 = LINE('',#2679,#2680);
#2679 = CARTESIAN_POINT('',(57.252391434769,4.5,-4.201766448647));
#2680 = VECTOR('',#2681,1.);
#2681 = DIRECTION('',(-1.,-0.,-0.));
#2682 = ORIENTED_EDGE('',*,*,#2683,.T.);
#2683 = EDGE_CURVE('',#2676,#2684,#2686,.T.);
#2684 = VERTEX_POINT('',#2685);
#2685 = CARTESIAN_POINT('',(-22.5,2.033333333333,-3.810232057112));
#2686 = LINE('',#2687,#2688);
#2687 = CARTESIAN_POINT('',(-22.5,0.940221242404,-3.636722201409));
#2688 = VECTOR('',#2689,1.);
#2689 = DIRECTION('',(0.,-0.987635528464,0.156767544201));
#2690 = ORIENTED_EDGE('',*,*,#2691,.F.);
#2691 = EDGE_CURVE('',#104,#2684,#2692,.T.);
#2692 = LINE('',#2693,#2694);
#2693 = CARTESIAN_POINT('',(57.252391434769,2.033333333333,
    -3.810232057112));
#2694 = VECTOR('',#2695,1.);
#2695 = DIRECTION('',(-1.,-0.,-0.));
#2696 = ORIENTED_EDGE('',*,*,#103,.F.);
#2697 = ORIENTED_EDGE('',*,*,#2698,.T.);
#2698 = EDGE_CURVE('',#96,#2699,#2701,.T.);
#2699 = VERTEX_POINT('',#2700);
#2700 = CARTESIAN_POINT('',(-22.5,1.233333333333,-3.683247930128));
#2701 = LINE('',#2702,#2703);
#2702 = CARTESIAN_POINT('',(57.252391434769,1.233333333333,
    -3.683247930128));
#2703 = VECTOR('',#2704,1.);
#2704 = DIRECTION('',(-1.,-0.,-0.));
#2705 = ORIENTED_EDGE('',*,*,#2706,.T.);
#2706 = EDGE_CURVE('',#2699,#2707,#2709,.T.);
#2707 = VERTEX_POINT('',#2708);
#2708 = CARTESIAN_POINT('',(-22.5,-1.233333333333,-3.291713538594));
#2709 = LINE('',#2710,#2711);
#2710 = CARTESIAN_POINT('',(-22.5,-0.693112090929,-3.37746294215));
#2711 = VECTOR('',#2712,1.);
#2712 = DIRECTION('',(0.,-0.987635528464,0.156767544201));
#2713 = ORIENTED_EDGE('',*,*,#2714,.F.);
#2714 = EDGE_CURVE('',#72,#2707,#2715,.T.);
#2715 = LINE('',#2716,#2717);
#2716 = CARTESIAN_POINT('',(57.252391434769,-1.233333333333,
    -3.291713538594));
#2717 = VECTOR('',#2718,1.);
#2718 = DIRECTION('',(-1.,-0.,-0.));
#2719 = ORIENTED_EDGE('',*,*,#71,.F.);
#2720 = ORIENTED_EDGE('',*,*,#2626,.T.);
#2721 = ORIENTED_EDGE('',*,*,#2722,.T.);
#2722 = EDGE_CURVE('',#2627,#753,#2723,.T.);
#2723 = LINE('',#2724,#2725);
#2724 = CARTESIAN_POINT('',(-22.5,-2.326445424262,-3.118203682891));
#2725 = VECTOR('',#2726,1.);
#2726 = DIRECTION('',(0.,-0.987635528464,0.156767544201));
#2727 = ORIENTED_EDGE('',*,*,#752,.F.);
#2728 = ORIENTED_EDGE('',*,*,#2729,.T.);
#2729 = EDGE_CURVE('',#745,#2730,#2732,.T.);
#2730 = VERTEX_POINT('',#2731);
#2731 = CARTESIAN_POINT('',(22.5,-2.033333333333,-3.164729411609));
#2732 = LINE('',#2733,#2734);
#2733 = CARTESIAN_POINT('',(22.5,-2.326445424262,-3.118203682891));
#2734 = VECTOR('',#2735,1.);
#2735 = DIRECTION('',(0.,0.987635528464,-0.156767544201));
#2736 = ORIENTED_EDGE('',*,*,#2737,.T.);
#2737 = EDGE_CURVE('',#2730,#2738,#2740,.T.);
#2738 = VERTEX_POINT('',#2739);
#2739 = CARTESIAN_POINT('',(20.5,-2.033333333333,-3.164729411609));
#2740 = LINE('',#2741,#2742);
#2741 = CARTESIAN_POINT('',(57.252391434769,-2.033333333333,
    -3.164729411609));
#2742 = VECTOR('',#2743,1.);
#2743 = DIRECTION('',(-1.,-0.,-0.));
#2744 = ORIENTED_EDGE('',*,*,#2745,.T.);
#2745 = EDGE_CURVE('',#2738,#2746,#2748,.T.);
#2746 = VERTEX_POINT('',#2747);
#2747 = CARTESIAN_POINT('',(20.5,-1.233333333333,-3.291713538594));
#2748 = LINE('',#2749,#2750);
#2749 = CARTESIAN_POINT('',(20.5,-4.5,-2.773195020075));
#2750 = VECTOR('',#2751,1.);
#2751 = DIRECTION('',(0.,0.987635528464,-0.156767544201));
#2752 = ORIENTED_EDGE('',*,*,#2753,.F.);
#2753 = EDGE_CURVE('',#2754,#2746,#2756,.T.);
#2754 = VERTEX_POINT('',#2755);
#2755 = CARTESIAN_POINT('',(22.5,-1.233333333333,-3.291713538594));
#2756 = LINE('',#2757,#2758);
#2757 = CARTESIAN_POINT('',(57.252391434769,-1.233333333333,
    -3.291713538594));
#2758 = VECTOR('',#2759,1.);
#2759 = DIRECTION('',(-1.,-0.,-0.));
#2760 = ORIENTED_EDGE('',*,*,#2761,.T.);
#2761 = EDGE_CURVE('',#2754,#2762,#2764,.T.);
#2762 = VERTEX_POINT('',#2763);
#2763 = CARTESIAN_POINT('',(22.5,1.233333333333,-3.683247930128));
#2764 = LINE('',#2765,#2766);
#2765 = CARTESIAN_POINT('',(22.5,-0.693112090929,-3.37746294215));
#2766 = VECTOR('',#2767,1.);
#2767 = DIRECTION('',(0.,0.987635528464,-0.156767544201));
#2768 = ORIENTED_EDGE('',*,*,#2769,.T.);
#2769 = EDGE_CURVE('',#2762,#2770,#2772,.T.);
#2770 = VERTEX_POINT('',#2771);
#2771 = CARTESIAN_POINT('',(20.5,1.233333333333,-3.683247930128));
#2772 = LINE('',#2773,#2774);
#2773 = CARTESIAN_POINT('',(57.252391434769,1.233333333333,
    -3.683247930128));
#2774 = VECTOR('',#2775,1.);
#2775 = DIRECTION('',(-1.,-0.,-0.));
#2776 = ORIENTED_EDGE('',*,*,#2777,.T.);
#2777 = EDGE_CURVE('',#2770,#2778,#2780,.T.);
#2778 = VERTEX_POINT('',#2779);
#2779 = CARTESIAN_POINT('',(20.5,2.033333333333,-3.810232057112));
#2780 = LINE('',#2781,#2782);
#2781 = CARTESIAN_POINT('',(20.5,-4.5,-2.773195020075));
#2782 = VECTOR('',#2783,1.);
#2783 = DIRECTION('',(0.,0.987635528464,-0.156767544201));
#2784 = ORIENTED_EDGE('',*,*,#2785,.F.);
#2785 = EDGE_CURVE('',#2786,#2778,#2788,.T.);
#2786 = VERTEX_POINT('',#2787);
#2787 = CARTESIAN_POINT('',(22.5,2.033333333333,-3.810232057112));
#2788 = LINE('',#2789,#2790);
#2789 = CARTESIAN_POINT('',(57.252391434769,2.033333333333,
    -3.810232057112));
#2790 = VECTOR('',#2791,1.);
#2791 = DIRECTION('',(-1.,-0.,-0.));
#2792 = ORIENTED_EDGE('',*,*,#2793,.T.);
#2793 = EDGE_CURVE('',#2786,#2674,#2794,.T.);
#2794 = LINE('',#2795,#2796);
#2795 = CARTESIAN_POINT('',(22.5,0.940221242404,-3.636722201409));
#2796 = VECTOR('',#2797,1.);
#2797 = DIRECTION('',(0.,0.987635528464,-0.156767544201));
#2798 = FACE_BOUND('',#2799,.T.);
#2799 = EDGE_LOOP('',(#2800));
#2800 = ORIENTED_EDGE('',*,*,#2801,.F.);
#2801 = EDGE_CURVE('',#2802,#2802,#2804,.T.);
#2802 = VERTEX_POINT('',#2803);
#2803 = CARTESIAN_POINT('',(16.813600913776,-1.351579483342E-02,
    -3.485335370102));
#2804 = ELLIPSE('',#2805,2.813601393766,2.813601073773);
#2805 = AXIS2_PLACEMENT_3D('',#2806,#2807,#2808);
#2806 = CARTESIAN_POINT('',(14.,-1.445292179458E-02,-3.48518661979));
#2807 = DIRECTION('',(-0.,0.156767544201,0.987635528464));
#2808 = DIRECTION('',(0.,-0.987635528464,0.156767544201));
#2809 = FACE_BOUND('',#2810,.T.);
#2810 = EDGE_LOOP('',(#2811));
#2811 = ORIENTED_EDGE('',*,*,#2812,.F.);
#2812 = EDGE_CURVE('',#2813,#2813,#2815,.T.);
#2813 = VERTEX_POINT('',#2814);
#2814 = CARTESIAN_POINT('',(3.518546679925,-7.531589256773E-02,
    -3.475525830779));
#2815 = ELLIPSE('',#2816,3.518547280176,3.518546880009);
#2816 = AXIS2_PLACEMENT_3D('',#2817,#2818,#2819);
#2817 = CARTESIAN_POINT('',(0.,-7.648781604193E-02,-3.47533981118));
#2818 = DIRECTION('',(-0.,0.156767544201,0.987635528464));
#2819 = DIRECTION('',(0.,-0.987635528464,0.156767544201));
#2820 = PLANE('',#2821);
#2821 = AXIS2_PLACEMENT_3D('',#2822,#2823,#2824);
#2822 = CARTESIAN_POINT('',(2.745498579809E-15,-1.429947176984E-17,
    -3.487480734361));
#2823 = DIRECTION('',(0.,0.156767544201,0.987635528464));
#2824 = DIRECTION('',(0.,0.987635528464,-0.156767544201));
#2825 = ADVANCED_FACE('',(#2826),#2876,.T.);
#2826 = FACE_BOUND('',#2827,.T.);
#2827 = EDGE_LOOP('',(#2828,#2836,#2837,#2838,#2839,#2847,#2853,#2854,
    #2862,#2870));
#2828 = ORIENTED_EDGE('',*,*,#2829,.T.);
#2829 = EDGE_CURVE('',#2830,#2650,#2832,.T.);
#2830 = VERTEX_POINT('',#2831);
#2831 = CARTESIAN_POINT('',(20.5,4.5,0.));
#2832 = LINE('',#2833,#2834);
#2833 = CARTESIAN_POINT('',(20.5,4.5,0.253756721648));
#2834 = VECTOR('',#2835,1.);
#2835 = DIRECTION('',(0.,0.,-1.));
#2836 = ORIENTED_EDGE('',*,*,#2657,.T.);
#2837 = ORIENTED_EDGE('',*,*,#135,.F.);
#2838 = ORIENTED_EDGE('',*,*,#127,.T.);
#2839 = ORIENTED_EDGE('',*,*,#2840,.T.);
#2840 = EDGE_CURVE('',#120,#2841,#2843,.T.);
#2841 = VERTEX_POINT('',#2842);
#2842 = CARTESIAN_POINT('',(-22.5,4.5,1.));
#2843 = LINE('',#2844,#2845);
#2844 = CARTESIAN_POINT('',(57.252391434769,4.5,1.));
#2845 = VECTOR('',#2846,1.);
#2846 = DIRECTION('',(-1.,-0.,-0.));
#2847 = ORIENTED_EDGE('',*,*,#2848,.T.);
#2848 = EDGE_CURVE('',#2841,#2676,#2849,.T.);
#2849 = LINE('',#2850,#2851);
#2850 = CARTESIAN_POINT('',(-22.5,4.5,-2.050441612162));
#2851 = VECTOR('',#2852,1.);
#2852 = DIRECTION('',(0.,0.,-1.));
#2853 = ORIENTED_EDGE('',*,*,#2673,.F.);
#2854 = ORIENTED_EDGE('',*,*,#2855,.T.);
#2855 = EDGE_CURVE('',#2674,#2856,#2858,.T.);
#2856 = VERTEX_POINT('',#2857);
#2857 = CARTESIAN_POINT('',(22.5,4.5,1.));
#2858 = LINE('',#2859,#2860);
#2859 = CARTESIAN_POINT('',(22.5,4.5,-2.050441612162));
#2860 = VECTOR('',#2861,1.);
#2861 = DIRECTION('',(0.,0.,1.));
#2862 = ORIENTED_EDGE('',*,*,#2863,.T.);
#2863 = EDGE_CURVE('',#2856,#2864,#2866,.T.);
#2864 = VERTEX_POINT('',#2865);
#2865 = CARTESIAN_POINT('',(20.5,4.5,1.));
#2866 = LINE('',#2867,#2868);
#2867 = CARTESIAN_POINT('',(57.252391434769,4.5,1.));
#2868 = VECTOR('',#2869,1.);
#2869 = DIRECTION('',(-1.,-0.,-0.));
#2870 = ORIENTED_EDGE('',*,*,#2871,.T.);
#2871 = EDGE_CURVE('',#2864,#2830,#2872,.T.);
#2872 = LINE('',#2873,#2874);
#2873 = CARTESIAN_POINT('',(20.5,4.5,0.949558387838));
#2874 = VECTOR('',#2875,1.);
#2875 = DIRECTION('',(0.,0.,-1.));
#2876 = PLANE('',#2877);
#2877 = AXIS2_PLACEMENT_3D('',#2878,#2879,#2880);
#2878 = CARTESIAN_POINT('',(1.838743446139E-15,4.5,-1.960228576092));
#2879 = DIRECTION('',(-0.,-1.,-0.));
#2880 = DIRECTION('',(0.,0.,-1.));
#2881 = ADVANCED_FACE('',(#2882),#2900,.F.);
#2882 = FACE_BOUND('',#2883,.F.);
#2883 = EDGE_LOOP('',(#2884,#2885,#2886,#2894));
#2884 = ORIENTED_EDGE('',*,*,#2714,.F.);
#2885 = ORIENTED_EDGE('',*,*,#79,.F.);
#2886 = ORIENTED_EDGE('',*,*,#2887,.T.);
#2887 = EDGE_CURVE('',#80,#2888,#2890,.T.);
#2888 = VERTEX_POINT('',#2889);
#2889 = CARTESIAN_POINT('',(-22.5,-1.233333333333,1.391534391534));
#2890 = LINE('',#2891,#2892);
#2891 = CARTESIAN_POINT('',(57.252391434769,-1.233333333333,
    1.391534391534));
#2892 = VECTOR('',#2893,1.);
#2893 = DIRECTION('',(-1.,-0.,-0.));
#2894 = ORIENTED_EDGE('',*,*,#2895,.F.);
#2895 = EDGE_CURVE('',#2707,#2888,#2896,.T.);
#2896 = LINE('',#2897,#2898);
#2897 = CARTESIAN_POINT('',(-22.5,-1.233333333333,-1.725044786765));
#2898 = VECTOR('',#2899,1.);
#2899 = DIRECTION('',(0.,0.,1.));
#2900 = PLANE('',#2901);
#2901 = AXIS2_PLACEMENT_3D('',#2902,#2903,#2904);
#2902 = CARTESIAN_POINT('',(-4.173069323279E-16,-1.233333333333,
    -0.95008957353));
#2903 = DIRECTION('',(-0.,-1.,-0.));
#2904 = DIRECTION('',(0.,0.,-1.));
#2905 = ADVANCED_FACE('',(#2906),#2924,.F.);
#2906 = FACE_BOUND('',#2907,.F.);
#2907 = EDGE_LOOP('',(#2908,#2909,#2917,#2923));
#2908 = ORIENTED_EDGE('',*,*,#87,.F.);
#2909 = ORIENTED_EDGE('',*,*,#2910,.T.);
#2910 = EDGE_CURVE('',#88,#2911,#2913,.T.);
#2911 = VERTEX_POINT('',#2912);
#2912 = CARTESIAN_POINT('',(-22.5,1.233333333333,1.));
#2913 = LINE('',#2914,#2915);
#2914 = CARTESIAN_POINT('',(57.252391434769,1.233333333333,1.));
#2915 = VECTOR('',#2916,1.);
#2916 = DIRECTION('',(-1.,-0.,-0.));
#2917 = ORIENTED_EDGE('',*,*,#2918,.F.);
#2918 = EDGE_CURVE('',#2888,#2911,#2919,.T.);
#2919 = LINE('',#2920,#2921);
#2920 = CARTESIAN_POINT('',(-22.5,0.902772999099,1.052469894323));
#2921 = VECTOR('',#2922,1.);
#2922 = DIRECTION('',(0.,0.987635528464,-0.156767544201));
#2923 = ORIENTED_EDGE('',*,*,#2887,.F.);
#2924 = PLANE('',#2925);
#2925 = AXIS2_PLACEMENT_3D('',#2926,#2927,#2928);
#2926 = CARTESIAN_POINT('',(57.252391434769,1.233333333333,1.));
#2927 = DIRECTION('',(0.,0.156767544201,0.987635528464));
#2928 = DIRECTION('',(0.,-0.987635528464,0.156767544201));
#2929 = ADVANCED_FACE('',(#2930),#2948,.F.);
#2930 = FACE_BOUND('',#2931,.F.);
#2931 = EDGE_LOOP('',(#2932,#2933,#2934,#2942));
#2932 = ORIENTED_EDGE('',*,*,#119,.F.);
#2933 = ORIENTED_EDGE('',*,*,#2840,.T.);
#2934 = ORIENTED_EDGE('',*,*,#2935,.F.);
#2935 = EDGE_CURVE('',#2936,#2841,#2938,.T.);
#2936 = VERTEX_POINT('',#2937);
#2937 = CARTESIAN_POINT('',(-22.5,2.033333333333,1.391534391534));
#2938 = LINE('',#2939,#2940);
#2939 = CARTESIAN_POINT('',(-22.5,2.576247235193,1.305357581715));
#2940 = VECTOR('',#2941,1.);
#2941 = DIRECTION('',(0.,0.987635528464,-0.156767544201));
#2942 = ORIENTED_EDGE('',*,*,#2943,.F.);
#2943 = EDGE_CURVE('',#112,#2936,#2944,.T.);
#2944 = LINE('',#2945,#2946);
#2945 = CARTESIAN_POINT('',(57.252391434769,2.033333333333,
    1.391534391534));
#2946 = VECTOR('',#2947,1.);
#2947 = DIRECTION('',(-1.,-0.,-0.));
#2948 = PLANE('',#2949);
#2949 = AXIS2_PLACEMENT_3D('',#2950,#2951,#2952);
#2950 = CARTESIAN_POINT('',(57.252391434769,4.5,1.));
#2951 = DIRECTION('',(0.,0.156767544201,0.987635528464));
#2952 = DIRECTION('',(0.,-0.987635528464,0.156767544201));
#2953 = ADVANCED_FACE('',(#2954),#2965,.F.);
#2954 = FACE_BOUND('',#2955,.F.);
#2955 = EDGE_LOOP('',(#2956,#2957,#2958,#2964));
#2956 = ORIENTED_EDGE('',*,*,#95,.T.);
#2957 = ORIENTED_EDGE('',*,*,#2698,.T.);
#2958 = ORIENTED_EDGE('',*,*,#2959,.F.);
#2959 = EDGE_CURVE('',#2911,#2699,#2960,.T.);
#2960 = LINE('',#2961,#2962);
#2961 = CARTESIAN_POINT('',(-22.5,1.233333333333,-1.920811982532));
#2962 = VECTOR('',#2963,1.);
#2963 = DIRECTION('',(0.,0.,-1.));
#2964 = ORIENTED_EDGE('',*,*,#2910,.F.);
#2965 = PLANE('',#2966);
#2966 = AXIS2_PLACEMENT_3D('',#2967,#2968,#2969);
#2967 = CARTESIAN_POINT('',(-2.384611041873E-16,1.233333333333,
    -1.341623965064));
#2968 = DIRECTION('',(0.,1.,0.));
#2969 = DIRECTION('',(0.,0.,1.));
#2970 = ADVANCED_FACE('',(#2971),#2982,.F.);
#2971 = FACE_BOUND('',#2972,.F.);
#2972 = EDGE_LOOP('',(#2973,#2974,#2975,#2976));
#2973 = ORIENTED_EDGE('',*,*,#2691,.F.);
#2974 = ORIENTED_EDGE('',*,*,#111,.F.);
#2975 = ORIENTED_EDGE('',*,*,#2943,.T.);
#2976 = ORIENTED_EDGE('',*,*,#2977,.F.);
#2977 = EDGE_CURVE('',#2684,#2936,#2978,.T.);
#2978 = LINE('',#2979,#2980);
#2979 = CARTESIAN_POINT('',(-22.5,2.033333333333,-1.854674416394));
#2980 = VECTOR('',#2981,1.);
#2981 = DIRECTION('',(0.,0.,1.));
#2982 = PLANE('',#2983);
#2983 = AXIS2_PLACEMENT_3D('',#2984,#2985,#2986);
#2984 = CARTESIAN_POINT('',(5.342134292789E-16,2.033333333333,
    -1.209348832789));
#2985 = DIRECTION('',(-0.,-1.,-0.));
#2986 = DIRECTION('',(0.,0.,-1.));
#2987 = ADVANCED_FACE('',(#2988),#2998,.T.);
#2988 = FACE_BOUND('',#2989,.T.);
#2989 = EDGE_LOOP('',(#2990,#2991,#2992));
#2990 = ORIENTED_EDGE('',*,*,#190,.F.);
#2991 = ORIENTED_EDGE('',*,*,#703,.F.);
#2992 = ORIENTED_EDGE('',*,*,#2993,.T.);
#2993 = EDGE_CURVE('',#696,#191,#2994,.T.);
#2994 = LINE('',#2995,#2996);
#2995 = CARTESIAN_POINT('',(-20.49809646606,-13.29357814788,1.75));
#2996 = VECTOR('',#2997,1.);
#2997 = DIRECTION('',(3.252381655819E-03,-2.470448089555E-02,
    -0.999689507116));
#2998 = PLANE('',#2999);
#2999 = AXIS2_PLACEMENT_3D('',#3000,#3001,#3002);
#3000 = CARTESIAN_POINT('',(-20.49712597705,-13.2934931629,
    0.853746806985));
#3001 = DIRECTION('',(0.996193295267,8.716499846328E-02,
    1.08697225703E-03));
#3002 = DIRECTION('',(-8.716504995643E-02,0.996193883773,0.));
#3003 = ADVANCED_FACE('',(#3004),#3079,.T.);
#3004 = FACE_BOUND('',#3005,.T.);
#3005 = EDGE_LOOP('',(#3006,#3007,#3008,#3009,#3010,#3018,#3024,#3025,
    #3033,#3041,#3047,#3048,#3056,#3062,#3063,#3064,#3065,#3066,#3072,
    #3073));
#3006 = ORIENTED_EDGE('',*,*,#2160,.F.);
#3007 = ORIENTED_EDGE('',*,*,#2649,.F.);
#3008 = ORIENTED_EDGE('',*,*,#2829,.F.);
#3009 = ORIENTED_EDGE('',*,*,#2871,.F.);
#3010 = ORIENTED_EDGE('',*,*,#3011,.F.);
#3011 = EDGE_CURVE('',#3012,#2864,#3014,.T.);
#3012 = VERTEX_POINT('',#3013);
#3013 = CARTESIAN_POINT('',(20.5,2.033333333333,1.391534391534));
#3014 = LINE('',#3015,#3016);
#3015 = CARTESIAN_POINT('',(20.5,2.111759646105,1.37908577046));
#3016 = VECTOR('',#3017,1.);
#3017 = DIRECTION('',(0.,0.987635528464,-0.156767544201));
#3018 = ORIENTED_EDGE('',*,*,#3019,.F.);
#3019 = EDGE_CURVE('',#2778,#3012,#3020,.T.);
#3020 = LINE('',#3021,#3022);
#3021 = CARTESIAN_POINT('',(20.5,2.033333333333,-1.240628773829));
#3022 = VECTOR('',#3023,1.);
#3023 = DIRECTION('',(0.,0.,1.));
#3024 = ORIENTED_EDGE('',*,*,#2777,.F.);
#3025 = ORIENTED_EDGE('',*,*,#3026,.F.);
#3026 = EDGE_CURVE('',#3027,#2770,#3029,.T.);
#3027 = VERTEX_POINT('',#3028);
#3028 = CARTESIAN_POINT('',(20.5,1.233333333333,1.));
#3029 = LINE('',#3030,#3031);
#3030 = CARTESIAN_POINT('',(20.5,1.233333333333,1.079188017468));
#3031 = VECTOR('',#3032,1.);
#3032 = DIRECTION('',(0.,0.,-1.));
#3033 = ORIENTED_EDGE('',*,*,#3034,.F.);
#3034 = EDGE_CURVE('',#3035,#3027,#3037,.T.);
#3035 = VERTEX_POINT('',#3036);
#3036 = CARTESIAN_POINT('',(20.5,-1.233333333333,1.391534391534));
#3037 = LINE('',#3038,#3039);
#3038 = CARTESIAN_POINT('',(20.5,0.438285410011,1.126198083067));
#3039 = VECTOR('',#3040,1.);
#3040 = DIRECTION('',(0.,0.987635528464,-0.156767544201));
#3041 = ORIENTED_EDGE('',*,*,#3042,.F.);
#3042 = EDGE_CURVE('',#2746,#3035,#3043,.T.);
#3043 = LINE('',#3044,#3045);
#3044 = CARTESIAN_POINT('',(20.5,-1.233333333333,-1.110999144199));
#3045 = VECTOR('',#3046,1.);
#3046 = DIRECTION('',(0.,0.,1.));
#3047 = ORIENTED_EDGE('',*,*,#2745,.F.);
#3048 = ORIENTED_EDGE('',*,*,#3049,.F.);
#3049 = EDGE_CURVE('',#3050,#2738,#3052,.T.);
#3050 = VERTEX_POINT('',#3051);
#3051 = CARTESIAN_POINT('',(20.5,-2.033333333333,1.));
#3052 = LINE('',#3053,#3054);
#3053 = CARTESIAN_POINT('',(20.5,-2.033333333333,1.208817647098));
#3054 = VECTOR('',#3055,1.);
#3055 = DIRECTION('',(0.,0.,-1.));
#3056 = ORIENTED_EDGE('',*,*,#3057,.F.);
#3057 = EDGE_CURVE('',#729,#3050,#3058,.T.);
#3058 = LINE('',#3059,#3060);
#3059 = CARTESIAN_POINT('',(20.5,-1.235188826083,0.873310395675));
#3060 = VECTOR('',#3061,1.);
#3061 = DIRECTION('',(0.,0.987635528464,-0.156767544201));
#3062 = ORIENTED_EDGE('',*,*,#728,.F.);
#3063 = ORIENTED_EDGE('',*,*,#720,.T.);
#3064 = ORIENTED_EDGE('',*,*,#665,.F.);
#3065 = ORIENTED_EDGE('',*,*,#630,.F.);
#3066 = ORIENTED_EDGE('',*,*,#3067,.F.);
#3067 = EDGE_CURVE('',#1276,#623,#3068,.T.);
#3068 = LINE('',#3069,#3070);
#3069 = CARTESIAN_POINT('',(20.5,-13.25,7.));
#3070 = VECTOR('',#3071,1.);
#3071 = DIRECTION('',(0.,0.,-1.));
#3072 = ORIENTED_EDGE('',*,*,#1275,.T.);
#3073 = ORIENTED_EDGE('',*,*,#3074,.T.);
#3074 = EDGE_CURVE('',#1268,#2161,#3075,.T.);
#3075 = LINE('',#3076,#3077);
#3076 = CARTESIAN_POINT('',(20.5,13.25,7.));
#3077 = VECTOR('',#3078,1.);
#3078 = DIRECTION('',(0.,0.,-1.));
#3079 = PLANE('',#3080);
#3080 = AXIS2_PLACEMENT_3D('',#3081,#3082,#3083);
#3081 = CARTESIAN_POINT('',(20.5,3.929603561284E-03,2.467742019389));
#3082 = DIRECTION('',(-1.,-0.,-0.));
#3083 = DIRECTION('',(0.,0.,-1.));
#3084 = ADVANCED_FACE('',(#3085),#3102,.T.);
#3085 = FACE_BOUND('',#3086,.T.);
#3086 = EDGE_LOOP('',(#3087,#3088,#3096));
#3087 = ORIENTED_EDGE('',*,*,#198,.F.);
#3088 = ORIENTED_EDGE('',*,*,#3089,.F.);
#3089 = EDGE_CURVE('',#3090,#191,#3092,.T.);
#3090 = VERTEX_POINT('',#3091);
#3091 = CARTESIAN_POINT('',(-20.48296356201,-13.37940979003,1.75));
#3092 = LINE('',#3093,#3094);
#3093 = CARTESIAN_POINT('',(-20.48296356201,-13.37940979003,1.75));
#3094 = VECTOR('',#3095,1.);
#3095 = DIRECTION('',(-5.392307173545E-03,2.432694327414E-02,
    -0.999689513226));
#3096 = ORIENTED_EDGE('',*,*,#3097,.T.);
#3097 = EDGE_CURVE('',#3090,#199,#3098,.T.);
#3098 = LINE('',#3099,#3100);
#3099 = CARTESIAN_POINT('',(-20.48296356201,-13.37940979003,1.75));
#3100 = VECTOR('',#3101,1.);
#3101 = DIRECTION('',(7.493007952156E-03,-2.376417768511E-02,
    -0.999689511144));
#3102 = PLANE('',#3103);
#3103 = AXIS2_PLACEMENT_3D('',#3104,#3105,#3106);
#3104 = CARTESIAN_POINT('',(-20.48202189,-13.3791575216,0.853747067778)
  );
#3105 = DIRECTION('',(0.965928578403,0.258806488093,1.087724876546E-03)
  );
#3106 = DIRECTION('',(-0.258806641196,0.965929149821,0.));
#3107 = ADVANCED_FACE('',(#3108),#3125,.T.);
#3108 = FACE_BOUND('',#3109,.T.);
#3109 = EDGE_LOOP('',(#3110,#3111,#3119));
#3110 = ORIENTED_EDGE('',*,*,#622,.T.);
#3111 = ORIENTED_EDGE('',*,*,#3112,.T.);
#3112 = EDGE_CURVE('',#615,#3113,#3115,.T.);
#3113 = VERTEX_POINT('',#3114);
#3114 = CARTESIAN_POINT('',(20.498096466064,-13.29357814788,1.75));
#3115 = LINE('',#3116,#3117);
#3116 = CARTESIAN_POINT('',(20.492403030396,-13.33682441711,0.));
#3117 = VECTOR('',#3118,1.);
#3118 = DIRECTION('',(3.252381655819E-03,2.470448089555E-02,
    0.999689507116));
#3119 = ORIENTED_EDGE('',*,*,#3120,.T.);
#3120 = EDGE_CURVE('',#3113,#623,#3121,.T.);
#3121 = LINE('',#3122,#3123);
#3122 = CARTESIAN_POINT('',(20.498096466064,-13.29357814788,1.75));
#3123 = VECTOR('',#3124,1.);
#3124 = DIRECTION('',(1.087395939736E-03,2.489406686686E-02,
    -0.999689503298));
#3125 = PLANE('',#3126);
#3126 = AXIS2_PLACEMENT_3D('',#3127,#3128,#3129);
#3127 = CARTESIAN_POINT('',(20.497125977059,-13.2934931629,
    0.853746806985));
#3128 = DIRECTION('',(-0.996193295267,8.716499846328E-02,
    1.08697225703E-03));
#3129 = DIRECTION('',(-8.716504995643E-02,-0.996193883773,0.));
#3130 = ADVANCED_FACE('',(#3131),#3148,.T.);
#3131 = FACE_BOUND('',#3132,.T.);
#3132 = EDGE_LOOP('',(#3133,#3134,#3142));
#3133 = ORIENTED_EDGE('',*,*,#206,.F.);
#3134 = ORIENTED_EDGE('',*,*,#3135,.F.);
#3135 = EDGE_CURVE('',#3136,#199,#3138,.T.);
#3136 = VERTEX_POINT('',#3137);
#3137 = CARTESIAN_POINT('',(-20.45315361022,-13.46130943298,1.75));
#3138 = LINE('',#3139,#3140);
#3139 = CARTESIAN_POINT('',(-20.45315361022,-13.46130943298,1.75));
#3140 = VECTOR('',#3141,1.);
#3141 = DIRECTION('',(-9.535961148704E-03,2.302108719497E-02,
    -0.999689499289));
#3142 = ORIENTED_EDGE('',*,*,#3143,.T.);
#3143 = EDGE_CURVE('',#3136,#207,#3144,.T.);
#3144 = LINE('',#3145,#3146);
#3145 = CARTESIAN_POINT('',(-20.45315361022,-13.46130943298,1.75));
#3146 = VECTOR('',#3147,1.);
#3147 = DIRECTION('',(1.150591301395E-02,-2.210203082273E-02,
    -0.999689508897));
#3148 = PLANE('',#3149);
#3149 = AXIS2_PLACEMENT_3D('',#3150,#3151,#3152);
#3150 = CARTESIAN_POINT('',(-20.45227054827,-13.46089745125,
    0.853746779219));
#3151 = DIRECTION('',(0.906302491943,0.422628218441,1.087233302355E-03)
  );
#3152 = DIRECTION('',(-0.42262846823,0.906303027602,0.));
#3153 = ADVANCED_FACE('',(#3154),#3171,.T.);
#3154 = FACE_BOUND('',#3155,.T.);
#3155 = EDGE_LOOP('',(#3156,#3157,#3165));
#3156 = ORIENTED_EDGE('',*,*,#614,.T.);
#3157 = ORIENTED_EDGE('',*,*,#3158,.F.);
#3158 = EDGE_CURVE('',#3159,#607,#3161,.T.);
#3159 = VERTEX_POINT('',#3160);
#3160 = CARTESIAN_POINT('',(20.482963562012,-13.37940979003,1.75));
#3161 = LINE('',#3162,#3163);
#3162 = CARTESIAN_POINT('',(20.482963562012,-13.37940979003,1.75));
#3163 = VECTOR('',#3164,1.);
#3164 = DIRECTION('',(-7.493007952156E-03,-2.376417768511E-02,
    -0.999689511144));
#3165 = ORIENTED_EDGE('',*,*,#3166,.T.);
#3166 = EDGE_CURVE('',#3159,#615,#3167,.T.);
#3167 = LINE('',#3168,#3169);
#3168 = CARTESIAN_POINT('',(20.482963562012,-13.37940979003,1.75));
#3169 = VECTOR('',#3170,1.);
#3170 = DIRECTION('',(5.392307173545E-03,2.432694327414E-02,
    -0.999689513226));
#3171 = PLANE('',#3172);
#3172 = AXIS2_PLACEMENT_3D('',#3173,#3174,#3175);
#3173 = CARTESIAN_POINT('',(20.482021890006,-13.3791575216,
    0.853747067778));
#3174 = DIRECTION('',(-0.965928578403,0.258806488093,1.087724876546E-03)
  );
#3175 = DIRECTION('',(-0.258806641196,-0.965929149821,0.));
#3176 = ADVANCED_FACE('',(#3177),#3194,.T.);
#3177 = FACE_BOUND('',#3178,.T.);
#3178 = EDGE_LOOP('',(#3179,#3180,#3188));
#3179 = ORIENTED_EDGE('',*,*,#214,.F.);
#3180 = ORIENTED_EDGE('',*,*,#3181,.F.);
#3181 = EDGE_CURVE('',#3182,#207,#3184,.T.);
#3182 = VERTEX_POINT('',#3183);
#3183 = CARTESIAN_POINT('',(-20.40957641601,-13.53678798675,1.75));
#3184 = LINE('',#3185,#3186);
#3185 = CARTESIAN_POINT('',(-20.40957641601,-13.53678798675,1.75));
#3186 = VECTOR('',#3187,1.);
#3187 = DIRECTION('',(-1.338760933828E-02,2.101517987402E-02,
    -0.999689518866));
#3188 = ORIENTED_EDGE('',*,*,#3189,.T.);
#3189 = EDGE_CURVE('',#3182,#215,#3190,.T.);
#3190 = LINE('',#3191,#3192);
#3191 = CARTESIAN_POINT('',(-20.40957641601,-13.53678798675,1.75));
#3192 = VECTOR('',#3193,1.);
#3193 = DIRECTION('',(1.516906436205E-02,-1.976870559207E-02,
    -0.999689500678));
#3194 = PLANE('',#3195);
#3195 = AXIS2_PLACEMENT_3D('',#3196,#3197,#3198);
#3196 = CARTESIAN_POINT('',(-20.40877785061,-13.53622923542,
    0.853746977155));
#3197 = DIRECTION('',(0.819156375771,0.573569219433,1.087452404249E-03)
  );
#3198 = DIRECTION('',(-0.573569558571,0.819156860119,0.));
#3199 = ADVANCED_FACE('',(#3200),#3217,.T.);
#3200 = FACE_BOUND('',#3201,.T.);
#3201 = EDGE_LOOP('',(#3202,#3203,#3211));
#3202 = ORIENTED_EDGE('',*,*,#606,.T.);
#3203 = ORIENTED_EDGE('',*,*,#3204,.F.);
#3204 = EDGE_CURVE('',#3205,#599,#3207,.T.);
#3205 = VERTEX_POINT('',#3206);
#3206 = CARTESIAN_POINT('',(20.453153610229,-13.46130943298,1.75));
#3207 = LINE('',#3208,#3209);
#3208 = CARTESIAN_POINT('',(20.453153610229,-13.46130943298,1.75));
#3209 = VECTOR('',#3210,1.);
#3210 = DIRECTION('',(-1.150591301395E-02,-2.210203082273E-02,
    -0.999689508897));
#3211 = ORIENTED_EDGE('',*,*,#3212,.T.);
#3212 = EDGE_CURVE('',#3205,#607,#3213,.T.);
#3213 = LINE('',#3214,#3215);
#3214 = CARTESIAN_POINT('',(20.453153610229,-13.46130943298,1.75));
#3215 = VECTOR('',#3216,1.);
#3216 = DIRECTION('',(9.535961148704E-03,2.302108719497E-02,
    -0.999689499289));
#3217 = PLANE('',#3218);
#3218 = AXIS2_PLACEMENT_3D('',#3219,#3220,#3221);
#3219 = CARTESIAN_POINT('',(20.452270548279,-13.46089745125,
    0.853746779219));
#3220 = DIRECTION('',(-0.906302491943,0.422628218441,1.087233302355E-03)
  );
#3221 = DIRECTION('',(-0.42262846823,-0.906303027602,0.));
#3222 = ADVANCED_FACE('',(#3223),#3240,.T.);
#3223 = FACE_BOUND('',#3224,.T.);
#3224 = EDGE_LOOP('',(#3225,#3226,#3234));
#3225 = ORIENTED_EDGE('',*,*,#222,.F.);
#3226 = ORIENTED_EDGE('',*,*,#3227,.F.);
#3227 = EDGE_CURVE('',#3228,#215,#3230,.T.);
#3228 = VERTEX_POINT('',#3229);
#3229 = CARTESIAN_POINT('',(-20.35355377197,-13.60355377197,1.75));
#3230 = LINE('',#3231,#3232);
#3231 = CARTESIAN_POINT('',(-20.35355377197,-13.60355377197,1.75));
#3232 = VECTOR('',#3233,1.);
#3233 = DIRECTION('',(-1.683393522353E-02,1.83713256831E-02,
    -0.999689508306));
#3234 = ORIENTED_EDGE('',*,*,#3235,.T.);
#3235 = EDGE_CURVE('',#3228,#223,#3236,.T.);
#3236 = LINE('',#3237,#3238);
#3237 = CARTESIAN_POINT('',(-20.35355377197,-13.60355377197,1.75));
#3238 = VECTOR('',#3239,1.);
#3239 = DIRECTION('',(1.83713256831E-02,-1.683393522353E-02,
    -0.999689508306));
#3240 = PLANE('',#3241);
#3241 = AXIS2_PLACEMENT_3D('',#3242,#3243,#3244);
#3242 = CARTESIAN_POINT('',(-20.35286461253,-13.60286461253,
    0.853746927528));
#3243 = DIRECTION('',(0.707106363103,0.707106363103,1.087436216451E-03)
  );
#3244 = DIRECTION('',(0.707106781187,-0.707106781187,0.));
#3245 = ADVANCED_FACE('',(#3246),#3263,.T.);
#3246 = FACE_BOUND('',#3247,.T.);
#3247 = EDGE_LOOP('',(#3248,#3249,#3257));
#3248 = ORIENTED_EDGE('',*,*,#598,.T.);
#3249 = ORIENTED_EDGE('',*,*,#3250,.F.);
#3250 = EDGE_CURVE('',#3251,#591,#3253,.T.);
#3251 = VERTEX_POINT('',#3252);
#3252 = CARTESIAN_POINT('',(20.409576416016,-13.53678798675,1.75));
#3253 = LINE('',#3254,#3255);
#3254 = CARTESIAN_POINT('',(20.409576416016,-13.53678798675,1.75));
#3255 = VECTOR('',#3256,1.);
#3256 = DIRECTION('',(-1.516906436205E-02,-1.976870559207E-02,
    -0.999689500678));
#3257 = ORIENTED_EDGE('',*,*,#3258,.T.);
#3258 = EDGE_CURVE('',#3251,#599,#3259,.T.);
#3259 = LINE('',#3260,#3261);
#3260 = CARTESIAN_POINT('',(20.409576416016,-13.53678798675,1.75));
#3261 = VECTOR('',#3262,1.);
#3262 = DIRECTION('',(1.338760933828E-02,2.101517987402E-02,
    -0.999689518866));
#3263 = PLANE('',#3264);
#3264 = AXIS2_PLACEMENT_3D('',#3265,#3266,#3267);
#3265 = CARTESIAN_POINT('',(20.408777850617,-13.53622923542,
    0.853746977155));
#3266 = DIRECTION('',(-0.819156375771,0.573569219433,1.087452404249E-03)
  );
#3267 = DIRECTION('',(-0.573569558571,-0.819156860119,1.084202172486E-19
    ));
#3268 = ADVANCED_FACE('',(#3269),#3286,.T.);
#3269 = FACE_BOUND('',#3270,.T.);
#3270 = EDGE_LOOP('',(#3271,#3272,#3280));
#3271 = ORIENTED_EDGE('',*,*,#230,.F.);
#3272 = ORIENTED_EDGE('',*,*,#3273,.F.);
#3273 = EDGE_CURVE('',#3274,#223,#3276,.T.);
#3274 = VERTEX_POINT('',#3275);
#3275 = CARTESIAN_POINT('',(-20.28678894043,-13.65957641601,1.75));
#3276 = LINE('',#3277,#3278);
#3277 = CARTESIAN_POINT('',(-20.28678894043,-13.65957641601,1.75));
#3278 = VECTOR('',#3279,1.);
#3279 = DIRECTION('',(-1.976816101742E-02,1.516906452541E-02,
    -0.999689511444));
#3280 = ORIENTED_EDGE('',*,*,#3281,.T.);
#3281 = EDGE_CURVE('',#3274,#231,#3282,.T.);
#3282 = LINE('',#3283,#3284);
#3283 = CARTESIAN_POINT('',(-20.28678894043,-13.65957641601,1.75));
#3284 = VECTOR('',#3285,1.);
#3285 = DIRECTION('',(2.101572426769E-02,-1.338815387491E-02,
    -0.99968950013));
#3286 = PLANE('',#3287);
#3287 = AXIS2_PLACEMENT_3D('',#3288,#3289,#3290);
#3288 = CARTESIAN_POINT('',(-20.28622970033,-13.65877809489,
    0.85374684709));
#3289 = DIRECTION('',(0.573576561733,0.819151234561,1.087541774246E-03)
  );
#3290 = DIRECTION('',(0.819151718986,-0.573576900931,-1.084202172486E-19
    ));
#3291 = ADVANCED_FACE('',(#3292),#3309,.T.);
#3292 = FACE_BOUND('',#3293,.T.);
#3293 = EDGE_LOOP('',(#3294,#3295,#3303));
#3294 = ORIENTED_EDGE('',*,*,#590,.T.);
#3295 = ORIENTED_EDGE('',*,*,#3296,.F.);
#3296 = EDGE_CURVE('',#3297,#583,#3299,.T.);
#3297 = VERTEX_POINT('',#3298);
#3298 = CARTESIAN_POINT('',(20.353553771973,-13.60355377197,1.75));
#3299 = LINE('',#3300,#3301);
#3300 = CARTESIAN_POINT('',(20.353553771973,-13.60355377197,1.75));
#3301 = VECTOR('',#3302,1.);
#3302 = DIRECTION('',(-1.83713256831E-02,-1.683393522353E-02,
    -0.999689508306));
#3303 = ORIENTED_EDGE('',*,*,#3304,.T.);
#3304 = EDGE_CURVE('',#3297,#591,#3305,.T.);
#3305 = LINE('',#3306,#3307);
#3306 = CARTESIAN_POINT('',(20.353553771973,-13.60355377197,1.75));
#3307 = VECTOR('',#3308,1.);
#3308 = DIRECTION('',(1.683393522353E-02,1.83713256831E-02,
    -0.999689508306));
#3309 = PLANE('',#3310);
#3310 = AXIS2_PLACEMENT_3D('',#3311,#3312,#3313);
#3311 = CARTESIAN_POINT('',(20.352864612533,-13.60286461253,
    0.853746927528));
#3312 = DIRECTION('',(-0.707106363103,0.707106363103,1.087436216451E-03)
  );
#3313 = DIRECTION('',(-0.707106781187,-0.707106781187,0.));
#3314 = ADVANCED_FACE('',(#3315),#3332,.T.);
#3315 = FACE_BOUND('',#3316,.T.);
#3316 = EDGE_LOOP('',(#3317,#3318,#3326));
#3317 = ORIENTED_EDGE('',*,*,#238,.F.);
#3318 = ORIENTED_EDGE('',*,*,#3319,.F.);
#3319 = EDGE_CURVE('',#3320,#231,#3322,.T.);
#3320 = VERTEX_POINT('',#3321);
#3321 = CARTESIAN_POINT('',(-20.21130943298,-13.70315361022,1.75));
#3322 = LINE('',#3323,#3324);
#3323 = CARTESIAN_POINT('',(-20.21130943298,-13.70315361022,1.75));
#3324 = VECTOR('',#3325,1.);
#3325 = DIRECTION('',(-2.210203096127E-02,1.150536829852E-02,
    -0.999689515163));
#3326 = ORIENTED_EDGE('',*,*,#3327,.T.);
#3327 = EDGE_CURVE('',#3320,#239,#3328,.T.);
#3328 = LINE('',#3329,#3330);
#3329 = CARTESIAN_POINT('',(-20.21130943298,-13.70315361022,1.75));
#3330 = VECTOR('',#3331,1.);
#3331 = DIRECTION('',(2.302054269614E-02,-9.535961268298E-03,
    -0.999689511827));
#3332 = PLANE('',#3333);
#3333 = AXIS2_PLACEMENT_3D('',#3334,#3335,#3336);
#3334 = CARTESIAN_POINT('',(-20.21089769566,-13.70227079275,
    0.853747080568));
#3335 = DIRECTION('',(0.422623421993,0.906304729047,1.086871197561E-03)
  );
#3336 = DIRECTION('',(0.906305264352,-0.422623671614,5.421010862428E-20)
  );
#3337 = ADVANCED_FACE('',(#3338),#3355,.T.);
#3338 = FACE_BOUND('',#3339,.T.);
#3339 = EDGE_LOOP('',(#3340,#3341,#3349));
#3340 = ORIENTED_EDGE('',*,*,#582,.T.);
#3341 = ORIENTED_EDGE('',*,*,#3342,.F.);
#3342 = EDGE_CURVE('',#3343,#575,#3345,.T.);
#3343 = VERTEX_POINT('',#3344);
#3344 = CARTESIAN_POINT('',(20.28678894043,-13.65957641601,1.75));
#3345 = LINE('',#3346,#3347);
#3346 = CARTESIAN_POINT('',(20.28678894043,-13.65957641601,1.75));
#3347 = VECTOR('',#3348,1.);
#3348 = DIRECTION('',(-2.101572426769E-02,-1.338815387491E-02,
    -0.99968950013));
#3349 = ORIENTED_EDGE('',*,*,#3350,.T.);
#3350 = EDGE_CURVE('',#3343,#583,#3351,.T.);
#3351 = LINE('',#3352,#3353);
#3352 = CARTESIAN_POINT('',(20.28678894043,-13.65957641601,1.75));
#3353 = VECTOR('',#3354,1.);
#3354 = DIRECTION('',(1.976816101742E-02,1.516906452541E-02,
    -0.999689511444));
#3355 = PLANE('',#3356);
#3356 = AXIS2_PLACEMENT_3D('',#3357,#3358,#3359);
#3357 = CARTESIAN_POINT('',(20.286229700339,-13.65877809489,
    0.85374684709));
#3358 = DIRECTION('',(-0.573576561733,0.819151234561,1.087541774246E-03)
  );
#3359 = DIRECTION('',(0.819151718986,0.573576900931,-1.084202172486E-19)
  );
#3360 = ADVANCED_FACE('',(#3361),#3378,.T.);
#3361 = FACE_BOUND('',#3362,.T.);
#3362 = EDGE_LOOP('',(#3363,#3364,#3372));
#3363 = ORIENTED_EDGE('',*,*,#246,.F.);
#3364 = ORIENTED_EDGE('',*,*,#3365,.F.);
#3365 = EDGE_CURVE('',#3366,#239,#3368,.T.);
#3366 = VERTEX_POINT('',#3367);
#3367 = CARTESIAN_POINT('',(-20.12940979003,-13.73296260833,1.75));
#3368 = LINE('',#3369,#3370);
#3369 = CARTESIAN_POINT('',(-20.12940979003,-13.73296260833,1.75));
#3370 = VECTOR('',#3371,1.);
#3371 = DIRECTION('',(-2.376472226199E-02,7.492463098189E-03,
    -0.999689502282));
#3372 = ORIENTED_EDGE('',*,*,#3373,.T.);
#3373 = EDGE_CURVE('',#3366,#247,#3374,.T.);
#3374 = LINE('',#3375,#3376);
#3375 = CARTESIAN_POINT('',(-20.12940979003,-13.73296260833,1.75));
#3376 = VECTOR('',#3377,1.);
#3377 = DIRECTION('',(2.43269431312E-02,-5.393396716954E-03,
    -0.999689507352));
#3378 = PLANE('',#3379);
#3379 = AXIS2_PLACEMENT_3D('',#3380,#3381,#3382);
#3380 = CARTESIAN_POINT('',(-20.12915776576,-13.73202166866,
    0.853746790029));
#3381 = DIRECTION('',(0.258813962126,0.965926576782,1.086864773683E-03)
  );
#3382 = DIRECTION('',(0.965927147295,-0.258814114991,0.));
#3383 = ADVANCED_FACE('',(#3384),#3401,.T.);
#3384 = FACE_BOUND('',#3385,.T.);
#3385 = EDGE_LOOP('',(#3386,#3387,#3395));
#3386 = ORIENTED_EDGE('',*,*,#574,.T.);
#3387 = ORIENTED_EDGE('',*,*,#3388,.F.);
#3388 = EDGE_CURVE('',#3389,#567,#3391,.T.);
#3389 = VERTEX_POINT('',#3390);
#3390 = CARTESIAN_POINT('',(20.211309432983,-13.70315361022,1.75));
#3391 = LINE('',#3392,#3393);
#3392 = CARTESIAN_POINT('',(20.211309432983,-13.70315361022,1.75));
#3393 = VECTOR('',#3394,1.);
#3394 = DIRECTION('',(-2.302054269614E-02,-9.535961268298E-03,
    -0.999689511827));
#3395 = ORIENTED_EDGE('',*,*,#3396,.T.);
#3396 = EDGE_CURVE('',#3389,#575,#3397,.T.);
#3397 = LINE('',#3398,#3399);
#3398 = CARTESIAN_POINT('',(20.211309432983,-13.70315361022,1.75));
#3399 = VECTOR('',#3400,1.);
#3400 = DIRECTION('',(2.210203096127E-02,1.150536829852E-02,
    -0.999689515163));
#3401 = PLANE('',#3402);
#3402 = AXIS2_PLACEMENT_3D('',#3403,#3404,#3405);
#3403 = CARTESIAN_POINT('',(20.210897695667,-13.70227079275,
    0.853747080568));
#3404 = DIRECTION('',(-0.422623421993,0.906304729047,1.086871197561E-03)
  );
#3405 = DIRECTION('',(0.906305264352,0.422623671614,-5.421010862428E-20)
  );
#3406 = ADVANCED_FACE('',(#3407),#3424,.T.);
#3407 = FACE_BOUND('',#3408,.T.);
#3408 = EDGE_LOOP('',(#3409,#3410,#3418));
#3409 = ORIENTED_EDGE('',*,*,#254,.F.);
#3410 = ORIENTED_EDGE('',*,*,#3411,.T.);
#3411 = EDGE_CURVE('',#247,#3412,#3414,.T.);
#3412 = VERTEX_POINT('',#3413);
#3413 = CARTESIAN_POINT('',(-20.04357719421,-13.74809741973,1.75));
#3414 = LINE('',#3415,#3416);
#3415 = CARTESIAN_POINT('',(-20.08682441711,-13.74240398407,0.));
#3416 = VECTOR('',#3417,1.);
#3417 = DIRECTION('',(2.470502535059E-02,-3.252381612046E-03,
    0.999689493661));
#3418 = ORIENTED_EDGE('',*,*,#3419,.T.);
#3419 = EDGE_CURVE('',#3412,#255,#3420,.T.);
#3420 = LINE('',#3421,#3422);
#3421 = CARTESIAN_POINT('',(-20.04357719421,-13.74809741973,1.75));
#3422 = VECTOR('',#3423,1.);
#3423 = DIRECTION('',(2.489352243166E-02,-1.086851167575E-03,
    -0.999689517448));
#3424 = PLANE('',#3425);
#3425 = AXIS2_PLACEMENT_3D('',#3426,#3427,#3428);
#3426 = CARTESIAN_POINT('',(-20.04349269794,-13.74712668652,
    0.853746826755));
#3427 = DIRECTION('',(8.715413943319E-02,0.996194245107,
    1.087196202018E-03));
#3428 = DIRECTION('',(0.996194833856,-8.715419094114E-02,0.));
#3429 = ADVANCED_FACE('',(#3430),#3447,.T.);
#3430 = FACE_BOUND('',#3431,.T.);
#3431 = EDGE_LOOP('',(#3432,#3433,#3441));
#3432 = ORIENTED_EDGE('',*,*,#566,.T.);
#3433 = ORIENTED_EDGE('',*,*,#3434,.F.);
#3434 = EDGE_CURVE('',#3435,#559,#3437,.T.);
#3435 = VERTEX_POINT('',#3436);
#3436 = CARTESIAN_POINT('',(20.129409790039,-13.73296260833,1.75));
#3437 = LINE('',#3438,#3439);
#3438 = CARTESIAN_POINT('',(20.129409790039,-13.73296260833,1.75));
#3439 = VECTOR('',#3440,1.);
#3440 = DIRECTION('',(-2.43269431312E-02,-5.393396716954E-03,
    -0.999689507352));
#3441 = ORIENTED_EDGE('',*,*,#3442,.T.);
#3442 = EDGE_CURVE('',#3435,#567,#3443,.T.);
#3443 = LINE('',#3444,#3445);
#3444 = CARTESIAN_POINT('',(20.129409790039,-13.73296260833,1.75));
#3445 = VECTOR('',#3446,1.);
#3446 = DIRECTION('',(2.376472226199E-02,7.492463098189E-03,
    -0.999689502282));
#3447 = PLANE('',#3448);
#3448 = AXIS2_PLACEMENT_3D('',#3449,#3450,#3451);
#3449 = CARTESIAN_POINT('',(20.129157765764,-13.73202166866,
    0.853746790029));
#3450 = DIRECTION('',(-0.258813962126,0.965926576782,1.086864773683E-03)
  );
#3451 = DIRECTION('',(0.965927147295,0.258814114991,0.));
#3452 = ADVANCED_FACE('',(#3453),#3469,.T.);
#3453 = FACE_BOUND('',#3454,.T.);
#3454 = EDGE_LOOP('',(#3455,#3461,#3462,#3468));
#3455 = ORIENTED_EDGE('',*,*,#3456,.F.);
#3456 = EDGE_CURVE('',#1388,#255,#3457,.T.);
#3457 = LINE('',#3458,#3459);
#3458 = CARTESIAN_POINT('',(-20.,-13.75,7.));
#3459 = VECTOR('',#3460,1.);
#3460 = DIRECTION('',(0.,0.,-1.));
#3461 = ORIENTED_EDGE('',*,*,#1387,.F.);
#3462 = ORIENTED_EDGE('',*,*,#3463,.T.);
#3463 = EDGE_CURVE('',#1380,#263,#3464,.T.);
#3464 = LINE('',#3465,#3466);
#3465 = CARTESIAN_POINT('',(-4.730000019073,-13.75,7.));
#3466 = VECTOR('',#3467,1.);
#3467 = DIRECTION('',(0.,0.,-1.));
#3468 = ORIENTED_EDGE('',*,*,#262,.F.);
#3469 = PLANE('',#3470);
#3470 = AXIS2_PLACEMENT_3D('',#3471,#3472,#3473);
#3471 = CARTESIAN_POINT('',(-12.36500000953,-13.75,3.5));
#3472 = DIRECTION('',(0.,1.,0.));
#3473 = DIRECTION('',(0.,0.,1.));
#3474 = ADVANCED_FACE('',(#3475),#3492,.T.);
#3475 = FACE_BOUND('',#3476,.T.);
#3476 = EDGE_LOOP('',(#3477,#3478,#3486));
#3477 = ORIENTED_EDGE('',*,*,#558,.T.);
#3478 = ORIENTED_EDGE('',*,*,#3479,.F.);
#3479 = EDGE_CURVE('',#3480,#551,#3482,.T.);
#3480 = VERTEX_POINT('',#3481);
#3481 = CARTESIAN_POINT('',(20.043577194214,-13.74809741973,1.75));
#3482 = LINE('',#3483,#3484);
#3483 = CARTESIAN_POINT('',(20.043577194214,-13.74809741973,1.75));
#3484 = VECTOR('',#3485,1.);
#3485 = DIRECTION('',(-2.489352243166E-02,-1.086851167575E-03,
    -0.999689517448));
#3486 = ORIENTED_EDGE('',*,*,#3487,.T.);
#3487 = EDGE_CURVE('',#3480,#559,#3488,.T.);
#3488 = LINE('',#3489,#3490);
#3489 = CARTESIAN_POINT('',(20.043577194214,-13.74809741973,1.75));
#3490 = VECTOR('',#3491,1.);
#3491 = DIRECTION('',(2.470502535059E-02,3.252381612046E-03,
    -0.999689493661));
#3492 = PLANE('',#3493);
#3493 = AXIS2_PLACEMENT_3D('',#3494,#3495,#3496);
#3494 = CARTESIAN_POINT('',(20.043492697941,-13.74712668652,
    0.853746826755));
#3495 = DIRECTION('',(-8.715413943319E-02,0.996194245107,
    1.087196202018E-03));
#3496 = DIRECTION('',(0.996194833856,8.715419094114E-02,0.));
#3497 = ADVANCED_FACE('',(#3498),#3525,.T.);
#3498 = FACE_BOUND('',#3499,.T.);
#3499 = EDGE_LOOP('',(#3500,#3510,#3516,#3517,#3518,#3519));
#3500 = ORIENTED_EDGE('',*,*,#3501,.T.);
#3501 = EDGE_CURVE('',#3502,#3504,#3506,.T.);
#3502 = VERTEX_POINT('',#3503);
#3503 = CARTESIAN_POINT('',(-4.730000019073,-8.979999542236,2.));
#3504 = VERTEX_POINT('',#3505);
#3505 = CARTESIAN_POINT('',(-4.730000019073,-6.5,2.));
#3506 = LINE('',#3507,#3508);
#3507 = CARTESIAN_POINT('',(-4.730000019073,-8.979999542236,2.));
#3508 = VECTOR('',#3509,1.);
#3509 = DIRECTION('',(0.,1.,0.));
#3510 = ORIENTED_EDGE('',*,*,#3511,.F.);
#3511 = EDGE_CURVE('',#271,#3504,#3512,.T.);
#3512 = LINE('',#3513,#3514);
#3513 = CARTESIAN_POINT('',(-4.730000019073,-6.5,0.));
#3514 = VECTOR('',#3515,1.);
#3515 = DIRECTION('',(0.,0.,1.));
#3516 = ORIENTED_EDGE('',*,*,#270,.F.);
#3517 = ORIENTED_EDGE('',*,*,#3463,.F.);
#3518 = ORIENTED_EDGE('',*,*,#1379,.F.);
#3519 = ORIENTED_EDGE('',*,*,#3520,.F.);
#3520 = EDGE_CURVE('',#3502,#1372,#3521,.T.);
#3521 = LINE('',#3522,#3523);
#3522 = CARTESIAN_POINT('',(-4.730000019073,-8.979999542236,2.));
#3523 = VECTOR('',#3524,1.);
#3524 = DIRECTION('',(0.,0.,1.));
#3525 = PLANE('',#3526);
#3526 = AXIS2_PLACEMENT_3D('',#3527,#3528,#3529);
#3527 = CARTESIAN_POINT('',(-4.730000019073,-10.56008763898,
    3.064912361011));
#3528 = DIRECTION('',(-1.,-0.,-0.));
#3529 = DIRECTION('',(0.,0.,-1.));
#3530 = ADVANCED_FACE('',(#3531),#3547,.T.);
#3531 = FACE_BOUND('',#3532,.T.);
#3532 = EDGE_LOOP('',(#3533,#3539,#3540,#3546));
#3533 = ORIENTED_EDGE('',*,*,#3534,.F.);
#3534 = EDGE_CURVE('',#551,#1348,#3535,.T.);
#3535 = LINE('',#3536,#3537);
#3536 = CARTESIAN_POINT('',(20.,-13.75,0.));
#3537 = VECTOR('',#3538,1.);
#3538 = DIRECTION('',(0.,0.,1.));
#3539 = ORIENTED_EDGE('',*,*,#550,.F.);
#3540 = ORIENTED_EDGE('',*,*,#3541,.F.);
#3541 = EDGE_CURVE('',#1356,#543,#3542,.T.);
#3542 = LINE('',#3543,#3544);
#3543 = CARTESIAN_POINT('',(17.950000762939,-13.75,7.));
#3544 = VECTOR('',#3545,1.);
#3545 = DIRECTION('',(0.,0.,-1.));
#3546 = ORIENTED_EDGE('',*,*,#1355,.F.);
#3547 = PLANE('',#3548);
#3548 = AXIS2_PLACEMENT_3D('',#3549,#3550,#3551);
#3549 = CARTESIAN_POINT('',(18.97500038147,-13.75,3.5));
#3550 = DIRECTION('',(0.,1.,0.));
#3551 = DIRECTION('',(0.,0.,1.));
#3552 = ADVANCED_FACE('',(#3553),#3571,.T.);
#3553 = FACE_BOUND('',#3554,.T.);
#3554 = EDGE_LOOP('',(#3555,#3556,#3557,#3565));
#3555 = ORIENTED_EDGE('',*,*,#278,.F.);
#3556 = ORIENTED_EDGE('',*,*,#3511,.T.);
#3557 = ORIENTED_EDGE('',*,*,#3558,.T.);
#3558 = EDGE_CURVE('',#3504,#3559,#3561,.T.);
#3559 = VERTEX_POINT('',#3560);
#3560 = CARTESIAN_POINT('',(-3.329999923706,-6.5,2.));
#3561 = LINE('',#3562,#3563);
#3562 = CARTESIAN_POINT('',(-4.730000019073,-6.5,2.));
#3563 = VECTOR('',#3564,1.);
#3564 = DIRECTION('',(1.,0.,0.));
#3565 = ORIENTED_EDGE('',*,*,#3566,.T.);
#3566 = EDGE_CURVE('',#3559,#279,#3567,.T.);
#3567 = LINE('',#3568,#3569);
#3568 = CARTESIAN_POINT('',(-3.329999923706,-6.5,2.));
#3569 = VECTOR('',#3570,1.);
#3570 = DIRECTION('',(0.,0.,-1.));
#3571 = PLANE('',#3572);
#3572 = AXIS2_PLACEMENT_3D('',#3573,#3574,#3575);
#3573 = CARTESIAN_POINT('',(-4.342342015219,-6.5,0.312681782211));
#3574 = DIRECTION('',(0.,1.,0.));
#3575 = DIRECTION('',(0.,0.,1.));
#3576 = ADVANCED_FACE('',(#3577),#3604,.T.);
#3577 = FACE_BOUND('',#3578,.T.);
#3578 = EDGE_LOOP('',(#3579,#3580,#3588,#3596,#3602,#3603));
#3579 = ORIENTED_EDGE('',*,*,#542,.F.);
#3580 = ORIENTED_EDGE('',*,*,#3581,.T.);
#3581 = EDGE_CURVE('',#535,#3582,#3584,.T.);
#3582 = VERTEX_POINT('',#3583);
#3583 = CARTESIAN_POINT('',(17.950000762939,-6.5,2.));
#3584 = LINE('',#3585,#3586);
#3585 = CARTESIAN_POINT('',(17.950000762939,-6.5,0.));
#3586 = VECTOR('',#3587,1.);
#3587 = DIRECTION('',(0.,0.,1.));
#3588 = ORIENTED_EDGE('',*,*,#3589,.T.);
#3589 = EDGE_CURVE('',#3582,#3590,#3592,.T.);
#3590 = VERTEX_POINT('',#3591);
#3591 = CARTESIAN_POINT('',(17.950000762939,-8.979999542236,2.));
#3592 = LINE('',#3593,#3594);
#3593 = CARTESIAN_POINT('',(17.950000762939,-6.5,2.));
#3594 = VECTOR('',#3595,1.);
#3595 = DIRECTION('',(0.,-1.,0.));
#3596 = ORIENTED_EDGE('',*,*,#3597,.T.);
#3597 = EDGE_CURVE('',#3590,#1364,#3598,.T.);
#3598 = LINE('',#3599,#3600);
#3599 = CARTESIAN_POINT('',(17.950000762939,-8.979999542236,2.));
#3600 = VECTOR('',#3601,1.);
#3601 = DIRECTION('',(0.,0.,1.));
#3602 = ORIENTED_EDGE('',*,*,#1363,.F.);
#3603 = ORIENTED_EDGE('',*,*,#3541,.T.);
#3604 = PLANE('',#3605);
#3605 = AXIS2_PLACEMENT_3D('',#3606,#3607,#3608);
#3606 = CARTESIAN_POINT('',(17.950000762939,-10.56008763898,
    3.064912361011));
#3607 = DIRECTION('',(1.,0.,0.));
#3608 = DIRECTION('',(0.,0.,1.));
#3609 = ADVANCED_FACE('',(#3610),#3651,.T.);
#3610 = FACE_BOUND('',#3611,.T.);
#3611 = EDGE_LOOP('',(#3612,#3613,#3621,#3629,#3637,#3643,#3644,#3650));
#3612 = ORIENTED_EDGE('',*,*,#3566,.F.);
#3613 = ORIENTED_EDGE('',*,*,#3614,.F.);
#3614 = EDGE_CURVE('',#3615,#3559,#3617,.T.);
#3615 = VERTEX_POINT('',#3616);
#3616 = CARTESIAN_POINT('',(-3.329999923706,-8.979999542236,2.));
#3617 = LINE('',#3618,#3619);
#3618 = CARTESIAN_POINT('',(-3.329999923706,-8.979999542236,2.));
#3619 = VECTOR('',#3620,1.);
#3620 = DIRECTION('',(0.,1.,0.));
#3621 = ORIENTED_EDGE('',*,*,#3622,.F.);
#3622 = EDGE_CURVE('',#3623,#3615,#3625,.T.);
#3623 = VERTEX_POINT('',#3624);
#3624 = CARTESIAN_POINT('',(-3.329999923706,-8.979999542236,
    5.400000095367));
#3625 = LINE('',#3626,#3627);
#3626 = CARTESIAN_POINT('',(-3.329999923706,-8.979999542236,
    5.400000095367));
#3627 = VECTOR('',#3628,1.);
#3628 = DIRECTION('',(0.,0.,-1.));
#3629 = ORIENTED_EDGE('',*,*,#3630,.F.);
#3630 = EDGE_CURVE('',#3631,#3623,#3633,.T.);
#3631 = VERTEX_POINT('',#3632);
#3632 = CARTESIAN_POINT('',(-3.329999923706,-10.38000011444,
    5.400000095367));
#3633 = LINE('',#3634,#3635);
#3634 = CARTESIAN_POINT('',(-3.329999923706,-10.38000011444,
    5.400000095367));
#3635 = VECTOR('',#3636,1.);
#3636 = DIRECTION('',(0.,1.,0.));
#3637 = ORIENTED_EDGE('',*,*,#3638,.F.);
#3638 = EDGE_CURVE('',#1989,#3631,#3639,.T.);
#3639 = LINE('',#3640,#3641);
#3640 = CARTESIAN_POINT('',(-3.329999923706,-10.38000011444,7.));
#3641 = VECTOR('',#3642,1.);
#3642 = DIRECTION('',(0.,0.,-1.));
#3643 = ORIENTED_EDGE('',*,*,#2014,.F.);
#3644 = ORIENTED_EDGE('',*,*,#3645,.F.);
#3645 = EDGE_CURVE('',#287,#2007,#3646,.T.);
#3646 = LINE('',#3647,#3648);
#3647 = CARTESIAN_POINT('',(-3.329999923706,-12.47999954223,0.));
#3648 = VECTOR('',#3649,1.);
#3649 = DIRECTION('',(0.,0.,1.));
#3650 = ORIENTED_EDGE('',*,*,#286,.T.);
#3651 = PLANE('',#3652);
#3652 = AXIS2_PLACEMENT_3D('',#3653,#3654,#3655);
#3653 = CARTESIAN_POINT('',(-3.329999923706,-10.05394426301,
    2.936055508109));
#3654 = DIRECTION('',(1.,0.,0.));
#3655 = DIRECTION('',(0.,0.,1.));
#3656 = ADVANCED_FACE('',(#3657),#3675,.T.);
#3657 = FACE_BOUND('',#3658,.T.);
#3658 = EDGE_LOOP('',(#3659,#3660,#3668,#3674));
#3659 = ORIENTED_EDGE('',*,*,#534,.F.);
#3660 = ORIENTED_EDGE('',*,*,#3661,.F.);
#3661 = EDGE_CURVE('',#3662,#527,#3664,.T.);
#3662 = VERTEX_POINT('',#3663);
#3663 = CARTESIAN_POINT('',(16.549999237061,-6.5,2.));
#3664 = LINE('',#3665,#3666);
#3665 = CARTESIAN_POINT('',(16.549999237061,-6.5,2.));
#3666 = VECTOR('',#3667,1.);
#3667 = DIRECTION('',(0.,0.,-1.));
#3668 = ORIENTED_EDGE('',*,*,#3669,.F.);
#3669 = EDGE_CURVE('',#3582,#3662,#3670,.T.);
#3670 = LINE('',#3671,#3672);
#3671 = CARTESIAN_POINT('',(17.950000762939,-6.5,2.));
#3672 = VECTOR('',#3673,1.);
#3673 = DIRECTION('',(-1.,0.,0.));
#3674 = ORIENTED_EDGE('',*,*,#3581,.F.);
#3675 = PLANE('',#3676);
#3676 = AXIS2_PLACEMENT_3D('',#3677,#3678,#3679);
#3677 = CARTESIAN_POINT('',(17.462655367147,-6.5,0.408076294063));
#3678 = DIRECTION('',(0.,1.,0.));
#3679 = DIRECTION('',(0.,0.,1.));
#3680 = ADVANCED_FACE('',(#3681),#3692,.T.);
#3681 = FACE_BOUND('',#3682,.T.);
#3682 = EDGE_LOOP('',(#3683,#3684,#3690,#3691));
#3683 = ORIENTED_EDGE('',*,*,#2006,.F.);
#3684 = ORIENTED_EDGE('',*,*,#3685,.T.);
#3685 = EDGE_CURVE('',#1999,#295,#3686,.T.);
#3686 = LINE('',#3687,#3688);
#3687 = CARTESIAN_POINT('',(-1.230000019073,-12.47999954223,7.));
#3688 = VECTOR('',#3689,1.);
#3689 = DIRECTION('',(0.,0.,-1.));
#3690 = ORIENTED_EDGE('',*,*,#294,.T.);
#3691 = ORIENTED_EDGE('',*,*,#3645,.T.);
#3692 = PLANE('',#3693);
#3693 = AXIS2_PLACEMENT_3D('',#3694,#3695,#3696);
#3694 = CARTESIAN_POINT('',(-2.27999997139,-12.47999954223,3.5));
#3695 = DIRECTION('',(0.,1.,0.));
#3696 = DIRECTION('',(0.,0.,1.));
#3697 = ADVANCED_FACE('',(#3698),#3739,.T.);
#3698 = FACE_BOUND('',#3699,.T.);
#3699 = EDGE_LOOP('',(#3700,#3708,#3716,#3724,#3730,#3731,#3732,#3738));
#3700 = ORIENTED_EDGE('',*,*,#3701,.F.);
#3701 = EDGE_CURVE('',#3702,#2075,#3704,.T.);
#3702 = VERTEX_POINT('',#3703);
#3703 = CARTESIAN_POINT('',(16.549999237061,-10.38000011444,
    5.400000095367));
#3704 = LINE('',#3705,#3706);
#3705 = CARTESIAN_POINT('',(16.549999237061,-10.38000011444,
    5.400000095367));
#3706 = VECTOR('',#3707,1.);
#3707 = DIRECTION('',(0.,0.,1.));
#3708 = ORIENTED_EDGE('',*,*,#3709,.T.);
#3709 = EDGE_CURVE('',#3702,#3710,#3712,.T.);
#3710 = VERTEX_POINT('',#3711);
#3711 = CARTESIAN_POINT('',(16.549999237061,-8.979999542236,
    5.400000095367));
#3712 = LINE('',#3713,#3714);
#3713 = CARTESIAN_POINT('',(16.549999237061,-10.38000011444,
    5.400000095367));
#3714 = VECTOR('',#3715,1.);
#3715 = DIRECTION('',(0.,1.,0.));
#3716 = ORIENTED_EDGE('',*,*,#3717,.T.);
#3717 = EDGE_CURVE('',#3710,#3718,#3720,.T.);
#3718 = VERTEX_POINT('',#3719);
#3719 = CARTESIAN_POINT('',(16.549999237061,-8.979999542236,2.));
#3720 = LINE('',#3721,#3722);
#3721 = CARTESIAN_POINT('',(16.549999237061,-8.979999542236,
    5.400000095367));
#3722 = VECTOR('',#3723,1.);
#3723 = DIRECTION('',(0.,0.,-1.));
#3724 = ORIENTED_EDGE('',*,*,#3725,.T.);
#3725 = EDGE_CURVE('',#3718,#3662,#3726,.T.);
#3726 = LINE('',#3727,#3728);
#3727 = CARTESIAN_POINT('',(16.549999237061,-8.979999542236,2.));
#3728 = VECTOR('',#3729,1.);
#3729 = DIRECTION('',(0.,1.,0.));
#3730 = ORIENTED_EDGE('',*,*,#3661,.T.);
#3731 = ORIENTED_EDGE('',*,*,#526,.T.);
#3732 = ORIENTED_EDGE('',*,*,#3733,.T.);
#3733 = EDGE_CURVE('',#519,#2057,#3734,.T.);
#3734 = LINE('',#3735,#3736);
#3735 = CARTESIAN_POINT('',(16.549999237061,-12.47999954223,0.));
#3736 = VECTOR('',#3737,1.);
#3737 = DIRECTION('',(0.,0.,1.));
#3738 = ORIENTED_EDGE('',*,*,#2082,.F.);
#3739 = PLANE('',#3740);
#3740 = AXIS2_PLACEMENT_3D('',#3741,#3742,#3743);
#3741 = CARTESIAN_POINT('',(16.549999237061,-10.05394426301,
    2.936055508109));
#3742 = DIRECTION('',(-1.,-0.,-0.));
#3743 = DIRECTION('',(0.,0.,-1.));
#3744 = ADVANCED_FACE('',(#3745),#3788,.T.);
#3745 = FACE_BOUND('',#3746,.T.);
#3746 = EDGE_LOOP('',(#3747,#3757,#3763,#3764,#3765,#3766,#3774,#3782));
#3747 = ORIENTED_EDGE('',*,*,#3748,.T.);
#3748 = EDGE_CURVE('',#3749,#3751,#3753,.T.);
#3749 = VERTEX_POINT('',#3750);
#3750 = CARTESIAN_POINT('',(-1.230000019073,-8.979999542236,2.));
#3751 = VERTEX_POINT('',#3752);
#3752 = CARTESIAN_POINT('',(-1.230000019073,-6.5,2.));
#3753 = LINE('',#3754,#3755);
#3754 = CARTESIAN_POINT('',(-1.230000019073,-8.979999542236,2.));
#3755 = VECTOR('',#3756,1.);
#3756 = DIRECTION('',(0.,1.,0.));
#3757 = ORIENTED_EDGE('',*,*,#3758,.T.);
#3758 = EDGE_CURVE('',#3751,#303,#3759,.T.);
#3759 = LINE('',#3760,#3761);
#3760 = CARTESIAN_POINT('',(-1.230000019073,-6.5,2.));
#3761 = VECTOR('',#3762,1.);
#3762 = DIRECTION('',(0.,0.,-1.));
#3763 = ORIENTED_EDGE('',*,*,#302,.F.);
#3764 = ORIENTED_EDGE('',*,*,#3685,.F.);
#3765 = ORIENTED_EDGE('',*,*,#1998,.F.);
#3766 = ORIENTED_EDGE('',*,*,#3767,.F.);
#3767 = EDGE_CURVE('',#3768,#1991,#3770,.T.);
#3768 = VERTEX_POINT('',#3769);
#3769 = CARTESIAN_POINT('',(-1.230000019073,-10.38000011444,
    5.400000095367));
#3770 = LINE('',#3771,#3772);
#3771 = CARTESIAN_POINT('',(-1.230000019073,-10.38000011444,
    5.400000095367));
#3772 = VECTOR('',#3773,1.);
#3773 = DIRECTION('',(0.,0.,1.));
#3774 = ORIENTED_EDGE('',*,*,#3775,.F.);
#3775 = EDGE_CURVE('',#3776,#3768,#3778,.T.);
#3776 = VERTEX_POINT('',#3777);
#3777 = CARTESIAN_POINT('',(-1.230000019073,-8.979999542236,
    5.400000095367));
#3778 = LINE('',#3779,#3780);
#3779 = CARTESIAN_POINT('',(-1.230000019073,-8.979999542236,
    5.400000095367));
#3780 = VECTOR('',#3781,1.);
#3781 = DIRECTION('',(0.,-1.,0.));
#3782 = ORIENTED_EDGE('',*,*,#3783,.F.);
#3783 = EDGE_CURVE('',#3749,#3776,#3784,.T.);
#3784 = LINE('',#3785,#3786);
#3785 = CARTESIAN_POINT('',(-1.230000019073,-8.979999542236,2.));
#3786 = VECTOR('',#3787,1.);
#3787 = DIRECTION('',(0.,0.,1.));
#3788 = PLANE('',#3789);
#3789 = AXIS2_PLACEMENT_3D('',#3790,#3791,#3792);
#3790 = CARTESIAN_POINT('',(-1.230000019073,-10.05394426301,
    2.936055508109));
#3791 = DIRECTION('',(-1.,-0.,-0.));
#3792 = DIRECTION('',(0.,0.,-1.));
#3793 = ADVANCED_FACE('',(#3794),#3805,.T.);
#3794 = FACE_BOUND('',#3795,.T.);
#3795 = EDGE_LOOP('',(#3796,#3797,#3798,#3804));
#3796 = ORIENTED_EDGE('',*,*,#3733,.F.);
#3797 = ORIENTED_EDGE('',*,*,#518,.T.);
#3798 = ORIENTED_EDGE('',*,*,#3799,.T.);
#3799 = EDGE_CURVE('',#511,#2059,#3800,.T.);
#3800 = LINE('',#3801,#3802);
#3801 = CARTESIAN_POINT('',(14.449999809265,-12.47999954223,0.));
#3802 = VECTOR('',#3803,1.);
#3803 = DIRECTION('',(0.,0.,1.));
#3804 = ORIENTED_EDGE('',*,*,#2056,.F.);
#3805 = PLANE('',#3806);
#3806 = AXIS2_PLACEMENT_3D('',#3807,#3808,#3809);
#3807 = CARTESIAN_POINT('',(15.499999523163,-12.47999954223,3.5));
#3808 = DIRECTION('',(0.,1.,0.));
#3809 = DIRECTION('',(0.,0.,1.));
#3810 = ADVANCED_FACE('',(#3811),#3829,.T.);
#3811 = FACE_BOUND('',#3812,.T.);
#3812 = EDGE_LOOP('',(#3813,#3821,#3822,#3823));
#3813 = ORIENTED_EDGE('',*,*,#3814,.F.);
#3814 = EDGE_CURVE('',#311,#3815,#3817,.T.);
#3815 = VERTEX_POINT('',#3816);
#3816 = CARTESIAN_POINT('',(-0.790000021458,-6.5,2.));
#3817 = LINE('',#3818,#3819);
#3818 = CARTESIAN_POINT('',(-0.790000021458,-6.5,0.));
#3819 = VECTOR('',#3820,1.);
#3820 = DIRECTION('',(0.,0.,1.));
#3821 = ORIENTED_EDGE('',*,*,#310,.F.);
#3822 = ORIENTED_EDGE('',*,*,#3758,.F.);
#3823 = ORIENTED_EDGE('',*,*,#3824,.F.);
#3824 = EDGE_CURVE('',#3815,#3751,#3825,.T.);
#3825 = LINE('',#3826,#3827);
#3826 = CARTESIAN_POINT('',(-0.790000021458,-6.5,2.));
#3827 = VECTOR('',#3828,1.);
#3828 = DIRECTION('',(-1.,0.,0.));
#3829 = PLANE('',#3830);
#3830 = AXIS2_PLACEMENT_3D('',#3831,#3832,#3833);
#3831 = CARTESIAN_POINT('',(-1.010000020266,-6.5,0.492383467254));
#3832 = DIRECTION('',(0.,1.,0.));
#3833 = DIRECTION('',(0.,0.,1.));
#3834 = ADVANCED_FACE('',(#3835),#3878,.T.);
#3835 = FACE_BOUND('',#3836,.T.);
#3836 = EDGE_LOOP('',(#3837,#3838,#3839,#3847,#3855,#3863,#3871,#3877));
#3837 = ORIENTED_EDGE('',*,*,#3799,.F.);
#3838 = ORIENTED_EDGE('',*,*,#510,.T.);
#3839 = ORIENTED_EDGE('',*,*,#3840,.T.);
#3840 = EDGE_CURVE('',#503,#3841,#3843,.T.);
#3841 = VERTEX_POINT('',#3842);
#3842 = CARTESIAN_POINT('',(14.449999809265,-6.5,2.));
#3843 = LINE('',#3844,#3845);
#3844 = CARTESIAN_POINT('',(14.449999809265,-6.5,0.));
#3845 = VECTOR('',#3846,1.);
#3846 = DIRECTION('',(0.,0.,1.));
#3847 = ORIENTED_EDGE('',*,*,#3848,.T.);
#3848 = EDGE_CURVE('',#3841,#3849,#3851,.T.);
#3849 = VERTEX_POINT('',#3850);
#3850 = CARTESIAN_POINT('',(14.449999809265,-8.979999542236,2.));
#3851 = LINE('',#3852,#3853);
#3852 = CARTESIAN_POINT('',(14.449999809265,-6.5,2.));
#3853 = VECTOR('',#3854,1.);
#3854 = DIRECTION('',(0.,-1.,0.));
#3855 = ORIENTED_EDGE('',*,*,#3856,.T.);
#3856 = EDGE_CURVE('',#3849,#3857,#3859,.T.);
#3857 = VERTEX_POINT('',#3858);
#3858 = CARTESIAN_POINT('',(14.449999809265,-8.979999542236,
    5.400000095367));
#3859 = LINE('',#3860,#3861);
#3860 = CARTESIAN_POINT('',(14.449999809265,-8.979999542236,2.));
#3861 = VECTOR('',#3862,1.);
#3862 = DIRECTION('',(0.,0.,1.));
#3863 = ORIENTED_EDGE('',*,*,#3864,.T.);
#3864 = EDGE_CURVE('',#3857,#3865,#3867,.T.);
#3865 = VERTEX_POINT('',#3866);
#3866 = CARTESIAN_POINT('',(14.449999809265,-10.38000011444,
    5.400000095367));
#3867 = LINE('',#3868,#3869);
#3868 = CARTESIAN_POINT('',(14.449999809265,-8.979999542236,
    5.400000095367));
#3869 = VECTOR('',#3870,1.);
#3870 = DIRECTION('',(0.,-1.,0.));
#3871 = ORIENTED_EDGE('',*,*,#3872,.F.);
#3872 = EDGE_CURVE('',#2067,#3865,#3873,.T.);
#3873 = LINE('',#3874,#3875);
#3874 = CARTESIAN_POINT('',(14.449999809265,-10.38000011444,7.));
#3875 = VECTOR('',#3876,1.);
#3876 = DIRECTION('',(0.,0.,-1.));
#3877 = ORIENTED_EDGE('',*,*,#2066,.F.);
#3878 = PLANE('',#3879);
#3879 = AXIS2_PLACEMENT_3D('',#3880,#3881,#3882);
#3880 = CARTESIAN_POINT('',(14.449999809265,-10.05394426301,
    2.936055508109));
#3881 = DIRECTION('',(1.,0.,0.));
#3882 = DIRECTION('',(0.,0.,1.));
#3883 = ADVANCED_FACE('',(#3884),#3925,.T.);
#3884 = FACE_BOUND('',#3885,.T.);
#3885 = EDGE_LOOP('',(#3886,#3887,#3895,#3903,#3911,#3917,#3918,#3924));
#3886 = ORIENTED_EDGE('',*,*,#3814,.T.);
#3887 = ORIENTED_EDGE('',*,*,#3888,.F.);
#3888 = EDGE_CURVE('',#3889,#3815,#3891,.T.);
#3889 = VERTEX_POINT('',#3890);
#3890 = CARTESIAN_POINT('',(-0.790000021458,-8.979999542236,2.));
#3891 = LINE('',#3892,#3893);
#3892 = CARTESIAN_POINT('',(-0.790000021458,-8.979999542236,2.));
#3893 = VECTOR('',#3894,1.);
#3894 = DIRECTION('',(0.,1.,0.));
#3895 = ORIENTED_EDGE('',*,*,#3896,.F.);
#3896 = EDGE_CURVE('',#3897,#3889,#3899,.T.);
#3897 = VERTEX_POINT('',#3898);
#3898 = CARTESIAN_POINT('',(-0.790000021458,-8.979999542236,
    5.400000095367));
#3899 = LINE('',#3900,#3901);
#3900 = CARTESIAN_POINT('',(-0.790000021458,-8.979999542236,
    5.400000095367));
#3901 = VECTOR('',#3902,1.);
#3902 = DIRECTION('',(0.,0.,-1.));
#3903 = ORIENTED_EDGE('',*,*,#3904,.F.);
#3904 = EDGE_CURVE('',#3905,#3897,#3907,.T.);
#3905 = VERTEX_POINT('',#3906);
#3906 = CARTESIAN_POINT('',(-0.790000021458,-10.38000011444,
    5.400000095367));
#3907 = LINE('',#3908,#3909);
#3908 = CARTESIAN_POINT('',(-0.790000021458,-10.38000011444,
    5.400000095367));
#3909 = VECTOR('',#3910,1.);
#3910 = DIRECTION('',(0.,1.,0.));
#3911 = ORIENTED_EDGE('',*,*,#3912,.F.);
#3912 = EDGE_CURVE('',#1785,#3905,#3913,.T.);
#3913 = LINE('',#3914,#3915);
#3914 = CARTESIAN_POINT('',(-0.790000021458,-10.38000011444,7.));
#3915 = VECTOR('',#3916,1.);
#3916 = DIRECTION('',(0.,0.,-1.));
#3917 = ORIENTED_EDGE('',*,*,#1810,.F.);
#3918 = ORIENTED_EDGE('',*,*,#3919,.F.);
#3919 = EDGE_CURVE('',#319,#1803,#3920,.T.);
#3920 = LINE('',#3921,#3922);
#3921 = CARTESIAN_POINT('',(-0.790000021458,-12.47999954223,0.));
#3922 = VECTOR('',#3923,1.);
#3923 = DIRECTION('',(0.,0.,1.));
#3924 = ORIENTED_EDGE('',*,*,#318,.T.);
#3925 = PLANE('',#3926);
#3926 = AXIS2_PLACEMENT_3D('',#3927,#3928,#3929);
#3927 = CARTESIAN_POINT('',(-0.790000021458,-10.05394426301,
    2.936055508109));
#3928 = DIRECTION('',(1.,0.,0.));
#3929 = DIRECTION('',(0.,0.,1.));
#3930 = ADVANCED_FACE('',(#3931),#3949,.T.);
#3931 = FACE_BOUND('',#3932,.T.);
#3932 = EDGE_LOOP('',(#3933,#3934,#3935,#3943));
#3933 = ORIENTED_EDGE('',*,*,#3840,.F.);
#3934 = ORIENTED_EDGE('',*,*,#502,.F.);
#3935 = ORIENTED_EDGE('',*,*,#3936,.F.);
#3936 = EDGE_CURVE('',#3937,#495,#3939,.T.);
#3937 = VERTEX_POINT('',#3938);
#3938 = CARTESIAN_POINT('',(14.010000228882,-6.5,2.));
#3939 = LINE('',#3940,#3941);
#3940 = CARTESIAN_POINT('',(14.010000228882,-6.5,2.));
#3941 = VECTOR('',#3942,1.);
#3942 = DIRECTION('',(0.,0.,-1.));
#3943 = ORIENTED_EDGE('',*,*,#3944,.F.);
#3944 = EDGE_CURVE('',#3841,#3937,#3945,.T.);
#3945 = LINE('',#3946,#3947);
#3946 = CARTESIAN_POINT('',(14.449999809265,-6.5,2.));
#3947 = VECTOR('',#3948,1.);
#3948 = DIRECTION('',(-1.,0.,0.));
#3949 = PLANE('',#3950);
#3950 = AXIS2_PLACEMENT_3D('',#3951,#3952,#3953);
#3951 = CARTESIAN_POINT('',(14.230000019073,-6.5,0.492383466335));
#3952 = DIRECTION('',(0.,1.,0.));
#3953 = DIRECTION('',(0.,0.,1.));
#3954 = ADVANCED_FACE('',(#3955),#3966,.T.);
#3955 = FACE_BOUND('',#3956,.T.);
#3956 = EDGE_LOOP('',(#3957,#3958,#3964,#3965));
#3957 = ORIENTED_EDGE('',*,*,#1802,.F.);
#3958 = ORIENTED_EDGE('',*,*,#3959,.T.);
#3959 = EDGE_CURVE('',#1795,#327,#3960,.T.);
#3960 = LINE('',#3961,#3962);
#3961 = CARTESIAN_POINT('',(1.30999994278,-12.47999954223,7.));
#3962 = VECTOR('',#3963,1.);
#3963 = DIRECTION('',(0.,0.,-1.));
#3964 = ORIENTED_EDGE('',*,*,#326,.T.);
#3965 = ORIENTED_EDGE('',*,*,#3919,.T.);
#3966 = PLANE('',#3967);
#3967 = AXIS2_PLACEMENT_3D('',#3968,#3969,#3970);
#3968 = CARTESIAN_POINT('',(0.259999960661,-12.47999954223,3.5));
#3969 = DIRECTION('',(0.,1.,0.));
#3970 = DIRECTION('',(0.,0.,1.));
#3971 = ADVANCED_FACE('',(#3972),#4013,.T.);
#3972 = FACE_BOUND('',#3973,.T.);
#3973 = EDGE_LOOP('',(#3974,#3982,#3990,#3998,#4004,#4005,#4006,#4012));
#3974 = ORIENTED_EDGE('',*,*,#3975,.F.);
#3975 = EDGE_CURVE('',#3976,#1599,#3978,.T.);
#3976 = VERTEX_POINT('',#3977);
#3977 = CARTESIAN_POINT('',(14.010000228882,-10.38000011444,
    5.400000095367));
#3978 = LINE('',#3979,#3980);
#3979 = CARTESIAN_POINT('',(14.010000228882,-10.38000011444,
    5.400000095367));
#3980 = VECTOR('',#3981,1.);
#3981 = DIRECTION('',(0.,0.,1.));
#3982 = ORIENTED_EDGE('',*,*,#3983,.T.);
#3983 = EDGE_CURVE('',#3976,#3984,#3986,.T.);
#3984 = VERTEX_POINT('',#3985);
#3985 = CARTESIAN_POINT('',(14.010000228882,-8.979999542236,
    5.400000095367));
#3986 = LINE('',#3987,#3988);
#3987 = CARTESIAN_POINT('',(14.010000228882,-10.38000011444,
    5.400000095367));
#3988 = VECTOR('',#3989,1.);
#3989 = DIRECTION('',(0.,1.,0.));
#3990 = ORIENTED_EDGE('',*,*,#3991,.T.);
#3991 = EDGE_CURVE('',#3984,#3992,#3994,.T.);
#3992 = VERTEX_POINT('',#3993);
#3993 = CARTESIAN_POINT('',(14.010000228882,-8.979999542236,2.));
#3994 = LINE('',#3995,#3996);
#3995 = CARTESIAN_POINT('',(14.010000228882,-8.979999542236,
    5.400000095367));
#3996 = VECTOR('',#3997,1.);
#3997 = DIRECTION('',(0.,0.,-1.));
#3998 = ORIENTED_EDGE('',*,*,#3999,.T.);
#3999 = EDGE_CURVE('',#3992,#3937,#4000,.T.);
#4000 = LINE('',#4001,#4002);
#4001 = CARTESIAN_POINT('',(14.010000228882,-8.979999542236,2.));
#4002 = VECTOR('',#4003,1.);
#4003 = DIRECTION('',(0.,1.,0.));
#4004 = ORIENTED_EDGE('',*,*,#3936,.T.);
#4005 = ORIENTED_EDGE('',*,*,#494,.T.);
#4006 = ORIENTED_EDGE('',*,*,#4007,.T.);
#4007 = EDGE_CURVE('',#487,#1581,#4008,.T.);
#4008 = LINE('',#4009,#4010);
#4009 = CARTESIAN_POINT('',(14.010000228882,-12.47999954223,0.));
#4010 = VECTOR('',#4011,1.);
#4011 = DIRECTION('',(0.,0.,1.));
#4012 = ORIENTED_EDGE('',*,*,#1606,.F.);
#4013 = PLANE('',#4014);
#4014 = AXIS2_PLACEMENT_3D('',#4015,#4016,#4017);
#4015 = CARTESIAN_POINT('',(14.010000228882,-10.05394426301,
    2.936055508109));
#4016 = DIRECTION('',(-1.,-0.,-0.));
#4017 = DIRECTION('',(0.,0.,-1.));
#4018 = ADVANCED_FACE('',(#4019),#4062,.T.);
#4019 = FACE_BOUND('',#4020,.T.);
#4020 = EDGE_LOOP('',(#4021,#4031,#4037,#4038,#4039,#4040,#4048,#4056));
#4021 = ORIENTED_EDGE('',*,*,#4022,.T.);
#4022 = EDGE_CURVE('',#4023,#4025,#4027,.T.);
#4023 = VERTEX_POINT('',#4024);
#4024 = CARTESIAN_POINT('',(1.30999994278,-8.979999542236,2.));
#4025 = VERTEX_POINT('',#4026);
#4026 = CARTESIAN_POINT('',(1.30999994278,-6.5,2.));
#4027 = LINE('',#4028,#4029);
#4028 = CARTESIAN_POINT('',(1.30999994278,-8.979999542236,2.));
#4029 = VECTOR('',#4030,1.);
#4030 = DIRECTION('',(0.,1.,0.));
#4031 = ORIENTED_EDGE('',*,*,#4032,.T.);
#4032 = EDGE_CURVE('',#4025,#335,#4033,.T.);
#4033 = LINE('',#4034,#4035);
#4034 = CARTESIAN_POINT('',(1.30999994278,-6.5,2.));
#4035 = VECTOR('',#4036,1.);
#4036 = DIRECTION('',(0.,0.,-1.));
#4037 = ORIENTED_EDGE('',*,*,#334,.F.);
#4038 = ORIENTED_EDGE('',*,*,#3959,.F.);
#4039 = ORIENTED_EDGE('',*,*,#1794,.F.);
#4040 = ORIENTED_EDGE('',*,*,#4041,.F.);
#4041 = EDGE_CURVE('',#4042,#1787,#4044,.T.);
#4042 = VERTEX_POINT('',#4043);
#4043 = CARTESIAN_POINT('',(1.30999994278,-10.38000011444,5.400000095367
    ));
#4044 = LINE('',#4045,#4046);
#4045 = CARTESIAN_POINT('',(1.30999994278,-10.38000011444,5.400000095367
    ));
#4046 = VECTOR('',#4047,1.);
#4047 = DIRECTION('',(0.,0.,1.));
#4048 = ORIENTED_EDGE('',*,*,#4049,.F.);
#4049 = EDGE_CURVE('',#4050,#4042,#4052,.T.);
#4050 = VERTEX_POINT('',#4051);
#4051 = CARTESIAN_POINT('',(1.30999994278,-8.979999542236,5.400000095367
    ));
#4052 = LINE('',#4053,#4054);
#4053 = CARTESIAN_POINT('',(1.30999994278,-8.979999542236,5.400000095367
    ));
#4054 = VECTOR('',#4055,1.);
#4055 = DIRECTION('',(0.,-1.,0.));
#4056 = ORIENTED_EDGE('',*,*,#4057,.F.);
#4057 = EDGE_CURVE('',#4023,#4050,#4058,.T.);
#4058 = LINE('',#4059,#4060);
#4059 = CARTESIAN_POINT('',(1.30999994278,-8.979999542236,2.));
#4060 = VECTOR('',#4061,1.);
#4061 = DIRECTION('',(0.,0.,1.));
#4062 = PLANE('',#4063);
#4063 = AXIS2_PLACEMENT_3D('',#4064,#4065,#4066);
#4064 = CARTESIAN_POINT('',(1.30999994278,-10.05394426301,2.936055508109
    ));
#4065 = DIRECTION('',(-1.,-0.,-0.));
#4066 = DIRECTION('',(0.,0.,-1.));
#4067 = ADVANCED_FACE('',(#4068),#4079,.T.);
#4068 = FACE_BOUND('',#4069,.T.);
#4069 = EDGE_LOOP('',(#4070,#4071,#4072,#4078));
#4070 = ORIENTED_EDGE('',*,*,#4007,.F.);
#4071 = ORIENTED_EDGE('',*,*,#486,.T.);
#4072 = ORIENTED_EDGE('',*,*,#4073,.T.);
#4073 = EDGE_CURVE('',#479,#1583,#4074,.T.);
#4074 = LINE('',#4075,#4076);
#4075 = CARTESIAN_POINT('',(11.909999847412,-12.47999954223,0.));
#4076 = VECTOR('',#4077,1.);
#4077 = DIRECTION('',(0.,0.,1.));
#4078 = ORIENTED_EDGE('',*,*,#1580,.F.);
#4079 = PLANE('',#4080);
#4080 = AXIS2_PLACEMENT_3D('',#4081,#4082,#4083);
#4081 = CARTESIAN_POINT('',(12.960000038147,-12.47999954223,3.5));
#4082 = DIRECTION('',(0.,1.,0.));
#4083 = DIRECTION('',(0.,0.,1.));
#4084 = ADVANCED_FACE('',(#4085),#4103,.T.);
#4085 = FACE_BOUND('',#4086,.T.);
#4086 = EDGE_LOOP('',(#4087,#4095,#4096,#4097));
#4087 = ORIENTED_EDGE('',*,*,#4088,.F.);
#4088 = EDGE_CURVE('',#343,#4089,#4091,.T.);
#4089 = VERTEX_POINT('',#4090);
#4090 = CARTESIAN_POINT('',(1.75,-6.5,2.));
#4091 = LINE('',#4092,#4093);
#4092 = CARTESIAN_POINT('',(1.75,-6.5,0.));
#4093 = VECTOR('',#4094,1.);
#4094 = DIRECTION('',(0.,0.,1.));
#4095 = ORIENTED_EDGE('',*,*,#342,.F.);
#4096 = ORIENTED_EDGE('',*,*,#4032,.F.);
#4097 = ORIENTED_EDGE('',*,*,#4098,.F.);
#4098 = EDGE_CURVE('',#4089,#4025,#4099,.T.);
#4099 = LINE('',#4100,#4101);
#4100 = CARTESIAN_POINT('',(1.75,-6.5,2.));
#4101 = VECTOR('',#4102,1.);
#4102 = DIRECTION('',(-1.,0.,0.));
#4103 = PLANE('',#4104);
#4104 = AXIS2_PLACEMENT_3D('',#4105,#4106,#4107);
#4105 = CARTESIAN_POINT('',(1.529999984173,-6.5,0.49238349341));
#4106 = DIRECTION('',(0.,1.,0.));
#4107 = DIRECTION('',(0.,0.,1.));
#4108 = ADVANCED_FACE('',(#4109),#4152,.T.);
#4109 = FACE_BOUND('',#4110,.T.);
#4110 = EDGE_LOOP('',(#4111,#4112,#4113,#4121,#4129,#4137,#4145,#4151));
#4111 = ORIENTED_EDGE('',*,*,#4073,.F.);
#4112 = ORIENTED_EDGE('',*,*,#478,.T.);
#4113 = ORIENTED_EDGE('',*,*,#4114,.T.);
#4114 = EDGE_CURVE('',#471,#4115,#4117,.T.);
#4115 = VERTEX_POINT('',#4116);
#4116 = CARTESIAN_POINT('',(11.909999847412,-6.5,2.));
#4117 = LINE('',#4118,#4119);
#4118 = CARTESIAN_POINT('',(11.909999847412,-6.5,0.));
#4119 = VECTOR('',#4120,1.);
#4120 = DIRECTION('',(0.,0.,1.));
#4121 = ORIENTED_EDGE('',*,*,#4122,.T.);
#4122 = EDGE_CURVE('',#4115,#4123,#4125,.T.);
#4123 = VERTEX_POINT('',#4124);
#4124 = CARTESIAN_POINT('',(11.909999847412,-8.979999542236,2.));
#4125 = LINE('',#4126,#4127);
#4126 = CARTESIAN_POINT('',(11.909999847412,-6.5,2.));
#4127 = VECTOR('',#4128,1.);
#4128 = DIRECTION('',(0.,-1.,0.));
#4129 = ORIENTED_EDGE('',*,*,#4130,.T.);
#4130 = EDGE_CURVE('',#4123,#4131,#4133,.T.);
#4131 = VERTEX_POINT('',#4132);
#4132 = CARTESIAN_POINT('',(11.909999847412,-8.979999542236,
    5.400000095367));
#4133 = LINE('',#4134,#4135);
#4134 = CARTESIAN_POINT('',(11.909999847412,-8.979999542236,2.));
#4135 = VECTOR('',#4136,1.);
#4136 = DIRECTION('',(0.,0.,1.));
#4137 = ORIENTED_EDGE('',*,*,#4138,.T.);
#4138 = EDGE_CURVE('',#4131,#4139,#4141,.T.);
#4139 = VERTEX_POINT('',#4140);
#4140 = CARTESIAN_POINT('',(11.909999847412,-10.38000011444,
    5.400000095367));
#4141 = LINE('',#4142,#4143);
#4142 = CARTESIAN_POINT('',(11.909999847412,-8.979999542236,
    5.400000095367));
#4143 = VECTOR('',#4144,1.);
#4144 = DIRECTION('',(0.,-1.,0.));
#4145 = ORIENTED_EDGE('',*,*,#4146,.F.);
#4146 = EDGE_CURVE('',#1591,#4139,#4147,.T.);
#4147 = LINE('',#4148,#4149);
#4148 = CARTESIAN_POINT('',(11.909999847412,-10.38000011444,7.));
#4149 = VECTOR('',#4150,1.);
#4150 = DIRECTION('',(0.,0.,-1.));
#4151 = ORIENTED_EDGE('',*,*,#1590,.F.);
#4152 = PLANE('',#4153);
#4153 = AXIS2_PLACEMENT_3D('',#4154,#4155,#4156);
#4154 = CARTESIAN_POINT('',(11.909999847412,-10.05394426301,
    2.936055508109));
#4155 = DIRECTION('',(1.,0.,0.));
#4156 = DIRECTION('',(0.,0.,1.));
#4157 = ADVANCED_FACE('',(#4158),#4199,.T.);
#4158 = FACE_BOUND('',#4159,.T.);
#4159 = EDGE_LOOP('',(#4160,#4161,#4169,#4177,#4185,#4191,#4192,#4198));
#4160 = ORIENTED_EDGE('',*,*,#4088,.T.);
#4161 = ORIENTED_EDGE('',*,*,#4162,.F.);
#4162 = EDGE_CURVE('',#4163,#4089,#4165,.T.);
#4163 = VERTEX_POINT('',#4164);
#4164 = CARTESIAN_POINT('',(1.75,-8.979999542236,2.));
#4165 = LINE('',#4166,#4167);
#4166 = CARTESIAN_POINT('',(1.75,-8.979999542236,2.));
#4167 = VECTOR('',#4168,1.);
#4168 = DIRECTION('',(0.,1.,0.));
#4169 = ORIENTED_EDGE('',*,*,#4170,.F.);
#4170 = EDGE_CURVE('',#4171,#4163,#4173,.T.);
#4171 = VERTEX_POINT('',#4172);
#4172 = CARTESIAN_POINT('',(1.75,-8.979999542236,5.400000095367));
#4173 = LINE('',#4174,#4175);
#4174 = CARTESIAN_POINT('',(1.75,-8.979999542236,5.400000095367));
#4175 = VECTOR('',#4176,1.);
#4176 = DIRECTION('',(0.,0.,-1.));
#4177 = ORIENTED_EDGE('',*,*,#4178,.F.);
#4178 = EDGE_CURVE('',#4179,#4171,#4181,.T.);
#4179 = VERTEX_POINT('',#4180);
#4180 = CARTESIAN_POINT('',(1.75,-10.38000011444,5.400000095367));
#4181 = LINE('',#4182,#4183);
#4182 = CARTESIAN_POINT('',(1.75,-10.38000011444,5.400000095367));
#4183 = VECTOR('',#4184,1.);
#4184 = DIRECTION('',(0.,1.,0.));
#4185 = ORIENTED_EDGE('',*,*,#4186,.F.);
#4186 = EDGE_CURVE('',#1921,#4179,#4187,.T.);
#4187 = LINE('',#4188,#4189);
#4188 = CARTESIAN_POINT('',(1.75,-10.38000011444,7.));
#4189 = VECTOR('',#4190,1.);
#4190 = DIRECTION('',(0.,0.,-1.));
#4191 = ORIENTED_EDGE('',*,*,#1946,.F.);
#4192 = ORIENTED_EDGE('',*,*,#4193,.F.);
#4193 = EDGE_CURVE('',#351,#1939,#4194,.T.);
#4194 = LINE('',#4195,#4196);
#4195 = CARTESIAN_POINT('',(1.75,-12.47999954223,0.));
#4196 = VECTOR('',#4197,1.);
#4197 = DIRECTION('',(0.,0.,1.));
#4198 = ORIENTED_EDGE('',*,*,#350,.T.);
#4199 = PLANE('',#4200);
#4200 = AXIS2_PLACEMENT_3D('',#4201,#4202,#4203);
#4201 = CARTESIAN_POINT('',(1.75,-10.05394426301,2.936055508109));
#4202 = DIRECTION('',(1.,0.,0.));
#4203 = DIRECTION('',(0.,0.,1.));
#4204 = ADVANCED_FACE('',(#4205),#4223,.T.);
#4205 = FACE_BOUND('',#4206,.T.);
#4206 = EDGE_LOOP('',(#4207,#4208,#4209,#4217));
#4207 = ORIENTED_EDGE('',*,*,#4114,.F.);
#4208 = ORIENTED_EDGE('',*,*,#470,.F.);
#4209 = ORIENTED_EDGE('',*,*,#4210,.F.);
#4210 = EDGE_CURVE('',#4211,#463,#4213,.T.);
#4211 = VERTEX_POINT('',#4212);
#4212 = CARTESIAN_POINT('',(11.470000267029,-6.5,2.));
#4213 = LINE('',#4214,#4215);
#4214 = CARTESIAN_POINT('',(11.470000267029,-6.5,2.));
#4215 = VECTOR('',#4216,1.);
#4216 = DIRECTION('',(0.,0.,-1.));
#4217 = ORIENTED_EDGE('',*,*,#4218,.F.);
#4218 = EDGE_CURVE('',#4115,#4211,#4219,.T.);
#4219 = LINE('',#4220,#4221);
#4220 = CARTESIAN_POINT('',(11.909999847412,-6.5,2.));
#4221 = VECTOR('',#4222,1.);
#4222 = DIRECTION('',(-1.,0.,0.));
#4223 = PLANE('',#4224);
#4224 = AXIS2_PLACEMENT_3D('',#4225,#4226,#4227);
#4225 = CARTESIAN_POINT('',(11.69000005722,-6.5,0.492383466335));
#4226 = DIRECTION('',(0.,1.,0.));
#4227 = DIRECTION('',(0.,0.,1.));
#4228 = ADVANCED_FACE('',(#4229),#4240,.T.);
#4229 = FACE_BOUND('',#4230,.T.);
#4230 = EDGE_LOOP('',(#4231,#4232,#4238,#4239));
#4231 = ORIENTED_EDGE('',*,*,#1938,.F.);
#4232 = ORIENTED_EDGE('',*,*,#4233,.T.);
#4233 = EDGE_CURVE('',#1931,#359,#4234,.T.);
#4234 = LINE('',#4235,#4236);
#4235 = CARTESIAN_POINT('',(3.849999904633,-12.47999954223,7.));
#4236 = VECTOR('',#4237,1.);
#4237 = DIRECTION('',(0.,0.,-1.));
#4238 = ORIENTED_EDGE('',*,*,#358,.T.);
#4239 = ORIENTED_EDGE('',*,*,#4193,.T.);
#4240 = PLANE('',#4241);
#4241 = AXIS2_PLACEMENT_3D('',#4242,#4243,#4244);
#4242 = CARTESIAN_POINT('',(2.799999952316,-12.47999954223,3.5));
#4243 = DIRECTION('',(0.,1.,0.));
#4244 = DIRECTION('',(0.,0.,1.));
#4245 = ADVANCED_FACE('',(#4246),#4287,.T.);
#4246 = FACE_BOUND('',#4247,.T.);
#4247 = EDGE_LOOP('',(#4248,#4256,#4264,#4272,#4278,#4279,#4280,#4286));
#4248 = ORIENTED_EDGE('',*,*,#4249,.F.);
#4249 = EDGE_CURVE('',#4250,#1735,#4252,.T.);
#4250 = VERTEX_POINT('',#4251);
#4251 = CARTESIAN_POINT('',(11.470000267029,-10.38000011444,
    5.400000095367));
#4252 = LINE('',#4253,#4254);
#4253 = CARTESIAN_POINT('',(11.470000267029,-10.38000011444,
    5.400000095367));
#4254 = VECTOR('',#4255,1.);
#4255 = DIRECTION('',(0.,0.,1.));
#4256 = ORIENTED_EDGE('',*,*,#4257,.T.);
#4257 = EDGE_CURVE('',#4250,#4258,#4260,.T.);
#4258 = VERTEX_POINT('',#4259);
#4259 = CARTESIAN_POINT('',(11.470000267029,-8.979999542236,
    5.400000095367));
#4260 = LINE('',#4261,#4262);
#4261 = CARTESIAN_POINT('',(11.470000267029,-10.38000011444,
    5.400000095367));
#4262 = VECTOR('',#4263,1.);
#4263 = DIRECTION('',(0.,1.,0.));
#4264 = ORIENTED_EDGE('',*,*,#4265,.T.);
#4265 = EDGE_CURVE('',#4258,#4266,#4268,.T.);
#4266 = VERTEX_POINT('',#4267);
#4267 = CARTESIAN_POINT('',(11.470000267029,-8.979999542236,2.));
#4268 = LINE('',#4269,#4270);
#4269 = CARTESIAN_POINT('',(11.470000267029,-8.979999542236,
    5.400000095367));
#4270 = VECTOR('',#4271,1.);
#4271 = DIRECTION('',(0.,0.,-1.));
#4272 = ORIENTED_EDGE('',*,*,#4273,.T.);
#4273 = EDGE_CURVE('',#4266,#4211,#4274,.T.);
#4274 = LINE('',#4275,#4276);
#4275 = CARTESIAN_POINT('',(11.470000267029,-8.979999542236,2.));
#4276 = VECTOR('',#4277,1.);
#4277 = DIRECTION('',(0.,1.,0.));
#4278 = ORIENTED_EDGE('',*,*,#4210,.T.);
#4279 = ORIENTED_EDGE('',*,*,#462,.T.);
#4280 = ORIENTED_EDGE('',*,*,#4281,.T.);
#4281 = EDGE_CURVE('',#455,#1717,#4282,.T.);
#4282 = LINE('',#4283,#4284);
#4283 = CARTESIAN_POINT('',(11.470000267029,-12.47999954223,0.));
#4284 = VECTOR('',#4285,1.);
#4285 = DIRECTION('',(0.,0.,1.));
#4286 = ORIENTED_EDGE('',*,*,#1742,.F.);
#4287 = PLANE('',#4288);
#4288 = AXIS2_PLACEMENT_3D('',#4289,#4290,#4291);
#4289 = CARTESIAN_POINT('',(11.470000267029,-10.05394426301,
    2.936055508109));
#4290 = DIRECTION('',(-1.,-0.,-0.));
#4291 = DIRECTION('',(0.,0.,-1.));
#4292 = ADVANCED_FACE('',(#4293),#4336,.T.);
#4293 = FACE_BOUND('',#4294,.T.);
#4294 = EDGE_LOOP('',(#4295,#4305,#4311,#4312,#4313,#4314,#4322,#4330));
#4295 = ORIENTED_EDGE('',*,*,#4296,.T.);
#4296 = EDGE_CURVE('',#4297,#4299,#4301,.T.);
#4297 = VERTEX_POINT('',#4298);
#4298 = CARTESIAN_POINT('',(3.849999904633,-8.979999542236,2.));
#4299 = VERTEX_POINT('',#4300);
#4300 = CARTESIAN_POINT('',(3.849999904633,-6.5,2.));
#4301 = LINE('',#4302,#4303);
#4302 = CARTESIAN_POINT('',(3.849999904633,-8.979999542236,2.));
#4303 = VECTOR('',#4304,1.);
#4304 = DIRECTION('',(0.,1.,0.));
#4305 = ORIENTED_EDGE('',*,*,#4306,.T.);
#4306 = EDGE_CURVE('',#4299,#367,#4307,.T.);
#4307 = LINE('',#4308,#4309);
#4308 = CARTESIAN_POINT('',(3.849999904633,-6.5,2.));
#4309 = VECTOR('',#4310,1.);
#4310 = DIRECTION('',(0.,0.,-1.));
#4311 = ORIENTED_EDGE('',*,*,#366,.F.);
#4312 = ORIENTED_EDGE('',*,*,#4233,.F.);
#4313 = ORIENTED_EDGE('',*,*,#1930,.F.);
#4314 = ORIENTED_EDGE('',*,*,#4315,.F.);
#4315 = EDGE_CURVE('',#4316,#1923,#4318,.T.);
#4316 = VERTEX_POINT('',#4317);
#4317 = CARTESIAN_POINT('',(3.849999904633,-10.38000011444,
    5.400000095367));
#4318 = LINE('',#4319,#4320);
#4319 = CARTESIAN_POINT('',(3.849999904633,-10.38000011444,
    5.400000095367));
#4320 = VECTOR('',#4321,1.);
#4321 = DIRECTION('',(0.,0.,1.));
#4322 = ORIENTED_EDGE('',*,*,#4323,.F.);
#4323 = EDGE_CURVE('',#4324,#4316,#4326,.T.);
#4324 = VERTEX_POINT('',#4325);
#4325 = CARTESIAN_POINT('',(3.849999904633,-8.979999542236,
    5.400000095367));
#4326 = LINE('',#4327,#4328);
#4327 = CARTESIAN_POINT('',(3.849999904633,-8.979999542236,
    5.400000095367));
#4328 = VECTOR('',#4329,1.);
#4329 = DIRECTION('',(0.,-1.,0.));
#4330 = ORIENTED_EDGE('',*,*,#4331,.F.);
#4331 = EDGE_CURVE('',#4297,#4324,#4332,.T.);
#4332 = LINE('',#4333,#4334);
#4333 = CARTESIAN_POINT('',(3.849999904633,-8.979999542236,2.));
#4334 = VECTOR('',#4335,1.);
#4335 = DIRECTION('',(0.,0.,1.));
#4336 = PLANE('',#4337);
#4337 = AXIS2_PLACEMENT_3D('',#4338,#4339,#4340);
#4338 = CARTESIAN_POINT('',(3.849999904633,-10.05394426301,
    2.936055508109));
#4339 = DIRECTION('',(-1.,-0.,-0.));
#4340 = DIRECTION('',(0.,0.,-1.));
#4341 = ADVANCED_FACE('',(#4342),#4353,.T.);
#4342 = FACE_BOUND('',#4343,.T.);
#4343 = EDGE_LOOP('',(#4344,#4345,#4346,#4352));
#4344 = ORIENTED_EDGE('',*,*,#4281,.F.);
#4345 = ORIENTED_EDGE('',*,*,#454,.T.);
#4346 = ORIENTED_EDGE('',*,*,#4347,.T.);
#4347 = EDGE_CURVE('',#447,#1719,#4348,.T.);
#4348 = LINE('',#4349,#4350);
#4349 = CARTESIAN_POINT('',(9.369999885559,-12.47999954223,0.));
#4350 = VECTOR('',#4351,1.);
#4351 = DIRECTION('',(0.,0.,1.));
#4352 = ORIENTED_EDGE('',*,*,#1716,.F.);
#4353 = PLANE('',#4354);
#4354 = AXIS2_PLACEMENT_3D('',#4355,#4356,#4357);
#4355 = CARTESIAN_POINT('',(10.420000076294,-12.47999954223,3.5));
#4356 = DIRECTION('',(0.,1.,0.));
#4357 = DIRECTION('',(0.,0.,1.));
#4358 = ADVANCED_FACE('',(#4359),#4377,.T.);
#4359 = FACE_BOUND('',#4360,.T.);
#4360 = EDGE_LOOP('',(#4361,#4369,#4370,#4371));
#4361 = ORIENTED_EDGE('',*,*,#4362,.F.);
#4362 = EDGE_CURVE('',#375,#4363,#4365,.T.);
#4363 = VERTEX_POINT('',#4364);
#4364 = CARTESIAN_POINT('',(4.289999961853,-6.5,2.));
#4365 = LINE('',#4366,#4367);
#4366 = CARTESIAN_POINT('',(4.289999961853,-6.5,0.));
#4367 = VECTOR('',#4368,1.);
#4368 = DIRECTION('',(0.,0.,1.));
#4369 = ORIENTED_EDGE('',*,*,#374,.F.);
#4370 = ORIENTED_EDGE('',*,*,#4306,.F.);
#4371 = ORIENTED_EDGE('',*,*,#4372,.F.);
#4372 = EDGE_CURVE('',#4363,#4299,#4373,.T.);
#4373 = LINE('',#4374,#4375);
#4374 = CARTESIAN_POINT('',(4.289999961853,-6.5,2.));
#4375 = VECTOR('',#4376,1.);
#4376 = DIRECTION('',(-1.,0.,0.));
#4377 = PLANE('',#4378);
#4378 = AXIS2_PLACEMENT_3D('',#4379,#4380,#4381);
#4379 = CARTESIAN_POINT('',(4.069999958809,-6.5,0.492383519436));
#4380 = DIRECTION('',(0.,1.,0.));
#4381 = DIRECTION('',(0.,0.,1.));
#4382 = ADVANCED_FACE('',(#4383),#4426,.T.);
#4383 = FACE_BOUND('',#4384,.T.);
#4384 = EDGE_LOOP('',(#4385,#4386,#4387,#4395,#4403,#4411,#4419,#4425));
#4385 = ORIENTED_EDGE('',*,*,#4347,.F.);
#4386 = ORIENTED_EDGE('',*,*,#446,.T.);
#4387 = ORIENTED_EDGE('',*,*,#4388,.T.);
#4388 = EDGE_CURVE('',#439,#4389,#4391,.T.);
#4389 = VERTEX_POINT('',#4390);
#4390 = CARTESIAN_POINT('',(9.369999885559,-6.5,2.));
#4391 = LINE('',#4392,#4393);
#4392 = CARTESIAN_POINT('',(9.369999885559,-6.5,0.));
#4393 = VECTOR('',#4394,1.);
#4394 = DIRECTION('',(0.,0.,1.));
#4395 = ORIENTED_EDGE('',*,*,#4396,.T.);
#4396 = EDGE_CURVE('',#4389,#4397,#4399,.T.);
#4397 = VERTEX_POINT('',#4398);
#4398 = CARTESIAN_POINT('',(9.369999885559,-8.979999542236,2.));
#4399 = LINE('',#4400,#4401);
#4400 = CARTESIAN_POINT('',(9.369999885559,-6.5,2.));
#4401 = VECTOR('',#4402,1.);
#4402 = DIRECTION('',(0.,-1.,0.));
#4403 = ORIENTED_EDGE('',*,*,#4404,.T.);
#4404 = EDGE_CURVE('',#4397,#4405,#4407,.T.);
#4405 = VERTEX_POINT('',#4406);
#4406 = CARTESIAN_POINT('',(9.369999885559,-8.979999542236,
    5.400000095367));
#4407 = LINE('',#4408,#4409);
#4408 = CARTESIAN_POINT('',(9.369999885559,-8.979999542236,2.));
#4409 = VECTOR('',#4410,1.);
#4410 = DIRECTION('',(0.,0.,1.));
#4411 = ORIENTED_EDGE('',*,*,#4412,.T.);
#4412 = EDGE_CURVE('',#4405,#4413,#4415,.T.);
#4413 = VERTEX_POINT('',#4414);
#4414 = CARTESIAN_POINT('',(9.369999885559,-10.38000011444,
    5.400000095367));
#4415 = LINE('',#4416,#4417);
#4416 = CARTESIAN_POINT('',(9.369999885559,-8.979999542236,
    5.400000095367));
#4417 = VECTOR('',#4418,1.);
#4418 = DIRECTION('',(0.,-1.,0.));
#4419 = ORIENTED_EDGE('',*,*,#4420,.F.);
#4420 = EDGE_CURVE('',#1727,#4413,#4421,.T.);
#4421 = LINE('',#4422,#4423);
#4422 = CARTESIAN_POINT('',(9.369999885559,-10.38000011444,7.));
#4423 = VECTOR('',#4424,1.);
#4424 = DIRECTION('',(0.,0.,-1.));
#4425 = ORIENTED_EDGE('',*,*,#1726,.F.);
#4426 = PLANE('',#4427);
#4427 = AXIS2_PLACEMENT_3D('',#4428,#4429,#4430);
#4428 = CARTESIAN_POINT('',(9.369999885559,-10.05394426301,
    2.936055508109));
#4429 = DIRECTION('',(1.,0.,0.));
#4430 = DIRECTION('',(0.,0.,1.));
#4431 = ADVANCED_FACE('',(#4432),#4473,.T.);
#4432 = FACE_BOUND('',#4433,.T.);
#4433 = EDGE_LOOP('',(#4434,#4435,#4443,#4451,#4459,#4465,#4466,#4472));
#4434 = ORIENTED_EDGE('',*,*,#4362,.T.);
#4435 = ORIENTED_EDGE('',*,*,#4436,.F.);
#4436 = EDGE_CURVE('',#4437,#4363,#4439,.T.);
#4437 = VERTEX_POINT('',#4438);
#4438 = CARTESIAN_POINT('',(4.289999961853,-8.979999542236,2.));
#4439 = LINE('',#4440,#4441);
#4440 = CARTESIAN_POINT('',(4.289999961853,-8.979999542236,2.));
#4441 = VECTOR('',#4442,1.);
#4442 = DIRECTION('',(0.,1.,0.));
#4443 = ORIENTED_EDGE('',*,*,#4444,.F.);
#4444 = EDGE_CURVE('',#4445,#4437,#4447,.T.);
#4445 = VERTEX_POINT('',#4446);
#4446 = CARTESIAN_POINT('',(4.289999961853,-8.979999542236,
    5.400000095367));
#4447 = LINE('',#4448,#4449);
#4448 = CARTESIAN_POINT('',(4.289999961853,-8.979999542236,
    5.400000095367));
#4449 = VECTOR('',#4450,1.);
#4450 = DIRECTION('',(0.,0.,-1.));
#4451 = ORIENTED_EDGE('',*,*,#4452,.F.);
#4452 = EDGE_CURVE('',#4453,#4445,#4455,.T.);
#4453 = VERTEX_POINT('',#4454);
#4454 = CARTESIAN_POINT('',(4.289999961853,-10.38000011444,
    5.400000095367));
#4455 = LINE('',#4456,#4457);
#4456 = CARTESIAN_POINT('',(4.289999961853,-10.38000011444,
    5.400000095367));
#4457 = VECTOR('',#4458,1.);
#4458 = DIRECTION('',(0.,1.,0.));
#4459 = ORIENTED_EDGE('',*,*,#4460,.F.);
#4460 = EDGE_CURVE('',#1887,#4453,#4461,.T.);
#4461 = LINE('',#4462,#4463);
#4462 = CARTESIAN_POINT('',(4.289999961853,-10.38000011444,7.));
#4463 = VECTOR('',#4464,1.);
#4464 = DIRECTION('',(0.,0.,-1.));
#4465 = ORIENTED_EDGE('',*,*,#1912,.F.);
#4466 = ORIENTED_EDGE('',*,*,#4467,.F.);
#4467 = EDGE_CURVE('',#383,#1905,#4468,.T.);
#4468 = LINE('',#4469,#4470);
#4469 = CARTESIAN_POINT('',(4.289999961853,-12.47999954223,0.));
#4470 = VECTOR('',#4471,1.);
#4471 = DIRECTION('',(0.,0.,1.));
#4472 = ORIENTED_EDGE('',*,*,#382,.T.);
#4473 = PLANE('',#4474);
#4474 = AXIS2_PLACEMENT_3D('',#4475,#4476,#4477);
#4475 = CARTESIAN_POINT('',(4.289999961853,-10.05394426301,
    2.936055508109));
#4476 = DIRECTION('',(1.,0.,0.));
#4477 = DIRECTION('',(0.,0.,1.));
#4478 = ADVANCED_FACE('',(#4479),#4497,.T.);
#4479 = FACE_BOUND('',#4480,.T.);
#4480 = EDGE_LOOP('',(#4481,#4482,#4483,#4491));
#4481 = ORIENTED_EDGE('',*,*,#4388,.F.);
#4482 = ORIENTED_EDGE('',*,*,#438,.F.);
#4483 = ORIENTED_EDGE('',*,*,#4484,.F.);
#4484 = EDGE_CURVE('',#4485,#431,#4487,.T.);
#4485 = VERTEX_POINT('',#4486);
#4486 = CARTESIAN_POINT('',(8.930000305176,-6.5,2.));
#4487 = LINE('',#4488,#4489);
#4488 = CARTESIAN_POINT('',(8.930000305176,-6.5,2.));
#4489 = VECTOR('',#4490,1.);
#4490 = DIRECTION('',(0.,0.,-1.));
#4491 = ORIENTED_EDGE('',*,*,#4492,.F.);
#4492 = EDGE_CURVE('',#4389,#4485,#4493,.T.);
#4493 = LINE('',#4494,#4495);
#4494 = CARTESIAN_POINT('',(9.369999885559,-6.5,2.));
#4495 = VECTOR('',#4496,1.);
#4496 = DIRECTION('',(-1.,0.,0.));
#4497 = PLANE('',#4498);
#4498 = AXIS2_PLACEMENT_3D('',#4499,#4500,#4501);
#4499 = CARTESIAN_POINT('',(9.150000095367,-6.5,0.492383466335));
#4500 = DIRECTION('',(0.,1.,0.));
#4501 = DIRECTION('',(0.,0.,1.));
#4502 = ADVANCED_FACE('',(#4503),#4514,.T.);
#4503 = FACE_BOUND('',#4504,.T.);
#4504 = EDGE_LOOP('',(#4505,#4511,#4512,#4513));
#4505 = ORIENTED_EDGE('',*,*,#4506,.F.);
#4506 = EDGE_CURVE('',#391,#1897,#4507,.T.);
#4507 = LINE('',#4508,#4509);
#4508 = CARTESIAN_POINT('',(6.389999866486,-12.47999954223,0.));
#4509 = VECTOR('',#4510,1.);
#4510 = DIRECTION('',(0.,0.,1.));
#4511 = ORIENTED_EDGE('',*,*,#390,.T.);
#4512 = ORIENTED_EDGE('',*,*,#4467,.T.);
#4513 = ORIENTED_EDGE('',*,*,#1904,.F.);
#4514 = PLANE('',#4515);
#4515 = AXIS2_PLACEMENT_3D('',#4516,#4517,#4518);
#4516 = CARTESIAN_POINT('',(5.339999914169,-12.47999954223,3.5));
#4517 = DIRECTION('',(0.,1.,0.));
#4518 = DIRECTION('',(0.,0.,1.));
#4519 = ADVANCED_FACE('',(#4520),#4561,.T.);
#4520 = FACE_BOUND('',#4521,.T.);
#4521 = EDGE_LOOP('',(#4522,#4530,#4538,#4546,#4552,#4553,#4554,#4560));
#4522 = ORIENTED_EDGE('',*,*,#4523,.F.);
#4523 = EDGE_CURVE('',#4524,#1549,#4526,.T.);
#4524 = VERTEX_POINT('',#4525);
#4525 = CARTESIAN_POINT('',(8.930000305176,-10.38000011444,
    5.400000095367));
#4526 = LINE('',#4527,#4528);
#4527 = CARTESIAN_POINT('',(8.930000305176,-10.38000011444,
    5.400000095367));
#4528 = VECTOR('',#4529,1.);
#4529 = DIRECTION('',(0.,0.,1.));
#4530 = ORIENTED_EDGE('',*,*,#4531,.T.);
#4531 = EDGE_CURVE('',#4524,#4532,#4534,.T.);
#4532 = VERTEX_POINT('',#4533);
#4533 = CARTESIAN_POINT('',(8.930000305176,-8.979999542236,
    5.400000095367));
#4534 = LINE('',#4535,#4536);
#4535 = CARTESIAN_POINT('',(8.930000305176,-10.38000011444,
    5.400000095367));
#4536 = VECTOR('',#4537,1.);
#4537 = DIRECTION('',(0.,1.,0.));
#4538 = ORIENTED_EDGE('',*,*,#4539,.T.);
#4539 = EDGE_CURVE('',#4532,#4540,#4542,.T.);
#4540 = VERTEX_POINT('',#4541);
#4541 = CARTESIAN_POINT('',(8.930000305176,-8.979999542236,2.));
#4542 = LINE('',#4543,#4544);
#4543 = CARTESIAN_POINT('',(8.930000305176,-8.979999542236,
    5.400000095367));
#4544 = VECTOR('',#4545,1.);
#4545 = DIRECTION('',(0.,0.,-1.));
#4546 = ORIENTED_EDGE('',*,*,#4547,.T.);
#4547 = EDGE_CURVE('',#4540,#4485,#4548,.T.);
#4548 = LINE('',#4549,#4550);
#4549 = CARTESIAN_POINT('',(8.930000305176,-8.979999542236,2.));
#4550 = VECTOR('',#4551,1.);
#4551 = DIRECTION('',(0.,1.,0.));
#4552 = ORIENTED_EDGE('',*,*,#4484,.T.);
#4553 = ORIENTED_EDGE('',*,*,#430,.T.);
#4554 = ORIENTED_EDGE('',*,*,#4555,.T.);
#4555 = EDGE_CURVE('',#423,#1557,#4556,.T.);
#4556 = LINE('',#4557,#4558);
#4557 = CARTESIAN_POINT('',(8.930000305176,-12.47999954223,0.));
#4558 = VECTOR('',#4559,1.);
#4559 = DIRECTION('',(0.,0.,1.));
#4560 = ORIENTED_EDGE('',*,*,#1556,.F.);
#4561 = PLANE('',#4562);
#4562 = AXIS2_PLACEMENT_3D('',#4563,#4564,#4565);
#4563 = CARTESIAN_POINT('',(8.930000305176,-10.05394426301,
    2.936055508109));
#4564 = DIRECTION('',(-1.,-0.,-0.));
#4565 = DIRECTION('',(0.,0.,-1.));
#4566 = ADVANCED_FACE('',(#4567),#4610,.T.);
#4567 = FACE_BOUND('',#4568,.T.);
#4568 = EDGE_LOOP('',(#4569,#4577,#4585,#4593,#4601,#4607,#4608,#4609));
#4569 = ORIENTED_EDGE('',*,*,#4570,.F.);
#4570 = EDGE_CURVE('',#4571,#1889,#4573,.T.);
#4571 = VERTEX_POINT('',#4572);
#4572 = CARTESIAN_POINT('',(6.389999866486,-10.38000011444,
    5.400000095367));
#4573 = LINE('',#4574,#4575);
#4574 = CARTESIAN_POINT('',(6.389999866486,-10.38000011444,
    5.400000095367));
#4575 = VECTOR('',#4576,1.);
#4576 = DIRECTION('',(0.,0.,1.));
#4577 = ORIENTED_EDGE('',*,*,#4578,.T.);
#4578 = EDGE_CURVE('',#4571,#4579,#4581,.T.);
#4579 = VERTEX_POINT('',#4580);
#4580 = CARTESIAN_POINT('',(6.389999866486,-8.979999542236,
    5.400000095367));
#4581 = LINE('',#4582,#4583);
#4582 = CARTESIAN_POINT('',(6.389999866486,-10.38000011444,
    5.400000095367));
#4583 = VECTOR('',#4584,1.);
#4584 = DIRECTION('',(0.,1.,0.));
#4585 = ORIENTED_EDGE('',*,*,#4586,.T.);
#4586 = EDGE_CURVE('',#4579,#4587,#4589,.T.);
#4587 = VERTEX_POINT('',#4588);
#4588 = CARTESIAN_POINT('',(6.389999866486,-8.979999542236,2.));
#4589 = LINE('',#4590,#4591);
#4590 = CARTESIAN_POINT('',(6.389999866486,-8.979999542236,
    5.400000095367));
#4591 = VECTOR('',#4592,1.);
#4592 = DIRECTION('',(0.,0.,-1.));
#4593 = ORIENTED_EDGE('',*,*,#4594,.T.);
#4594 = EDGE_CURVE('',#4587,#4595,#4597,.T.);
#4595 = VERTEX_POINT('',#4596);
#4596 = CARTESIAN_POINT('',(6.389999866486,-6.5,2.));
#4597 = LINE('',#4598,#4599);
#4598 = CARTESIAN_POINT('',(6.389999866486,-8.979999542236,2.));
#4599 = VECTOR('',#4600,1.);
#4600 = DIRECTION('',(0.,1.,0.));
#4601 = ORIENTED_EDGE('',*,*,#4602,.T.);
#4602 = EDGE_CURVE('',#4595,#399,#4603,.T.);
#4603 = LINE('',#4604,#4605);
#4604 = CARTESIAN_POINT('',(6.389999866486,-6.5,2.));
#4605 = VECTOR('',#4606,1.);
#4606 = DIRECTION('',(0.,0.,-1.));
#4607 = ORIENTED_EDGE('',*,*,#398,.T.);
#4608 = ORIENTED_EDGE('',*,*,#4506,.T.);
#4609 = ORIENTED_EDGE('',*,*,#1896,.F.);
#4610 = PLANE('',#4611);
#4611 = AXIS2_PLACEMENT_3D('',#4612,#4613,#4614);
#4612 = CARTESIAN_POINT('',(6.389999866486,-10.05394426301,
    2.936055508109));
#4613 = DIRECTION('',(-1.,-0.,-0.));
#4614 = DIRECTION('',(0.,0.,-1.));
#4615 = ADVANCED_FACE('',(#4616),#4627,.T.);
#4616 = FACE_BOUND('',#4617,.T.);
#4617 = EDGE_LOOP('',(#4618,#4619,#4620,#4626));
#4618 = ORIENTED_EDGE('',*,*,#4555,.F.);
#4619 = ORIENTED_EDGE('',*,*,#422,.T.);
#4620 = ORIENTED_EDGE('',*,*,#4621,.T.);
#4621 = EDGE_CURVE('',#415,#1565,#4622,.T.);
#4622 = LINE('',#4623,#4624);
#4623 = CARTESIAN_POINT('',(6.829999923706,-12.47999954223,0.));
#4624 = VECTOR('',#4625,1.);
#4625 = DIRECTION('',(0.,0.,1.));
#4626 = ORIENTED_EDGE('',*,*,#1564,.F.);
#4627 = PLANE('',#4628);
#4628 = AXIS2_PLACEMENT_3D('',#4629,#4630,#4631);
#4629 = CARTESIAN_POINT('',(7.880000114441,-12.47999954223,3.5));
#4630 = DIRECTION('',(0.,1.,0.));
#4631 = DIRECTION('',(0.,0.,1.));
#4632 = ADVANCED_FACE('',(#4633),#4651,.T.);
#4633 = FACE_BOUND('',#4634,.T.);
#4634 = EDGE_LOOP('',(#4635,#4636,#4637,#4645));
#4635 = ORIENTED_EDGE('',*,*,#406,.F.);
#4636 = ORIENTED_EDGE('',*,*,#4602,.F.);
#4637 = ORIENTED_EDGE('',*,*,#4638,.F.);
#4638 = EDGE_CURVE('',#4639,#4595,#4641,.T.);
#4639 = VERTEX_POINT('',#4640);
#4640 = CARTESIAN_POINT('',(6.829999923706,-6.5,2.));
#4641 = LINE('',#4642,#4643);
#4642 = CARTESIAN_POINT('',(6.829999923706,-6.5,2.));
#4643 = VECTOR('',#4644,1.);
#4644 = DIRECTION('',(-1.,0.,0.));
#4645 = ORIENTED_EDGE('',*,*,#4646,.F.);
#4646 = EDGE_CURVE('',#407,#4639,#4647,.T.);
#4647 = LINE('',#4648,#4649);
#4648 = CARTESIAN_POINT('',(6.829999923706,-6.5,0.));
#4649 = VECTOR('',#4650,1.);
#4650 = DIRECTION('',(0.,0.,1.));
#4651 = PLANE('',#4652);
#4652 = AXIS2_PLACEMENT_3D('',#4653,#4654,#4655);
#4653 = CARTESIAN_POINT('',(6.609999895096,-6.5,0.492383467385));
#4654 = DIRECTION('',(0.,1.,0.));
#4655 = DIRECTION('',(0.,0.,1.));
#4656 = ADVANCED_FACE('',(#4657),#4693,.T.);
#4657 = FACE_BOUND('',#4658,.T.);
#4658 = EDGE_LOOP('',(#4659,#4660,#4661,#4662,#4670,#4678,#4686,#4692));
#4659 = ORIENTED_EDGE('',*,*,#4621,.F.);
#4660 = ORIENTED_EDGE('',*,*,#414,.T.);
#4661 = ORIENTED_EDGE('',*,*,#4646,.T.);
#4662 = ORIENTED_EDGE('',*,*,#4663,.T.);
#4663 = EDGE_CURVE('',#4639,#4664,#4666,.T.);
#4664 = VERTEX_POINT('',#4665);
#4665 = CARTESIAN_POINT('',(6.829999923706,-8.979999542236,2.));
#4666 = LINE('',#4667,#4668);
#4667 = CARTESIAN_POINT('',(6.829999923706,-6.5,2.));
#4668 = VECTOR('',#4669,1.);
#4669 = DIRECTION('',(0.,-1.,0.));
#4670 = ORIENTED_EDGE('',*,*,#4671,.T.);
#4671 = EDGE_CURVE('',#4664,#4672,#4674,.T.);
#4672 = VERTEX_POINT('',#4673);
#4673 = CARTESIAN_POINT('',(6.829999923706,-8.979999542236,
    5.400000095367));
#4674 = LINE('',#4675,#4676);
#4675 = CARTESIAN_POINT('',(6.829999923706,-8.979999542236,2.));
#4676 = VECTOR('',#4677,1.);
#4677 = DIRECTION('',(0.,0.,1.));
#4678 = ORIENTED_EDGE('',*,*,#4679,.T.);
#4679 = EDGE_CURVE('',#4672,#4680,#4682,.T.);
#4680 = VERTEX_POINT('',#4681);
#4681 = CARTESIAN_POINT('',(6.829999923706,-10.38000011444,
    5.400000095367));
#4682 = LINE('',#4683,#4684);
#4683 = CARTESIAN_POINT('',(6.829999923706,-8.979999542236,
    5.400000095367));
#4684 = VECTOR('',#4685,1.);
#4685 = DIRECTION('',(0.,-1.,0.));
#4686 = ORIENTED_EDGE('',*,*,#4687,.F.);
#4687 = EDGE_CURVE('',#1547,#4680,#4688,.T.);
#4688 = LINE('',#4689,#4690);
#4689 = CARTESIAN_POINT('',(6.829999923706,-10.38000011444,7.));
#4690 = VECTOR('',#4691,1.);
#4691 = DIRECTION('',(0.,0.,-1.));
#4692 = ORIENTED_EDGE('',*,*,#1572,.F.);
#4693 = PLANE('',#4694);
#4694 = AXIS2_PLACEMENT_3D('',#4695,#4696,#4697);
#4695 = CARTESIAN_POINT('',(6.829999923706,-10.05394426301,
    2.936055508109));
#4696 = DIRECTION('',(1.,0.,0.));
#4697 = DIRECTION('',(0.,0.,1.));
#4698 = ADVANCED_FACE('',(#4699),#4718,.F.);
#4699 = FACE_BOUND('',#4700,.T.);
#4700 = EDGE_LOOP('',(#4701,#4702,#4710,#4717));
#4701 = ORIENTED_EDGE('',*,*,#646,.T.);
#4702 = ORIENTED_EDGE('',*,*,#4703,.T.);
#4703 = EDGE_CURVE('',#647,#4704,#4706,.T.);
#4704 = VERTEX_POINT('',#4705);
#4705 = CARTESIAN_POINT('',(-9.71500000954,-9.04889945366,
    -1.097957938949));
#4706 = LINE('',#4707,#4708);
#4707 = CARTESIAN_POINT('',(-9.71500000954,-8.65781329106,1.371262912539
    ));
#4708 = VECTOR('',#4709,1.);
#4709 = DIRECTION('',(0.,-0.15643446504,-0.987688340595));
#4710 = ORIENTED_EDGE('',*,*,#4711,.F.);
#4711 = EDGE_CURVE('',#4704,#4704,#4712,.T.);
#4712 = CIRCLE('',#4713,2.9);
#4713 = AXIS2_PLACEMENT_3D('',#4714,#4715,#4716);
#4714 = CARTESIAN_POINT('',(-12.61500000954,-9.04889945366,
    -1.097957938949));
#4715 = DIRECTION('',(0.,0.15643446504,0.987688340595));
#4716 = DIRECTION('',(1.,1.368615065713E-17,-2.167673312027E-18));
#4717 = ORIENTED_EDGE('',*,*,#4703,.F.);
#4718 = CYLINDRICAL_SURFACE('',#4719,2.9);
#4719 = AXIS2_PLACEMENT_3D('',#4720,#4721,#4722);
#4720 = CARTESIAN_POINT('',(-12.61500000954,-8.65781329106,
    1.371262912539));
#4721 = DIRECTION('',(-0.,-0.15643446504,-0.987688340595));
#4722 = DIRECTION('',(1.,0.,0.));
#4723 = ADVANCED_FACE('',(#4724),#4734,.T.);
#4724 = FACE_BOUND('',#4725,.T.);
#4725 = EDGE_LOOP('',(#4726,#4727,#4733));
#4726 = ORIENTED_EDGE('',*,*,#1459,.T.);
#4727 = ORIENTED_EDGE('',*,*,#4728,.F.);
#4728 = EDGE_CURVE('',#688,#1452,#4729,.T.);
#4729 = LINE('',#4730,#4731);
#4730 = CARTESIAN_POINT('',(-20.49809646606,-13.29357814788,5.25));
#4731 = VECTOR('',#4732,1.);
#4732 = DIRECTION('',(3.252381655819E-03,-2.470448089555E-02,
    0.999689507116));
#4733 = ORIENTED_EDGE('',*,*,#687,.T.);
#4734 = PLANE('',#4735);
#4735 = AXIS2_PLACEMENT_3D('',#4736,#4737,#4738);
#4736 = CARTESIAN_POINT('',(-20.49712597705,-13.2934931629,
    6.146253193015));
#4737 = DIRECTION('',(0.996193295267,8.716499846328E-02,
    -1.08697225703E-03));
#4738 = DIRECTION('',(-8.716504995643E-02,0.996193883773,0.));
#4739 = ADVANCED_FACE('',(#4740),#4763,.T.);
#4740 = FACE_BOUND('',#4741,.T.);
#4741 = EDGE_LOOP('',(#4742,#4750,#4756,#4757));
#4742 = ORIENTED_EDGE('',*,*,#4743,.F.);
#4743 = EDGE_CURVE('',#3090,#4744,#4746,.T.);
#4744 = VERTEX_POINT('',#4745);
#4745 = CARTESIAN_POINT('',(-20.48296356201,-13.37940979003,5.25));
#4746 = LINE('',#4747,#4748);
#4747 = CARTESIAN_POINT('',(-20.48296356201,-13.37940979003,1.75));
#4748 = VECTOR('',#4749,1.);
#4749 = DIRECTION('',(0.,0.,1.));
#4750 = ORIENTED_EDGE('',*,*,#4751,.F.);
#4751 = EDGE_CURVE('',#696,#3090,#4752,.T.);
#4752 = LINE('',#4753,#4754);
#4753 = CARTESIAN_POINT('',(-20.49809646606,-13.29357814788,1.75));
#4754 = VECTOR('',#4755,1.);
#4755 = DIRECTION('',(0.173631149288,-0.984810755423,0.));
#4756 = ORIENTED_EDGE('',*,*,#695,.F.);
#4757 = ORIENTED_EDGE('',*,*,#4758,.F.);
#4758 = EDGE_CURVE('',#4744,#688,#4759,.T.);
#4759 = LINE('',#4760,#4761);
#4760 = CARTESIAN_POINT('',(-20.48296356201,-13.37940979003,5.25));
#4761 = VECTOR('',#4762,1.);
#4762 = DIRECTION('',(-0.173631149288,0.984810755423,0.));
#4763 = PLANE('',#4764);
#4764 = AXIS2_PLACEMENT_3D('',#4765,#4766,#4767);
#4765 = CARTESIAN_POINT('',(-20.49053001403,-13.33649396896,3.5));
#4766 = DIRECTION('',(0.984810755423,0.173631149288,0.));
#4767 = DIRECTION('',(-0.173631149288,0.984810755423,0.));
#4768 = ADVANCED_FACE('',(#4769,#4819,#4825,#4831),#4837,.T.);
#4769 = FACE_BOUND('',#4770,.T.);
#4770 = EDGE_LOOP('',(#4771,#4781,#4789,#4797,#4805,#4813));
#4771 = ORIENTED_EDGE('',*,*,#4772,.T.);
#4772 = EDGE_CURVE('',#4773,#4775,#4777,.T.);
#4773 = VERTEX_POINT('',#4774);
#4774 = CARTESIAN_POINT('',(-22.5,-13.94999980926,0.));
#4775 = VERTEX_POINT('',#4776);
#4776 = CARTESIAN_POINT('',(-22.5,-13.94999980926,2.));
#4777 = LINE('',#4778,#4779);
#4778 = CARTESIAN_POINT('',(-22.5,-13.94999980926,-0.5));
#4779 = VECTOR('',#4780,1.);
#4780 = DIRECTION('',(0.,0.,1.));
#4781 = ORIENTED_EDGE('',*,*,#4782,.T.);
#4782 = EDGE_CURVE('',#4775,#4783,#4785,.T.);
#4783 = VERTEX_POINT('',#4784);
#4784 = CARTESIAN_POINT('',(-22.5,13.949999809265,2.));
#4785 = LINE('',#4786,#4787);
#4786 = CARTESIAN_POINT('',(-22.5,-13.94999980926,2.));
#4787 = VECTOR('',#4788,1.);
#4788 = DIRECTION('',(0.,1.,0.));
#4789 = ORIENTED_EDGE('',*,*,#4790,.T.);
#4790 = EDGE_CURVE('',#4783,#4791,#4793,.T.);
#4791 = VERTEX_POINT('',#4792);
#4792 = CARTESIAN_POINT('',(-22.5,13.949999809265,0.));
#4793 = LINE('',#4794,#4795);
#4794 = CARTESIAN_POINT('',(-22.5,13.949999809265,2.));
#4795 = VECTOR('',#4796,1.);
#4796 = DIRECTION('',(0.,0.,-1.));
#4797 = ORIENTED_EDGE('',*,*,#4798,.T.);
#4798 = EDGE_CURVE('',#4791,#4799,#4801,.T.);
#4799 = VERTEX_POINT('',#4800);
#4800 = CARTESIAN_POINT('',(-22.5,13.949999809265,-6.71428568401));
#4801 = LINE('',#4802,#4803);
#4802 = CARTESIAN_POINT('',(-22.5,13.949999809265,0.));
#4803 = VECTOR('',#4804,1.);
#4804 = DIRECTION('',(-0.,-0.,-1.));
#4805 = ORIENTED_EDGE('',*,*,#4806,.F.);
#4806 = EDGE_CURVE('',#4807,#4799,#4809,.T.);
#4807 = VERTEX_POINT('',#4808);
#4808 = CARTESIAN_POINT('',(-22.5,-13.94999980926,-2.28571431599));
#4809 = LINE('',#4810,#4811);
#4810 = CARTESIAN_POINT('',(-22.5,7.720170803637,-5.725423937085));
#4811 = VECTOR('',#4812,1.);
#4812 = DIRECTION('',(0.,0.987635528464,-0.156767544201));
#4813 = ORIENTED_EDGE('',*,*,#4814,.T.);
#4814 = EDGE_CURVE('',#4807,#4773,#4815,.T.);
#4815 = LINE('',#4816,#4817);
#4816 = CARTESIAN_POINT('',(-22.5,-13.94999980926,-0.5));
#4817 = VECTOR('',#4818,1.);
#4818 = DIRECTION('',(0.,0.,1.));
#4819 = FACE_BOUND('',#4820,.T.);
#4820 = EDGE_LOOP('',(#4821,#4822,#4823,#4824));
#4821 = ORIENTED_EDGE('',*,*,#2935,.F.);
#4822 = ORIENTED_EDGE('',*,*,#2977,.F.);
#4823 = ORIENTED_EDGE('',*,*,#2683,.F.);
#4824 = ORIENTED_EDGE('',*,*,#2848,.F.);
#4825 = FACE_BOUND('',#4826,.T.);
#4826 = EDGE_LOOP('',(#4827,#4828,#4829,#4830));
#4827 = ORIENTED_EDGE('',*,*,#2918,.F.);
#4828 = ORIENTED_EDGE('',*,*,#2895,.F.);
#4829 = ORIENTED_EDGE('',*,*,#2706,.F.);
#4830 = ORIENTED_EDGE('',*,*,#2959,.F.);
#4831 = FACE_BOUND('',#4832,.T.);
#4832 = EDGE_LOOP('',(#4833,#4834,#4835,#4836));
#4833 = ORIENTED_EDGE('',*,*,#2136,.F.);
#4834 = ORIENTED_EDGE('',*,*,#760,.F.);
#4835 = ORIENTED_EDGE('',*,*,#2722,.F.);
#4836 = ORIENTED_EDGE('',*,*,#2634,.F.);
#4837 = PLANE('',#4838);
#4838 = AXIS2_PLACEMENT_3D('',#4839,#4840,#4841);
#4839 = CARTESIAN_POINT('',(-22.5,0.,-2.5));
#4840 = DIRECTION('',(-1.,-0.,-0.));
#4841 = DIRECTION('',(0.,0.,-1.));
#4842 = ADVANCED_FACE('',(#4843),#4861,.F.);
#4843 = FACE_BOUND('',#4844,.F.);
#4844 = EDGE_LOOP('',(#4845,#4853,#4859,#4860));
#4845 = ORIENTED_EDGE('',*,*,#4846,.F.);
#4846 = EDGE_CURVE('',#4847,#737,#4849,.T.);
#4847 = VERTEX_POINT('',#4848);
#4848 = CARTESIAN_POINT('',(22.5,-2.033333333333,1.));
#4849 = LINE('',#4850,#4851);
#4850 = CARTESIAN_POINT('',(22.5,-0.770701236995,0.79958220693));
#4851 = VECTOR('',#4852,1.);
#4852 = DIRECTION('',(0.,-0.987635528464,0.156767544201));
#4853 = ORIENTED_EDGE('',*,*,#4854,.T.);
#4854 = EDGE_CURVE('',#4847,#3050,#4855,.T.);
#4855 = LINE('',#4856,#4857);
#4856 = CARTESIAN_POINT('',(57.252391434769,-2.033333333333,1.));
#4857 = VECTOR('',#4858,1.);
#4858 = DIRECTION('',(-1.,-0.,-0.));
#4859 = ORIENTED_EDGE('',*,*,#3057,.F.);
#4860 = ORIENTED_EDGE('',*,*,#736,.F.);
#4861 = PLANE('',#4862);
#4862 = AXIS2_PLACEMENT_3D('',#4863,#4864,#4865);
#4863 = CARTESIAN_POINT('',(57.252391434769,-2.033333333333,1.));
#4864 = DIRECTION('',(0.,0.156767544201,0.987635528464));
#4865 = DIRECTION('',(0.,-0.987635528464,0.156767544201));
#4866 = ADVANCED_FACE('',(#4867,#4917,#4935,#4960),#4971,.T.);
#4867 = FACE_BOUND('',#4868,.T.);
#4868 = EDGE_LOOP('',(#4869,#4879,#4887,#4895,#4903,#4911));
#4869 = ORIENTED_EDGE('',*,*,#4870,.F.);
#4870 = EDGE_CURVE('',#4871,#4873,#4875,.T.);
#4871 = VERTEX_POINT('',#4872);
#4872 = CARTESIAN_POINT('',(22.5,-13.94999980926,0.));
#4873 = VERTEX_POINT('',#4874);
#4874 = CARTESIAN_POINT('',(22.5,-13.94999980926,2.));
#4875 = LINE('',#4876,#4877);
#4876 = CARTESIAN_POINT('',(22.5,-13.94999980926,-0.5));
#4877 = VECTOR('',#4878,1.);
#4878 = DIRECTION('',(0.,0.,1.));
#4879 = ORIENTED_EDGE('',*,*,#4880,.T.);
#4880 = EDGE_CURVE('',#4871,#4881,#4883,.T.);
#4881 = VERTEX_POINT('',#4882);
#4882 = CARTESIAN_POINT('',(22.5,-13.94999980926,-2.28571431599));
#4883 = LINE('',#4884,#4885);
#4884 = CARTESIAN_POINT('',(22.5,-13.94999980926,0.));
#4885 = VECTOR('',#4886,1.);
#4886 = DIRECTION('',(-0.,-0.,-1.));
#4887 = ORIENTED_EDGE('',*,*,#4888,.F.);
#4888 = EDGE_CURVE('',#4889,#4881,#4891,.T.);
#4889 = VERTEX_POINT('',#4890);
#4890 = CARTESIAN_POINT('',(22.5,13.949999809265,-6.71428568401));
#4891 = LINE('',#4892,#4893);
#4892 = CARTESIAN_POINT('',(22.5,7.720170803637,-5.725423937085));
#4893 = VECTOR('',#4894,1.);
#4894 = DIRECTION('',(0.,-0.987635528464,0.156767544201));
#4895 = ORIENTED_EDGE('',*,*,#4896,.F.);
#4896 = EDGE_CURVE('',#4897,#4889,#4899,.T.);
#4897 = VERTEX_POINT('',#4898);
#4898 = CARTESIAN_POINT('',(22.5,13.949999809265,0.));
#4899 = LINE('',#4900,#4901);
#4900 = CARTESIAN_POINT('',(22.5,13.949999809265,2.));
#4901 = VECTOR('',#4902,1.);
#4902 = DIRECTION('',(0.,0.,-1.));
#4903 = ORIENTED_EDGE('',*,*,#4904,.F.);
#4904 = EDGE_CURVE('',#4905,#4897,#4907,.T.);
#4905 = VERTEX_POINT('',#4906);
#4906 = CARTESIAN_POINT('',(22.5,13.949999809265,2.));
#4907 = LINE('',#4908,#4909);
#4908 = CARTESIAN_POINT('',(22.5,13.949999809265,2.));
#4909 = VECTOR('',#4910,1.);
#4910 = DIRECTION('',(0.,0.,-1.));
#4911 = ORIENTED_EDGE('',*,*,#4912,.T.);
#4912 = EDGE_CURVE('',#4905,#4873,#4913,.T.);
#4913 = LINE('',#4914,#4915);
#4914 = CARTESIAN_POINT('',(22.5,13.949999809265,2.));
#4915 = VECTOR('',#4916,1.);
#4916 = DIRECTION('',(0.,-1.,0.));
#4917 = FACE_BOUND('',#4918,.T.);
#4918 = EDGE_LOOP('',(#4919,#4927,#4928,#4929));
#4919 = ORIENTED_EDGE('',*,*,#4920,.F.);
#4920 = EDGE_CURVE('',#2856,#4921,#4923,.T.);
#4921 = VERTEX_POINT('',#4922);
#4922 = CARTESIAN_POINT('',(22.5,2.033333333333,1.391534391534));
#4923 = LINE('',#4924,#4925);
#4924 = CARTESIAN_POINT('',(22.5,2.576247235193,1.305357581715));
#4925 = VECTOR('',#4926,1.);
#4926 = DIRECTION('',(0.,-0.987635528464,0.156767544201));
#4927 = ORIENTED_EDGE('',*,*,#2855,.F.);
#4928 = ORIENTED_EDGE('',*,*,#2793,.F.);
#4929 = ORIENTED_EDGE('',*,*,#4930,.F.);
#4930 = EDGE_CURVE('',#4921,#2786,#4931,.T.);
#4931 = LINE('',#4932,#4933);
#4932 = CARTESIAN_POINT('',(22.5,2.033333333333,-1.854674416394));
#4933 = VECTOR('',#4934,1.);
#4934 = DIRECTION('',(0.,0.,-1.));
#4935 = FACE_BOUND('',#4936,.T.);
#4936 = EDGE_LOOP('',(#4937,#4947,#4953,#4954));
#4937 = ORIENTED_EDGE('',*,*,#4938,.F.);
#4938 = EDGE_CURVE('',#4939,#4941,#4943,.T.);
#4939 = VERTEX_POINT('',#4940);
#4940 = CARTESIAN_POINT('',(22.5,1.233333333333,1.));
#4941 = VERTEX_POINT('',#4942);
#4942 = CARTESIAN_POINT('',(22.5,-1.233333333333,1.391534391534));
#4943 = LINE('',#4944,#4945);
#4944 = CARTESIAN_POINT('',(22.5,0.902772999099,1.052469894323));
#4945 = VECTOR('',#4946,1.);
#4946 = DIRECTION('',(0.,-0.987635528464,0.156767544201));
#4947 = ORIENTED_EDGE('',*,*,#4948,.F.);
#4948 = EDGE_CURVE('',#2762,#4939,#4949,.T.);
#4949 = LINE('',#4950,#4951);
#4950 = CARTESIAN_POINT('',(22.5,1.233333333333,-1.920811982532));
#4951 = VECTOR('',#4952,1.);
#4952 = DIRECTION('',(0.,0.,1.));
#4953 = ORIENTED_EDGE('',*,*,#2761,.F.);
#4954 = ORIENTED_EDGE('',*,*,#4955,.F.);
#4955 = EDGE_CURVE('',#4941,#2754,#4956,.T.);
#4956 = LINE('',#4957,#4958);
#4957 = CARTESIAN_POINT('',(22.5,-1.233333333333,-1.725044786765));
#4958 = VECTOR('',#4959,1.);
#4959 = DIRECTION('',(0.,0.,-1.));
#4960 = FACE_BOUND('',#4961,.T.);
#4961 = EDGE_LOOP('',(#4962,#4963,#4969,#4970));
#4962 = ORIENTED_EDGE('',*,*,#4846,.F.);
#4963 = ORIENTED_EDGE('',*,*,#4964,.F.);
#4964 = EDGE_CURVE('',#2730,#4847,#4965,.T.);
#4965 = LINE('',#4966,#4967);
#4966 = CARTESIAN_POINT('',(22.5,-2.033333333333,-1.791182352902));
#4967 = VECTOR('',#4968,1.);
#4968 = DIRECTION('',(0.,0.,1.));
#4969 = ORIENTED_EDGE('',*,*,#2729,.F.);
#4970 = ORIENTED_EDGE('',*,*,#744,.F.);
#4971 = PLANE('',#4972);
#4972 = AXIS2_PLACEMENT_3D('',#4973,#4974,#4975);
#4973 = CARTESIAN_POINT('',(22.5,0.,-2.5));
#4974 = DIRECTION('',(1.,0.,0.));
#4975 = DIRECTION('',(0.,0.,1.));
#4976 = ADVANCED_FACE('',(#4977),#4994,.T.);
#4977 = FACE_BOUND('',#4978,.T.);
#4978 = EDGE_LOOP('',(#4979,#4987,#4993));
#4979 = ORIENTED_EDGE('',*,*,#4980,.T.);
#4980 = EDGE_CURVE('',#784,#4981,#4983,.T.);
#4981 = VERTEX_POINT('',#4982);
#4982 = CARTESIAN_POINT('',(20.537391662598,14.749300956726,4.5));
#4983 = LINE('',#4984,#4985);
#4984 = CARTESIAN_POINT('',(20.642314910889,14.739821434021,7.));
#4985 = VECTOR('',#4986,1.);
#4986 = DIRECTION('',(-4.193208433506E-02,3.788446812311E-03,
    -0.999113280852));
#4987 = ORIENTED_EDGE('',*,*,#4988,.F.);
#4988 = EDGE_CURVE('',#786,#4981,#4989,.T.);
#4989 = LINE('',#4990,#4991);
#4990 = CARTESIAN_POINT('',(20.5,14.75,7.));
#4991 = VECTOR('',#4992,1.);
#4992 = DIRECTION('',(1.495499181852E-02,-2.795860284374E-04,
    -0.999888128768));
#4993 = ORIENTED_EDGE('',*,*,#783,.F.);
#4994 = PLANE('',#4995);
#4995 = AXIS2_PLACEMENT_3D('',#4996,#4997,#4998);
#4996 = CARTESIAN_POINT('',(20.554756139052,14.747044006054,
    5.784663151961));
#4997 = DIRECTION('',(7.13391796382E-02,0.997451803528,
    7.880914242817E-04));
#4998 = DIRECTION('',(0.99745211328,-7.133920179217E-02,
    6.776263578034E-21));
#4999 = ADVANCED_FACE('',(#5000),#5025,.T.);
#5000 = FACE_BOUND('',#5001,.T.);
#5001 = EDGE_LOOP('',(#5002,#5010,#5011,#5019));
#5002 = ORIENTED_EDGE('',*,*,#5003,.F.);
#5003 = EDGE_CURVE('',#794,#5004,#5006,.T.);
#5004 = VERTEX_POINT('',#5005);
#5005 = CARTESIAN_POINT('',(-20.5,14.75,2.));
#5006 = LINE('',#5007,#5008);
#5007 = CARTESIAN_POINT('',(-20.5,14.75,7.));
#5008 = VECTOR('',#5009,1.);
#5009 = DIRECTION('',(0.,0.,-1.));
#5010 = ORIENTED_EDGE('',*,*,#793,.F.);
#5011 = ORIENTED_EDGE('',*,*,#5012,.T.);
#5012 = EDGE_CURVE('',#786,#5013,#5015,.T.);
#5013 = VERTEX_POINT('',#5014);
#5014 = CARTESIAN_POINT('',(20.5,14.75,2.));
#5015 = LINE('',#5016,#5017);
#5016 = CARTESIAN_POINT('',(20.5,14.75,7.));
#5017 = VECTOR('',#5018,1.);
#5018 = DIRECTION('',(0.,0.,-1.));
#5019 = ORIENTED_EDGE('',*,*,#5020,.F.);
#5020 = EDGE_CURVE('',#5004,#5013,#5021,.T.);
#5021 = LINE('',#5022,#5023);
#5022 = CARTESIAN_POINT('',(-20.5,14.75,2.));
#5023 = VECTOR('',#5024,1.);
#5024 = DIRECTION('',(1.,0.,0.));
#5025 = PLANE('',#5026);
#5026 = AXIS2_PLACEMENT_3D('',#5027,#5028,#5029);
#5027 = CARTESIAN_POINT('',(0.,14.75,4.5));
#5028 = DIRECTION('',(0.,1.,0.));
#5029 = DIRECTION('',(0.,0.,1.));
#5030 = ADVANCED_FACE('',(#5031),#5048,.T.);
#5031 = FACE_BOUND('',#5032,.T.);
#5032 = EDGE_LOOP('',(#5033,#5041,#5047));
#5033 = ORIENTED_EDGE('',*,*,#5034,.T.);
#5034 = EDGE_CURVE('',#794,#5035,#5037,.T.);
#5035 = VERTEX_POINT('',#5036);
#5036 = CARTESIAN_POINT('',(-20.53739166259,14.749300956726,4.5));
#5037 = LINE('',#5038,#5039);
#5038 = CARTESIAN_POINT('',(-20.5,14.75,7.));
#5039 = VECTOR('',#5040,1.);
#5040 = DIRECTION('',(-1.495499181852E-02,-2.795860284374E-04,
    -0.999888128768));
#5041 = ORIENTED_EDGE('',*,*,#5042,.F.);
#5042 = EDGE_CURVE('',#802,#5035,#5043,.T.);
#5043 = LINE('',#5044,#5045);
#5044 = CARTESIAN_POINT('',(-20.64231491088,14.739821434021,7.));
#5045 = VECTOR('',#5046,1.);
#5046 = DIRECTION('',(4.193208433506E-02,3.788446812311E-03,
    -0.999113280852));
#5047 = ORIENTED_EDGE('',*,*,#801,.F.);
#5048 = PLANE('',#5049);
#5049 = AXIS2_PLACEMENT_3D('',#5050,#5051,#5052);
#5050 = CARTESIAN_POINT('',(-20.55475613905,14.747044006054,
    5.784663151961));
#5051 = DIRECTION('',(-7.13391796382E-02,0.997451803528,
    7.880914242817E-04));
#5052 = DIRECTION('',(0.99745211328,7.133920179217E-02,0.));
#5053 = ADVANCED_FACE('',(#5054),#5071,.T.);
#5054 = FACE_BOUND('',#5055,.T.);
#5055 = EDGE_LOOP('',(#5056,#5064,#5070));
#5056 = ORIENTED_EDGE('',*,*,#5057,.T.);
#5057 = EDGE_CURVE('',#802,#5058,#5060,.T.);
#5058 = VERTEX_POINT('',#5059);
#5059 = CARTESIAN_POINT('',(-20.68591117858,14.732566833496,4.5));
#5060 = LINE('',#5061,#5062);
#5061 = CARTESIAN_POINT('',(-20.64231491088,14.739821434021,7.));
#5062 = VECTOR('',#5063,1.);
#5063 = DIRECTION('',(-1.743578275827E-02,-2.901386871465E-03,
    -0.999843775514));
#5064 = ORIENTED_EDGE('',*,*,#5065,.F.);
#5065 = EDGE_CURVE('',#810,#5058,#5066,.T.);
#5066 = LINE('',#5067,#5068);
#5067 = CARTESIAN_POINT('',(-20.7817325592,14.709492683411,7.));
#5068 = VECTOR('',#5069,1.);
#5069 = DIRECTION('',(3.829880056824E-02,9.22249571787E-03,
    -0.999223772459));
#5070 = ORIENTED_EDGE('',*,*,#809,.F.);
#5071 = PLANE('',#5072);
#5072 = AXIS2_PLACEMENT_3D('',#5073,#5074,#5075);
#5073 = CARTESIAN_POINT('',(-20.69934003587,14.72849998517,
    5.784664249553));
#5074 = DIRECTION('',(-0.212567200602,0.977146061757,8.713328996777E-04)
  );
#5075 = DIRECTION('',(0.977146432692,0.212567281295,-2.710505431214E-20)
  );
#5076 = ADVANCED_FACE('',(#5077),#5094,.T.);
#5077 = FACE_BOUND('',#5078,.T.);
#5078 = EDGE_LOOP('',(#5079,#5087,#5093));
#5079 = ORIENTED_EDGE('',*,*,#5080,.T.);
#5080 = EDGE_CURVE('',#810,#5081,#5083,.T.);
#5081 = VERTEX_POINT('',#5082);
#5082 = CARTESIAN_POINT('',(-20.8302783966,14.6938829422,4.5));
#5083 = LINE('',#5084,#5085);
#5084 = CARTESIAN_POINT('',(-20.7817325592,14.709492683411,7.));
#5085 = VECTOR('',#5086,1.);
#5086 = DIRECTION('',(-1.941429664445E-02,-6.242597978085E-03,
    -0.999792035904));
#5087 = ORIENTED_EDGE('',*,*,#5088,.F.);
#5088 = EDGE_CURVE('',#818,#5081,#5089,.T.);
#5089 = LINE('',#5090,#5091);
#5090 = CARTESIAN_POINT('',(-20.91541481018,14.659631729126,7.));
#5091 = VECTOR('',#5092,1.);
#5092 = DIRECTION('',(3.40316457434E-02,1.369126441521E-02,-0.9993269717
    ));
#5093 = ORIENTED_EDGE('',*,*,#817,.F.);
#5094 = PLANE('',#5095);
#5095 = AXIS2_PLACEMENT_3D('',#5096,#5097,#5098);
#5096 = CARTESIAN_POINT('',(-20.83968728281,14.68909051321,
    5.784665073192));
#5097 = DIRECTION('',(-0.34946434994,0.936949194138,9.35802024715E-04));
#5098 = DIRECTION('',(0.936949604393,0.349464502957,0.));
#5099 = ADVANCED_FACE('',(#5100),#5117,.T.);
#5100 = FACE_BOUND('',#5101,.T.);
#5101 = EDGE_LOOP('',(#5102,#5110,#5116));
#5102 = ORIENTED_EDGE('',*,*,#5103,.T.);
#5103 = EDGE_CURVE('',#818,#5104,#5106,.T.);
#5104 = VERTEX_POINT('',#5105);
#5105 = CARTESIAN_POINT('',(-20.96726799011,14.634115219116,4.5));
#5106 = LINE('',#5107,#5108);
#5107 = CARTESIAN_POINT('',(-20.91541481018,14.659631729126,7.));
#5108 = VECTOR('',#5109,1.);
#5109 = DIRECTION('',(-2.073573238279E-02,-1.020387801872E-02,
    -0.999732919472));
#5110 = ORIENTED_EDGE('',*,*,#5111,.F.);
#5111 = EDGE_CURVE('',#826,#5104,#5112,.T.);
#5112 = LINE('',#5113,#5114);
#5113 = CARTESIAN_POINT('',(-21.04063987731,14.59125328064,7.));
#5114 = VECTOR('',#5115,1.);
#5115 = DIRECTION('',(2.933181635645E-02,1.713488034632E-02,
    -0.999422853663));
#5116 = ORIENTED_EDGE('',*,*,#825,.F.);
#5117 = PLANE('',#5118);
#5118 = AXIS2_PLACEMENT_3D('',#5119,#5120,#5121);
#5119 = CARTESIAN_POINT('',(-20.97280157955,14.62965602629,
    5.784665586982));
#5120 = DIRECTION('',(-0.479250853449,0.877677420706,9.821664181881E-04)
  );
#5121 = DIRECTION('',(0.877677844033,0.479251084604,0.));
#5122 = ADVANCED_FACE('',(#5123),#5140,.T.);
#5123 = FACE_BOUND('',#5124,.T.);
#5124 = EDGE_LOOP('',(#5125,#5133,#5139));
#5125 = ORIENTED_EDGE('',*,*,#5126,.T.);
#5126 = EDGE_CURVE('',#826,#5127,#5129,.T.);
#5127 = VERTEX_POINT('',#5128);
#5128 = CARTESIAN_POINT('',(-21.09382057189,14.554597854614,4.5));
#5129 = LINE('',#5130,#5131);
#5130 = CARTESIAN_POINT('',(-21.04063987731,14.59125328064,7.));
#5131 = VECTOR('',#5132,1.);
#5132 = DIRECTION('',(-2.126518187798E-02,-1.465727943946E-02,
    -0.999666422463));
#5133 = ORIENTED_EDGE('',*,*,#5134,.F.);
#5134 = EDGE_CURVE('',#834,#5127,#5135,.T.);
#5135 = LINE('',#5136,#5137);
#5136 = CARTESIAN_POINT('',(-21.15486145019,14.505749702454,7.));
#5137 = VECTOR('',#5138,1.);
#5138 = DIRECTION('',(2.440442119325E-02,1.952971374464E-02,
    -0.999511387883));
#5139 = ORIENTED_EDGE('',*,*,#833,.F.);
#5140 = PLANE('',#5141);
#5141 = AXIS2_PLACEMENT_3D('',#5142,#5143,#5144);
#5142 = CARTESIAN_POINT('',(-21.09584226767,14.551463525852,
    5.784666372985));
#5143 = DIRECTION('',(-0.599270083193,0.800546280424,1.010093721304E-03)
  );
#5144 = DIRECTION('',(0.800546688819,0.599270388907,0.));
#5145 = ADVANCED_FACE('',(#5146),#5163,.T.);
#5146 = FACE_BOUND('',#5147,.T.);
#5147 = EDGE_LOOP('',(#5148,#5156,#5162));
#5148 = ORIENTED_EDGE('',*,*,#5149,.T.);
#5149 = EDGE_CURVE('',#834,#5150,#5152,.T.);
#5150 = VERTEX_POINT('',#5151);
#5151 = CARTESIAN_POINT('',(-21.20710754394,14.457106590271,4.5));
#5152 = LINE('',#5153,#5154);
#5153 = CARTESIAN_POINT('',(-21.15486145019,14.505749702454,7.));
#5154 = VECTOR('',#5155,1.);
#5155 = DIRECTION('',(-2.088992315436E-02,-1.94493176915E-02,
    -0.999592584582));
#5156 = ORIENTED_EDGE('',*,*,#5157,.F.);
#5157 = EDGE_CURVE('',#842,#5150,#5158,.T.);
#5158 = LINE('',#5159,#5160);
#5159 = CARTESIAN_POINT('',(-21.25574874877,14.404860496521,7.));
#5160 = VECTOR('',#5161,1.);
#5161 = DIRECTION('',(1.944855535135E-02,2.08899234642E-02,
    -0.999592599409));
#5162 = ORIENTED_EDGE('',*,*,#841,.F.);
#5163 = PLANE('',#5164);
#5164 = AXIS2_PLACEMENT_3D('',#5165,#5166,#5167);
#5165 = CARTESIAN_POINT('',(-21.20618132808,14.456180864839,
    5.784666041609));
#5166 = DIRECTION('',(-0.70711309791,0.707099729669,1.019346292264E-03)
  );
#5167 = DIRECTION('',(-0.707100097031,-0.707113465279,
    -1.084202172486E-19));
#5168 = ADVANCED_FACE('',(#5169),#5186,.T.);
#5169 = FACE_BOUND('',#5170,.T.);
#5170 = EDGE_LOOP('',(#5171,#5179,#5185));
#5171 = ORIENTED_EDGE('',*,*,#5172,.T.);
#5172 = EDGE_CURVE('',#842,#5173,#5175,.T.);
#5173 = VERTEX_POINT('',#5174);
#5174 = CARTESIAN_POINT('',(-21.30459785461,14.343820571899,4.5));
#5175 = LINE('',#5176,#5177);
#5176 = CARTESIAN_POINT('',(-21.25574874877,14.404860496521,7.));
#5177 = VECTOR('',#5178,1.);
#5178 = DIRECTION('',(-1.953009506427E-02,-2.440403995526E-02,
    -0.99951138974));
#5179 = ORIENTED_EDGE('',*,*,#5180,.F.);
#5180 = EDGE_CURVE('',#850,#5173,#5181,.T.);
#5181 = LINE('',#5182,#5183);
#5182 = CARTESIAN_POINT('',(-21.34125328064,14.290640830994,7.));
#5183 = VECTOR('',#5184,1.);
#5184 = DIRECTION('',(1.465727955832E-02,2.126480070794E-02,
    -0.999666430569));
#5185 = ORIENTED_EDGE('',*,*,#849,.F.);
#5186 = PLANE('',#5187);
#5187 = AXIS2_PLACEMENT_3D('',#5188,#5189,#5190);
#5188 = CARTESIAN_POINT('',(-21.30146328128,14.345842267371,
    5.78466614746));
#5189 = DIRECTION('',(-0.800538272778,0.599280780014,1.010210069058E-03)
  );
#5190 = DIRECTION('',(-0.599281085804,-0.800538681262,
    -1.084202172486E-19));
#5191 = ADVANCED_FACE('',(#5192),#5209,.T.);
#5192 = FACE_BOUND('',#5193,.T.);
#5193 = EDGE_LOOP('',(#5194,#5202,#5208));
#5194 = ORIENTED_EDGE('',*,*,#5195,.T.);
#5195 = EDGE_CURVE('',#850,#5196,#5198,.T.);
#5196 = VERTEX_POINT('',#5197);
#5197 = CARTESIAN_POINT('',(-21.38411521911,14.217268943787,4.5));
#5198 = LINE('',#5199,#5200);
#5199 = CARTESIAN_POINT('',(-21.34125328064,14.290640830994,7.));
#5200 = VECTOR('',#5201,1.);
#5201 = DIRECTION('',(-1.713488034632E-02,-2.933181635645E-02,
    -0.999422853663));
#5202 = ORIENTED_EDGE('',*,*,#5203,.F.);
#5203 = EDGE_CURVE('',#858,#5196,#5204,.T.);
#5204 = LINE('',#5205,#5206);
#5205 = CARTESIAN_POINT('',(-21.40963172912,14.165414810181,7.));
#5206 = VECTOR('',#5207,1.);
#5207 = DIRECTION('',(1.020387793803E-02,2.073611358665E-02,
    -0.999732911566));
#5208 = ORIENTED_EDGE('',*,*,#857,.F.);
#5209 = PLANE('',#5210);
#5210 = AXIS2_PLACEMENT_3D('',#5211,#5212,#5213);
#5211 = CARTESIAN_POINT('',(-21.37965602567,14.222802288959,
    5.784665784575));
#5212 = DIRECTION('',(-0.877678955817,0.479248041886,9.822752531646E-04)
  );
#5213 = DIRECTION('',(-0.479248273091,-0.877679379238,0.));
#5214 = ADVANCED_FACE('',(#5215),#5232,.T.);
#5215 = FACE_BOUND('',#5216,.T.);
#5216 = EDGE_LOOP('',(#5217,#5225,#5231));
#5217 = ORIENTED_EDGE('',*,*,#5218,.T.);
#5218 = EDGE_CURVE('',#858,#5219,#5221,.T.);
#5219 = VERTEX_POINT('',#5220);
#5220 = CARTESIAN_POINT('',(-21.44388389587,14.080279350281,4.5));
#5221 = LINE('',#5222,#5223);
#5222 = CARTESIAN_POINT('',(-21.40963172912,14.165414810181,7.));
#5223 = VECTOR('',#5224,1.);
#5224 = DIRECTION('',(-1.369164573436E-02,-3.403126479429E-02,
    -0.999326979448));
#5225 = ORIENTED_EDGE('',*,*,#5226,.F.);
#5226 = EDGE_CURVE('',#866,#5219,#5227,.T.);
#5227 = LINE('',#5228,#5229);
#5228 = CARTESIAN_POINT('',(-21.45949363708,14.031732559204,7.));
#5229 = VECTOR('',#5230,1.);
#5230 = DIRECTION('',(6.242597931861E-03,1.941467789109E-02,
    -0.999792028501));
#5231 = ORIENTED_EDGE('',*,*,#865,.F.);
#5232 = PLANE('',#5233);
#5233 = AXIS2_PLACEMENT_3D('',#5234,#5235,#5236);
#5234 = CARTESIAN_POINT('',(-21.43909122159,14.08968774676,
    5.784665151926));
#5235 = DIRECTION('',(-0.93694700532,0.349470217627,9.360629445072E-04)
  );
#5236 = DIRECTION('',(-0.349470370733,-0.936947415803,0.));
#5237 = ADVANCED_FACE('',(#5238),#5255,.T.);
#5238 = FACE_BOUND('',#5239,.T.);
#5239 = EDGE_LOOP('',(#5240,#5248,#5254));
#5240 = ORIENTED_EDGE('',*,*,#5241,.T.);
#5241 = EDGE_CURVE('',#866,#5242,#5244,.T.);
#5242 = VERTEX_POINT('',#5243);
#5243 = CARTESIAN_POINT('',(-21.48256683349,13.935911178589,4.5));
#5244 = LINE('',#5245,#5246);
#5245 = CARTESIAN_POINT('',(-21.45949363708,14.031732559204,7.));
#5246 = VECTOR('',#5247,1.);
#5247 = DIRECTION('',(-9.222114576669E-03,-3.829880070288E-02,
    -0.999223775972));
#5248 = ORIENTED_EDGE('',*,*,#5249,.F.);
#5249 = EDGE_CURVE('',#874,#5242,#5250,.T.);
#5250 = LINE('',#5251,#5252);
#5251 = CARTESIAN_POINT('',(-21.48982238769,13.892314910889,7.));
#5252 = VECTOR('',#5253,1.);
#5253 = DIRECTION('',(2.901768278386E-03,1.743578273897E-02,
    -0.999843774407));
#5254 = ORIENTED_EDGE('',*,*,#873,.F.);
#5255 = PLANE('',#5256);
#5256 = AXIS2_PLACEMENT_3D('',#5257,#5258,#5259);
#5257 = CARTESIAN_POINT('',(-21.47850047524,13.949340035795,
    5.784664249594));
#5258 = DIRECTION('',(-0.977146062074,0.212567200671,8.709601483195E-04)
  );
#5259 = DIRECTION('',(-0.212567281295,-0.977146432692,0.));
#5260 = ADVANCED_FACE('',(#5261),#5278,.T.);
#5261 = FACE_BOUND('',#5262,.T.);
#5262 = EDGE_LOOP('',(#5263,#5271,#5277));
#5263 = ORIENTED_EDGE('',*,*,#5264,.T.);
#5264 = EDGE_CURVE('',#874,#5265,#5267,.T.);
#5265 = VERTEX_POINT('',#5266);
#5266 = CARTESIAN_POINT('',(-21.49930000305,13.787391662598,4.5));
#5267 = LINE('',#5268,#5269);
#5268 = CARTESIAN_POINT('',(-21.48982238769,13.892314910889,7.));
#5269 = VECTOR('',#5270,1.);
#5270 = DIRECTION('',(-3.787684560308E-03,-4.193208445614E-02,
    -0.999113283737));
#5271 = ORIENTED_EDGE('',*,*,#5272,.F.);
#5272 = EDGE_CURVE('',#882,#5265,#5273,.T.);
#5273 = LINE('',#5274,#5275);
#5274 = CARTESIAN_POINT('',(-21.5,13.75,7.));
#5275 = VECTOR('',#5276,1.);
#5276 = DIRECTION('',(2.799674554586E-04,1.495499181692E-02,
    -0.999888128661));
#5277 = ORIENTED_EDGE('',*,*,#881,.F.);
#5278 = PLANE('',#5279);
#5279 = AXIS2_PLACEMENT_3D('',#5280,#5281,#5282);
#5280 = CARTESIAN_POINT('',(-21.49704378759,13.804756138784,
    5.784663135938));
#5281 = DIRECTION('',(-0.997452279505,7.133252959817E-02,
    7.876113309206E-04));
#5282 = DIRECTION('',(-7.13325517231E-02,-0.997452588881,
    -1.355252715607E-20));
#5283 = ADVANCED_FACE('',(#5284,#5309),#5343,.T.);
#5284 = FACE_BOUND('',#5285,.T.);
#5285 = EDGE_LOOP('',(#5286,#5296,#5302,#5303));
#5286 = ORIENTED_EDGE('',*,*,#5287,.F.);
#5287 = EDGE_CURVE('',#5288,#5290,#5292,.T.);
#5288 = VERTEX_POINT('',#5289);
#5289 = CARTESIAN_POINT('',(-21.5,-13.75,2.));
#5290 = VERTEX_POINT('',#5291);
#5291 = CARTESIAN_POINT('',(-21.5,13.75,2.));
#5292 = LINE('',#5293,#5294);
#5293 = CARTESIAN_POINT('',(-21.5,-13.75,2.));
#5294 = VECTOR('',#5295,1.);
#5295 = DIRECTION('',(0.,1.,0.));
#5296 = ORIENTED_EDGE('',*,*,#5297,.F.);
#5297 = EDGE_CURVE('',#890,#5288,#5298,.T.);
#5298 = LINE('',#5299,#5300);
#5299 = CARTESIAN_POINT('',(-21.5,-13.75,7.));
#5300 = VECTOR('',#5301,1.);
#5301 = DIRECTION('',(0.,0.,-1.));
#5302 = ORIENTED_EDGE('',*,*,#889,.F.);
#5303 = ORIENTED_EDGE('',*,*,#5304,.T.);
#5304 = EDGE_CURVE('',#882,#5290,#5305,.T.);
#5305 = LINE('',#5306,#5307);
#5306 = CARTESIAN_POINT('',(-21.5,13.75,7.));
#5307 = VECTOR('',#5308,1.);
#5308 = DIRECTION('',(0.,0.,-1.));
#5309 = FACE_BOUND('',#5310,.T.);
#5310 = EDGE_LOOP('',(#5311,#5321,#5329,#5337));
#5311 = ORIENTED_EDGE('',*,*,#5312,.T.);
#5312 = EDGE_CURVE('',#5313,#5315,#5317,.T.);
#5313 = VERTEX_POINT('',#5314);
#5314 = CARTESIAN_POINT('',(-21.5,-8.,4.832156658173));
#5315 = VERTEX_POINT('',#5316);
#5316 = CARTESIAN_POINT('',(-21.5,-8.,2.167843341827));
#5317 = LINE('',#5318,#5319);
#5318 = CARTESIAN_POINT('',(-21.5,-8.,4.832156658173));
#5319 = VECTOR('',#5320,1.);
#5320 = DIRECTION('',(0.,0.,-1.));
#5321 = ORIENTED_EDGE('',*,*,#5322,.T.);
#5322 = EDGE_CURVE('',#5315,#5323,#5325,.T.);
#5323 = VERTEX_POINT('',#5324);
#5324 = CARTESIAN_POINT('',(-21.5,8.,2.167843341827));
#5325 = LINE('',#5326,#5327);
#5326 = CARTESIAN_POINT('',(-21.5,-8.,2.167843341827));
#5327 = VECTOR('',#5328,1.);
#5328 = DIRECTION('',(0.,1.,0.));
#5329 = ORIENTED_EDGE('',*,*,#5330,.T.);
#5330 = EDGE_CURVE('',#5323,#5331,#5333,.T.);
#5331 = VERTEX_POINT('',#5332);
#5332 = CARTESIAN_POINT('',(-21.5,8.,4.832156658173));
#5333 = LINE('',#5334,#5335);
#5334 = CARTESIAN_POINT('',(-21.5,8.,2.167843341827));
#5335 = VECTOR('',#5336,1.);
#5336 = DIRECTION('',(0.,0.,1.));
#5337 = ORIENTED_EDGE('',*,*,#5338,.T.);
#5338 = EDGE_CURVE('',#5331,#5313,#5339,.T.);
#5339 = LINE('',#5340,#5341);
#5340 = CARTESIAN_POINT('',(-21.5,8.,4.832156658173));
#5341 = VECTOR('',#5342,1.);
#5342 = DIRECTION('',(0.,-1.,0.));
#5343 = PLANE('',#5344);
#5344 = AXIS2_PLACEMENT_3D('',#5345,#5346,#5347);
#5345 = CARTESIAN_POINT('',(-21.5,0.,4.5));
#5346 = DIRECTION('',(-1.,-0.,-0.));
#5347 = DIRECTION('',(0.,0.,-1.));
#5348 = ADVANCED_FACE('',(#5349),#5366,.T.);
#5349 = FACE_BOUND('',#5350,.T.);
#5350 = EDGE_LOOP('',(#5351,#5359,#5365));
#5351 = ORIENTED_EDGE('',*,*,#5352,.T.);
#5352 = EDGE_CURVE('',#890,#5353,#5355,.T.);
#5353 = VERTEX_POINT('',#5354);
#5354 = CARTESIAN_POINT('',(-21.49930000305,-13.78739166259,4.5));
#5355 = LINE('',#5356,#5357);
#5356 = CARTESIAN_POINT('',(-21.5,-13.75,7.));
#5357 = VECTOR('',#5358,1.);
#5358 = DIRECTION('',(2.799674554586E-04,-1.495499181692E-02,
    -0.999888128661));
#5359 = ORIENTED_EDGE('',*,*,#5360,.F.);
#5360 = EDGE_CURVE('',#898,#5353,#5361,.T.);
#5361 = LINE('',#5362,#5363);
#5362 = CARTESIAN_POINT('',(-21.48982238769,-13.89231491088,7.));
#5363 = VECTOR('',#5364,1.);
#5364 = DIRECTION('',(-3.787684560308E-03,4.193208445614E-02,
    -0.999113283737));
#5365 = ORIENTED_EDGE('',*,*,#897,.F.);
#5366 = PLANE('',#5367);
#5367 = AXIS2_PLACEMENT_3D('',#5368,#5369,#5370);
#5368 = CARTESIAN_POINT('',(-21.49704378759,-13.80475613878,
    5.784663135938));
#5369 = DIRECTION('',(-0.997452279505,-7.133252959817E-02,
    7.876113309206E-04));
#5370 = DIRECTION('',(7.13325517231E-02,-0.997452588881,
    1.355252715607E-20));
#5371 = ADVANCED_FACE('',(#5372),#5389,.T.);
#5372 = FACE_BOUND('',#5373,.T.);
#5373 = EDGE_LOOP('',(#5374,#5382,#5388));
#5374 = ORIENTED_EDGE('',*,*,#5375,.T.);
#5375 = EDGE_CURVE('',#898,#5376,#5378,.T.);
#5376 = VERTEX_POINT('',#5377);
#5377 = CARTESIAN_POINT('',(-21.48256683349,-13.93591117858,4.5));
#5378 = LINE('',#5379,#5380);
#5379 = CARTESIAN_POINT('',(-21.48982238769,-13.89231491088,7.));
#5380 = VECTOR('',#5381,1.);
#5381 = DIRECTION('',(2.901768278386E-03,-1.743578273897E-02,
    -0.999843774407));
#5382 = ORIENTED_EDGE('',*,*,#5383,.F.);
#5383 = EDGE_CURVE('',#906,#5376,#5384,.T.);
#5384 = LINE('',#5385,#5386);
#5385 = CARTESIAN_POINT('',(-21.45949363708,-14.0317325592,7.));
#5386 = VECTOR('',#5387,1.);
#5387 = DIRECTION('',(-9.222114576669E-03,3.829880070288E-02,
    -0.999223775972));
#5388 = ORIENTED_EDGE('',*,*,#905,.F.);
#5389 = PLANE('',#5390);
#5390 = AXIS2_PLACEMENT_3D('',#5391,#5392,#5393);
#5391 = CARTESIAN_POINT('',(-21.47850047524,-13.94934003579,
    5.784664249594));
#5392 = DIRECTION('',(-0.977146062074,-0.212567200671,8.709601483195E-04
    ));
#5393 = DIRECTION('',(0.212567281295,-0.977146432692,0.));
#5394 = ADVANCED_FACE('',(#5395),#5412,.T.);
#5395 = FACE_BOUND('',#5396,.T.);
#5396 = EDGE_LOOP('',(#5397,#5405,#5411));
#5397 = ORIENTED_EDGE('',*,*,#5398,.T.);
#5398 = EDGE_CURVE('',#906,#5399,#5401,.T.);
#5399 = VERTEX_POINT('',#5400);
#5400 = CARTESIAN_POINT('',(-21.44388389587,-14.08027935028,4.5));
#5401 = LINE('',#5402,#5403);
#5402 = CARTESIAN_POINT('',(-21.45949363708,-14.0317325592,7.));
#5403 = VECTOR('',#5404,1.);
#5404 = DIRECTION('',(6.242597931861E-03,-1.941467789109E-02,
    -0.999792028501));
#5405 = ORIENTED_EDGE('',*,*,#5406,.F.);
#5406 = EDGE_CURVE('',#914,#5399,#5407,.T.);
#5407 = LINE('',#5408,#5409);
#5408 = CARTESIAN_POINT('',(-21.40963172912,-14.16541481018,7.));
#5409 = VECTOR('',#5410,1.);
#5410 = DIRECTION('',(-1.369164573436E-02,3.403126479429E-02,
    -0.999326979448));
#5411 = ORIENTED_EDGE('',*,*,#913,.F.);
#5412 = PLANE('',#5413);
#5413 = AXIS2_PLACEMENT_3D('',#5414,#5415,#5416);
#5414 = CARTESIAN_POINT('',(-21.43909122159,-14.08968774676,
    5.784665151926));
#5415 = DIRECTION('',(-0.93694700532,-0.349470217627,9.360629445072E-04)
  );
#5416 = DIRECTION('',(0.349470370733,-0.936947415803,0.));
#5417 = ADVANCED_FACE('',(#5418),#5435,.T.);
#5418 = FACE_BOUND('',#5419,.T.);
#5419 = EDGE_LOOP('',(#5420,#5428,#5434));
#5420 = ORIENTED_EDGE('',*,*,#5421,.T.);
#5421 = EDGE_CURVE('',#914,#5422,#5424,.T.);
#5422 = VERTEX_POINT('',#5423);
#5423 = CARTESIAN_POINT('',(-21.38411521911,-14.21726894378,4.5));
#5424 = LINE('',#5425,#5426);
#5425 = CARTESIAN_POINT('',(-21.40963172912,-14.16541481018,7.));
#5426 = VECTOR('',#5427,1.);
#5427 = DIRECTION('',(1.020387793803E-02,-2.073611358665E-02,
    -0.999732911566));
#5428 = ORIENTED_EDGE('',*,*,#5429,.F.);
#5429 = EDGE_CURVE('',#922,#5422,#5430,.T.);
#5430 = LINE('',#5431,#5432);
#5431 = CARTESIAN_POINT('',(-21.34125328064,-14.29064083099,7.));
#5432 = VECTOR('',#5433,1.);
#5433 = DIRECTION('',(-1.713488034632E-02,2.933181635645E-02,
    -0.999422853663));
#5434 = ORIENTED_EDGE('',*,*,#921,.F.);
#5435 = PLANE('',#5436);
#5436 = AXIS2_PLACEMENT_3D('',#5437,#5438,#5439);
#5437 = CARTESIAN_POINT('',(-21.37965602567,-14.22280228895,
    5.784665784575));
#5438 = DIRECTION('',(-0.877678955817,-0.479248041886,9.822752531646E-04
    ));
#5439 = DIRECTION('',(0.479248273091,-0.877679379238,0.));
#5440 = ADVANCED_FACE('',(#5441),#5458,.T.);
#5441 = FACE_BOUND('',#5442,.T.);
#5442 = EDGE_LOOP('',(#5443,#5451,#5457));
#5443 = ORIENTED_EDGE('',*,*,#5444,.T.);
#5444 = EDGE_CURVE('',#922,#5445,#5447,.T.);
#5445 = VERTEX_POINT('',#5446);
#5446 = CARTESIAN_POINT('',(-21.30459785461,-14.34382057189,4.5));
#5447 = LINE('',#5448,#5449);
#5448 = CARTESIAN_POINT('',(-21.34125328064,-14.29064083099,7.));
#5449 = VECTOR('',#5450,1.);
#5450 = DIRECTION('',(1.465727955832E-02,-2.126480070794E-02,
    -0.999666430569));
#5451 = ORIENTED_EDGE('',*,*,#5452,.F.);
#5452 = EDGE_CURVE('',#930,#5445,#5453,.T.);
#5453 = LINE('',#5454,#5455);
#5454 = CARTESIAN_POINT('',(-21.25574874877,-14.40486049652,7.));
#5455 = VECTOR('',#5456,1.);
#5456 = DIRECTION('',(-1.953009506427E-02,2.440403995526E-02,
    -0.99951138974));
#5457 = ORIENTED_EDGE('',*,*,#929,.F.);
#5458 = PLANE('',#5459);
#5459 = AXIS2_PLACEMENT_3D('',#5460,#5461,#5462);
#5460 = CARTESIAN_POINT('',(-21.30146328128,-14.34584226737,
    5.78466614746));
#5461 = DIRECTION('',(-0.800538272778,-0.599280780014,1.010210069058E-03
    ));
#5462 = DIRECTION('',(0.599281085804,-0.800538681262,1.084202172486E-19)
  );
#5463 = ADVANCED_FACE('',(#5464),#5481,.T.);
#5464 = FACE_BOUND('',#5465,.T.);
#5465 = EDGE_LOOP('',(#5466,#5474,#5480));
#5466 = ORIENTED_EDGE('',*,*,#5467,.T.);
#5467 = EDGE_CURVE('',#930,#5468,#5470,.T.);
#5468 = VERTEX_POINT('',#5469);
#5469 = CARTESIAN_POINT('',(-21.20710754394,-14.45710659027,4.5));
#5470 = LINE('',#5471,#5472);
#5471 = CARTESIAN_POINT('',(-21.25574874877,-14.40486049652,7.));
#5472 = VECTOR('',#5473,1.);
#5473 = DIRECTION('',(1.944855535135E-02,-2.08899234642E-02,
    -0.999592599409));
#5474 = ORIENTED_EDGE('',*,*,#5475,.F.);
#5475 = EDGE_CURVE('',#938,#5468,#5476,.T.);
#5476 = LINE('',#5477,#5478);
#5477 = CARTESIAN_POINT('',(-21.15486145019,-14.50574970245,7.));
#5478 = VECTOR('',#5479,1.);
#5479 = DIRECTION('',(-2.088992315436E-02,1.94493176915E-02,
    -0.999592584582));
#5480 = ORIENTED_EDGE('',*,*,#937,.F.);
#5481 = PLANE('',#5482);
#5482 = AXIS2_PLACEMENT_3D('',#5483,#5484,#5485);
#5483 = CARTESIAN_POINT('',(-21.20618132808,-14.45618086483,
    5.784666041609));
#5484 = DIRECTION('',(-0.70711309791,-0.707099729669,1.019346292264E-03)
  );
#5485 = DIRECTION('',(0.707100097031,-0.707113465279,1.084202172486E-19)
  );
#5486 = ADVANCED_FACE('',(#5487),#5504,.T.);
#5487 = FACE_BOUND('',#5488,.T.);
#5488 = EDGE_LOOP('',(#5489,#5497,#5503));
#5489 = ORIENTED_EDGE('',*,*,#5490,.T.);
#5490 = EDGE_CURVE('',#938,#5491,#5493,.T.);
#5491 = VERTEX_POINT('',#5492);
#5492 = CARTESIAN_POINT('',(-21.09382057189,-14.55459785461,4.5));
#5493 = LINE('',#5494,#5495);
#5494 = CARTESIAN_POINT('',(-21.15486145019,-14.50574970245,7.));
#5495 = VECTOR('',#5496,1.);
#5496 = DIRECTION('',(2.440442119325E-02,-1.952971374464E-02,
    -0.999511387883));
#5497 = ORIENTED_EDGE('',*,*,#5498,.F.);
#5498 = EDGE_CURVE('',#946,#5491,#5499,.T.);
#5499 = LINE('',#5500,#5501);
#5500 = CARTESIAN_POINT('',(-21.04063987731,-14.59125328064,7.));
#5501 = VECTOR('',#5502,1.);
#5502 = DIRECTION('',(-2.126518187798E-02,1.465727943946E-02,
    -0.999666422463));
#5503 = ORIENTED_EDGE('',*,*,#945,.F.);
#5504 = PLANE('',#5505);
#5505 = AXIS2_PLACEMENT_3D('',#5506,#5507,#5508);
#5506 = CARTESIAN_POINT('',(-21.09584226767,-14.55146352585,
    5.784666372985));
#5507 = DIRECTION('',(-0.599270083193,-0.800546280424,1.010093721304E-03
    ));
#5508 = DIRECTION('',(-0.800546688819,0.599270388907,0.));
#5509 = ADVANCED_FACE('',(#5510),#5527,.T.);
#5510 = FACE_BOUND('',#5511,.T.);
#5511 = EDGE_LOOP('',(#5512,#5520,#5526));
#5512 = ORIENTED_EDGE('',*,*,#5513,.T.);
#5513 = EDGE_CURVE('',#946,#5514,#5516,.T.);
#5514 = VERTEX_POINT('',#5515);
#5515 = CARTESIAN_POINT('',(-20.96726799011,-14.63411521911,4.5));
#5516 = LINE('',#5517,#5518);
#5517 = CARTESIAN_POINT('',(-21.04063987731,-14.59125328064,7.));
#5518 = VECTOR('',#5519,1.);
#5519 = DIRECTION('',(2.933181635645E-02,-1.713488034632E-02,
    -0.999422853663));
#5520 = ORIENTED_EDGE('',*,*,#5521,.F.);
#5521 = EDGE_CURVE('',#954,#5514,#5522,.T.);
#5522 = LINE('',#5523,#5524);
#5523 = CARTESIAN_POINT('',(-20.91541481018,-14.65963172912,7.));
#5524 = VECTOR('',#5525,1.);
#5525 = DIRECTION('',(-2.073573238279E-02,1.020387801872E-02,
    -0.999732919472));
#5526 = ORIENTED_EDGE('',*,*,#953,.F.);
#5527 = PLANE('',#5528);
#5528 = AXIS2_PLACEMENT_3D('',#5529,#5530,#5531);
#5529 = CARTESIAN_POINT('',(-20.97280157955,-14.62965602629,
    5.784665586982));
#5530 = DIRECTION('',(-0.479250853449,-0.877677420706,9.821664181881E-04
    ));
#5531 = DIRECTION('',(-0.877677844033,0.479251084604,0.));
#5532 = ADVANCED_FACE('',(#5533),#5550,.T.);
#5533 = FACE_BOUND('',#5534,.T.);
#5534 = EDGE_LOOP('',(#5535,#5543,#5549));
#5535 = ORIENTED_EDGE('',*,*,#5536,.T.);
#5536 = EDGE_CURVE('',#954,#5537,#5539,.T.);
#5537 = VERTEX_POINT('',#5538);
#5538 = CARTESIAN_POINT('',(-20.8302783966,-14.6938829422,4.5));
#5539 = LINE('',#5540,#5541);
#5540 = CARTESIAN_POINT('',(-20.91541481018,-14.65963172912,7.));
#5541 = VECTOR('',#5542,1.);
#5542 = DIRECTION('',(3.40316457434E-02,-1.369126441521E-02,
    -0.9993269717));
#5543 = ORIENTED_EDGE('',*,*,#5544,.F.);
#5544 = EDGE_CURVE('',#962,#5537,#5545,.T.);
#5545 = LINE('',#5546,#5547);
#5546 = CARTESIAN_POINT('',(-20.7817325592,-14.70949268341,7.));
#5547 = VECTOR('',#5548,1.);
#5548 = DIRECTION('',(-1.941429664445E-02,6.242597978085E-03,
    -0.999792035904));
#5549 = ORIENTED_EDGE('',*,*,#961,.F.);
#5550 = PLANE('',#5551);
#5551 = AXIS2_PLACEMENT_3D('',#5552,#5553,#5554);
#5552 = CARTESIAN_POINT('',(-20.83968728281,-14.68909051321,
    5.784665073192));
#5553 = DIRECTION('',(-0.34946434994,-0.936949194138,9.35802024715E-04)
  );
#5554 = DIRECTION('',(-0.936949604393,0.349464502957,0.));
#5555 = ADVANCED_FACE('',(#5556),#5573,.T.);
#5556 = FACE_BOUND('',#5557,.T.);
#5557 = EDGE_LOOP('',(#5558,#5566,#5572));
#5558 = ORIENTED_EDGE('',*,*,#5559,.T.);
#5559 = EDGE_CURVE('',#962,#5560,#5562,.T.);
#5560 = VERTEX_POINT('',#5561);
#5561 = CARTESIAN_POINT('',(-20.68591117858,-14.73256683349,4.5));
#5562 = LINE('',#5563,#5564);
#5563 = CARTESIAN_POINT('',(-20.7817325592,-14.70949268341,7.));
#5564 = VECTOR('',#5565,1.);
#5565 = DIRECTION('',(3.829880056824E-02,-9.22249571787E-03,
    -0.999223772459));
#5566 = ORIENTED_EDGE('',*,*,#5567,.F.);
#5567 = EDGE_CURVE('',#970,#5560,#5568,.T.);
#5568 = LINE('',#5569,#5570);
#5569 = CARTESIAN_POINT('',(-20.64231491088,-14.73982143402,7.));
#5570 = VECTOR('',#5571,1.);
#5571 = DIRECTION('',(-1.743578275827E-02,2.901386871465E-03,
    -0.999843775514));
#5572 = ORIENTED_EDGE('',*,*,#969,.F.);
#5573 = PLANE('',#5574);
#5574 = AXIS2_PLACEMENT_3D('',#5575,#5576,#5577);
#5575 = CARTESIAN_POINT('',(-20.69934003587,-14.72849998517,
    5.784664249553));
#5576 = DIRECTION('',(-0.212567200602,-0.977146061757,8.713328996777E-04
    ));
#5577 = DIRECTION('',(-0.977146432692,0.212567281295,2.710505431214E-20)
  );
#5578 = ADVANCED_FACE('',(#5579),#5596,.T.);
#5579 = FACE_BOUND('',#5580,.T.);
#5580 = EDGE_LOOP('',(#5581,#5589,#5595));
#5581 = ORIENTED_EDGE('',*,*,#5582,.T.);
#5582 = EDGE_CURVE('',#970,#5583,#5585,.T.);
#5583 = VERTEX_POINT('',#5584);
#5584 = CARTESIAN_POINT('',(-20.53739166259,-14.74930095672,4.5));
#5585 = LINE('',#5586,#5587);
#5586 = CARTESIAN_POINT('',(-20.64231491088,-14.73982143402,7.));
#5587 = VECTOR('',#5588,1.);
#5588 = DIRECTION('',(4.193208433506E-02,-3.788446812311E-03,
    -0.999113280852));
#5589 = ORIENTED_EDGE('',*,*,#5590,.F.);
#5590 = EDGE_CURVE('',#978,#5583,#5591,.T.);
#5591 = LINE('',#5592,#5593);
#5592 = CARTESIAN_POINT('',(-20.5,-14.75,7.));
#5593 = VECTOR('',#5594,1.);
#5594 = DIRECTION('',(-1.495499181852E-02,2.795860284374E-04,
    -0.999888128768));
#5595 = ORIENTED_EDGE('',*,*,#977,.F.);
#5596 = PLANE('',#5597);
#5597 = AXIS2_PLACEMENT_3D('',#5598,#5599,#5600);
#5598 = CARTESIAN_POINT('',(-20.55475613905,-14.74704400605,
    5.784663151961));
#5599 = DIRECTION('',(-7.13391796382E-02,-0.997451803528,
    7.880914242817E-04));
#5600 = DIRECTION('',(-0.99745211328,7.133920179217E-02,
    6.776263578034E-21));
#5601 = ADVANCED_FACE('',(#5602),#5627,.T.);
#5602 = FACE_BOUND('',#5603,.T.);
#5603 = EDGE_LOOP('',(#5604,#5612,#5613,#5621));
#5604 = ORIENTED_EDGE('',*,*,#5605,.F.);
#5605 = EDGE_CURVE('',#986,#5606,#5608,.T.);
#5606 = VERTEX_POINT('',#5607);
#5607 = CARTESIAN_POINT('',(20.5,-14.75,2.));
#5608 = LINE('',#5609,#5610);
#5609 = CARTESIAN_POINT('',(20.5,-14.75,7.));
#5610 = VECTOR('',#5611,1.);
#5611 = DIRECTION('',(0.,0.,-1.));
#5612 = ORIENTED_EDGE('',*,*,#985,.T.);
#5613 = ORIENTED_EDGE('',*,*,#5614,.T.);
#5614 = EDGE_CURVE('',#978,#5615,#5617,.T.);
#5615 = VERTEX_POINT('',#5616);
#5616 = CARTESIAN_POINT('',(-20.5,-14.75,2.));
#5617 = LINE('',#5618,#5619);
#5618 = CARTESIAN_POINT('',(-20.5,-14.75,7.));
#5619 = VECTOR('',#5620,1.);
#5620 = DIRECTION('',(0.,0.,-1.));
#5621 = ORIENTED_EDGE('',*,*,#5622,.F.);
#5622 = EDGE_CURVE('',#5606,#5615,#5623,.T.);
#5623 = LINE('',#5624,#5625);
#5624 = CARTESIAN_POINT('',(20.5,-14.75,2.));
#5625 = VECTOR('',#5626,1.);
#5626 = DIRECTION('',(-1.,0.,0.));
#5627 = PLANE('',#5628);
#5628 = AXIS2_PLACEMENT_3D('',#5629,#5630,#5631);
#5629 = CARTESIAN_POINT('',(0.,-14.75,4.5));
#5630 = DIRECTION('',(-0.,-1.,-0.));
#5631 = DIRECTION('',(0.,0.,-1.));
#5632 = ADVANCED_FACE('',(#5633),#5650,.T.);
#5633 = FACE_BOUND('',#5634,.T.);
#5634 = EDGE_LOOP('',(#5635,#5643,#5649));
#5635 = ORIENTED_EDGE('',*,*,#5636,.T.);
#5636 = EDGE_CURVE('',#986,#5637,#5639,.T.);
#5637 = VERTEX_POINT('',#5638);
#5638 = CARTESIAN_POINT('',(20.537391662598,-14.74930095672,4.5));
#5639 = LINE('',#5640,#5641);
#5640 = CARTESIAN_POINT('',(20.5,-14.75,7.));
#5641 = VECTOR('',#5642,1.);
#5642 = DIRECTION('',(1.495499181852E-02,2.795860284374E-04,
    -0.999888128768));
#5643 = ORIENTED_EDGE('',*,*,#5644,.F.);
#5644 = EDGE_CURVE('',#994,#5637,#5645,.T.);
#5645 = LINE('',#5646,#5647);
#5646 = CARTESIAN_POINT('',(20.642314910889,-14.73982143402,7.));
#5647 = VECTOR('',#5648,1.);
#5648 = DIRECTION('',(-4.193208433506E-02,-3.788446812311E-03,
    -0.999113280852));
#5649 = ORIENTED_EDGE('',*,*,#993,.T.);
#5650 = PLANE('',#5651);
#5651 = AXIS2_PLACEMENT_3D('',#5652,#5653,#5654);
#5652 = CARTESIAN_POINT('',(20.554756139052,-14.74704400605,
    5.784663151961));
#5653 = DIRECTION('',(7.13391796382E-02,-0.997451803528,
    7.880914242817E-04));
#5654 = DIRECTION('',(-0.99745211328,-7.133920179217E-02,0.));
#5655 = ADVANCED_FACE('',(#5656),#5673,.T.);
#5656 = FACE_BOUND('',#5657,.T.);
#5657 = EDGE_LOOP('',(#5658,#5666,#5672));
#5658 = ORIENTED_EDGE('',*,*,#5659,.T.);
#5659 = EDGE_CURVE('',#994,#5660,#5662,.T.);
#5660 = VERTEX_POINT('',#5661);
#5661 = CARTESIAN_POINT('',(20.685911178589,-14.73256683349,4.5));
#5662 = LINE('',#5663,#5664);
#5663 = CARTESIAN_POINT('',(20.642314910889,-14.73982143402,7.));
#5664 = VECTOR('',#5665,1.);
#5665 = DIRECTION('',(1.743578275827E-02,2.901386871465E-03,
    -0.999843775514));
#5666 = ORIENTED_EDGE('',*,*,#5667,.F.);
#5667 = EDGE_CURVE('',#1002,#5660,#5668,.T.);
#5668 = LINE('',#5669,#5670);
#5669 = CARTESIAN_POINT('',(20.781732559204,-14.70949268341,7.));
#5670 = VECTOR('',#5671,1.);
#5671 = DIRECTION('',(-3.829880056824E-02,-9.22249571787E-03,
    -0.999223772459));
#5672 = ORIENTED_EDGE('',*,*,#1001,.T.);
#5673 = PLANE('',#5674);
#5674 = AXIS2_PLACEMENT_3D('',#5675,#5676,#5677);
#5675 = CARTESIAN_POINT('',(20.699340035873,-14.72849998517,
    5.784664249553));
#5676 = DIRECTION('',(0.212567200602,-0.977146061757,8.713328996777E-04)
  );
#5677 = DIRECTION('',(-0.977146432692,-0.212567281295,
    -2.710505431214E-20));
#5678 = ADVANCED_FACE('',(#5679),#5696,.T.);
#5679 = FACE_BOUND('',#5680,.T.);
#5680 = EDGE_LOOP('',(#5681,#5689,#5695));
#5681 = ORIENTED_EDGE('',*,*,#5682,.T.);
#5682 = EDGE_CURVE('',#1002,#5683,#5685,.T.);
#5683 = VERTEX_POINT('',#5684);
#5684 = CARTESIAN_POINT('',(20.830278396606,-14.6938829422,4.5));
#5685 = LINE('',#5686,#5687);
#5686 = CARTESIAN_POINT('',(20.781732559204,-14.70949268341,7.));
#5687 = VECTOR('',#5688,1.);
#5688 = DIRECTION('',(1.941429664445E-02,6.242597978085E-03,
    -0.999792035904));
#5689 = ORIENTED_EDGE('',*,*,#5690,.F.);
#5690 = EDGE_CURVE('',#1010,#5683,#5691,.T.);
#5691 = LINE('',#5692,#5693);
#5692 = CARTESIAN_POINT('',(20.915414810181,-14.65963172912,7.));
#5693 = VECTOR('',#5694,1.);
#5694 = DIRECTION('',(-3.40316457434E-02,-1.369126441521E-02,
    -0.9993269717));
#5695 = ORIENTED_EDGE('',*,*,#1009,.T.);
#5696 = PLANE('',#5697);
#5697 = AXIS2_PLACEMENT_3D('',#5698,#5699,#5700);
#5698 = CARTESIAN_POINT('',(20.839687282817,-14.68909051321,
    5.784665073192));
#5699 = DIRECTION('',(0.34946434994,-0.936949194138,9.35802024715E-04));
#5700 = DIRECTION('',(-0.936949604393,-0.349464502957,0.));
#5701 = ADVANCED_FACE('',(#5702),#5719,.T.);
#5702 = FACE_BOUND('',#5703,.T.);
#5703 = EDGE_LOOP('',(#5704,#5712,#5718));
#5704 = ORIENTED_EDGE('',*,*,#5705,.T.);
#5705 = EDGE_CURVE('',#1010,#5706,#5708,.T.);
#5706 = VERTEX_POINT('',#5707);
#5707 = CARTESIAN_POINT('',(20.967267990112,-14.63411521911,4.5));
#5708 = LINE('',#5709,#5710);
#5709 = CARTESIAN_POINT('',(20.915414810181,-14.65963172912,7.));
#5710 = VECTOR('',#5711,1.);
#5711 = DIRECTION('',(2.073573238279E-02,1.020387801872E-02,
    -0.999732919472));
#5712 = ORIENTED_EDGE('',*,*,#5713,.F.);
#5713 = EDGE_CURVE('',#1018,#5706,#5714,.T.);
#5714 = LINE('',#5715,#5716);
#5715 = CARTESIAN_POINT('',(21.040639877319,-14.59125328064,7.));
#5716 = VECTOR('',#5717,1.);
#5717 = DIRECTION('',(-2.933181635645E-02,-1.713488034632E-02,
    -0.999422853663));
#5718 = ORIENTED_EDGE('',*,*,#1017,.T.);
#5719 = PLANE('',#5720);
#5720 = AXIS2_PLACEMENT_3D('',#5721,#5722,#5723);
#5721 = CARTESIAN_POINT('',(20.97280157955,-14.62965602629,
    5.784665586982));
#5722 = DIRECTION('',(0.479250853449,-0.877677420706,9.821664181881E-04)
  );
#5723 = DIRECTION('',(-0.877677844033,-0.479251084604,0.));
#5724 = ADVANCED_FACE('',(#5725),#5742,.T.);
#5725 = FACE_BOUND('',#5726,.T.);
#5726 = EDGE_LOOP('',(#5727,#5735,#5741));
#5727 = ORIENTED_EDGE('',*,*,#5728,.T.);
#5728 = EDGE_CURVE('',#1018,#5729,#5731,.T.);
#5729 = VERTEX_POINT('',#5730);
#5730 = CARTESIAN_POINT('',(21.093820571899,-14.55459785461,4.5));
#5731 = LINE('',#5732,#5733);
#5732 = CARTESIAN_POINT('',(21.040639877319,-14.59125328064,7.));
#5733 = VECTOR('',#5734,1.);
#5734 = DIRECTION('',(2.126518187798E-02,1.465727943946E-02,
    -0.999666422463));
#5735 = ORIENTED_EDGE('',*,*,#5736,.F.);
#5736 = EDGE_CURVE('',#1026,#5729,#5737,.T.);
#5737 = LINE('',#5738,#5739);
#5738 = CARTESIAN_POINT('',(21.154861450195,-14.50574970245,7.));
#5739 = VECTOR('',#5740,1.);
#5740 = DIRECTION('',(-2.440442119325E-02,-1.952971374464E-02,
    -0.999511387883));
#5741 = ORIENTED_EDGE('',*,*,#1025,.T.);
#5742 = PLANE('',#5743);
#5743 = AXIS2_PLACEMENT_3D('',#5744,#5745,#5746);
#5744 = CARTESIAN_POINT('',(21.095842267674,-14.55146352585,
    5.784666372985));
#5745 = DIRECTION('',(0.599270083193,-0.800546280424,1.010093721304E-03)
  );
#5746 = DIRECTION('',(-0.800546688819,-0.599270388907,0.));
#5747 = ADVANCED_FACE('',(#5748),#5765,.T.);
#5748 = FACE_BOUND('',#5749,.T.);
#5749 = EDGE_LOOP('',(#5750,#5758,#5764));
#5750 = ORIENTED_EDGE('',*,*,#5751,.T.);
#5751 = EDGE_CURVE('',#1026,#5752,#5754,.T.);
#5752 = VERTEX_POINT('',#5753);
#5753 = CARTESIAN_POINT('',(21.207107543945,-14.45710659027,4.5));
#5754 = LINE('',#5755,#5756);
#5755 = CARTESIAN_POINT('',(21.154861450195,-14.50574970245,7.));
#5756 = VECTOR('',#5757,1.);
#5757 = DIRECTION('',(2.088992315436E-02,1.94493176915E-02,
    -0.999592584582));
#5758 = ORIENTED_EDGE('',*,*,#5759,.F.);
#5759 = EDGE_CURVE('',#1034,#5752,#5760,.T.);
#5760 = LINE('',#5761,#5762);
#5761 = CARTESIAN_POINT('',(21.255748748779,-14.40486049652,7.));
#5762 = VECTOR('',#5763,1.);
#5763 = DIRECTION('',(-1.944855535135E-02,-2.08899234642E-02,
    -0.999592599409));
#5764 = ORIENTED_EDGE('',*,*,#1033,.T.);
#5765 = PLANE('',#5766);
#5766 = AXIS2_PLACEMENT_3D('',#5767,#5768,#5769);
#5767 = CARTESIAN_POINT('',(21.206181328089,-14.45618086483,
    5.784666041609));
#5768 = DIRECTION('',(0.70711309791,-0.707099729669,1.019346292264E-03)
  );
#5769 = DIRECTION('',(0.707100097031,0.707113465279,-1.084202172486E-19)
  );
#5770 = ADVANCED_FACE('',(#5771),#5788,.T.);
#5771 = FACE_BOUND('',#5772,.T.);
#5772 = EDGE_LOOP('',(#5773,#5781,#5787));
#5773 = ORIENTED_EDGE('',*,*,#5774,.T.);
#5774 = EDGE_CURVE('',#1034,#5775,#5777,.T.);
#5775 = VERTEX_POINT('',#5776);
#5776 = CARTESIAN_POINT('',(21.304597854614,-14.34382057189,4.5));
#5777 = LINE('',#5778,#5779);
#5778 = CARTESIAN_POINT('',(21.255748748779,-14.40486049652,7.));
#5779 = VECTOR('',#5780,1.);
#5780 = DIRECTION('',(1.953009506427E-02,2.440403995526E-02,
    -0.99951138974));
#5781 = ORIENTED_EDGE('',*,*,#5782,.F.);
#5782 = EDGE_CURVE('',#1042,#5775,#5783,.T.);
#5783 = LINE('',#5784,#5785);
#5784 = CARTESIAN_POINT('',(21.34125328064,-14.29064083099,7.));
#5785 = VECTOR('',#5786,1.);
#5786 = DIRECTION('',(-1.465727955832E-02,-2.126480070794E-02,
    -0.999666430569));
#5787 = ORIENTED_EDGE('',*,*,#1041,.T.);
#5788 = PLANE('',#5789);
#5789 = AXIS2_PLACEMENT_3D('',#5790,#5791,#5792);
#5790 = CARTESIAN_POINT('',(21.301463281288,-14.34584226737,
    5.78466614746));
#5791 = DIRECTION('',(0.800538272778,-0.599280780014,1.010210069058E-03)
  );
#5792 = DIRECTION('',(0.599281085804,0.800538681262,-1.084202172486E-19)
  );
#5793 = ADVANCED_FACE('',(#5794),#5811,.T.);
#5794 = FACE_BOUND('',#5795,.T.);
#5795 = EDGE_LOOP('',(#5796,#5804,#5810));
#5796 = ORIENTED_EDGE('',*,*,#5797,.T.);
#5797 = EDGE_CURVE('',#1042,#5798,#5800,.T.);
#5798 = VERTEX_POINT('',#5799);
#5799 = CARTESIAN_POINT('',(21.384115219116,-14.21726894378,4.5));
#5800 = LINE('',#5801,#5802);
#5801 = CARTESIAN_POINT('',(21.34125328064,-14.29064083099,7.));
#5802 = VECTOR('',#5803,1.);
#5803 = DIRECTION('',(1.713488034632E-02,2.933181635645E-02,
    -0.999422853663));
#5804 = ORIENTED_EDGE('',*,*,#5805,.F.);
#5805 = EDGE_CURVE('',#1050,#5798,#5806,.T.);
#5806 = LINE('',#5807,#5808);
#5807 = CARTESIAN_POINT('',(21.409631729126,-14.16541481018,7.));
#5808 = VECTOR('',#5809,1.);
#5809 = DIRECTION('',(-1.020387793803E-02,-2.073611358665E-02,
    -0.999732911566));
#5810 = ORIENTED_EDGE('',*,*,#1049,.T.);
#5811 = PLANE('',#5812);
#5812 = AXIS2_PLACEMENT_3D('',#5813,#5814,#5815);
#5813 = CARTESIAN_POINT('',(21.37965602567,-14.22280228895,
    5.784665784575));
#5814 = DIRECTION('',(0.877678955817,-0.479248041886,9.822752531646E-04)
  );
#5815 = DIRECTION('',(0.479248273091,0.877679379238,0.));
#5816 = ADVANCED_FACE('',(#5817),#5834,.T.);
#5817 = FACE_BOUND('',#5818,.T.);
#5818 = EDGE_LOOP('',(#5819,#5827,#5833));
#5819 = ORIENTED_EDGE('',*,*,#5820,.T.);
#5820 = EDGE_CURVE('',#1050,#5821,#5823,.T.);
#5821 = VERTEX_POINT('',#5822);
#5822 = CARTESIAN_POINT('',(21.443883895874,-14.08027935028,4.5));
#5823 = LINE('',#5824,#5825);
#5824 = CARTESIAN_POINT('',(21.409631729126,-14.16541481018,7.));
#5825 = VECTOR('',#5826,1.);
#5826 = DIRECTION('',(1.369164573436E-02,3.403126479429E-02,
    -0.999326979448));
#5827 = ORIENTED_EDGE('',*,*,#5828,.F.);
#5828 = EDGE_CURVE('',#1058,#5821,#5829,.T.);
#5829 = LINE('',#5830,#5831);
#5830 = CARTESIAN_POINT('',(21.459493637085,-14.0317325592,7.));
#5831 = VECTOR('',#5832,1.);
#5832 = DIRECTION('',(-6.242597931861E-03,-1.941467789109E-02,
    -0.999792028501));
#5833 = ORIENTED_EDGE('',*,*,#1057,.T.);
#5834 = PLANE('',#5835);
#5835 = AXIS2_PLACEMENT_3D('',#5836,#5837,#5838);
#5836 = CARTESIAN_POINT('',(21.439091221598,-14.08968774676,
    5.784665151926));
#5837 = DIRECTION('',(0.93694700532,-0.349470217627,9.360629445072E-04)
  );
#5838 = DIRECTION('',(0.349470370733,0.936947415803,0.));
#5839 = ADVANCED_FACE('',(#5840),#5857,.T.);
#5840 = FACE_BOUND('',#5841,.T.);
#5841 = EDGE_LOOP('',(#5842,#5850,#5856));
#5842 = ORIENTED_EDGE('',*,*,#5843,.T.);
#5843 = EDGE_CURVE('',#1058,#5844,#5846,.T.);
#5844 = VERTEX_POINT('',#5845);
#5845 = CARTESIAN_POINT('',(21.482566833496,-13.93591117858,4.5));
#5846 = LINE('',#5847,#5848);
#5847 = CARTESIAN_POINT('',(21.459493637085,-14.0317325592,7.));
#5848 = VECTOR('',#5849,1.);
#5849 = DIRECTION('',(9.222114576669E-03,3.829880070288E-02,
    -0.999223775972));
#5850 = ORIENTED_EDGE('',*,*,#5851,.F.);
#5851 = EDGE_CURVE('',#1066,#5844,#5852,.T.);
#5852 = LINE('',#5853,#5854);
#5853 = CARTESIAN_POINT('',(21.489822387695,-13.89231491088,7.));
#5854 = VECTOR('',#5855,1.);
#5855 = DIRECTION('',(-2.901768278386E-03,-1.743578273897E-02,
    -0.999843774407));
#5856 = ORIENTED_EDGE('',*,*,#1065,.T.);
#5857 = PLANE('',#5858);
#5858 = AXIS2_PLACEMENT_3D('',#5859,#5860,#5861);
#5859 = CARTESIAN_POINT('',(21.478500475247,-13.94934003579,
    5.784664249594));
#5860 = DIRECTION('',(0.977146062074,-0.212567200671,8.709601483195E-04)
  );
#5861 = DIRECTION('',(0.212567281295,0.977146432692,0.));
#5862 = ADVANCED_FACE('',(#5863),#5880,.T.);
#5863 = FACE_BOUND('',#5864,.T.);
#5864 = EDGE_LOOP('',(#5865,#5873,#5879));
#5865 = ORIENTED_EDGE('',*,*,#5866,.T.);
#5866 = EDGE_CURVE('',#1066,#5867,#5869,.T.);
#5867 = VERTEX_POINT('',#5868);
#5868 = CARTESIAN_POINT('',(21.499300003052,-13.78739166259,4.5));
#5869 = LINE('',#5870,#5871);
#5870 = CARTESIAN_POINT('',(21.489822387695,-13.89231491088,7.));
#5871 = VECTOR('',#5872,1.);
#5872 = DIRECTION('',(3.787684560308E-03,4.193208445614E-02,
    -0.999113283737));
#5873 = ORIENTED_EDGE('',*,*,#5874,.F.);
#5874 = EDGE_CURVE('',#1074,#5867,#5875,.T.);
#5875 = LINE('',#5876,#5877);
#5876 = CARTESIAN_POINT('',(21.5,-13.75,7.));
#5877 = VECTOR('',#5878,1.);
#5878 = DIRECTION('',(-2.799674554586E-04,-1.495499181692E-02,
    -0.999888128661));
#5879 = ORIENTED_EDGE('',*,*,#1073,.T.);
#5880 = PLANE('',#5881);
#5881 = AXIS2_PLACEMENT_3D('',#5882,#5883,#5884);
#5882 = CARTESIAN_POINT('',(21.497043787592,-13.80475613878,
    5.784663135938));
#5883 = DIRECTION('',(0.997452279505,-7.133252959817E-02,
    7.876113309206E-04));
#5884 = DIRECTION('',(7.13325517231E-02,0.997452588881,
    -1.355252715607E-20));
#5885 = ADVANCED_FACE('',(#5886,#5911),#5945,.T.);
#5886 = FACE_BOUND('',#5887,.T.);
#5887 = EDGE_LOOP('',(#5888,#5896,#5904,#5910));
#5888 = ORIENTED_EDGE('',*,*,#5889,.F.);
#5889 = EDGE_CURVE('',#5890,#1074,#5892,.T.);
#5890 = VERTEX_POINT('',#5891);
#5891 = CARTESIAN_POINT('',(21.5,-13.75,2.));
#5892 = LINE('',#5893,#5894);
#5893 = CARTESIAN_POINT('',(21.5,-13.75,2.));
#5894 = VECTOR('',#5895,1.);
#5895 = DIRECTION('',(0.,0.,1.));
#5896 = ORIENTED_EDGE('',*,*,#5897,.F.);
#5897 = EDGE_CURVE('',#5898,#5890,#5900,.T.);
#5898 = VERTEX_POINT('',#5899);
#5899 = CARTESIAN_POINT('',(21.5,13.75,2.));
#5900 = LINE('',#5901,#5902);
#5901 = CARTESIAN_POINT('',(21.5,13.75,2.));
#5902 = VECTOR('',#5903,1.);
#5903 = DIRECTION('',(0.,-1.,0.));
#5904 = ORIENTED_EDGE('',*,*,#5905,.F.);
#5905 = EDGE_CURVE('',#1082,#5898,#5906,.T.);
#5906 = LINE('',#5907,#5908);
#5907 = CARTESIAN_POINT('',(21.5,13.75,7.));
#5908 = VECTOR('',#5909,1.);
#5909 = DIRECTION('',(0.,0.,-1.));
#5910 = ORIENTED_EDGE('',*,*,#1081,.F.);
#5911 = FACE_BOUND('',#5912,.T.);
#5912 = EDGE_LOOP('',(#5913,#5923,#5931,#5939));
#5913 = ORIENTED_EDGE('',*,*,#5914,.F.);
#5914 = EDGE_CURVE('',#5915,#5917,#5919,.T.);
#5915 = VERTEX_POINT('',#5916);
#5916 = CARTESIAN_POINT('',(21.5,-8.,4.832156658173));
#5917 = VERTEX_POINT('',#5918);
#5918 = CARTESIAN_POINT('',(21.5,-8.,2.167843341827));
#5919 = LINE('',#5920,#5921);
#5920 = CARTESIAN_POINT('',(21.5,-8.,4.832156658173));
#5921 = VECTOR('',#5922,1.);
#5922 = DIRECTION('',(0.,0.,-1.));
#5923 = ORIENTED_EDGE('',*,*,#5924,.F.);
#5924 = EDGE_CURVE('',#5925,#5915,#5927,.T.);
#5925 = VERTEX_POINT('',#5926);
#5926 = CARTESIAN_POINT('',(21.5,8.,4.832156658173));
#5927 = LINE('',#5928,#5929);
#5928 = CARTESIAN_POINT('',(21.5,8.,4.832156658173));
#5929 = VECTOR('',#5930,1.);
#5930 = DIRECTION('',(0.,-1.,0.));
#5931 = ORIENTED_EDGE('',*,*,#5932,.F.);
#5932 = EDGE_CURVE('',#5933,#5925,#5935,.T.);
#5933 = VERTEX_POINT('',#5934);
#5934 = CARTESIAN_POINT('',(21.5,8.,2.167843341827));
#5935 = LINE('',#5936,#5937);
#5936 = CARTESIAN_POINT('',(21.5,8.,2.167843341827));
#5937 = VECTOR('',#5938,1.);
#5938 = DIRECTION('',(0.,0.,1.));
#5939 = ORIENTED_EDGE('',*,*,#5940,.F.);
#5940 = EDGE_CURVE('',#5917,#5933,#5941,.T.);
#5941 = LINE('',#5942,#5943);
#5942 = CARTESIAN_POINT('',(21.5,-8.,2.167843341827));
#5943 = VECTOR('',#5944,1.);
#5944 = DIRECTION('',(0.,1.,0.));
#5945 = PLANE('',#5946);
#5946 = AXIS2_PLACEMENT_3D('',#5947,#5948,#5949);
#5947 = CARTESIAN_POINT('',(21.5,0.,4.5));
#5948 = DIRECTION('',(1.,0.,0.));
#5949 = DIRECTION('',(0.,0.,1.));
#5950 = ADVANCED_FACE('',(#5951),#5968,.T.);
#5951 = FACE_BOUND('',#5952,.T.);
#5952 = EDGE_LOOP('',(#5953,#5961,#5967));
#5953 = ORIENTED_EDGE('',*,*,#5954,.T.);
#5954 = EDGE_CURVE('',#1082,#5955,#5957,.T.);
#5955 = VERTEX_POINT('',#5956);
#5956 = CARTESIAN_POINT('',(21.499300003052,13.787391662598,4.5));
#5957 = LINE('',#5958,#5959);
#5958 = CARTESIAN_POINT('',(21.5,13.75,7.));
#5959 = VECTOR('',#5960,1.);
#5960 = DIRECTION('',(-2.799674554586E-04,1.495499181692E-02,
    -0.999888128661));
#5961 = ORIENTED_EDGE('',*,*,#5962,.F.);
#5962 = EDGE_CURVE('',#1090,#5955,#5963,.T.);
#5963 = LINE('',#5964,#5965);
#5964 = CARTESIAN_POINT('',(21.489822387695,13.892314910889,7.));
#5965 = VECTOR('',#5966,1.);
#5966 = DIRECTION('',(3.787684560308E-03,-4.193208445614E-02,
    -0.999113283737));
#5967 = ORIENTED_EDGE('',*,*,#1089,.F.);
#5968 = PLANE('',#5969);
#5969 = AXIS2_PLACEMENT_3D('',#5970,#5971,#5972);
#5970 = CARTESIAN_POINT('',(21.497043787592,13.804756138784,
    5.784663135938));
#5971 = DIRECTION('',(0.997452279505,7.133252959817E-02,
    7.876113309206E-04));
#5972 = DIRECTION('',(-7.13325517231E-02,0.997452588881,
    1.355252715607E-20));
#5973 = ADVANCED_FACE('',(#5974),#5991,.T.);
#5974 = FACE_BOUND('',#5975,.T.);
#5975 = EDGE_LOOP('',(#5976,#5984,#5990));
#5976 = ORIENTED_EDGE('',*,*,#5977,.T.);
#5977 = EDGE_CURVE('',#1090,#5978,#5980,.T.);
#5978 = VERTEX_POINT('',#5979);
#5979 = CARTESIAN_POINT('',(21.482566833496,13.935911178589,4.5));
#5980 = LINE('',#5981,#5982);
#5981 = CARTESIAN_POINT('',(21.489822387695,13.892314910889,7.));
#5982 = VECTOR('',#5983,1.);
#5983 = DIRECTION('',(-2.901768278386E-03,1.743578273897E-02,
    -0.999843774407));
#5984 = ORIENTED_EDGE('',*,*,#5985,.F.);
#5985 = EDGE_CURVE('',#1098,#5978,#5986,.T.);
#5986 = LINE('',#5987,#5988);
#5987 = CARTESIAN_POINT('',(21.459493637085,14.031732559204,7.));
#5988 = VECTOR('',#5989,1.);
#5989 = DIRECTION('',(9.222114576669E-03,-3.829880070288E-02,
    -0.999223775972));
#5990 = ORIENTED_EDGE('',*,*,#1097,.F.);
#5991 = PLANE('',#5992);
#5992 = AXIS2_PLACEMENT_3D('',#5993,#5994,#5995);
#5993 = CARTESIAN_POINT('',(21.478500475247,13.949340035795,
    5.784664249594));
#5994 = DIRECTION('',(0.977146062074,0.212567200671,8.709601483195E-04)
  );
#5995 = DIRECTION('',(-0.212567281295,0.977146432692,0.));
#5996 = ADVANCED_FACE('',(#5997),#6014,.T.);
#5997 = FACE_BOUND('',#5998,.T.);
#5998 = EDGE_LOOP('',(#5999,#6007,#6013));
#5999 = ORIENTED_EDGE('',*,*,#6000,.T.);
#6000 = EDGE_CURVE('',#1098,#6001,#6003,.T.);
#6001 = VERTEX_POINT('',#6002);
#6002 = CARTESIAN_POINT('',(21.443883895874,14.080279350281,4.5));
#6003 = LINE('',#6004,#6005);
#6004 = CARTESIAN_POINT('',(21.459493637085,14.031732559204,7.));
#6005 = VECTOR('',#6006,1.);
#6006 = DIRECTION('',(-6.242597931861E-03,1.941467789109E-02,
    -0.999792028501));
#6007 = ORIENTED_EDGE('',*,*,#6008,.F.);
#6008 = EDGE_CURVE('',#1106,#6001,#6009,.T.);
#6009 = LINE('',#6010,#6011);
#6010 = CARTESIAN_POINT('',(21.409631729126,14.165414810181,7.));
#6011 = VECTOR('',#6012,1.);
#6012 = DIRECTION('',(1.369164573436E-02,-3.403126479429E-02,
    -0.999326979448));
#6013 = ORIENTED_EDGE('',*,*,#1105,.F.);
#6014 = PLANE('',#6015);
#6015 = AXIS2_PLACEMENT_3D('',#6016,#6017,#6018);
#6016 = CARTESIAN_POINT('',(21.439091221598,14.08968774676,
    5.784665151926));
#6017 = DIRECTION('',(0.93694700532,0.349470217627,9.360629445072E-04));
#6018 = DIRECTION('',(-0.349470370733,0.936947415803,0.));
#6019 = ADVANCED_FACE('',(#6020),#6037,.T.);
#6020 = FACE_BOUND('',#6021,.T.);
#6021 = EDGE_LOOP('',(#6022,#6030,#6036));
#6022 = ORIENTED_EDGE('',*,*,#6023,.T.);
#6023 = EDGE_CURVE('',#1106,#6024,#6026,.T.);
#6024 = VERTEX_POINT('',#6025);
#6025 = CARTESIAN_POINT('',(21.384115219116,14.217268943787,4.5));
#6026 = LINE('',#6027,#6028);
#6027 = CARTESIAN_POINT('',(21.409631729126,14.165414810181,7.));
#6028 = VECTOR('',#6029,1.);
#6029 = DIRECTION('',(-1.020387793803E-02,2.073611358665E-02,
    -0.999732911566));
#6030 = ORIENTED_EDGE('',*,*,#6031,.F.);
#6031 = EDGE_CURVE('',#1114,#6024,#6032,.T.);
#6032 = LINE('',#6033,#6034);
#6033 = CARTESIAN_POINT('',(21.34125328064,14.290640830994,7.));
#6034 = VECTOR('',#6035,1.);
#6035 = DIRECTION('',(1.713488034632E-02,-2.933181635645E-02,
    -0.999422853663));
#6036 = ORIENTED_EDGE('',*,*,#1113,.F.);
#6037 = PLANE('',#6038);
#6038 = AXIS2_PLACEMENT_3D('',#6039,#6040,#6041);
#6039 = CARTESIAN_POINT('',(21.37965602567,14.222802288959,
    5.784665784575));
#6040 = DIRECTION('',(0.877678955817,0.479248041886,9.822752531646E-04)
  );
#6041 = DIRECTION('',(-0.479248273091,0.877679379238,0.));
#6042 = ADVANCED_FACE('',(#6043),#6060,.T.);
#6043 = FACE_BOUND('',#6044,.T.);
#6044 = EDGE_LOOP('',(#6045,#6053,#6059));
#6045 = ORIENTED_EDGE('',*,*,#6046,.T.);
#6046 = EDGE_CURVE('',#1114,#6047,#6049,.T.);
#6047 = VERTEX_POINT('',#6048);
#6048 = CARTESIAN_POINT('',(21.304597854614,14.343820571899,4.5));
#6049 = LINE('',#6050,#6051);
#6050 = CARTESIAN_POINT('',(21.34125328064,14.290640830994,7.));
#6051 = VECTOR('',#6052,1.);
#6052 = DIRECTION('',(-1.465727955832E-02,2.126480070794E-02,
    -0.999666430569));
#6053 = ORIENTED_EDGE('',*,*,#6054,.F.);
#6054 = EDGE_CURVE('',#1122,#6047,#6055,.T.);
#6055 = LINE('',#6056,#6057);
#6056 = CARTESIAN_POINT('',(21.255748748779,14.404860496521,7.));
#6057 = VECTOR('',#6058,1.);
#6058 = DIRECTION('',(1.953009506427E-02,-2.440403995526E-02,
    -0.99951138974));
#6059 = ORIENTED_EDGE('',*,*,#1121,.F.);
#6060 = PLANE('',#6061);
#6061 = AXIS2_PLACEMENT_3D('',#6062,#6063,#6064);
#6062 = CARTESIAN_POINT('',(21.301463281288,14.345842267371,
    5.78466614746));
#6063 = DIRECTION('',(0.800538272778,0.599280780014,1.010210069058E-03)
  );
#6064 = DIRECTION('',(-0.599281085804,0.800538681262,1.084202172486E-19)
  );
#6065 = ADVANCED_FACE('',(#6066),#6083,.T.);
#6066 = FACE_BOUND('',#6067,.T.);
#6067 = EDGE_LOOP('',(#6068,#6076,#6082));
#6068 = ORIENTED_EDGE('',*,*,#6069,.T.);
#6069 = EDGE_CURVE('',#1122,#6070,#6072,.T.);
#6070 = VERTEX_POINT('',#6071);
#6071 = CARTESIAN_POINT('',(21.207107543945,14.457106590271,4.5));
#6072 = LINE('',#6073,#6074);
#6073 = CARTESIAN_POINT('',(21.255748748779,14.404860496521,7.));
#6074 = VECTOR('',#6075,1.);
#6075 = DIRECTION('',(-1.944855535135E-02,2.08899234642E-02,
    -0.999592599409));
#6076 = ORIENTED_EDGE('',*,*,#6077,.F.);
#6077 = EDGE_CURVE('',#1130,#6070,#6078,.T.);
#6078 = LINE('',#6079,#6080);
#6079 = CARTESIAN_POINT('',(21.154861450195,14.505749702454,7.));
#6080 = VECTOR('',#6081,1.);
#6081 = DIRECTION('',(2.088992315436E-02,-1.94493176915E-02,
    -0.999592584582));
#6082 = ORIENTED_EDGE('',*,*,#1129,.F.);
#6083 = PLANE('',#6084);
#6084 = AXIS2_PLACEMENT_3D('',#6085,#6086,#6087);
#6085 = CARTESIAN_POINT('',(21.206181328089,14.456180864839,
    5.784666041609));
#6086 = DIRECTION('',(0.70711309791,0.707099729669,1.019346292264E-03));
#6087 = DIRECTION('',(-0.707100097031,0.707113465279,1.084202172486E-19)
  );
#6088 = ADVANCED_FACE('',(#6089),#6106,.T.);
#6089 = FACE_BOUND('',#6090,.T.);
#6090 = EDGE_LOOP('',(#6091,#6099,#6105));
#6091 = ORIENTED_EDGE('',*,*,#6092,.T.);
#6092 = EDGE_CURVE('',#1130,#6093,#6095,.T.);
#6093 = VERTEX_POINT('',#6094);
#6094 = CARTESIAN_POINT('',(21.093820571899,14.554597854614,4.5));
#6095 = LINE('',#6096,#6097);
#6096 = CARTESIAN_POINT('',(21.154861450195,14.505749702454,7.));
#6097 = VECTOR('',#6098,1.);
#6098 = DIRECTION('',(-2.440442119325E-02,1.952971374464E-02,
    -0.999511387883));
#6099 = ORIENTED_EDGE('',*,*,#6100,.F.);
#6100 = EDGE_CURVE('',#1138,#6093,#6101,.T.);
#6101 = LINE('',#6102,#6103);
#6102 = CARTESIAN_POINT('',(21.040639877319,14.59125328064,7.));
#6103 = VECTOR('',#6104,1.);
#6104 = DIRECTION('',(2.126518187798E-02,-1.465727943946E-02,
    -0.999666422463));
#6105 = ORIENTED_EDGE('',*,*,#1137,.F.);
#6106 = PLANE('',#6107);
#6107 = AXIS2_PLACEMENT_3D('',#6108,#6109,#6110);
#6108 = CARTESIAN_POINT('',(21.095842267674,14.551463525852,
    5.784666372985));
#6109 = DIRECTION('',(0.599270083193,0.800546280424,1.010093721304E-03)
  );
#6110 = DIRECTION('',(0.800546688819,-0.599270388907,0.));
#6111 = ADVANCED_FACE('',(#6112),#6129,.T.);
#6112 = FACE_BOUND('',#6113,.T.);
#6113 = EDGE_LOOP('',(#6114,#6122,#6128));
#6114 = ORIENTED_EDGE('',*,*,#6115,.T.);
#6115 = EDGE_CURVE('',#1138,#6116,#6118,.T.);
#6116 = VERTEX_POINT('',#6117);
#6117 = CARTESIAN_POINT('',(20.967267990112,14.634115219116,4.5));
#6118 = LINE('',#6119,#6120);
#6119 = CARTESIAN_POINT('',(21.040639877319,14.59125328064,7.));
#6120 = VECTOR('',#6121,1.);
#6121 = DIRECTION('',(-2.933181635645E-02,1.713488034632E-02,
    -0.999422853663));
#6122 = ORIENTED_EDGE('',*,*,#6123,.F.);
#6123 = EDGE_CURVE('',#1146,#6116,#6124,.T.);
#6124 = LINE('',#6125,#6126);
#6125 = CARTESIAN_POINT('',(20.915414810181,14.659631729126,7.));
#6126 = VECTOR('',#6127,1.);
#6127 = DIRECTION('',(2.073573238279E-02,-1.020387801872E-02,
    -0.999732919472));
#6128 = ORIENTED_EDGE('',*,*,#1145,.F.);
#6129 = PLANE('',#6130);
#6130 = AXIS2_PLACEMENT_3D('',#6131,#6132,#6133);
#6131 = CARTESIAN_POINT('',(20.97280157955,14.62965602629,5.784665586982
    ));
#6132 = DIRECTION('',(0.479250853449,0.877677420706,9.821664181881E-04)
  );
#6133 = DIRECTION('',(0.877677844033,-0.479251084604,0.));
#6134 = ADVANCED_FACE('',(#6135),#6152,.T.);
#6135 = FACE_BOUND('',#6136,.T.);
#6136 = EDGE_LOOP('',(#6137,#6145,#6151));
#6137 = ORIENTED_EDGE('',*,*,#6138,.T.);
#6138 = EDGE_CURVE('',#1146,#6139,#6141,.T.);
#6139 = VERTEX_POINT('',#6140);
#6140 = CARTESIAN_POINT('',(20.830278396606,14.6938829422,4.5));
#6141 = LINE('',#6142,#6143);
#6142 = CARTESIAN_POINT('',(20.915414810181,14.659631729126,7.));
#6143 = VECTOR('',#6144,1.);
#6144 = DIRECTION('',(-3.40316457434E-02,1.369126441521E-02,
    -0.9993269717));
#6145 = ORIENTED_EDGE('',*,*,#6146,.F.);
#6146 = EDGE_CURVE('',#1154,#6139,#6147,.T.);
#6147 = LINE('',#6148,#6149);
#6148 = CARTESIAN_POINT('',(20.781732559204,14.709492683411,7.));
#6149 = VECTOR('',#6150,1.);
#6150 = DIRECTION('',(1.941429664445E-02,-6.242597978085E-03,
    -0.999792035904));
#6151 = ORIENTED_EDGE('',*,*,#1153,.F.);
#6152 = PLANE('',#6153);
#6153 = AXIS2_PLACEMENT_3D('',#6154,#6155,#6156);
#6154 = CARTESIAN_POINT('',(20.839687282817,14.68909051321,
    5.784665073192));
#6155 = DIRECTION('',(0.34946434994,0.936949194138,9.35802024715E-04));
#6156 = DIRECTION('',(0.936949604393,-0.349464502957,0.));
#6157 = ADVANCED_FACE('',(#6158),#6175,.T.);
#6158 = FACE_BOUND('',#6159,.T.);
#6159 = EDGE_LOOP('',(#6160,#6168,#6174));
#6160 = ORIENTED_EDGE('',*,*,#6161,.T.);
#6161 = EDGE_CURVE('',#1154,#6162,#6164,.T.);
#6162 = VERTEX_POINT('',#6163);
#6163 = CARTESIAN_POINT('',(20.685911178589,14.732566833496,4.5));
#6164 = LINE('',#6165,#6166);
#6165 = CARTESIAN_POINT('',(20.781732559204,14.709492683411,7.));
#6166 = VECTOR('',#6167,1.);
#6167 = DIRECTION('',(-3.829880056824E-02,9.22249571787E-03,
    -0.999223772459));
#6168 = ORIENTED_EDGE('',*,*,#6169,.F.);
#6169 = EDGE_CURVE('',#784,#6162,#6170,.T.);
#6170 = LINE('',#6171,#6172);
#6171 = CARTESIAN_POINT('',(20.642314910889,14.739821434021,7.));
#6172 = VECTOR('',#6173,1.);
#6173 = DIRECTION('',(1.743578275827E-02,-2.901386871465E-03,
    -0.999843775514));
#6174 = ORIENTED_EDGE('',*,*,#1161,.F.);
#6175 = PLANE('',#6176);
#6176 = AXIS2_PLACEMENT_3D('',#6177,#6178,#6179);
#6177 = CARTESIAN_POINT('',(20.699340035873,14.72849998517,
    5.784664249553));
#6178 = DIRECTION('',(0.212567200602,0.977146061757,8.713328996777E-04)
  );
#6179 = DIRECTION('',(0.977146432692,-0.212567281295,2.710505431214E-20)
  );
#6180 = ADVANCED_FACE('',(#6181),#6213,.T.);
#6181 = FACE_BOUND('',#6182,.T.);
#6182 = EDGE_LOOP('',(#6183,#6191,#6199,#6205,#6206,#6212));
#6183 = ORIENTED_EDGE('',*,*,#6184,.F.);
#6184 = EDGE_CURVE('',#6185,#2513,#6187,.T.);
#6185 = VERTEX_POINT('',#6186);
#6186 = CARTESIAN_POINT('',(-4.730000019073,6.5,2.));
#6187 = LINE('',#6188,#6189);
#6188 = CARTESIAN_POINT('',(-4.730000019073,6.5,2.));
#6189 = VECTOR('',#6190,1.);
#6190 = DIRECTION('',(0.,0.,-1.));
#6191 = ORIENTED_EDGE('',*,*,#6192,.T.);
#6192 = EDGE_CURVE('',#6185,#6193,#6195,.T.);
#6193 = VERTEX_POINT('',#6194);
#6194 = CARTESIAN_POINT('',(-4.730000019073,8.979999542236,2.));
#6195 = LINE('',#6196,#6197);
#6196 = CARTESIAN_POINT('',(-4.730000019073,6.5,2.));
#6197 = VECTOR('',#6198,1.);
#6198 = DIRECTION('',(0.,1.,0.));
#6199 = ORIENTED_EDGE('',*,*,#6200,.T.);
#6200 = EDGE_CURVE('',#6193,#1172,#6201,.T.);
#6201 = LINE('',#6202,#6203);
#6202 = CARTESIAN_POINT('',(-4.730000019073,8.979999542236,2.));
#6203 = VECTOR('',#6204,1.);
#6204 = DIRECTION('',(0.,0.,1.));
#6205 = ORIENTED_EDGE('',*,*,#1169,.F.);
#6206 = ORIENTED_EDGE('',*,*,#6207,.F.);
#6207 = EDGE_CURVE('',#2521,#1170,#6208,.T.);
#6208 = LINE('',#6209,#6210);
#6209 = CARTESIAN_POINT('',(-4.730000019073,13.75,0.));
#6210 = VECTOR('',#6211,1.);
#6211 = DIRECTION('',(0.,0.,1.));
#6212 = ORIENTED_EDGE('',*,*,#2520,.F.);
#6213 = PLANE('',#6214);
#6214 = AXIS2_PLACEMENT_3D('',#6215,#6216,#6217);
#6215 = CARTESIAN_POINT('',(-4.730000019073,10.560087638989,
    3.064912361011));
#6216 = DIRECTION('',(-1.,-0.,-0.));
#6217 = DIRECTION('',(0.,0.,-1.));
#6218 = ADVANCED_FACE('',(#6219),#6493,.T.);
#6219 = FACE_BOUND('',#6220,.T.);
#6220 = EDGE_LOOP('',(#6221,#6231,#6239,#6247,#6255,#6263,#6271,#6277,
    #6278,#6279,#6287,#6295,#6303,#6311,#6319,#6327,#6335,#6343,#6351,
    #6359,#6367,#6375,#6383,#6391,#6399,#6407,#6415,#6423,#6431,#6439,
    #6447,#6455,#6463,#6471,#6479,#6487));
#6221 = ORIENTED_EDGE('',*,*,#6222,.T.);
#6222 = EDGE_CURVE('',#6223,#6225,#6227,.T.);
#6223 = VERTEX_POINT('',#6224);
#6224 = CARTESIAN_POINT('',(14.010000228882,8.979999542236,
    5.400000095367));
#6225 = VERTEX_POINT('',#6226);
#6226 = CARTESIAN_POINT('',(14.010000228882,8.979999542236,2.));
#6227 = LINE('',#6228,#6229);
#6228 = CARTESIAN_POINT('',(14.010000228882,8.979999542236,
    5.400000095367));
#6229 = VECTOR('',#6230,1.);
#6230 = DIRECTION('',(0.,0.,-1.));
#6231 = ORIENTED_EDGE('',*,*,#6232,.T.);
#6232 = EDGE_CURVE('',#6225,#6233,#6235,.T.);
#6233 = VERTEX_POINT('',#6234);
#6234 = CARTESIAN_POINT('',(14.449999809265,8.979999542236,2.));
#6235 = LINE('',#6236,#6237);
#6236 = CARTESIAN_POINT('',(14.010000228882,8.979999542236,2.));
#6237 = VECTOR('',#6238,1.);
#6238 = DIRECTION('',(1.,0.,0.));
#6239 = ORIENTED_EDGE('',*,*,#6240,.F.);
#6240 = EDGE_CURVE('',#6241,#6233,#6243,.T.);
#6241 = VERTEX_POINT('',#6242);
#6242 = CARTESIAN_POINT('',(14.449999809265,8.979999542236,
    5.400000095367));
#6243 = LINE('',#6244,#6245);
#6244 = CARTESIAN_POINT('',(14.449999809265,8.979999542236,
    5.400000095367));
#6245 = VECTOR('',#6246,1.);
#6246 = DIRECTION('',(0.,0.,-1.));
#6247 = ORIENTED_EDGE('',*,*,#6248,.F.);
#6248 = EDGE_CURVE('',#6249,#6241,#6251,.T.);
#6249 = VERTEX_POINT('',#6250);
#6250 = CARTESIAN_POINT('',(16.549999237061,8.979999542236,
    5.400000095367));
#6251 = LINE('',#6252,#6253);
#6252 = CARTESIAN_POINT('',(16.549999237061,8.979999542236,
    5.400000095367));
#6253 = VECTOR('',#6254,1.);
#6254 = DIRECTION('',(-1.,0.,0.));
#6255 = ORIENTED_EDGE('',*,*,#6256,.F.);
#6256 = EDGE_CURVE('',#6257,#6249,#6259,.T.);
#6257 = VERTEX_POINT('',#6258);
#6258 = CARTESIAN_POINT('',(16.549999237061,8.979999542236,2.));
#6259 = LINE('',#6260,#6261);
#6260 = CARTESIAN_POINT('',(16.549999237061,8.979999542236,2.));
#6261 = VECTOR('',#6262,1.);
#6262 = DIRECTION('',(0.,0.,1.));
#6263 = ORIENTED_EDGE('',*,*,#6264,.T.);
#6264 = EDGE_CURVE('',#6257,#6265,#6267,.T.);
#6265 = VERTEX_POINT('',#6266);
#6266 = CARTESIAN_POINT('',(17.950000762939,8.979999542236,2.));
#6267 = LINE('',#6268,#6269);
#6268 = CARTESIAN_POINT('',(16.549999237061,8.979999542236,2.));
#6269 = VECTOR('',#6270,1.);
#6270 = DIRECTION('',(1.,0.,0.));
#6271 = ORIENTED_EDGE('',*,*,#6272,.F.);
#6272 = EDGE_CURVE('',#1180,#6265,#6273,.T.);
#6273 = LINE('',#6274,#6275);
#6274 = CARTESIAN_POINT('',(17.950000762939,8.979999542236,7.));
#6275 = VECTOR('',#6276,1.);
#6276 = DIRECTION('',(0.,0.,-1.));
#6277 = ORIENTED_EDGE('',*,*,#1179,.F.);
#6278 = ORIENTED_EDGE('',*,*,#6200,.F.);
#6279 = ORIENTED_EDGE('',*,*,#6280,.T.);
#6280 = EDGE_CURVE('',#6193,#6281,#6283,.T.);
#6281 = VERTEX_POINT('',#6282);
#6282 = CARTESIAN_POINT('',(-3.329999923706,8.979999542236,2.));
#6283 = LINE('',#6284,#6285);
#6284 = CARTESIAN_POINT('',(-4.730000019073,8.979999542236,2.));
#6285 = VECTOR('',#6286,1.);
#6286 = DIRECTION('',(1.,0.,0.));
#6287 = ORIENTED_EDGE('',*,*,#6288,.F.);
#6288 = EDGE_CURVE('',#6289,#6281,#6291,.T.);
#6289 = VERTEX_POINT('',#6290);
#6290 = CARTESIAN_POINT('',(-3.329999923706,8.979999542236,
    5.400000095367));
#6291 = LINE('',#6292,#6293);
#6292 = CARTESIAN_POINT('',(-3.329999923706,8.979999542236,
    5.400000095367));
#6293 = VECTOR('',#6294,1.);
#6294 = DIRECTION('',(0.,0.,-1.));
#6295 = ORIENTED_EDGE('',*,*,#6296,.F.);
#6296 = EDGE_CURVE('',#6297,#6289,#6299,.T.);
#6297 = VERTEX_POINT('',#6298);
#6298 = CARTESIAN_POINT('',(-1.230000019073,8.979999542236,
    5.400000095367));
#6299 = LINE('',#6300,#6301);
#6300 = CARTESIAN_POINT('',(-1.230000019073,8.979999542236,
    5.400000095367));
#6301 = VECTOR('',#6302,1.);
#6302 = DIRECTION('',(-1.,0.,0.));
#6303 = ORIENTED_EDGE('',*,*,#6304,.F.);
#6304 = EDGE_CURVE('',#6305,#6297,#6307,.T.);
#6305 = VERTEX_POINT('',#6306);
#6306 = CARTESIAN_POINT('',(-1.230000019073,8.979999542236,2.));
#6307 = LINE('',#6308,#6309);
#6308 = CARTESIAN_POINT('',(-1.230000019073,8.979999542236,2.));
#6309 = VECTOR('',#6310,1.);
#6310 = DIRECTION('',(0.,0.,1.));
#6311 = ORIENTED_EDGE('',*,*,#6312,.F.);
#6312 = EDGE_CURVE('',#6313,#6305,#6315,.T.);
#6313 = VERTEX_POINT('',#6314);
#6314 = CARTESIAN_POINT('',(-0.790000021458,8.979999542236,2.));
#6315 = LINE('',#6316,#6317);
#6316 = CARTESIAN_POINT('',(-0.790000021458,8.979999542236,2.));
#6317 = VECTOR('',#6318,1.);
#6318 = DIRECTION('',(-1.,0.,0.));
#6319 = ORIENTED_EDGE('',*,*,#6320,.F.);
#6320 = EDGE_CURVE('',#6321,#6313,#6323,.T.);
#6321 = VERTEX_POINT('',#6322);
#6322 = CARTESIAN_POINT('',(-0.790000021458,8.979999542236,
    5.400000095367));
#6323 = LINE('',#6324,#6325);
#6324 = CARTESIAN_POINT('',(-0.790000021458,8.979999542236,
    5.400000095367));
#6325 = VECTOR('',#6326,1.);
#6326 = DIRECTION('',(0.,0.,-1.));
#6327 = ORIENTED_EDGE('',*,*,#6328,.F.);
#6328 = EDGE_CURVE('',#6329,#6321,#6331,.T.);
#6329 = VERTEX_POINT('',#6330);
#6330 = CARTESIAN_POINT('',(1.30999994278,8.979999542236,5.400000095367)
  );
#6331 = LINE('',#6332,#6333);
#6332 = CARTESIAN_POINT('',(1.30999994278,8.979999542236,5.400000095367)
  );
#6333 = VECTOR('',#6334,1.);
#6334 = DIRECTION('',(-1.,0.,0.));
#6335 = ORIENTED_EDGE('',*,*,#6336,.F.);
#6336 = EDGE_CURVE('',#6337,#6329,#6339,.T.);
#6337 = VERTEX_POINT('',#6338);
#6338 = CARTESIAN_POINT('',(1.30999994278,8.979999542236,2.));
#6339 = LINE('',#6340,#6341);
#6340 = CARTESIAN_POINT('',(1.30999994278,8.979999542236,2.));
#6341 = VECTOR('',#6342,1.);
#6342 = DIRECTION('',(0.,0.,1.));
#6343 = ORIENTED_EDGE('',*,*,#6344,.T.);
#6344 = EDGE_CURVE('',#6337,#6345,#6347,.T.);
#6345 = VERTEX_POINT('',#6346);
#6346 = CARTESIAN_POINT('',(1.75,8.979999542236,2.));
#6347 = LINE('',#6348,#6349);
#6348 = CARTESIAN_POINT('',(1.30999994278,8.979999542236,2.));
#6349 = VECTOR('',#6350,1.);
#6350 = DIRECTION('',(1.,0.,0.));
#6351 = ORIENTED_EDGE('',*,*,#6352,.F.);
#6352 = EDGE_CURVE('',#6353,#6345,#6355,.T.);
#6353 = VERTEX_POINT('',#6354);
#6354 = CARTESIAN_POINT('',(1.75,8.979999542236,5.400000095367));
#6355 = LINE('',#6356,#6357);
#6356 = CARTESIAN_POINT('',(1.75,8.979999542236,5.400000095367));
#6357 = VECTOR('',#6358,1.);
#6358 = DIRECTION('',(0.,0.,-1.));
#6359 = ORIENTED_EDGE('',*,*,#6360,.F.);
#6360 = EDGE_CURVE('',#6361,#6353,#6363,.T.);
#6361 = VERTEX_POINT('',#6362);
#6362 = CARTESIAN_POINT('',(3.849999904633,8.979999542236,5.400000095367
    ));
#6363 = LINE('',#6364,#6365);
#6364 = CARTESIAN_POINT('',(3.849999904633,8.979999542236,5.400000095367
    ));
#6365 = VECTOR('',#6366,1.);
#6366 = DIRECTION('',(-1.,0.,0.));
#6367 = ORIENTED_EDGE('',*,*,#6368,.T.);
#6368 = EDGE_CURVE('',#6361,#6369,#6371,.T.);
#6369 = VERTEX_POINT('',#6370);
#6370 = CARTESIAN_POINT('',(3.849999904633,8.979999542236,2.));
#6371 = LINE('',#6372,#6373);
#6372 = CARTESIAN_POINT('',(3.849999904633,8.979999542236,5.400000095367
    ));
#6373 = VECTOR('',#6374,1.);
#6374 = DIRECTION('',(0.,0.,-1.));
#6375 = ORIENTED_EDGE('',*,*,#6376,.T.);
#6376 = EDGE_CURVE('',#6369,#6377,#6379,.T.);
#6377 = VERTEX_POINT('',#6378);
#6378 = CARTESIAN_POINT('',(4.289999961853,8.979999542236,2.));
#6379 = LINE('',#6380,#6381);
#6380 = CARTESIAN_POINT('',(3.849999904633,8.979999542236,2.));
#6381 = VECTOR('',#6382,1.);
#6382 = DIRECTION('',(1.,0.,0.));
#6383 = ORIENTED_EDGE('',*,*,#6384,.T.);
#6384 = EDGE_CURVE('',#6377,#6385,#6387,.T.);
#6385 = VERTEX_POINT('',#6386);
#6386 = CARTESIAN_POINT('',(4.289999961853,8.979999542236,5.400000095367
    ));
#6387 = LINE('',#6388,#6389);
#6388 = CARTESIAN_POINT('',(4.289999961853,8.979999542236,2.));
#6389 = VECTOR('',#6390,1.);
#6390 = DIRECTION('',(0.,0.,1.));
#6391 = ORIENTED_EDGE('',*,*,#6392,.F.);
#6392 = EDGE_CURVE('',#6393,#6385,#6395,.T.);
#6393 = VERTEX_POINT('',#6394);
#6394 = CARTESIAN_POINT('',(6.389999866486,8.979999542236,5.400000095367
    ));
#6395 = LINE('',#6396,#6397);
#6396 = CARTESIAN_POINT('',(6.389999866486,8.979999542236,5.400000095367
    ));
#6397 = VECTOR('',#6398,1.);
#6398 = DIRECTION('',(-1.,0.,0.));
#6399 = ORIENTED_EDGE('',*,*,#6400,.T.);
#6400 = EDGE_CURVE('',#6393,#6401,#6403,.T.);
#6401 = VERTEX_POINT('',#6402);
#6402 = CARTESIAN_POINT('',(6.389999866486,8.979999542236,2.));
#6403 = LINE('',#6404,#6405);
#6404 = CARTESIAN_POINT('',(6.389999866486,8.979999542236,5.400000095367
    ));
#6405 = VECTOR('',#6406,1.);
#6406 = DIRECTION('',(0.,0.,-1.));
#6407 = ORIENTED_EDGE('',*,*,#6408,.T.);
#6408 = EDGE_CURVE('',#6401,#6409,#6411,.T.);
#6409 = VERTEX_POINT('',#6410);
#6410 = CARTESIAN_POINT('',(6.829999923706,8.979999542236,2.));
#6411 = LINE('',#6412,#6413);
#6412 = CARTESIAN_POINT('',(6.389999866486,8.979999542236,2.));
#6413 = VECTOR('',#6414,1.);
#6414 = DIRECTION('',(1.,0.,0.));
#6415 = ORIENTED_EDGE('',*,*,#6416,.T.);
#6416 = EDGE_CURVE('',#6409,#6417,#6419,.T.);
#6417 = VERTEX_POINT('',#6418);
#6418 = CARTESIAN_POINT('',(6.829999923706,8.979999542236,5.400000095367
    ));
#6419 = LINE('',#6420,#6421);
#6420 = CARTESIAN_POINT('',(6.829999923706,8.979999542236,2.));
#6421 = VECTOR('',#6422,1.);
#6422 = DIRECTION('',(0.,0.,1.));
#6423 = ORIENTED_EDGE('',*,*,#6424,.F.);
#6424 = EDGE_CURVE('',#6425,#6417,#6427,.T.);
#6425 = VERTEX_POINT('',#6426);
#6426 = CARTESIAN_POINT('',(8.930000305176,8.979999542236,5.400000095367
    ));
#6427 = LINE('',#6428,#6429);
#6428 = CARTESIAN_POINT('',(8.930000305176,8.979999542236,5.400000095367
    ));
#6429 = VECTOR('',#6430,1.);
#6430 = DIRECTION('',(-1.,0.,0.));
#6431 = ORIENTED_EDGE('',*,*,#6432,.T.);
#6432 = EDGE_CURVE('',#6425,#6433,#6435,.T.);
#6433 = VERTEX_POINT('',#6434);
#6434 = CARTESIAN_POINT('',(8.930000305176,8.979999542236,2.));
#6435 = LINE('',#6436,#6437);
#6436 = CARTESIAN_POINT('',(8.930000305176,8.979999542236,5.400000095367
    ));
#6437 = VECTOR('',#6438,1.);
#6438 = DIRECTION('',(0.,0.,-1.));
#6439 = ORIENTED_EDGE('',*,*,#6440,.T.);
#6440 = EDGE_CURVE('',#6433,#6441,#6443,.T.);
#6441 = VERTEX_POINT('',#6442);
#6442 = CARTESIAN_POINT('',(9.369999885559,8.979999542236,2.));
#6443 = LINE('',#6444,#6445);
#6444 = CARTESIAN_POINT('',(8.930000305176,8.979999542236,2.));
#6445 = VECTOR('',#6446,1.);
#6446 = DIRECTION('',(1.,0.,0.));
#6447 = ORIENTED_EDGE('',*,*,#6448,.T.);
#6448 = EDGE_CURVE('',#6441,#6449,#6451,.T.);
#6449 = VERTEX_POINT('',#6450);
#6450 = CARTESIAN_POINT('',(9.369999885559,8.979999542236,5.400000095367
    ));
#6451 = LINE('',#6452,#6453);
#6452 = CARTESIAN_POINT('',(9.369999885559,8.979999542236,2.));
#6453 = VECTOR('',#6454,1.);
#6454 = DIRECTION('',(0.,0.,1.));
#6455 = ORIENTED_EDGE('',*,*,#6456,.F.);
#6456 = EDGE_CURVE('',#6457,#6449,#6459,.T.);
#6457 = VERTEX_POINT('',#6458);
#6458 = CARTESIAN_POINT('',(11.470000267029,8.979999542236,
    5.400000095367));
#6459 = LINE('',#6460,#6461);
#6460 = CARTESIAN_POINT('',(11.470000267029,8.979999542236,
    5.400000095367));
#6461 = VECTOR('',#6462,1.);
#6462 = DIRECTION('',(-1.,0.,0.));
#6463 = ORIENTED_EDGE('',*,*,#6464,.T.);
#6464 = EDGE_CURVE('',#6457,#6465,#6467,.T.);
#6465 = VERTEX_POINT('',#6466);
#6466 = CARTESIAN_POINT('',(11.470000267029,8.979999542236,2.));
#6467 = LINE('',#6468,#6469);
#6468 = CARTESIAN_POINT('',(11.470000267029,8.979999542236,
    5.400000095367));
#6469 = VECTOR('',#6470,1.);
#6470 = DIRECTION('',(0.,0.,-1.));
#6471 = ORIENTED_EDGE('',*,*,#6472,.T.);
#6472 = EDGE_CURVE('',#6465,#6473,#6475,.T.);
#6473 = VERTEX_POINT('',#6474);
#6474 = CARTESIAN_POINT('',(11.909999847412,8.979999542236,2.));
#6475 = LINE('',#6476,#6477);
#6476 = CARTESIAN_POINT('',(11.470000267029,8.979999542236,2.));
#6477 = VECTOR('',#6478,1.);
#6478 = DIRECTION('',(1.,0.,0.));
#6479 = ORIENTED_EDGE('',*,*,#6480,.T.);
#6480 = EDGE_CURVE('',#6473,#6481,#6483,.T.);
#6481 = VERTEX_POINT('',#6482);
#6482 = CARTESIAN_POINT('',(11.909999847412,8.979999542236,
    5.400000095367));
#6483 = LINE('',#6484,#6485);
#6484 = CARTESIAN_POINT('',(11.909999847412,8.979999542236,2.));
#6485 = VECTOR('',#6486,1.);
#6486 = DIRECTION('',(0.,0.,1.));
#6487 = ORIENTED_EDGE('',*,*,#6488,.F.);
#6488 = EDGE_CURVE('',#6223,#6481,#6489,.T.);
#6489 = LINE('',#6490,#6491);
#6490 = CARTESIAN_POINT('',(14.010000228882,8.979999542236,
    5.400000095367));
#6491 = VECTOR('',#6492,1.);
#6492 = DIRECTION('',(-1.,0.,0.));
#6493 = PLANE('',#6494);
#6494 = AXIS2_PLACEMENT_3D('',#6495,#6496,#6497);
#6495 = CARTESIAN_POINT('',(6.610000163295,8.979999542236,4.623906736915
    ));
#6496 = DIRECTION('',(-0.,-1.,-0.));
#6497 = DIRECTION('',(0.,0.,-1.));
#6498 = ADVANCED_FACE('',(#6499),#6524,.T.);
#6499 = FACE_BOUND('',#6500,.T.);
#6500 = EDGE_LOOP('',(#6501,#6509,#6515,#6516,#6522,#6523));
#6501 = ORIENTED_EDGE('',*,*,#6502,.T.);
#6502 = EDGE_CURVE('',#6265,#6503,#6505,.T.);
#6503 = VERTEX_POINT('',#6504);
#6504 = CARTESIAN_POINT('',(17.950000762939,6.5,2.));
#6505 = LINE('',#6506,#6507);
#6506 = CARTESIAN_POINT('',(17.950000762939,8.979999542236,2.));
#6507 = VECTOR('',#6508,1.);
#6508 = DIRECTION('',(0.,-1.,0.));
#6509 = ORIENTED_EDGE('',*,*,#6510,.T.);
#6510 = EDGE_CURVE('',#6503,#2249,#6511,.T.);
#6511 = LINE('',#6512,#6513);
#6512 = CARTESIAN_POINT('',(17.950000762939,6.5,2.));
#6513 = VECTOR('',#6514,1.);
#6514 = DIRECTION('',(0.,0.,-1.));
#6515 = ORIENTED_EDGE('',*,*,#2248,.F.);
#6516 = ORIENTED_EDGE('',*,*,#6517,.T.);
#6517 = EDGE_CURVE('',#2241,#1188,#6518,.T.);
#6518 = LINE('',#6519,#6520);
#6519 = CARTESIAN_POINT('',(17.950000762939,13.75,0.));
#6520 = VECTOR('',#6521,1.);
#6521 = DIRECTION('',(0.,0.,1.));
#6522 = ORIENTED_EDGE('',*,*,#1187,.F.);
#6523 = ORIENTED_EDGE('',*,*,#6272,.T.);
#6524 = PLANE('',#6525);
#6525 = AXIS2_PLACEMENT_3D('',#6526,#6527,#6528);
#6526 = CARTESIAN_POINT('',(17.950000762939,10.560087638989,
    3.064912361011));
#6527 = DIRECTION('',(1.,0.,0.));
#6528 = DIRECTION('',(0.,0.,1.));
#6529 = ADVANCED_FACE('',(#6530),#6541,.T.);
#6530 = FACE_BOUND('',#6531,.T.);
#6531 = EDGE_LOOP('',(#6532,#6538,#6539,#6540));
#6532 = ORIENTED_EDGE('',*,*,#6533,.F.);
#6533 = EDGE_CURVE('',#1196,#2233,#6534,.T.);
#6534 = LINE('',#6535,#6536);
#6535 = CARTESIAN_POINT('',(20.,13.75,7.));
#6536 = VECTOR('',#6537,1.);
#6537 = DIRECTION('',(0.,0.,-1.));
#6538 = ORIENTED_EDGE('',*,*,#1195,.F.);
#6539 = ORIENTED_EDGE('',*,*,#6517,.F.);
#6540 = ORIENTED_EDGE('',*,*,#2240,.F.);
#6541 = PLANE('',#6542);
#6542 = AXIS2_PLACEMENT_3D('',#6543,#6544,#6545);
#6543 = CARTESIAN_POINT('',(18.97500038147,13.75,3.5));
#6544 = DIRECTION('',(-0.,-1.,-0.));
#6545 = DIRECTION('',(0.,0.,-1.));
#6546 = ADVANCED_FACE('',(#6547),#6564,.T.);
#6547 = FACE_BOUND('',#6548,.T.);
#6548 = EDGE_LOOP('',(#6549,#6550,#6558));
#6549 = ORIENTED_EDGE('',*,*,#1203,.T.);
#6550 = ORIENTED_EDGE('',*,*,#6551,.F.);
#6551 = EDGE_CURVE('',#6552,#1196,#6554,.T.);
#6552 = VERTEX_POINT('',#6553);
#6553 = CARTESIAN_POINT('',(20.043577194214,13.748097419739,5.25));
#6554 = LINE('',#6555,#6556);
#6555 = CARTESIAN_POINT('',(20.043577194214,13.748097419739,5.25));
#6556 = VECTOR('',#6557,1.);
#6557 = DIRECTION('',(-2.489352243166E-02,1.086851167575E-03,
    0.999689517448));
#6558 = ORIENTED_EDGE('',*,*,#6559,.T.);
#6559 = EDGE_CURVE('',#6552,#1204,#6560,.T.);
#6560 = LINE('',#6561,#6562);
#6561 = CARTESIAN_POINT('',(20.043577194214,13.748097419739,5.25));
#6562 = VECTOR('',#6563,1.);
#6563 = DIRECTION('',(2.470502535059E-02,-3.252381612046E-03,
    0.999689493661));
#6564 = PLANE('',#6565);
#6565 = AXIS2_PLACEMENT_3D('',#6566,#6567,#6568);
#6566 = CARTESIAN_POINT('',(20.043492697941,13.74712668652,
    6.146253173245));
#6567 = DIRECTION('',(-8.715413943319E-02,-0.996194245107,
    -1.087196202018E-03));
#6568 = DIRECTION('',(-0.996194833856,8.715419094114E-02,0.));
#6569 = ADVANCED_FACE('',(#6570),#6587,.T.);
#6570 = FACE_BOUND('',#6571,.T.);
#6571 = EDGE_LOOP('',(#6572,#6573,#6581));
#6572 = ORIENTED_EDGE('',*,*,#1211,.T.);
#6573 = ORIENTED_EDGE('',*,*,#6574,.F.);
#6574 = EDGE_CURVE('',#6575,#1204,#6577,.T.);
#6575 = VERTEX_POINT('',#6576);
#6576 = CARTESIAN_POINT('',(20.129409790039,13.732962608337,5.25));
#6577 = LINE('',#6578,#6579);
#6578 = CARTESIAN_POINT('',(20.129409790039,13.732962608337,5.25));
#6579 = VECTOR('',#6580,1.);
#6580 = DIRECTION('',(-2.43269431312E-02,5.393396716954E-03,
    0.999689507352));
#6581 = ORIENTED_EDGE('',*,*,#6582,.T.);
#6582 = EDGE_CURVE('',#6575,#1212,#6583,.T.);
#6583 = LINE('',#6584,#6585);
#6584 = CARTESIAN_POINT('',(20.129409790039,13.732962608337,5.25));
#6585 = VECTOR('',#6586,1.);
#6586 = DIRECTION('',(2.376472226199E-02,-7.492463098189E-03,
    0.999689502282));
#6587 = PLANE('',#6588);
#6588 = AXIS2_PLACEMENT_3D('',#6589,#6590,#6591);
#6589 = CARTESIAN_POINT('',(20.129157765764,13.732021668661,
    6.146253209971));
#6590 = DIRECTION('',(-0.258813962126,-0.965926576782,
    -1.086864773683E-03));
#6591 = DIRECTION('',(-0.965927147295,0.258814114991,0.));
#6592 = ADVANCED_FACE('',(#6593),#6610,.T.);
#6593 = FACE_BOUND('',#6594,.T.);
#6594 = EDGE_LOOP('',(#6595,#6596,#6604));
#6595 = ORIENTED_EDGE('',*,*,#1219,.T.);
#6596 = ORIENTED_EDGE('',*,*,#6597,.F.);
#6597 = EDGE_CURVE('',#6598,#1212,#6600,.T.);
#6598 = VERTEX_POINT('',#6599);
#6599 = CARTESIAN_POINT('',(20.211309432983,13.703153610229,5.25));
#6600 = LINE('',#6601,#6602);
#6601 = CARTESIAN_POINT('',(20.211309432983,13.703153610229,5.25));
#6602 = VECTOR('',#6603,1.);
#6603 = DIRECTION('',(-2.302054269614E-02,9.535961268298E-03,
    0.999689511827));
#6604 = ORIENTED_EDGE('',*,*,#6605,.T.);
#6605 = EDGE_CURVE('',#6598,#1220,#6606,.T.);
#6606 = LINE('',#6607,#6608);
#6607 = CARTESIAN_POINT('',(20.211309432983,13.703153610229,5.25));
#6608 = VECTOR('',#6609,1.);
#6609 = DIRECTION('',(2.210203096127E-02,-1.150536829852E-02,
    0.999689515163));
#6610 = PLANE('',#6611);
#6611 = AXIS2_PLACEMENT_3D('',#6612,#6613,#6614);
#6612 = CARTESIAN_POINT('',(20.210897695667,13.702270792757,
    6.146252919432));
#6613 = DIRECTION('',(-0.422623421993,-0.906304729047,
    -1.086871197561E-03));
#6614 = DIRECTION('',(-0.906305264352,0.422623671614,-5.421010862428E-20
    ));
#6615 = ADVANCED_FACE('',(#6616),#6633,.T.);
#6616 = FACE_BOUND('',#6617,.T.);
#6617 = EDGE_LOOP('',(#6618,#6619,#6627));
#6618 = ORIENTED_EDGE('',*,*,#1227,.T.);
#6619 = ORIENTED_EDGE('',*,*,#6620,.F.);
#6620 = EDGE_CURVE('',#6621,#1220,#6623,.T.);
#6621 = VERTEX_POINT('',#6622);
#6622 = CARTESIAN_POINT('',(20.28678894043,13.659576416016,5.25));
#6623 = LINE('',#6624,#6625);
#6624 = CARTESIAN_POINT('',(20.28678894043,13.659576416016,5.25));
#6625 = VECTOR('',#6626,1.);
#6626 = DIRECTION('',(-2.101572426769E-02,1.338815387491E-02,
    0.99968950013));
#6627 = ORIENTED_EDGE('',*,*,#6628,.T.);
#6628 = EDGE_CURVE('',#6621,#1228,#6629,.T.);
#6629 = LINE('',#6630,#6631);
#6630 = CARTESIAN_POINT('',(20.28678894043,13.659576416016,5.25));
#6631 = VECTOR('',#6632,1.);
#6632 = DIRECTION('',(1.976816101742E-02,-1.516906452541E-02,
    0.999689511444));
#6633 = PLANE('',#6634);
#6634 = AXIS2_PLACEMENT_3D('',#6635,#6636,#6637);
#6635 = CARTESIAN_POINT('',(20.286229700339,13.65877809489,6.14625315291
    ));
#6636 = DIRECTION('',(-0.573576561733,-0.819151234561,
    -1.087541774246E-03));
#6637 = DIRECTION('',(-0.819151718986,0.573576900931,-1.084202172486E-19
    ));
#6638 = ADVANCED_FACE('',(#6639),#6656,.T.);
#6639 = FACE_BOUND('',#6640,.T.);
#6640 = EDGE_LOOP('',(#6641,#6642,#6650));
#6641 = ORIENTED_EDGE('',*,*,#1235,.T.);
#6642 = ORIENTED_EDGE('',*,*,#6643,.F.);
#6643 = EDGE_CURVE('',#6644,#1228,#6646,.T.);
#6644 = VERTEX_POINT('',#6645);
#6645 = CARTESIAN_POINT('',(20.353553771973,13.603553771973,5.25));
#6646 = LINE('',#6647,#6648);
#6647 = CARTESIAN_POINT('',(20.353553771973,13.603553771973,5.25));
#6648 = VECTOR('',#6649,1.);
#6649 = DIRECTION('',(-1.83713256831E-02,1.683393522353E-02,
    0.999689508306));
#6650 = ORIENTED_EDGE('',*,*,#6651,.T.);
#6651 = EDGE_CURVE('',#6644,#1236,#6652,.T.);
#6652 = LINE('',#6653,#6654);
#6653 = CARTESIAN_POINT('',(20.353553771973,13.603553771973,5.25));
#6654 = VECTOR('',#6655,1.);
#6655 = DIRECTION('',(1.683393522353E-02,-1.83713256831E-02,
    0.999689508306));
#6656 = PLANE('',#6657);
#6657 = AXIS2_PLACEMENT_3D('',#6658,#6659,#6660);
#6658 = CARTESIAN_POINT('',(20.352864612533,13.602864612533,
    6.146253072472));
#6659 = DIRECTION('',(-0.707106363103,-0.707106363103,
    -1.087436216451E-03));
#6660 = DIRECTION('',(0.707106781187,-0.707106781187,0.));
#6661 = ADVANCED_FACE('',(#6662),#6679,.T.);
#6662 = FACE_BOUND('',#6663,.T.);
#6663 = EDGE_LOOP('',(#6664,#6665,#6673));
#6664 = ORIENTED_EDGE('',*,*,#1243,.T.);
#6665 = ORIENTED_EDGE('',*,*,#6666,.F.);
#6666 = EDGE_CURVE('',#6667,#1236,#6669,.T.);
#6667 = VERTEX_POINT('',#6668);
#6668 = CARTESIAN_POINT('',(20.409576416016,13.536787986755,5.25));
#6669 = LINE('',#6670,#6671);
#6670 = CARTESIAN_POINT('',(20.409576416016,13.536787986755,5.25));
#6671 = VECTOR('',#6672,1.);
#6672 = DIRECTION('',(-1.516906436205E-02,1.976870559207E-02,
    0.999689500678));
#6673 = ORIENTED_EDGE('',*,*,#6674,.T.);
#6674 = EDGE_CURVE('',#6667,#1244,#6675,.T.);
#6675 = LINE('',#6676,#6677);
#6676 = CARTESIAN_POINT('',(20.409576416016,13.536787986755,5.25));
#6677 = VECTOR('',#6678,1.);
#6678 = DIRECTION('',(1.338760933828E-02,-2.101517987402E-02,
    0.999689518866));
#6679 = PLANE('',#6680);
#6680 = AXIS2_PLACEMENT_3D('',#6681,#6682,#6683);
#6681 = CARTESIAN_POINT('',(20.408777850617,13.536229235422,
    6.146253022845));
#6682 = DIRECTION('',(-0.819156375771,-0.573569219433,
    -1.087452404249E-03));
#6683 = DIRECTION('',(0.573569558571,-0.819156860119,1.084202172486E-19)
  );
#6684 = ADVANCED_FACE('',(#6685),#6702,.T.);
#6685 = FACE_BOUND('',#6686,.T.);
#6686 = EDGE_LOOP('',(#6687,#6688,#6696));
#6687 = ORIENTED_EDGE('',*,*,#1251,.T.);
#6688 = ORIENTED_EDGE('',*,*,#6689,.F.);
#6689 = EDGE_CURVE('',#6690,#1244,#6692,.T.);
#6690 = VERTEX_POINT('',#6691);
#6691 = CARTESIAN_POINT('',(20.453153610229,13.461309432983,5.25));
#6692 = LINE('',#6693,#6694);
#6693 = CARTESIAN_POINT('',(20.453153610229,13.461309432983,5.25));
#6694 = VECTOR('',#6695,1.);
#6695 = DIRECTION('',(-1.150591301395E-02,2.210203082273E-02,
    0.999689508897));
#6696 = ORIENTED_EDGE('',*,*,#6697,.T.);
#6697 = EDGE_CURVE('',#6690,#1252,#6698,.T.);
#6698 = LINE('',#6699,#6700);
#6699 = CARTESIAN_POINT('',(20.453153610229,13.461309432983,5.25));
#6700 = VECTOR('',#6701,1.);
#6701 = DIRECTION('',(9.535961148704E-03,-2.302108719497E-02,
    0.999689499289));
#6702 = PLANE('',#6703);
#6703 = AXIS2_PLACEMENT_3D('',#6704,#6705,#6706);
#6704 = CARTESIAN_POINT('',(20.452270548279,13.460897451258,
    6.146253220781));
#6705 = DIRECTION('',(-0.906302491943,-0.422628218441,
    -1.087233302355E-03));
#6706 = DIRECTION('',(0.42262846823,-0.906303027602,0.));
#6707 = ADVANCED_FACE('',(#6708),#6725,.T.);
#6708 = FACE_BOUND('',#6709,.T.);
#6709 = EDGE_LOOP('',(#6710,#6711,#6719));
#6710 = ORIENTED_EDGE('',*,*,#1259,.T.);
#6711 = ORIENTED_EDGE('',*,*,#6712,.F.);
#6712 = EDGE_CURVE('',#6713,#1252,#6715,.T.);
#6713 = VERTEX_POINT('',#6714);
#6714 = CARTESIAN_POINT('',(20.482963562012,13.379409790039,5.25));
#6715 = LINE('',#6716,#6717);
#6716 = CARTESIAN_POINT('',(20.482963562012,13.379409790039,5.25));
#6717 = VECTOR('',#6718,1.);
#6718 = DIRECTION('',(-7.493007952156E-03,2.376417768511E-02,
    0.999689511144));
#6719 = ORIENTED_EDGE('',*,*,#6720,.T.);
#6720 = EDGE_CURVE('',#6713,#1260,#6721,.T.);
#6721 = LINE('',#6722,#6723);
#6722 = CARTESIAN_POINT('',(20.482963562012,13.379409790039,5.25));
#6723 = VECTOR('',#6724,1.);
#6724 = DIRECTION('',(5.392307173545E-03,-2.432694327414E-02,
    0.999689513226));
#6725 = PLANE('',#6726);
#6726 = AXIS2_PLACEMENT_3D('',#6727,#6728,#6729);
#6727 = CARTESIAN_POINT('',(20.482021890006,13.379157521602,
    6.146252932222));
#6728 = DIRECTION('',(-0.965928578403,-0.258806488093,
    -1.087724876546E-03));
#6729 = DIRECTION('',(0.258806641196,-0.965929149821,0.));
#6730 = ADVANCED_FACE('',(#6731),#6748,.T.);
#6731 = FACE_BOUND('',#6732,.T.);
#6732 = EDGE_LOOP('',(#6733,#6734,#6742));
#6733 = ORIENTED_EDGE('',*,*,#1267,.T.);
#6734 = ORIENTED_EDGE('',*,*,#6735,.F.);
#6735 = EDGE_CURVE('',#6736,#1260,#6738,.T.);
#6736 = VERTEX_POINT('',#6737);
#6737 = CARTESIAN_POINT('',(20.498096466064,13.293578147888,5.25));
#6738 = LINE('',#6739,#6740);
#6739 = CARTESIAN_POINT('',(20.498096466064,13.293578147888,5.25));
#6740 = VECTOR('',#6741,1.);
#6741 = DIRECTION('',(-3.252381655819E-03,2.470448089555E-02,
    0.999689507116));
#6742 = ORIENTED_EDGE('',*,*,#6743,.T.);
#6743 = EDGE_CURVE('',#6736,#1268,#6744,.T.);
#6744 = LINE('',#6745,#6746);
#6745 = CARTESIAN_POINT('',(20.498096466064,13.293578147888,5.25));
#6746 = VECTOR('',#6747,1.);
#6747 = DIRECTION('',(1.087395939736E-03,-2.489406686686E-02,
    0.999689503298));
#6748 = PLANE('',#6749);
#6749 = AXIS2_PLACEMENT_3D('',#6750,#6751,#6752);
#6750 = CARTESIAN_POINT('',(20.497125977059,13.293493162902,
    6.146253193015));
#6751 = DIRECTION('',(-0.996193295267,-8.716499846328E-02,
    -1.08697225703E-03));
#6752 = DIRECTION('',(8.716504995643E-02,-0.996193883773,0.));
#6753 = ADVANCED_FACE('',(#6754),#6771,.T.);
#6754 = FACE_BOUND('',#6755,.T.);
#6755 = EDGE_LOOP('',(#6756,#6757,#6765));
#6756 = ORIENTED_EDGE('',*,*,#1283,.T.);
#6757 = ORIENTED_EDGE('',*,*,#6758,.F.);
#6758 = EDGE_CURVE('',#6759,#1276,#6761,.T.);
#6759 = VERTEX_POINT('',#6760);
#6760 = CARTESIAN_POINT('',(20.498096466064,-13.29357814788,5.25));
#6761 = LINE('',#6762,#6763);
#6762 = CARTESIAN_POINT('',(20.498096466064,-13.29357814788,5.25));
#6763 = VECTOR('',#6764,1.);
#6764 = DIRECTION('',(1.087395939736E-03,2.489406686686E-02,
    0.999689503298));
#6765 = ORIENTED_EDGE('',*,*,#6766,.T.);
#6766 = EDGE_CURVE('',#6759,#1284,#6767,.T.);
#6767 = LINE('',#6768,#6769);
#6768 = CARTESIAN_POINT('',(20.498096466064,-13.29357814788,5.25));
#6769 = VECTOR('',#6770,1.);
#6770 = DIRECTION('',(-3.252381655819E-03,-2.470448089555E-02,
    0.999689507116));
#6771 = PLANE('',#6772);
#6772 = AXIS2_PLACEMENT_3D('',#6773,#6774,#6775);
#6773 = CARTESIAN_POINT('',(20.497125977059,-13.2934931629,
    6.146253193015));
#6774 = DIRECTION('',(-0.996193295267,8.716499846328E-02,
    -1.08697225703E-03));
#6775 = DIRECTION('',(-8.716504995643E-02,-0.996193883773,0.));
#6776 = ADVANCED_FACE('',(#6777),#6794,.T.);
#6777 = FACE_BOUND('',#6778,.T.);
#6778 = EDGE_LOOP('',(#6779,#6780,#6788));
#6779 = ORIENTED_EDGE('',*,*,#1291,.T.);
#6780 = ORIENTED_EDGE('',*,*,#6781,.F.);
#6781 = EDGE_CURVE('',#6782,#1284,#6784,.T.);
#6782 = VERTEX_POINT('',#6783);
#6783 = CARTESIAN_POINT('',(20.482963562012,-13.37940979003,5.25));
#6784 = LINE('',#6785,#6786);
#6785 = CARTESIAN_POINT('',(20.482963562012,-13.37940979003,5.25));
#6786 = VECTOR('',#6787,1.);
#6787 = DIRECTION('',(5.392307173545E-03,2.432694327414E-02,
    0.999689513226));
#6788 = ORIENTED_EDGE('',*,*,#6789,.T.);
#6789 = EDGE_CURVE('',#6782,#1292,#6790,.T.);
#6790 = LINE('',#6791,#6792);
#6791 = CARTESIAN_POINT('',(20.482963562012,-13.37940979003,5.25));
#6792 = VECTOR('',#6793,1.);
#6793 = DIRECTION('',(-7.493007952156E-03,-2.376417768511E-02,
    0.999689511144));
#6794 = PLANE('',#6795);
#6795 = AXIS2_PLACEMENT_3D('',#6796,#6797,#6798);
#6796 = CARTESIAN_POINT('',(20.482021890006,-13.3791575216,
    6.146252932222));
#6797 = DIRECTION('',(-0.965928578403,0.258806488093,-1.087724876546E-03
    ));
#6798 = DIRECTION('',(-0.258806641196,-0.965929149821,0.));
#6799 = ADVANCED_FACE('',(#6800),#6817,.T.);
#6800 = FACE_BOUND('',#6801,.T.);
#6801 = EDGE_LOOP('',(#6802,#6803,#6811));
#6802 = ORIENTED_EDGE('',*,*,#1299,.T.);
#6803 = ORIENTED_EDGE('',*,*,#6804,.F.);
#6804 = EDGE_CURVE('',#6805,#1292,#6807,.T.);
#6805 = VERTEX_POINT('',#6806);
#6806 = CARTESIAN_POINT('',(20.453153610229,-13.46130943298,5.25));
#6807 = LINE('',#6808,#6809);
#6808 = CARTESIAN_POINT('',(20.453153610229,-13.46130943298,5.25));
#6809 = VECTOR('',#6810,1.);
#6810 = DIRECTION('',(9.535961148704E-03,2.302108719497E-02,
    0.999689499289));
#6811 = ORIENTED_EDGE('',*,*,#6812,.T.);
#6812 = EDGE_CURVE('',#6805,#1300,#6813,.T.);
#6813 = LINE('',#6814,#6815);
#6814 = CARTESIAN_POINT('',(20.453153610229,-13.46130943298,5.25));
#6815 = VECTOR('',#6816,1.);
#6816 = DIRECTION('',(-1.150591301395E-02,-2.210203082273E-02,
    0.999689508897));
#6817 = PLANE('',#6818);
#6818 = AXIS2_PLACEMENT_3D('',#6819,#6820,#6821);
#6819 = CARTESIAN_POINT('',(20.452270548279,-13.46089745125,
    6.146253220781));
#6820 = DIRECTION('',(-0.906302491943,0.422628218441,-1.087233302355E-03
    ));
#6821 = DIRECTION('',(-0.42262846823,-0.906303027602,0.));
#6822 = ADVANCED_FACE('',(#6823),#6840,.T.);
#6823 = FACE_BOUND('',#6824,.T.);
#6824 = EDGE_LOOP('',(#6825,#6826,#6834));
#6825 = ORIENTED_EDGE('',*,*,#1307,.T.);
#6826 = ORIENTED_EDGE('',*,*,#6827,.F.);
#6827 = EDGE_CURVE('',#6828,#1300,#6830,.T.);
#6828 = VERTEX_POINT('',#6829);
#6829 = CARTESIAN_POINT('',(20.409576416016,-13.53678798675,5.25));
#6830 = LINE('',#6831,#6832);
#6831 = CARTESIAN_POINT('',(20.409576416016,-13.53678798675,5.25));
#6832 = VECTOR('',#6833,1.);
#6833 = DIRECTION('',(1.338760933828E-02,2.101517987402E-02,
    0.999689518866));
#6834 = ORIENTED_EDGE('',*,*,#6835,.T.);
#6835 = EDGE_CURVE('',#6828,#1308,#6836,.T.);
#6836 = LINE('',#6837,#6838);
#6837 = CARTESIAN_POINT('',(20.409576416016,-13.53678798675,5.25));
#6838 = VECTOR('',#6839,1.);
#6839 = DIRECTION('',(-1.516906436205E-02,-1.976870559207E-02,
    0.999689500678));
#6840 = PLANE('',#6841);
#6841 = AXIS2_PLACEMENT_3D('',#6842,#6843,#6844);
#6842 = CARTESIAN_POINT('',(20.408777850617,-13.53622923542,
    6.146253022845));
#6843 = DIRECTION('',(-0.819156375771,0.573569219433,-1.087452404249E-03
    ));
#6844 = DIRECTION('',(-0.573569558571,-0.819156860119,0.));
#6845 = ADVANCED_FACE('',(#6846),#6863,.T.);
#6846 = FACE_BOUND('',#6847,.T.);
#6847 = EDGE_LOOP('',(#6848,#6849,#6857));
#6848 = ORIENTED_EDGE('',*,*,#1315,.T.);
#6849 = ORIENTED_EDGE('',*,*,#6850,.F.);
#6850 = EDGE_CURVE('',#6851,#1308,#6853,.T.);
#6851 = VERTEX_POINT('',#6852);
#6852 = CARTESIAN_POINT('',(20.353553771973,-13.60355377197,5.25));
#6853 = LINE('',#6854,#6855);
#6854 = CARTESIAN_POINT('',(20.353553771973,-13.60355377197,5.25));
#6855 = VECTOR('',#6856,1.);
#6856 = DIRECTION('',(1.683393522353E-02,1.83713256831E-02,
    0.999689508306));
#6857 = ORIENTED_EDGE('',*,*,#6858,.T.);
#6858 = EDGE_CURVE('',#6851,#1316,#6859,.T.);
#6859 = LINE('',#6860,#6861);
#6860 = CARTESIAN_POINT('',(20.353553771973,-13.60355377197,5.25));
#6861 = VECTOR('',#6862,1.);
#6862 = DIRECTION('',(-1.83713256831E-02,-1.683393522353E-02,
    0.999689508306));
#6863 = PLANE('',#6864);
#6864 = AXIS2_PLACEMENT_3D('',#6865,#6866,#6867);
#6865 = CARTESIAN_POINT('',(20.352864612533,-13.60286461253,
    6.146253072472));
#6866 = DIRECTION('',(-0.707106363103,0.707106363103,-1.087436216451E-03
    ));
#6867 = DIRECTION('',(-0.707106781187,-0.707106781187,0.));
#6868 = ADVANCED_FACE('',(#6869),#6886,.T.);
#6869 = FACE_BOUND('',#6870,.T.);
#6870 = EDGE_LOOP('',(#6871,#6872,#6880));
#6871 = ORIENTED_EDGE('',*,*,#1323,.T.);
#6872 = ORIENTED_EDGE('',*,*,#6873,.F.);
#6873 = EDGE_CURVE('',#6874,#1316,#6876,.T.);
#6874 = VERTEX_POINT('',#6875);
#6875 = CARTESIAN_POINT('',(20.28678894043,-13.65957641601,5.25));
#6876 = LINE('',#6877,#6878);
#6877 = CARTESIAN_POINT('',(20.28678894043,-13.65957641601,5.25));
#6878 = VECTOR('',#6879,1.);
#6879 = DIRECTION('',(1.976816101742E-02,1.516906452541E-02,
    0.999689511444));
#6880 = ORIENTED_EDGE('',*,*,#6881,.T.);
#6881 = EDGE_CURVE('',#6874,#1324,#6882,.T.);
#6882 = LINE('',#6883,#6884);
#6883 = CARTESIAN_POINT('',(20.28678894043,-13.65957641601,5.25));
#6884 = VECTOR('',#6885,1.);
#6885 = DIRECTION('',(-2.101572426769E-02,-1.338815387491E-02,
    0.99968950013));
#6886 = PLANE('',#6887);
#6887 = AXIS2_PLACEMENT_3D('',#6888,#6889,#6890);
#6888 = CARTESIAN_POINT('',(20.286229700339,-13.65877809489,
    6.14625315291));
#6889 = DIRECTION('',(-0.573576561733,0.819151234561,-1.087541774246E-03
    ));
#6890 = DIRECTION('',(0.819151718986,0.573576900931,-1.084202172486E-19)
  );
#6891 = ADVANCED_FACE('',(#6892),#6909,.T.);
#6892 = FACE_BOUND('',#6893,.T.);
#6893 = EDGE_LOOP('',(#6894,#6895,#6903));
#6894 = ORIENTED_EDGE('',*,*,#1331,.T.);
#6895 = ORIENTED_EDGE('',*,*,#6896,.F.);
#6896 = EDGE_CURVE('',#6897,#1324,#6899,.T.);
#6897 = VERTEX_POINT('',#6898);
#6898 = CARTESIAN_POINT('',(20.211309432983,-13.70315361022,5.25));
#6899 = LINE('',#6900,#6901);
#6900 = CARTESIAN_POINT('',(20.211309432983,-13.70315361022,5.25));
#6901 = VECTOR('',#6902,1.);
#6902 = DIRECTION('',(2.210203096127E-02,1.150536829852E-02,
    0.999689515163));
#6903 = ORIENTED_EDGE('',*,*,#6904,.T.);
#6904 = EDGE_CURVE('',#6897,#1332,#6905,.T.);
#6905 = LINE('',#6906,#6907);
#6906 = CARTESIAN_POINT('',(20.211309432983,-13.70315361022,5.25));
#6907 = VECTOR('',#6908,1.);
#6908 = DIRECTION('',(-2.302054269614E-02,-9.535961268298E-03,
    0.999689511827));
#6909 = PLANE('',#6910);
#6910 = AXIS2_PLACEMENT_3D('',#6911,#6912,#6913);
#6911 = CARTESIAN_POINT('',(20.210897695667,-13.70227079275,
    6.146252919432));
#6912 = DIRECTION('',(-0.422623421993,0.906304729047,-1.086871197561E-03
    ));
#6913 = DIRECTION('',(0.906305264352,0.422623671614,5.421010862428E-20)
  );
#6914 = ADVANCED_FACE('',(#6915),#6932,.T.);
#6915 = FACE_BOUND('',#6916,.T.);
#6916 = EDGE_LOOP('',(#6917,#6918,#6926));
#6917 = ORIENTED_EDGE('',*,*,#1339,.T.);
#6918 = ORIENTED_EDGE('',*,*,#6919,.F.);
#6919 = EDGE_CURVE('',#6920,#1332,#6922,.T.);
#6920 = VERTEX_POINT('',#6921);
#6921 = CARTESIAN_POINT('',(20.129409790039,-13.73296260833,5.25));
#6922 = LINE('',#6923,#6924);
#6923 = CARTESIAN_POINT('',(20.129409790039,-13.73296260833,5.25));
#6924 = VECTOR('',#6925,1.);
#6925 = DIRECTION('',(2.376472226199E-02,7.492463098189E-03,
    0.999689502282));
#6926 = ORIENTED_EDGE('',*,*,#6927,.T.);
#6927 = EDGE_CURVE('',#6920,#1340,#6928,.T.);
#6928 = LINE('',#6929,#6930);
#6929 = CARTESIAN_POINT('',(20.129409790039,-13.73296260833,5.25));
#6930 = VECTOR('',#6931,1.);
#6931 = DIRECTION('',(-2.43269431312E-02,-5.393396716954E-03,
    0.999689507352));
#6932 = PLANE('',#6933);
#6933 = AXIS2_PLACEMENT_3D('',#6934,#6935,#6936);
#6934 = CARTESIAN_POINT('',(20.129157765764,-13.73202166866,
    6.146253209971));
#6935 = DIRECTION('',(-0.258813962126,0.965926576782,-1.086864773683E-03
    ));
#6936 = DIRECTION('',(0.965927147295,0.258814114991,0.));
#6937 = ADVANCED_FACE('',(#6938),#6955,.T.);
#6938 = FACE_BOUND('',#6939,.T.);
#6939 = EDGE_LOOP('',(#6940,#6941,#6949));
#6940 = ORIENTED_EDGE('',*,*,#1347,.T.);
#6941 = ORIENTED_EDGE('',*,*,#6942,.F.);
#6942 = EDGE_CURVE('',#6943,#1340,#6945,.T.);
#6943 = VERTEX_POINT('',#6944);
#6944 = CARTESIAN_POINT('',(20.043577194214,-13.74809741973,5.25));
#6945 = LINE('',#6946,#6947);
#6946 = CARTESIAN_POINT('',(20.043577194214,-13.74809741973,5.25));
#6947 = VECTOR('',#6948,1.);
#6948 = DIRECTION('',(2.470502535059E-02,3.252381612046E-03,
    0.999689493661));
#6949 = ORIENTED_EDGE('',*,*,#6950,.T.);
#6950 = EDGE_CURVE('',#6943,#1348,#6951,.T.);
#6951 = LINE('',#6952,#6953);
#6952 = CARTESIAN_POINT('',(20.043577194214,-13.74809741973,5.25));
#6953 = VECTOR('',#6954,1.);
#6954 = DIRECTION('',(-2.489352243166E-02,-1.086851167575E-03,
    0.999689517448));
#6955 = PLANE('',#6956);
#6956 = AXIS2_PLACEMENT_3D('',#6957,#6958,#6959);
#6957 = CARTESIAN_POINT('',(20.043492697941,-13.74712668652,
    6.146253173245));
#6958 = DIRECTION('',(-8.715413943319E-02,0.996194245107,
    -1.087196202018E-03));
#6959 = DIRECTION('',(0.996194833856,8.715419094114E-02,0.));
#6960 = ADVANCED_FACE('',(#6961),#7084,.T.);
#6961 = FACE_BOUND('',#6962,.T.);
#6962 = EDGE_LOOP('',(#6963,#6969,#6970,#6976,#6977,#6983,#6984,#6990,
    #6991,#6997,#6998,#7004,#7005,#7011,#7012,#7018,#7019,#7025,#7026,
    #7032,#7033,#7039,#7040,#7046,#7047,#7053,#7054,#7060,#7061,#7067,
    #7068,#7074,#7075,#7081,#7082,#7083));
#6963 = ORIENTED_EDGE('',*,*,#6964,.T.);
#6964 = EDGE_CURVE('',#3590,#3718,#6965,.T.);
#6965 = LINE('',#6966,#6967);
#6966 = CARTESIAN_POINT('',(17.950000762939,-8.979999542236,2.));
#6967 = VECTOR('',#6968,1.);
#6968 = DIRECTION('',(-1.,0.,0.));
#6969 = ORIENTED_EDGE('',*,*,#3717,.F.);
#6970 = ORIENTED_EDGE('',*,*,#6971,.F.);
#6971 = EDGE_CURVE('',#3857,#3710,#6972,.T.);
#6972 = LINE('',#6973,#6974);
#6973 = CARTESIAN_POINT('',(14.449999809265,-8.979999542236,
    5.400000095367));
#6974 = VECTOR('',#6975,1.);
#6975 = DIRECTION('',(1.,0.,0.));
#6976 = ORIENTED_EDGE('',*,*,#3856,.F.);
#6977 = ORIENTED_EDGE('',*,*,#6978,.F.);
#6978 = EDGE_CURVE('',#3992,#3849,#6979,.T.);
#6979 = LINE('',#6980,#6981);
#6980 = CARTESIAN_POINT('',(14.010000228882,-8.979999542236,2.));
#6981 = VECTOR('',#6982,1.);
#6982 = DIRECTION('',(1.,0.,0.));
#6983 = ORIENTED_EDGE('',*,*,#3991,.F.);
#6984 = ORIENTED_EDGE('',*,*,#6985,.F.);
#6985 = EDGE_CURVE('',#4131,#3984,#6986,.T.);
#6986 = LINE('',#6987,#6988);
#6987 = CARTESIAN_POINT('',(11.909999847412,-8.979999542236,
    5.400000095367));
#6988 = VECTOR('',#6989,1.);
#6989 = DIRECTION('',(1.,0.,0.));
#6990 = ORIENTED_EDGE('',*,*,#4130,.F.);
#6991 = ORIENTED_EDGE('',*,*,#6992,.F.);
#6992 = EDGE_CURVE('',#4266,#4123,#6993,.T.);
#6993 = LINE('',#6994,#6995);
#6994 = CARTESIAN_POINT('',(11.470000267029,-8.979999542236,2.));
#6995 = VECTOR('',#6996,1.);
#6996 = DIRECTION('',(1.,0.,0.));
#6997 = ORIENTED_EDGE('',*,*,#4265,.F.);
#6998 = ORIENTED_EDGE('',*,*,#6999,.F.);
#6999 = EDGE_CURVE('',#4405,#4258,#7000,.T.);
#7000 = LINE('',#7001,#7002);
#7001 = CARTESIAN_POINT('',(9.369999885559,-8.979999542236,
    5.400000095367));
#7002 = VECTOR('',#7003,1.);
#7003 = DIRECTION('',(1.,0.,0.));
#7004 = ORIENTED_EDGE('',*,*,#4404,.F.);
#7005 = ORIENTED_EDGE('',*,*,#7006,.F.);
#7006 = EDGE_CURVE('',#4540,#4397,#7007,.T.);
#7007 = LINE('',#7008,#7009);
#7008 = CARTESIAN_POINT('',(8.930000305176,-8.979999542236,2.));
#7009 = VECTOR('',#7010,1.);
#7010 = DIRECTION('',(1.,0.,0.));
#7011 = ORIENTED_EDGE('',*,*,#4539,.F.);
#7012 = ORIENTED_EDGE('',*,*,#7013,.F.);
#7013 = EDGE_CURVE('',#4672,#4532,#7014,.T.);
#7014 = LINE('',#7015,#7016);
#7015 = CARTESIAN_POINT('',(6.829999923706,-8.979999542236,
    5.400000095367));
#7016 = VECTOR('',#7017,1.);
#7017 = DIRECTION('',(1.,0.,0.));
#7018 = ORIENTED_EDGE('',*,*,#4671,.F.);
#7019 = ORIENTED_EDGE('',*,*,#7020,.F.);
#7020 = EDGE_CURVE('',#4587,#4664,#7021,.T.);
#7021 = LINE('',#7022,#7023);
#7022 = CARTESIAN_POINT('',(6.389999866486,-8.979999542236,2.));
#7023 = VECTOR('',#7024,1.);
#7024 = DIRECTION('',(1.,0.,0.));
#7025 = ORIENTED_EDGE('',*,*,#4586,.F.);
#7026 = ORIENTED_EDGE('',*,*,#7027,.F.);
#7027 = EDGE_CURVE('',#4445,#4579,#7028,.T.);
#7028 = LINE('',#7029,#7030);
#7029 = CARTESIAN_POINT('',(4.289999961853,-8.979999542236,
    5.400000095367));
#7030 = VECTOR('',#7031,1.);
#7031 = DIRECTION('',(1.,0.,0.));
#7032 = ORIENTED_EDGE('',*,*,#4444,.T.);
#7033 = ORIENTED_EDGE('',*,*,#7034,.T.);
#7034 = EDGE_CURVE('',#4437,#4297,#7035,.T.);
#7035 = LINE('',#7036,#7037);
#7036 = CARTESIAN_POINT('',(4.289999961853,-8.979999542236,2.));
#7037 = VECTOR('',#7038,1.);
#7038 = DIRECTION('',(-1.,0.,0.));
#7039 = ORIENTED_EDGE('',*,*,#4331,.T.);
#7040 = ORIENTED_EDGE('',*,*,#7041,.F.);
#7041 = EDGE_CURVE('',#4171,#4324,#7042,.T.);
#7042 = LINE('',#7043,#7044);
#7043 = CARTESIAN_POINT('',(1.75,-8.979999542236,5.400000095367));
#7044 = VECTOR('',#7045,1.);
#7045 = DIRECTION('',(1.,0.,0.));
#7046 = ORIENTED_EDGE('',*,*,#4170,.T.);
#7047 = ORIENTED_EDGE('',*,*,#7048,.T.);
#7048 = EDGE_CURVE('',#4163,#4023,#7049,.T.);
#7049 = LINE('',#7050,#7051);
#7050 = CARTESIAN_POINT('',(1.75,-8.979999542236,2.));
#7051 = VECTOR('',#7052,1.);
#7052 = DIRECTION('',(-1.,0.,0.));
#7053 = ORIENTED_EDGE('',*,*,#4057,.T.);
#7054 = ORIENTED_EDGE('',*,*,#7055,.F.);
#7055 = EDGE_CURVE('',#3897,#4050,#7056,.T.);
#7056 = LINE('',#7057,#7058);
#7057 = CARTESIAN_POINT('',(-0.790000021458,-8.979999542236,
    5.400000095367));
#7058 = VECTOR('',#7059,1.);
#7059 = DIRECTION('',(1.,0.,0.));
#7060 = ORIENTED_EDGE('',*,*,#3896,.T.);
#7061 = ORIENTED_EDGE('',*,*,#7062,.T.);
#7062 = EDGE_CURVE('',#3889,#3749,#7063,.T.);
#7063 = LINE('',#7064,#7065);
#7064 = CARTESIAN_POINT('',(-0.790000021458,-8.979999542236,2.));
#7065 = VECTOR('',#7066,1.);
#7066 = DIRECTION('',(-1.,0.,0.));
#7067 = ORIENTED_EDGE('',*,*,#3783,.T.);
#7068 = ORIENTED_EDGE('',*,*,#7069,.F.);
#7069 = EDGE_CURVE('',#3623,#3776,#7070,.T.);
#7070 = LINE('',#7071,#7072);
#7071 = CARTESIAN_POINT('',(-3.329999923706,-8.979999542236,
    5.400000095367));
#7072 = VECTOR('',#7073,1.);
#7073 = DIRECTION('',(1.,0.,0.));
#7074 = ORIENTED_EDGE('',*,*,#3622,.T.);
#7075 = ORIENTED_EDGE('',*,*,#7076,.T.);
#7076 = EDGE_CURVE('',#3615,#3502,#7077,.T.);
#7077 = LINE('',#7078,#7079);
#7078 = CARTESIAN_POINT('',(-3.329999923706,-8.979999542236,2.));
#7079 = VECTOR('',#7080,1.);
#7080 = DIRECTION('',(-1.,0.,0.));
#7081 = ORIENTED_EDGE('',*,*,#3520,.T.);
#7082 = ORIENTED_EDGE('',*,*,#1371,.F.);
#7083 = ORIENTED_EDGE('',*,*,#3597,.F.);
#7084 = PLANE('',#7085);
#7085 = AXIS2_PLACEMENT_3D('',#7086,#7087,#7088);
#7086 = CARTESIAN_POINT('',(6.610000163295,-8.979999542236,
    4.623906736915));
#7087 = DIRECTION('',(0.,1.,0.));
#7088 = DIRECTION('',(0.,0.,1.));
#7089 = ADVANCED_FACE('',(#7090),#7107,.T.);
#7090 = FACE_BOUND('',#7091,.T.);
#7091 = EDGE_LOOP('',(#7092,#7093,#7101));
#7092 = ORIENTED_EDGE('',*,*,#1395,.T.);
#7093 = ORIENTED_EDGE('',*,*,#7094,.F.);
#7094 = EDGE_CURVE('',#7095,#1388,#7097,.T.);
#7095 = VERTEX_POINT('',#7096);
#7096 = CARTESIAN_POINT('',(-20.04357719421,-13.74809741973,5.25));
#7097 = LINE('',#7098,#7099);
#7098 = CARTESIAN_POINT('',(-20.04357719421,-13.74809741973,5.25));
#7099 = VECTOR('',#7100,1.);
#7100 = DIRECTION('',(2.489352243166E-02,-1.086851167575E-03,
    0.999689517448));
#7101 = ORIENTED_EDGE('',*,*,#7102,.T.);
#7102 = EDGE_CURVE('',#7095,#1396,#7103,.T.);
#7103 = LINE('',#7104,#7105);
#7104 = CARTESIAN_POINT('',(-20.04357719421,-13.74809741973,5.25));
#7105 = VECTOR('',#7106,1.);
#7106 = DIRECTION('',(-2.470502535059E-02,3.252381612046E-03,
    0.999689493661));
#7107 = PLANE('',#7108);
#7108 = AXIS2_PLACEMENT_3D('',#7109,#7110,#7111);
#7109 = CARTESIAN_POINT('',(-20.04349269794,-13.74712668652,
    6.146253173245));
#7110 = DIRECTION('',(8.715413943319E-02,0.996194245107,
    -1.087196202018E-03));
#7111 = DIRECTION('',(0.996194833856,-8.715419094114E-02,0.));
#7112 = ADVANCED_FACE('',(#7113),#7130,.T.);
#7113 = FACE_BOUND('',#7114,.T.);
#7114 = EDGE_LOOP('',(#7115,#7116,#7124));
#7115 = ORIENTED_EDGE('',*,*,#1403,.T.);
#7116 = ORIENTED_EDGE('',*,*,#7117,.F.);
#7117 = EDGE_CURVE('',#7118,#1396,#7120,.T.);
#7118 = VERTEX_POINT('',#7119);
#7119 = CARTESIAN_POINT('',(-20.12940979003,-13.73296260833,5.25));
#7120 = LINE('',#7121,#7122);
#7121 = CARTESIAN_POINT('',(-20.12940979003,-13.73296260833,5.25));
#7122 = VECTOR('',#7123,1.);
#7123 = DIRECTION('',(2.43269431312E-02,-5.393396716954E-03,
    0.999689507352));
#7124 = ORIENTED_EDGE('',*,*,#7125,.T.);
#7125 = EDGE_CURVE('',#7118,#1404,#7126,.T.);
#7126 = LINE('',#7127,#7128);
#7127 = CARTESIAN_POINT('',(-20.12940979003,-13.73296260833,5.25));
#7128 = VECTOR('',#7129,1.);
#7129 = DIRECTION('',(-2.376472226199E-02,7.492463098189E-03,
    0.999689502282));
#7130 = PLANE('',#7131);
#7131 = AXIS2_PLACEMENT_3D('',#7132,#7133,#7134);
#7132 = CARTESIAN_POINT('',(-20.12915776576,-13.73202166866,
    6.146253209971));
#7133 = DIRECTION('',(0.258813962126,0.965926576782,-1.086864773683E-03)
  );
#7134 = DIRECTION('',(0.965927147295,-0.258814114991,0.));
#7135 = ADVANCED_FACE('',(#7136),#7153,.T.);
#7136 = FACE_BOUND('',#7137,.T.);
#7137 = EDGE_LOOP('',(#7138,#7139,#7147));
#7138 = ORIENTED_EDGE('',*,*,#1411,.T.);
#7139 = ORIENTED_EDGE('',*,*,#7140,.F.);
#7140 = EDGE_CURVE('',#7141,#1404,#7143,.T.);
#7141 = VERTEX_POINT('',#7142);
#7142 = CARTESIAN_POINT('',(-20.21130943298,-13.70315361022,5.25));
#7143 = LINE('',#7144,#7145);
#7144 = CARTESIAN_POINT('',(-20.21130943298,-13.70315361022,5.25));
#7145 = VECTOR('',#7146,1.);
#7146 = DIRECTION('',(2.302054269614E-02,-9.535961268298E-03,
    0.999689511827));
#7147 = ORIENTED_EDGE('',*,*,#7148,.T.);
#7148 = EDGE_CURVE('',#7141,#1412,#7149,.T.);
#7149 = LINE('',#7150,#7151);
#7150 = CARTESIAN_POINT('',(-20.21130943298,-13.70315361022,5.25));
#7151 = VECTOR('',#7152,1.);
#7152 = DIRECTION('',(-2.210203096127E-02,1.150536829852E-02,
    0.999689515163));
#7153 = PLANE('',#7154);
#7154 = AXIS2_PLACEMENT_3D('',#7155,#7156,#7157);
#7155 = CARTESIAN_POINT('',(-20.21089769566,-13.70227079275,
    6.146252919432));
#7156 = DIRECTION('',(0.422623421993,0.906304729047,-1.086871197561E-03)
  );
#7157 = DIRECTION('',(0.906305264352,-0.422623671614,-5.421010862428E-20
    ));
#7158 = ADVANCED_FACE('',(#7159),#7176,.T.);
#7159 = FACE_BOUND('',#7160,.T.);
#7160 = EDGE_LOOP('',(#7161,#7162,#7170));
#7161 = ORIENTED_EDGE('',*,*,#1419,.T.);
#7162 = ORIENTED_EDGE('',*,*,#7163,.F.);
#7163 = EDGE_CURVE('',#7164,#1412,#7166,.T.);
#7164 = VERTEX_POINT('',#7165);
#7165 = CARTESIAN_POINT('',(-20.28678894043,-13.65957641601,5.25));
#7166 = LINE('',#7167,#7168);
#7167 = CARTESIAN_POINT('',(-20.28678894043,-13.65957641601,5.25));
#7168 = VECTOR('',#7169,1.);
#7169 = DIRECTION('',(2.101572426769E-02,-1.338815387491E-02,
    0.99968950013));
#7170 = ORIENTED_EDGE('',*,*,#7171,.T.);
#7171 = EDGE_CURVE('',#7164,#1420,#7172,.T.);
#7172 = LINE('',#7173,#7174);
#7173 = CARTESIAN_POINT('',(-20.28678894043,-13.65957641601,5.25));
#7174 = VECTOR('',#7175,1.);
#7175 = DIRECTION('',(-1.976816101742E-02,1.516906452541E-02,
    0.999689511444));
#7176 = PLANE('',#7177);
#7177 = AXIS2_PLACEMENT_3D('',#7178,#7179,#7180);
#7178 = CARTESIAN_POINT('',(-20.28622970033,-13.65877809489,
    6.14625315291));
#7179 = DIRECTION('',(0.573576561733,0.819151234561,-1.087541774246E-03)
  );
#7180 = DIRECTION('',(0.819151718986,-0.573576900931,-1.084202172486E-19
    ));
#7181 = ADVANCED_FACE('',(#7182),#7199,.T.);
#7182 = FACE_BOUND('',#7183,.T.);
#7183 = EDGE_LOOP('',(#7184,#7185,#7193));
#7184 = ORIENTED_EDGE('',*,*,#1427,.T.);
#7185 = ORIENTED_EDGE('',*,*,#7186,.F.);
#7186 = EDGE_CURVE('',#7187,#1420,#7189,.T.);
#7187 = VERTEX_POINT('',#7188);
#7188 = CARTESIAN_POINT('',(-20.35355377197,-13.60355377197,5.25));
#7189 = LINE('',#7190,#7191);
#7190 = CARTESIAN_POINT('',(-20.35355377197,-13.60355377197,5.25));
#7191 = VECTOR('',#7192,1.);
#7192 = DIRECTION('',(1.83713256831E-02,-1.683393522353E-02,
    0.999689508306));
#7193 = ORIENTED_EDGE('',*,*,#7194,.T.);
#7194 = EDGE_CURVE('',#7187,#1428,#7195,.T.);
#7195 = LINE('',#7196,#7197);
#7196 = CARTESIAN_POINT('',(-20.35355377197,-13.60355377197,5.25));
#7197 = VECTOR('',#7198,1.);
#7198 = DIRECTION('',(-1.683393522353E-02,1.83713256831E-02,
    0.999689508306));
#7199 = PLANE('',#7200);
#7200 = AXIS2_PLACEMENT_3D('',#7201,#7202,#7203);
#7201 = CARTESIAN_POINT('',(-20.35286461253,-13.60286461253,
    6.146253072472));
#7202 = DIRECTION('',(0.707106363103,0.707106363103,-1.087436216451E-03)
  );
#7203 = DIRECTION('',(-0.707106781187,0.707106781187,0.));
#7204 = ADVANCED_FACE('',(#7205),#7222,.T.);
#7205 = FACE_BOUND('',#7206,.T.);
#7206 = EDGE_LOOP('',(#7207,#7208,#7216));
#7207 = ORIENTED_EDGE('',*,*,#1435,.T.);
#7208 = ORIENTED_EDGE('',*,*,#7209,.F.);
#7209 = EDGE_CURVE('',#7210,#1428,#7212,.T.);
#7210 = VERTEX_POINT('',#7211);
#7211 = CARTESIAN_POINT('',(-20.40957641601,-13.53678798675,5.25));
#7212 = LINE('',#7213,#7214);
#7213 = CARTESIAN_POINT('',(-20.40957641601,-13.53678798675,5.25));
#7214 = VECTOR('',#7215,1.);
#7215 = DIRECTION('',(1.516906436205E-02,-1.976870559207E-02,
    0.999689500678));
#7216 = ORIENTED_EDGE('',*,*,#7217,.T.);
#7217 = EDGE_CURVE('',#7210,#1436,#7218,.T.);
#7218 = LINE('',#7219,#7220);
#7219 = CARTESIAN_POINT('',(-20.40957641601,-13.53678798675,5.25));
#7220 = VECTOR('',#7221,1.);
#7221 = DIRECTION('',(-1.338760933828E-02,2.101517987402E-02,
    0.999689518866));
#7222 = PLANE('',#7223);
#7223 = AXIS2_PLACEMENT_3D('',#7224,#7225,#7226);
#7224 = CARTESIAN_POINT('',(-20.40877785061,-13.53622923542,
    6.146253022845));
#7225 = DIRECTION('',(0.819156375771,0.573569219433,-1.087452404249E-03)
  );
#7226 = DIRECTION('',(-0.573569558571,0.819156860119,1.084202172486E-19)
  );
#7227 = ADVANCED_FACE('',(#7228),#7245,.T.);
#7228 = FACE_BOUND('',#7229,.T.);
#7229 = EDGE_LOOP('',(#7230,#7231,#7239));
#7230 = ORIENTED_EDGE('',*,*,#1443,.T.);
#7231 = ORIENTED_EDGE('',*,*,#7232,.F.);
#7232 = EDGE_CURVE('',#7233,#1436,#7235,.T.);
#7233 = VERTEX_POINT('',#7234);
#7234 = CARTESIAN_POINT('',(-20.45315361022,-13.46130943298,5.25));
#7235 = LINE('',#7236,#7237);
#7236 = CARTESIAN_POINT('',(-20.45315361022,-13.46130943298,5.25));
#7237 = VECTOR('',#7238,1.);
#7238 = DIRECTION('',(1.150591301395E-02,-2.210203082273E-02,
    0.999689508897));
#7239 = ORIENTED_EDGE('',*,*,#7240,.T.);
#7240 = EDGE_CURVE('',#7233,#1444,#7241,.T.);
#7241 = LINE('',#7242,#7243);
#7242 = CARTESIAN_POINT('',(-20.45315361022,-13.46130943298,5.25));
#7243 = VECTOR('',#7244,1.);
#7244 = DIRECTION('',(-9.535961148704E-03,2.302108719497E-02,
    0.999689499289));
#7245 = PLANE('',#7246);
#7246 = AXIS2_PLACEMENT_3D('',#7247,#7248,#7249);
#7247 = CARTESIAN_POINT('',(-20.45227054827,-13.46089745125,
    6.146253220781));
#7248 = DIRECTION('',(0.906302491943,0.422628218441,-1.087233302355E-03)
  );
#7249 = DIRECTION('',(-0.42262846823,0.906303027602,0.));
#7250 = ADVANCED_FACE('',(#7251),#7266,.T.);
#7251 = FACE_BOUND('',#7252,.T.);
#7252 = EDGE_LOOP('',(#7253,#7254,#7260));
#7253 = ORIENTED_EDGE('',*,*,#1451,.T.);
#7254 = ORIENTED_EDGE('',*,*,#7255,.F.);
#7255 = EDGE_CURVE('',#4744,#1444,#7256,.T.);
#7256 = LINE('',#7257,#7258);
#7257 = CARTESIAN_POINT('',(-20.48296356201,-13.37940979003,5.25));
#7258 = VECTOR('',#7259,1.);
#7259 = DIRECTION('',(7.493007952156E-03,-2.376417768511E-02,
    0.999689511144));
#7260 = ORIENTED_EDGE('',*,*,#7261,.T.);
#7261 = EDGE_CURVE('',#4744,#1452,#7262,.T.);
#7262 = LINE('',#7263,#7264);
#7263 = CARTESIAN_POINT('',(-20.48296356201,-13.37940979003,5.25));
#7264 = VECTOR('',#7265,1.);
#7265 = DIRECTION('',(-5.392307173545E-03,2.432694327414E-02,
    0.999689513226));
#7266 = PLANE('',#7267);
#7267 = AXIS2_PLACEMENT_3D('',#7268,#7269,#7270);
#7268 = CARTESIAN_POINT('',(-20.48202189,-13.3791575216,6.146252932222)
  );
#7269 = DIRECTION('',(0.965928578403,0.258806488093,-1.087724876546E-03)
  );
#7270 = DIRECTION('',(-0.258806641196,0.965929149821,0.));
#7271 = ADVANCED_FACE('',(#7272),#7282,.T.);
#7272 = FACE_BOUND('',#7273,.T.);
#7273 = EDGE_LOOP('',(#7274,#7275,#7276));
#7274 = ORIENTED_EDGE('',*,*,#1466,.T.);
#7275 = ORIENTED_EDGE('',*,*,#2112,.F.);
#7276 = ORIENTED_EDGE('',*,*,#7277,.T.);
#7277 = EDGE_CURVE('',#2105,#1467,#7278,.T.);
#7278 = LINE('',#7279,#7280);
#7279 = CARTESIAN_POINT('',(-20.49809646606,13.293578147888,5.25));
#7280 = VECTOR('',#7281,1.);
#7281 = DIRECTION('',(3.252381655819E-03,2.470448089555E-02,
    0.999689507116));
#7282 = PLANE('',#7283);
#7283 = AXIS2_PLACEMENT_3D('',#7284,#7285,#7286);
#7284 = CARTESIAN_POINT('',(-20.49712597705,13.293493162902,
    6.146253193015));
#7285 = DIRECTION('',(0.996193295267,-8.716499846328E-02,
    -1.08697225703E-03));
#7286 = DIRECTION('',(8.716504995643E-02,0.996193883773,0.));
#7287 = ADVANCED_FACE('',(#7288),#7305,.T.);
#7288 = FACE_BOUND('',#7289,.T.);
#7289 = EDGE_LOOP('',(#7290,#7291,#7299));
#7290 = ORIENTED_EDGE('',*,*,#1474,.T.);
#7291 = ORIENTED_EDGE('',*,*,#7292,.F.);
#7292 = EDGE_CURVE('',#7293,#1467,#7295,.T.);
#7293 = VERTEX_POINT('',#7294);
#7294 = CARTESIAN_POINT('',(-20.48296356201,13.379409790039,5.25));
#7295 = LINE('',#7296,#7297);
#7296 = CARTESIAN_POINT('',(-20.48296356201,13.379409790039,5.25));
#7297 = VECTOR('',#7298,1.);
#7298 = DIRECTION('',(-5.392307173545E-03,-2.432694327414E-02,
    0.999689513226));
#7299 = ORIENTED_EDGE('',*,*,#7300,.T.);
#7300 = EDGE_CURVE('',#7293,#1475,#7301,.T.);
#7301 = LINE('',#7302,#7303);
#7302 = CARTESIAN_POINT('',(-20.48296356201,13.379409790039,5.25));
#7303 = VECTOR('',#7304,1.);
#7304 = DIRECTION('',(7.493007952156E-03,2.376417768511E-02,
    0.999689511144));
#7305 = PLANE('',#7306);
#7306 = AXIS2_PLACEMENT_3D('',#7307,#7308,#7309);
#7307 = CARTESIAN_POINT('',(-20.48202189,13.379157521602,6.146252932222)
  );
#7308 = DIRECTION('',(0.965928578403,-0.258806488093,-1.087724876546E-03
    ));
#7309 = DIRECTION('',(0.258806641196,0.965929149821,0.));
#7310 = ADVANCED_FACE('',(#7311),#7328,.T.);
#7311 = FACE_BOUND('',#7312,.T.);
#7312 = EDGE_LOOP('',(#7313,#7314,#7322));
#7313 = ORIENTED_EDGE('',*,*,#1482,.T.);
#7314 = ORIENTED_EDGE('',*,*,#7315,.F.);
#7315 = EDGE_CURVE('',#7316,#1475,#7318,.T.);
#7316 = VERTEX_POINT('',#7317);
#7317 = CARTESIAN_POINT('',(-20.45315361022,13.461309432983,5.25));
#7318 = LINE('',#7319,#7320);
#7319 = CARTESIAN_POINT('',(-20.45315361022,13.461309432983,5.25));
#7320 = VECTOR('',#7321,1.);
#7321 = DIRECTION('',(-9.535961148704E-03,-2.302108719497E-02,
    0.999689499289));
#7322 = ORIENTED_EDGE('',*,*,#7323,.T.);
#7323 = EDGE_CURVE('',#7316,#1483,#7324,.T.);
#7324 = LINE('',#7325,#7326);
#7325 = CARTESIAN_POINT('',(-20.45315361022,13.461309432983,5.25));
#7326 = VECTOR('',#7327,1.);
#7327 = DIRECTION('',(1.150591301395E-02,2.210203082273E-02,
    0.999689508897));
#7328 = PLANE('',#7329);
#7329 = AXIS2_PLACEMENT_3D('',#7330,#7331,#7332);
#7330 = CARTESIAN_POINT('',(-20.45227054827,13.460897451258,
    6.146253220781));
#7331 = DIRECTION('',(0.906302491943,-0.422628218441,-1.087233302355E-03
    ));
#7332 = DIRECTION('',(0.42262846823,0.906303027602,0.));
#7333 = ADVANCED_FACE('',(#7334),#7351,.T.);
#7334 = FACE_BOUND('',#7335,.T.);
#7335 = EDGE_LOOP('',(#7336,#7337,#7345));
#7336 = ORIENTED_EDGE('',*,*,#1490,.T.);
#7337 = ORIENTED_EDGE('',*,*,#7338,.F.);
#7338 = EDGE_CURVE('',#7339,#1483,#7341,.T.);
#7339 = VERTEX_POINT('',#7340);
#7340 = CARTESIAN_POINT('',(-20.40957641601,13.536787986755,5.25));
#7341 = LINE('',#7342,#7343);
#7342 = CARTESIAN_POINT('',(-20.40957641601,13.536787986755,5.25));
#7343 = VECTOR('',#7344,1.);
#7344 = DIRECTION('',(-1.338760933828E-02,-2.101517987402E-02,
    0.999689518866));
#7345 = ORIENTED_EDGE('',*,*,#7346,.T.);
#7346 = EDGE_CURVE('',#7339,#1491,#7347,.T.);
#7347 = LINE('',#7348,#7349);
#7348 = CARTESIAN_POINT('',(-20.40957641601,13.536787986755,5.25));
#7349 = VECTOR('',#7350,1.);
#7350 = DIRECTION('',(1.516906436205E-02,1.976870559207E-02,
    0.999689500678));
#7351 = PLANE('',#7352);
#7352 = AXIS2_PLACEMENT_3D('',#7353,#7354,#7355);
#7353 = CARTESIAN_POINT('',(-20.40877785061,13.536229235422,
    6.146253022845));
#7354 = DIRECTION('',(0.819156375771,-0.573569219433,-1.087452404249E-03
    ));
#7355 = DIRECTION('',(0.573569558571,0.819156860119,0.));
#7356 = ADVANCED_FACE('',(#7357),#7374,.T.);
#7357 = FACE_BOUND('',#7358,.T.);
#7358 = EDGE_LOOP('',(#7359,#7360,#7368));
#7359 = ORIENTED_EDGE('',*,*,#1498,.T.);
#7360 = ORIENTED_EDGE('',*,*,#7361,.F.);
#7361 = EDGE_CURVE('',#7362,#1491,#7364,.T.);
#7362 = VERTEX_POINT('',#7363);
#7363 = CARTESIAN_POINT('',(-20.35355377197,13.603553771973,5.25));
#7364 = LINE('',#7365,#7366);
#7365 = CARTESIAN_POINT('',(-20.35355377197,13.603553771973,5.25));
#7366 = VECTOR('',#7367,1.);
#7367 = DIRECTION('',(-1.683393522353E-02,-1.83713256831E-02,
    0.999689508306));
#7368 = ORIENTED_EDGE('',*,*,#7369,.T.);
#7369 = EDGE_CURVE('',#7362,#1499,#7370,.T.);
#7370 = LINE('',#7371,#7372);
#7371 = CARTESIAN_POINT('',(-20.35355377197,13.603553771973,5.25));
#7372 = VECTOR('',#7373,1.);
#7373 = DIRECTION('',(1.83713256831E-02,1.683393522353E-02,
    0.999689508306));
#7374 = PLANE('',#7375);
#7375 = AXIS2_PLACEMENT_3D('',#7376,#7377,#7378);
#7376 = CARTESIAN_POINT('',(-20.35286461253,13.602864612533,
    6.146253072472));
#7377 = DIRECTION('',(0.707106363103,-0.707106363103,-1.087436216451E-03
    ));
#7378 = DIRECTION('',(0.707106781187,0.707106781187,0.));
#7379 = ADVANCED_FACE('',(#7380),#7397,.T.);
#7380 = FACE_BOUND('',#7381,.T.);
#7381 = EDGE_LOOP('',(#7382,#7383,#7391));
#7382 = ORIENTED_EDGE('',*,*,#1506,.T.);
#7383 = ORIENTED_EDGE('',*,*,#7384,.F.);
#7384 = EDGE_CURVE('',#7385,#1499,#7387,.T.);
#7385 = VERTEX_POINT('',#7386);
#7386 = CARTESIAN_POINT('',(-20.28678894043,13.659576416016,5.25));
#7387 = LINE('',#7388,#7389);
#7388 = CARTESIAN_POINT('',(-20.28678894043,13.659576416016,5.25));
#7389 = VECTOR('',#7390,1.);
#7390 = DIRECTION('',(-1.976816101742E-02,-1.516906452541E-02,
    0.999689511444));
#7391 = ORIENTED_EDGE('',*,*,#7392,.T.);
#7392 = EDGE_CURVE('',#7385,#1507,#7393,.T.);
#7393 = LINE('',#7394,#7395);
#7394 = CARTESIAN_POINT('',(-20.28678894043,13.659576416016,5.25));
#7395 = VECTOR('',#7396,1.);
#7396 = DIRECTION('',(2.101572426769E-02,1.338815387491E-02,
    0.99968950013));
#7397 = PLANE('',#7398);
#7398 = AXIS2_PLACEMENT_3D('',#7399,#7400,#7401);
#7399 = CARTESIAN_POINT('',(-20.28622970033,13.65877809489,6.14625315291
    ));
#7400 = DIRECTION('',(0.573576561733,-0.819151234561,-1.087541774246E-03
    ));
#7401 = DIRECTION('',(-0.819151718986,-0.573576900931,
    -1.084202172486E-19));
#7402 = ADVANCED_FACE('',(#7403),#7420,.T.);
#7403 = FACE_BOUND('',#7404,.T.);
#7404 = EDGE_LOOP('',(#7405,#7406,#7414));
#7405 = ORIENTED_EDGE('',*,*,#1514,.T.);
#7406 = ORIENTED_EDGE('',*,*,#7407,.F.);
#7407 = EDGE_CURVE('',#7408,#1507,#7410,.T.);
#7408 = VERTEX_POINT('',#7409);
#7409 = CARTESIAN_POINT('',(-20.21130943298,13.703153610229,5.25));
#7410 = LINE('',#7411,#7412);
#7411 = CARTESIAN_POINT('',(-20.21130943298,13.703153610229,5.25));
#7412 = VECTOR('',#7413,1.);
#7413 = DIRECTION('',(-2.210203096127E-02,-1.150536829852E-02,
    0.999689515163));
#7414 = ORIENTED_EDGE('',*,*,#7415,.T.);
#7415 = EDGE_CURVE('',#7408,#1515,#7416,.T.);
#7416 = LINE('',#7417,#7418);
#7417 = CARTESIAN_POINT('',(-20.21130943298,13.703153610229,5.25));
#7418 = VECTOR('',#7419,1.);
#7419 = DIRECTION('',(2.302054269614E-02,9.535961268298E-03,
    0.999689511827));
#7420 = PLANE('',#7421);
#7421 = AXIS2_PLACEMENT_3D('',#7422,#7423,#7424);
#7422 = CARTESIAN_POINT('',(-20.21089769566,13.702270792757,
    6.146252919432));
#7423 = DIRECTION('',(0.422623421993,-0.906304729047,-1.086871197561E-03
    ));
#7424 = DIRECTION('',(-0.906305264352,-0.422623671614,5.421010862428E-20
    ));
#7425 = ADVANCED_FACE('',(#7426),#7443,.T.);
#7426 = FACE_BOUND('',#7427,.T.);
#7427 = EDGE_LOOP('',(#7428,#7429,#7437));
#7428 = ORIENTED_EDGE('',*,*,#1522,.T.);
#7429 = ORIENTED_EDGE('',*,*,#7430,.F.);
#7430 = EDGE_CURVE('',#7431,#1515,#7433,.T.);
#7431 = VERTEX_POINT('',#7432);
#7432 = CARTESIAN_POINT('',(-20.12940979003,13.732962608337,5.25));
#7433 = LINE('',#7434,#7435);
#7434 = CARTESIAN_POINT('',(-20.12940979003,13.732962608337,5.25));
#7435 = VECTOR('',#7436,1.);
#7436 = DIRECTION('',(-2.376472226199E-02,-7.492463098189E-03,
    0.999689502282));
#7437 = ORIENTED_EDGE('',*,*,#7438,.T.);
#7438 = EDGE_CURVE('',#7431,#1523,#7439,.T.);
#7439 = LINE('',#7440,#7441);
#7440 = CARTESIAN_POINT('',(-20.12940979003,13.732962608337,5.25));
#7441 = VECTOR('',#7442,1.);
#7442 = DIRECTION('',(2.43269431312E-02,5.393396716954E-03,
    0.999689507352));
#7443 = PLANE('',#7444);
#7444 = AXIS2_PLACEMENT_3D('',#7445,#7446,#7447);
#7445 = CARTESIAN_POINT('',(-20.12915776576,13.732021668661,
    6.146253209971));
#7446 = DIRECTION('',(0.258813962126,-0.965926576782,-1.086864773683E-03
    ));
#7447 = DIRECTION('',(-0.965927147295,-0.258814114991,0.));
#7448 = ADVANCED_FACE('',(#7449),#7466,.T.);
#7449 = FACE_BOUND('',#7450,.T.);
#7450 = EDGE_LOOP('',(#7451,#7452,#7460));
#7451 = ORIENTED_EDGE('',*,*,#1530,.T.);
#7452 = ORIENTED_EDGE('',*,*,#7453,.F.);
#7453 = EDGE_CURVE('',#7454,#1523,#7456,.T.);
#7454 = VERTEX_POINT('',#7455);
#7455 = CARTESIAN_POINT('',(-20.04357719421,13.748097419739,5.25));
#7456 = LINE('',#7457,#7458);
#7457 = CARTESIAN_POINT('',(-20.04357719421,13.748097419739,5.25));
#7458 = VECTOR('',#7459,1.);
#7459 = DIRECTION('',(-2.470502535059E-02,-3.252381612046E-03,
    0.999689493661));
#7460 = ORIENTED_EDGE('',*,*,#7461,.T.);
#7461 = EDGE_CURVE('',#7454,#1531,#7462,.T.);
#7462 = LINE('',#7463,#7464);
#7463 = CARTESIAN_POINT('',(-20.04357719421,13.748097419739,5.25));
#7464 = VECTOR('',#7465,1.);
#7465 = DIRECTION('',(2.489352243166E-02,1.086851167575E-03,
    0.999689517448));
#7466 = PLANE('',#7467);
#7467 = AXIS2_PLACEMENT_3D('',#7468,#7469,#7470);
#7468 = CARTESIAN_POINT('',(-20.04349269794,13.74712668652,
    6.146253173245));
#7469 = DIRECTION('',(8.715413943319E-02,-0.996194245107,
    -1.087196202018E-03));
#7470 = DIRECTION('',(-0.996194833856,-8.715419094114E-02,0.));
#7471 = ADVANCED_FACE('',(#7472),#7483,.T.);
#7472 = FACE_BOUND('',#7473,.T.);
#7473 = EDGE_LOOP('',(#7474,#7480,#7481,#7482));
#7474 = ORIENTED_EDGE('',*,*,#7475,.F.);
#7475 = EDGE_CURVE('',#2529,#1531,#7476,.T.);
#7476 = LINE('',#7477,#7478);
#7477 = CARTESIAN_POINT('',(-20.,13.75,0.));
#7478 = VECTOR('',#7479,1.);
#7479 = DIRECTION('',(0.,0.,1.));
#7480 = ORIENTED_EDGE('',*,*,#2528,.F.);
#7481 = ORIENTED_EDGE('',*,*,#6207,.T.);
#7482 = ORIENTED_EDGE('',*,*,#1538,.F.);
#7483 = PLANE('',#7484);
#7484 = AXIS2_PLACEMENT_3D('',#7485,#7486,#7487);
#7485 = CARTESIAN_POINT('',(-12.36500000953,13.75,3.5));
#7486 = DIRECTION('',(-0.,-1.,-0.));
#7487 = DIRECTION('',(0.,0.,-1.));
#7488 = ADVANCED_FACE('',(#7489),#7500,.T.);
#7489 = FACE_BOUND('',#7490,.T.);
#7490 = EDGE_LOOP('',(#7491,#7492,#7493,#7499));
#7491 = ORIENTED_EDGE('',*,*,#1546,.F.);
#7492 = ORIENTED_EDGE('',*,*,#4687,.T.);
#7493 = ORIENTED_EDGE('',*,*,#7494,.T.);
#7494 = EDGE_CURVE('',#4680,#4524,#7495,.T.);
#7495 = LINE('',#7496,#7497);
#7496 = CARTESIAN_POINT('',(6.829999923706,-10.38000011444,
    5.400000095367));
#7497 = VECTOR('',#7498,1.);
#7498 = DIRECTION('',(1.,0.,0.));
#7499 = ORIENTED_EDGE('',*,*,#4523,.T.);
#7500 = PLANE('',#7501);
#7501 = AXIS2_PLACEMENT_3D('',#7502,#7503,#7504);
#7502 = CARTESIAN_POINT('',(7.880000114441,-10.38000011444,
    6.200000047684));
#7503 = DIRECTION('',(-0.,-1.,-0.));
#7504 = DIRECTION('',(0.,0.,-1.));
#7505 = ADVANCED_FACE('',(#7506),#7517,.T.);
#7506 = FACE_BOUND('',#7507,.T.);
#7507 = EDGE_LOOP('',(#7508,#7509,#7510,#7516));
#7508 = ORIENTED_EDGE('',*,*,#1598,.F.);
#7509 = ORIENTED_EDGE('',*,*,#4146,.T.);
#7510 = ORIENTED_EDGE('',*,*,#7511,.T.);
#7511 = EDGE_CURVE('',#4139,#3976,#7512,.T.);
#7512 = LINE('',#7513,#7514);
#7513 = CARTESIAN_POINT('',(11.909999847412,-10.38000011444,
    5.400000095367));
#7514 = VECTOR('',#7515,1.);
#7515 = DIRECTION('',(1.,0.,0.));
#7516 = ORIENTED_EDGE('',*,*,#3975,.T.);
#7517 = PLANE('',#7518);
#7518 = AXIS2_PLACEMENT_3D('',#7519,#7520,#7521);
#7519 = CARTESIAN_POINT('',(12.960000038147,-10.38000011444,
    6.200000047684));
#7520 = DIRECTION('',(-0.,-1.,-0.));
#7521 = DIRECTION('',(0.,0.,-1.));
#7522 = ADVANCED_FACE('',(#7523),#7548,.T.);
#7523 = FACE_BOUND('',#7524,.T.);
#7524 = EDGE_LOOP('',(#7525,#7526,#7534,#7542));
#7525 = ORIENTED_EDGE('',*,*,#1614,.F.);
#7526 = ORIENTED_EDGE('',*,*,#7527,.T.);
#7527 = EDGE_CURVE('',#1615,#7528,#7530,.T.);
#7528 = VERTEX_POINT('',#7529);
#7529 = CARTESIAN_POINT('',(8.930000305176,10.380000114441,
    5.400000095367));
#7530 = LINE('',#7531,#7532);
#7531 = CARTESIAN_POINT('',(8.930000305176,10.380000114441,7.));
#7532 = VECTOR('',#7533,1.);
#7533 = DIRECTION('',(0.,0.,-1.));
#7534 = ORIENTED_EDGE('',*,*,#7535,.T.);
#7535 = EDGE_CURVE('',#7528,#7536,#7538,.T.);
#7536 = VERTEX_POINT('',#7537);
#7537 = CARTESIAN_POINT('',(6.829999923706,10.380000114441,
    5.400000095367));
#7538 = LINE('',#7539,#7540);
#7539 = CARTESIAN_POINT('',(8.930000305176,10.380000114441,
    5.400000095367));
#7540 = VECTOR('',#7541,1.);
#7541 = DIRECTION('',(-1.,0.,0.));
#7542 = ORIENTED_EDGE('',*,*,#7543,.T.);
#7543 = EDGE_CURVE('',#7536,#1617,#7544,.T.);
#7544 = LINE('',#7545,#7546);
#7545 = CARTESIAN_POINT('',(6.829999923706,10.380000114441,
    5.400000095367));
#7546 = VECTOR('',#7547,1.);
#7547 = DIRECTION('',(0.,0.,1.));
#7548 = PLANE('',#7549);
#7549 = AXIS2_PLACEMENT_3D('',#7550,#7551,#7552);
#7550 = CARTESIAN_POINT('',(7.880000114441,10.380000114441,
    6.200000047684));
#7551 = DIRECTION('',(0.,1.,0.));
#7552 = DIRECTION('',(0.,0.,1.));
#7553 = ADVANCED_FACE('',(#7554),#7586,.T.);
#7554 = FACE_BOUND('',#7555,.T.);
#7555 = EDGE_LOOP('',(#7556,#7564,#7570,#7571,#7577,#7578,#7579,#7585));
#7556 = ORIENTED_EDGE('',*,*,#7557,.T.);
#7557 = EDGE_CURVE('',#6409,#7558,#7560,.T.);
#7558 = VERTEX_POINT('',#7559);
#7559 = CARTESIAN_POINT('',(6.829999923706,6.5,2.));
#7560 = LINE('',#7561,#7562);
#7561 = CARTESIAN_POINT('',(6.829999923706,8.979999542236,2.));
#7562 = VECTOR('',#7563,1.);
#7563 = DIRECTION('',(0.,-1.,0.));
#7564 = ORIENTED_EDGE('',*,*,#7565,.T.);
#7565 = EDGE_CURVE('',#7558,#2377,#7566,.T.);
#7566 = LINE('',#7567,#7568);
#7567 = CARTESIAN_POINT('',(6.829999923706,6.5,2.));
#7568 = VECTOR('',#7569,1.);
#7569 = DIRECTION('',(0.,0.,-1.));
#7570 = ORIENTED_EDGE('',*,*,#2376,.F.);
#7571 = ORIENTED_EDGE('',*,*,#7572,.F.);
#7572 = EDGE_CURVE('',#1625,#2369,#7573,.T.);
#7573 = LINE('',#7574,#7575);
#7574 = CARTESIAN_POINT('',(6.829999923706,12.479999542236,7.));
#7575 = VECTOR('',#7576,1.);
#7576 = DIRECTION('',(0.,0.,-1.));
#7577 = ORIENTED_EDGE('',*,*,#1624,.F.);
#7578 = ORIENTED_EDGE('',*,*,#7543,.F.);
#7579 = ORIENTED_EDGE('',*,*,#7580,.F.);
#7580 = EDGE_CURVE('',#6417,#7536,#7581,.T.);
#7581 = LINE('',#7582,#7583);
#7582 = CARTESIAN_POINT('',(6.829999923706,8.979999542236,5.400000095367
    ));
#7583 = VECTOR('',#7584,1.);
#7584 = DIRECTION('',(0.,1.,0.));
#7585 = ORIENTED_EDGE('',*,*,#6416,.F.);
#7586 = PLANE('',#7587);
#7587 = AXIS2_PLACEMENT_3D('',#7588,#7589,#7590);
#7588 = CARTESIAN_POINT('',(6.829999923706,10.05394426301,2.936055508109
    ));
#7589 = DIRECTION('',(1.,0.,0.));
#7590 = DIRECTION('',(0.,0.,1.));
#7591 = ADVANCED_FACE('',(#7592),#7603,.T.);
#7592 = FACE_BOUND('',#7593,.T.);
#7593 = EDGE_LOOP('',(#7594,#7595,#7596,#7597));
#7594 = ORIENTED_EDGE('',*,*,#1632,.F.);
#7595 = ORIENTED_EDGE('',*,*,#7572,.T.);
#7596 = ORIENTED_EDGE('',*,*,#2368,.T.);
#7597 = ORIENTED_EDGE('',*,*,#7598,.T.);
#7598 = EDGE_CURVE('',#2361,#1633,#7599,.T.);
#7599 = LINE('',#7600,#7601);
#7600 = CARTESIAN_POINT('',(8.930000305176,12.479999542236,0.));
#7601 = VECTOR('',#7602,1.);
#7602 = DIRECTION('',(0.,0.,1.));
#7603 = PLANE('',#7604);
#7604 = AXIS2_PLACEMENT_3D('',#7605,#7606,#7607);
#7605 = CARTESIAN_POINT('',(7.880000114441,12.479999542236,3.5));
#7606 = DIRECTION('',(-0.,-1.,-0.));
#7607 = DIRECTION('',(0.,0.,-1.));
#7608 = ADVANCED_FACE('',(#7609),#7636,.T.);
#7609 = FACE_BOUND('',#7610,.T.);
#7610 = EDGE_LOOP('',(#7611,#7619,#7625,#7626,#7632,#7633,#7634,#7635));
#7611 = ORIENTED_EDGE('',*,*,#7612,.T.);
#7612 = EDGE_CURVE('',#2353,#7613,#7615,.T.);
#7613 = VERTEX_POINT('',#7614);
#7614 = CARTESIAN_POINT('',(8.930000305176,6.5,2.));
#7615 = LINE('',#7616,#7617);
#7616 = CARTESIAN_POINT('',(8.930000305176,6.5,0.));
#7617 = VECTOR('',#7618,1.);
#7618 = DIRECTION('',(0.,0.,1.));
#7619 = ORIENTED_EDGE('',*,*,#7620,.F.);
#7620 = EDGE_CURVE('',#6433,#7613,#7621,.T.);
#7621 = LINE('',#7622,#7623);
#7622 = CARTESIAN_POINT('',(8.930000305176,8.979999542236,2.));
#7623 = VECTOR('',#7624,1.);
#7624 = DIRECTION('',(0.,-1.,0.));
#7625 = ORIENTED_EDGE('',*,*,#6432,.F.);
#7626 = ORIENTED_EDGE('',*,*,#7627,.F.);
#7627 = EDGE_CURVE('',#7528,#6425,#7628,.T.);
#7628 = LINE('',#7629,#7630);
#7629 = CARTESIAN_POINT('',(8.930000305176,10.380000114441,
    5.400000095367));
#7630 = VECTOR('',#7631,1.);
#7631 = DIRECTION('',(0.,-1.,0.));
#7632 = ORIENTED_EDGE('',*,*,#7527,.F.);
#7633 = ORIENTED_EDGE('',*,*,#1640,.F.);
#7634 = ORIENTED_EDGE('',*,*,#7598,.F.);
#7635 = ORIENTED_EDGE('',*,*,#2360,.T.);
#7636 = PLANE('',#7637);
#7637 = AXIS2_PLACEMENT_3D('',#7638,#7639,#7640);
#7638 = CARTESIAN_POINT('',(8.930000305176,10.05394426301,2.936055508109
    ));
#7639 = DIRECTION('',(-1.,-0.,-0.));
#7640 = DIRECTION('',(0.,0.,-1.));
#7641 = ADVANCED_FACE('',(#7642),#7667,.T.);
#7642 = FACE_BOUND('',#7643,.T.);
#7643 = EDGE_LOOP('',(#7644,#7645,#7653,#7661));
#7644 = ORIENTED_EDGE('',*,*,#1648,.F.);
#7645 = ORIENTED_EDGE('',*,*,#7646,.T.);
#7646 = EDGE_CURVE('',#1649,#7647,#7649,.T.);
#7647 = VERTEX_POINT('',#7648);
#7648 = CARTESIAN_POINT('',(11.470000267029,10.380000114441,
    5.400000095367));
#7649 = LINE('',#7650,#7651);
#7650 = CARTESIAN_POINT('',(11.470000267029,10.380000114441,7.));
#7651 = VECTOR('',#7652,1.);
#7652 = DIRECTION('',(0.,0.,-1.));
#7653 = ORIENTED_EDGE('',*,*,#7654,.T.);
#7654 = EDGE_CURVE('',#7647,#7655,#7657,.T.);
#7655 = VERTEX_POINT('',#7656);
#7656 = CARTESIAN_POINT('',(9.369999885559,10.380000114441,
    5.400000095367));
#7657 = LINE('',#7658,#7659);
#7658 = CARTESIAN_POINT('',(11.470000267029,10.380000114441,
    5.400000095367));
#7659 = VECTOR('',#7660,1.);
#7660 = DIRECTION('',(-1.,0.,0.));
#7661 = ORIENTED_EDGE('',*,*,#7662,.T.);
#7662 = EDGE_CURVE('',#7655,#1651,#7663,.T.);
#7663 = LINE('',#7664,#7665);
#7664 = CARTESIAN_POINT('',(9.369999885559,10.380000114441,
    5.400000095367));
#7665 = VECTOR('',#7666,1.);
#7666 = DIRECTION('',(0.,0.,1.));
#7667 = PLANE('',#7668);
#7668 = AXIS2_PLACEMENT_3D('',#7669,#7670,#7671);
#7669 = CARTESIAN_POINT('',(10.420000076294,10.380000114441,
    6.200000047684));
#7670 = DIRECTION('',(0.,1.,0.));
#7671 = DIRECTION('',(0.,0.,1.));
#7672 = ADVANCED_FACE('',(#7673),#7705,.T.);
#7673 = FACE_BOUND('',#7674,.T.);
#7674 = EDGE_LOOP('',(#7675,#7683,#7689,#7690,#7696,#7697,#7698,#7704));
#7675 = ORIENTED_EDGE('',*,*,#7676,.T.);
#7676 = EDGE_CURVE('',#6441,#7677,#7679,.T.);
#7677 = VERTEX_POINT('',#7678);
#7678 = CARTESIAN_POINT('',(9.369999885559,6.5,2.));
#7679 = LINE('',#7680,#7681);
#7680 = CARTESIAN_POINT('',(9.369999885559,8.979999542236,2.));
#7681 = VECTOR('',#7682,1.);
#7682 = DIRECTION('',(0.,-1.,0.));
#7683 = ORIENTED_EDGE('',*,*,#7684,.T.);
#7684 = EDGE_CURVE('',#7677,#2345,#7685,.T.);
#7685 = LINE('',#7686,#7687);
#7686 = CARTESIAN_POINT('',(9.369999885559,6.5,2.));
#7687 = VECTOR('',#7688,1.);
#7688 = DIRECTION('',(0.,0.,-1.));
#7689 = ORIENTED_EDGE('',*,*,#2344,.F.);
#7690 = ORIENTED_EDGE('',*,*,#7691,.F.);
#7691 = EDGE_CURVE('',#1659,#2337,#7692,.T.);
#7692 = LINE('',#7693,#7694);
#7693 = CARTESIAN_POINT('',(9.369999885559,12.479999542236,7.));
#7694 = VECTOR('',#7695,1.);
#7695 = DIRECTION('',(0.,0.,-1.));
#7696 = ORIENTED_EDGE('',*,*,#1658,.F.);
#7697 = ORIENTED_EDGE('',*,*,#7662,.F.);
#7698 = ORIENTED_EDGE('',*,*,#7699,.F.);
#7699 = EDGE_CURVE('',#6449,#7655,#7700,.T.);
#7700 = LINE('',#7701,#7702);
#7701 = CARTESIAN_POINT('',(9.369999885559,8.979999542236,5.400000095367
    ));
#7702 = VECTOR('',#7703,1.);
#7703 = DIRECTION('',(0.,1.,0.));
#7704 = ORIENTED_EDGE('',*,*,#6448,.F.);
#7705 = PLANE('',#7706);
#7706 = AXIS2_PLACEMENT_3D('',#7707,#7708,#7709);
#7707 = CARTESIAN_POINT('',(9.369999885559,10.05394426301,2.936055508109
    ));
#7708 = DIRECTION('',(1.,0.,0.));
#7709 = DIRECTION('',(0.,0.,1.));
#7710 = ADVANCED_FACE('',(#7711),#7722,.T.);
#7711 = FACE_BOUND('',#7712,.T.);
#7712 = EDGE_LOOP('',(#7713,#7714,#7715,#7716));
#7713 = ORIENTED_EDGE('',*,*,#1666,.F.);
#7714 = ORIENTED_EDGE('',*,*,#7691,.T.);
#7715 = ORIENTED_EDGE('',*,*,#2336,.T.);
#7716 = ORIENTED_EDGE('',*,*,#7717,.T.);
#7717 = EDGE_CURVE('',#2329,#1667,#7718,.T.);
#7718 = LINE('',#7719,#7720);
#7719 = CARTESIAN_POINT('',(11.470000267029,12.479999542236,0.));
#7720 = VECTOR('',#7721,1.);
#7721 = DIRECTION('',(0.,0.,1.));
#7722 = PLANE('',#7723);
#7723 = AXIS2_PLACEMENT_3D('',#7724,#7725,#7726);
#7724 = CARTESIAN_POINT('',(10.420000076294,12.479999542236,3.5));
#7725 = DIRECTION('',(-0.,-1.,-0.));
#7726 = DIRECTION('',(0.,0.,-1.));
#7727 = ADVANCED_FACE('',(#7728),#7755,.T.);
#7728 = FACE_BOUND('',#7729,.T.);
#7729 = EDGE_LOOP('',(#7730,#7738,#7744,#7745,#7751,#7752,#7753,#7754));
#7730 = ORIENTED_EDGE('',*,*,#7731,.T.);
#7731 = EDGE_CURVE('',#2321,#7732,#7734,.T.);
#7732 = VERTEX_POINT('',#7733);
#7733 = CARTESIAN_POINT('',(11.470000267029,6.5,2.));
#7734 = LINE('',#7735,#7736);
#7735 = CARTESIAN_POINT('',(11.470000267029,6.5,0.));
#7736 = VECTOR('',#7737,1.);
#7737 = DIRECTION('',(0.,0.,1.));
#7738 = ORIENTED_EDGE('',*,*,#7739,.F.);
#7739 = EDGE_CURVE('',#6465,#7732,#7740,.T.);
#7740 = LINE('',#7741,#7742);
#7741 = CARTESIAN_POINT('',(11.470000267029,8.979999542236,2.));
#7742 = VECTOR('',#7743,1.);
#7743 = DIRECTION('',(0.,-1.,0.));
#7744 = ORIENTED_EDGE('',*,*,#6464,.F.);
#7745 = ORIENTED_EDGE('',*,*,#7746,.F.);
#7746 = EDGE_CURVE('',#7647,#6457,#7747,.T.);
#7747 = LINE('',#7748,#7749);
#7748 = CARTESIAN_POINT('',(11.470000267029,10.380000114441,
    5.400000095367));
#7749 = VECTOR('',#7750,1.);
#7750 = DIRECTION('',(0.,-1.,0.));
#7751 = ORIENTED_EDGE('',*,*,#7646,.F.);
#7752 = ORIENTED_EDGE('',*,*,#1674,.F.);
#7753 = ORIENTED_EDGE('',*,*,#7717,.F.);
#7754 = ORIENTED_EDGE('',*,*,#2328,.T.);
#7755 = PLANE('',#7756);
#7756 = AXIS2_PLACEMENT_3D('',#7757,#7758,#7759);
#7757 = CARTESIAN_POINT('',(11.470000267029,10.05394426301,
    2.936055508109));
#7758 = DIRECTION('',(-1.,-0.,-0.));
#7759 = DIRECTION('',(0.,0.,-1.));
#7760 = ADVANCED_FACE('',(#7761),#7786,.T.);
#7761 = FACE_BOUND('',#7762,.T.);
#7762 = EDGE_LOOP('',(#7763,#7764,#7772,#7780));
#7763 = ORIENTED_EDGE('',*,*,#1682,.F.);
#7764 = ORIENTED_EDGE('',*,*,#7765,.T.);
#7765 = EDGE_CURVE('',#1683,#7766,#7768,.T.);
#7766 = VERTEX_POINT('',#7767);
#7767 = CARTESIAN_POINT('',(14.010000228882,10.380000114441,
    5.400000095367));
#7768 = LINE('',#7769,#7770);
#7769 = CARTESIAN_POINT('',(14.010000228882,10.380000114441,7.));
#7770 = VECTOR('',#7771,1.);
#7771 = DIRECTION('',(0.,0.,-1.));
#7772 = ORIENTED_EDGE('',*,*,#7773,.T.);
#7773 = EDGE_CURVE('',#7766,#7774,#7776,.T.);
#7774 = VERTEX_POINT('',#7775);
#7775 = CARTESIAN_POINT('',(11.909999847412,10.380000114441,
    5.400000095367));
#7776 = LINE('',#7777,#7778);
#7777 = CARTESIAN_POINT('',(14.010000228882,10.380000114441,
    5.400000095367));
#7778 = VECTOR('',#7779,1.);
#7779 = DIRECTION('',(-1.,0.,0.));
#7780 = ORIENTED_EDGE('',*,*,#7781,.T.);
#7781 = EDGE_CURVE('',#7774,#1685,#7782,.T.);
#7782 = LINE('',#7783,#7784);
#7783 = CARTESIAN_POINT('',(11.909999847412,10.380000114441,
    5.400000095367));
#7784 = VECTOR('',#7785,1.);
#7785 = DIRECTION('',(0.,0.,1.));
#7786 = PLANE('',#7787);
#7787 = AXIS2_PLACEMENT_3D('',#7788,#7789,#7790);
#7788 = CARTESIAN_POINT('',(12.960000038147,10.380000114441,
    6.200000047684));
#7789 = DIRECTION('',(0.,1.,0.));
#7790 = DIRECTION('',(0.,0.,1.));
#7791 = ADVANCED_FACE('',(#7792),#7824,.T.);
#7792 = FACE_BOUND('',#7793,.T.);
#7793 = EDGE_LOOP('',(#7794,#7802,#7808,#7809,#7815,#7816,#7817,#7823));
#7794 = ORIENTED_EDGE('',*,*,#7795,.T.);
#7795 = EDGE_CURVE('',#6473,#7796,#7798,.T.);
#7796 = VERTEX_POINT('',#7797);
#7797 = CARTESIAN_POINT('',(11.909999847412,6.5,2.));
#7798 = LINE('',#7799,#7800);
#7799 = CARTESIAN_POINT('',(11.909999847412,8.979999542236,2.));
#7800 = VECTOR('',#7801,1.);
#7801 = DIRECTION('',(0.,-1.,0.));
#7802 = ORIENTED_EDGE('',*,*,#7803,.T.);
#7803 = EDGE_CURVE('',#7796,#2313,#7804,.T.);
#7804 = LINE('',#7805,#7806);
#7805 = CARTESIAN_POINT('',(11.909999847412,6.5,2.));
#7806 = VECTOR('',#7807,1.);
#7807 = DIRECTION('',(0.,0.,-1.));
#7808 = ORIENTED_EDGE('',*,*,#2312,.F.);
#7809 = ORIENTED_EDGE('',*,*,#7810,.F.);
#7810 = EDGE_CURVE('',#1693,#2305,#7811,.T.);
#7811 = LINE('',#7812,#7813);
#7812 = CARTESIAN_POINT('',(11.909999847412,12.479999542236,7.));
#7813 = VECTOR('',#7814,1.);
#7814 = DIRECTION('',(0.,0.,-1.));
#7815 = ORIENTED_EDGE('',*,*,#1692,.F.);
#7816 = ORIENTED_EDGE('',*,*,#7781,.F.);
#7817 = ORIENTED_EDGE('',*,*,#7818,.F.);
#7818 = EDGE_CURVE('',#6481,#7774,#7819,.T.);
#7819 = LINE('',#7820,#7821);
#7820 = CARTESIAN_POINT('',(11.909999847412,8.979999542236,
    5.400000095367));
#7821 = VECTOR('',#7822,1.);
#7822 = DIRECTION('',(0.,1.,0.));
#7823 = ORIENTED_EDGE('',*,*,#6480,.F.);
#7824 = PLANE('',#7825);
#7825 = AXIS2_PLACEMENT_3D('',#7826,#7827,#7828);
#7826 = CARTESIAN_POINT('',(11.909999847412,10.05394426301,
    2.936055508109));
#7827 = DIRECTION('',(1.,0.,0.));
#7828 = DIRECTION('',(0.,0.,1.));
#7829 = ADVANCED_FACE('',(#7830),#7841,.T.);
#7830 = FACE_BOUND('',#7831,.T.);
#7831 = EDGE_LOOP('',(#7832,#7833,#7834,#7835));
#7832 = ORIENTED_EDGE('',*,*,#1700,.F.);
#7833 = ORIENTED_EDGE('',*,*,#7810,.T.);
#7834 = ORIENTED_EDGE('',*,*,#2304,.T.);
#7835 = ORIENTED_EDGE('',*,*,#7836,.T.);
#7836 = EDGE_CURVE('',#2297,#1701,#7837,.T.);
#7837 = LINE('',#7838,#7839);
#7838 = CARTESIAN_POINT('',(14.010000228882,12.479999542236,0.));
#7839 = VECTOR('',#7840,1.);
#7840 = DIRECTION('',(0.,0.,1.));
#7841 = PLANE('',#7842);
#7842 = AXIS2_PLACEMENT_3D('',#7843,#7844,#7845);
#7843 = CARTESIAN_POINT('',(12.960000038147,12.479999542236,3.5));
#7844 = DIRECTION('',(-0.,-1.,-0.));
#7845 = DIRECTION('',(0.,0.,-1.));
#7846 = ADVANCED_FACE('',(#7847),#7874,.T.);
#7847 = FACE_BOUND('',#7848,.T.);
#7848 = EDGE_LOOP('',(#7849,#7857,#7863,#7864,#7870,#7871,#7872,#7873));
#7849 = ORIENTED_EDGE('',*,*,#7850,.T.);
#7850 = EDGE_CURVE('',#2289,#7851,#7853,.T.);
#7851 = VERTEX_POINT('',#7852);
#7852 = CARTESIAN_POINT('',(14.010000228882,6.5,2.));
#7853 = LINE('',#7854,#7855);
#7854 = CARTESIAN_POINT('',(14.010000228882,6.5,0.));
#7855 = VECTOR('',#7856,1.);
#7856 = DIRECTION('',(0.,0.,1.));
#7857 = ORIENTED_EDGE('',*,*,#7858,.F.);
#7858 = EDGE_CURVE('',#6225,#7851,#7859,.T.);
#7859 = LINE('',#7860,#7861);
#7860 = CARTESIAN_POINT('',(14.010000228882,8.979999542236,2.));
#7861 = VECTOR('',#7862,1.);
#7862 = DIRECTION('',(0.,-1.,0.));
#7863 = ORIENTED_EDGE('',*,*,#6222,.F.);
#7864 = ORIENTED_EDGE('',*,*,#7865,.F.);
#7865 = EDGE_CURVE('',#7766,#6223,#7866,.T.);
#7866 = LINE('',#7867,#7868);
#7867 = CARTESIAN_POINT('',(14.010000228882,10.380000114441,
    5.400000095367));
#7868 = VECTOR('',#7869,1.);
#7869 = DIRECTION('',(0.,-1.,0.));
#7870 = ORIENTED_EDGE('',*,*,#7765,.F.);
#7871 = ORIENTED_EDGE('',*,*,#1708,.F.);
#7872 = ORIENTED_EDGE('',*,*,#7836,.F.);
#7873 = ORIENTED_EDGE('',*,*,#2296,.T.);
#7874 = PLANE('',#7875);
#7875 = AXIS2_PLACEMENT_3D('',#7876,#7877,#7878);
#7876 = CARTESIAN_POINT('',(14.010000228882,10.05394426301,
    2.936055508109));
#7877 = DIRECTION('',(-1.,-0.,-0.));
#7878 = DIRECTION('',(0.,0.,-1.));
#7879 = ADVANCED_FACE('',(#7880),#7891,.T.);
#7880 = FACE_BOUND('',#7881,.T.);
#7881 = EDGE_LOOP('',(#7882,#7883,#7884,#7890));
#7882 = ORIENTED_EDGE('',*,*,#1734,.F.);
#7883 = ORIENTED_EDGE('',*,*,#4420,.T.);
#7884 = ORIENTED_EDGE('',*,*,#7885,.T.);
#7885 = EDGE_CURVE('',#4413,#4250,#7886,.T.);
#7886 = LINE('',#7887,#7888);
#7887 = CARTESIAN_POINT('',(9.369999885559,-10.38000011444,
    5.400000095367));
#7888 = VECTOR('',#7889,1.);
#7889 = DIRECTION('',(1.,0.,0.));
#7890 = ORIENTED_EDGE('',*,*,#4249,.T.);
#7891 = PLANE('',#7892);
#7892 = AXIS2_PLACEMENT_3D('',#7893,#7894,#7895);
#7893 = CARTESIAN_POINT('',(10.420000076294,-10.38000011444,
    6.200000047684));
#7894 = DIRECTION('',(-0.,-1.,-0.));
#7895 = DIRECTION('',(0.,0.,-1.));
#7896 = ADVANCED_FACE('',(#7897),#7936,.T.);
#7897 = FACE_BOUND('',#7898,.T.);
#7898 = EDGE_LOOP('',(#7899,#7907,#7913,#7914,#7920,#7921,#7929,#7935));
#7899 = ORIENTED_EDGE('',*,*,#7900,.T.);
#7900 = EDGE_CURVE('',#6313,#7901,#7903,.T.);
#7901 = VERTEX_POINT('',#7902);
#7902 = CARTESIAN_POINT('',(-0.790000021458,6.5,2.));
#7903 = LINE('',#7904,#7905);
#7904 = CARTESIAN_POINT('',(-0.790000021458,8.979999542236,2.));
#7905 = VECTOR('',#7906,1.);
#7906 = DIRECTION('',(0.,-1.,0.));
#7907 = ORIENTED_EDGE('',*,*,#7908,.T.);
#7908 = EDGE_CURVE('',#7901,#2473,#7909,.T.);
#7909 = LINE('',#7910,#7911);
#7910 = CARTESIAN_POINT('',(-0.790000021458,6.5,2.));
#7911 = VECTOR('',#7912,1.);
#7912 = DIRECTION('',(0.,0.,-1.));
#7913 = ORIENTED_EDGE('',*,*,#2472,.T.);
#7914 = ORIENTED_EDGE('',*,*,#7915,.T.);
#7915 = EDGE_CURVE('',#2465,#1753,#7916,.T.);
#7916 = LINE('',#7917,#7918);
#7917 = CARTESIAN_POINT('',(-0.790000021458,12.479999542236,0.));
#7918 = VECTOR('',#7919,1.);
#7919 = DIRECTION('',(0.,0.,1.));
#7920 = ORIENTED_EDGE('',*,*,#1750,.F.);
#7921 = ORIENTED_EDGE('',*,*,#7922,.T.);
#7922 = EDGE_CURVE('',#1751,#7923,#7925,.T.);
#7923 = VERTEX_POINT('',#7924);
#7924 = CARTESIAN_POINT('',(-0.790000021458,10.380000114441,
    5.400000095367));
#7925 = LINE('',#7926,#7927);
#7926 = CARTESIAN_POINT('',(-0.790000021458,10.380000114441,7.));
#7927 = VECTOR('',#7928,1.);
#7928 = DIRECTION('',(0.,0.,-1.));
#7929 = ORIENTED_EDGE('',*,*,#7930,.T.);
#7930 = EDGE_CURVE('',#7923,#6321,#7931,.T.);
#7931 = LINE('',#7932,#7933);
#7932 = CARTESIAN_POINT('',(-0.790000021458,10.380000114441,
    5.400000095367));
#7933 = VECTOR('',#7934,1.);
#7934 = DIRECTION('',(0.,-1.,0.));
#7935 = ORIENTED_EDGE('',*,*,#6320,.T.);
#7936 = PLANE('',#7937);
#7937 = AXIS2_PLACEMENT_3D('',#7938,#7939,#7940);
#7938 = CARTESIAN_POINT('',(-0.790000021458,10.05394426301,
    2.936055508109));
#7939 = DIRECTION('',(1.,0.,0.));
#7940 = DIRECTION('',(0.,0.,1.));
#7941 = ADVANCED_FACE('',(#7942),#7953,.T.);
#7942 = FACE_BOUND('',#7943,.T.);
#7943 = EDGE_LOOP('',(#7944,#7945,#7946,#7952));
#7944 = ORIENTED_EDGE('',*,*,#7915,.F.);
#7945 = ORIENTED_EDGE('',*,*,#2464,.T.);
#7946 = ORIENTED_EDGE('',*,*,#7947,.T.);
#7947 = EDGE_CURVE('',#2457,#1761,#7948,.T.);
#7948 = LINE('',#7949,#7950);
#7949 = CARTESIAN_POINT('',(1.30999994278,12.479999542236,0.));
#7950 = VECTOR('',#7951,1.);
#7951 = DIRECTION('',(0.,0.,1.));
#7952 = ORIENTED_EDGE('',*,*,#1760,.F.);
#7953 = PLANE('',#7954);
#7954 = AXIS2_PLACEMENT_3D('',#7955,#7956,#7957);
#7955 = CARTESIAN_POINT('',(0.259999960661,12.479999542236,3.5));
#7956 = DIRECTION('',(-0.,-1.,-0.));
#7957 = DIRECTION('',(0.,0.,-1.));
#7958 = ADVANCED_FACE('',(#7959),#7993,.T.);
#7959 = FACE_BOUND('',#7960,.T.);
#7960 = EDGE_LOOP('',(#7961,#7962,#7963,#7971,#7977,#7978,#7986,#7992));
#7961 = ORIENTED_EDGE('',*,*,#7947,.F.);
#7962 = ORIENTED_EDGE('',*,*,#2456,.T.);
#7963 = ORIENTED_EDGE('',*,*,#7964,.T.);
#7964 = EDGE_CURVE('',#2449,#7965,#7967,.T.);
#7965 = VERTEX_POINT('',#7966);
#7966 = CARTESIAN_POINT('',(1.30999994278,6.5,2.));
#7967 = LINE('',#7968,#7969);
#7968 = CARTESIAN_POINT('',(1.30999994278,6.5,0.));
#7969 = VECTOR('',#7970,1.);
#7970 = DIRECTION('',(0.,0.,1.));
#7971 = ORIENTED_EDGE('',*,*,#7972,.T.);
#7972 = EDGE_CURVE('',#7965,#6337,#7973,.T.);
#7973 = LINE('',#7974,#7975);
#7974 = CARTESIAN_POINT('',(1.30999994278,6.5,2.));
#7975 = VECTOR('',#7976,1.);
#7976 = DIRECTION('',(0.,1.,0.));
#7977 = ORIENTED_EDGE('',*,*,#6336,.T.);
#7978 = ORIENTED_EDGE('',*,*,#7979,.T.);
#7979 = EDGE_CURVE('',#6329,#7980,#7982,.T.);
#7980 = VERTEX_POINT('',#7981);
#7981 = CARTESIAN_POINT('',(1.30999994278,10.380000114441,5.400000095367
    ));
#7982 = LINE('',#7983,#7984);
#7983 = CARTESIAN_POINT('',(1.30999994278,8.979999542236,5.400000095367)
  );
#7984 = VECTOR('',#7985,1.);
#7985 = DIRECTION('',(0.,1.,0.));
#7986 = ORIENTED_EDGE('',*,*,#7987,.F.);
#7987 = EDGE_CURVE('',#1769,#7980,#7988,.T.);
#7988 = LINE('',#7989,#7990);
#7989 = CARTESIAN_POINT('',(1.30999994278,10.380000114441,7.));
#7990 = VECTOR('',#7991,1.);
#7991 = DIRECTION('',(0.,0.,-1.));
#7992 = ORIENTED_EDGE('',*,*,#1768,.F.);
#7993 = PLANE('',#7994);
#7994 = AXIS2_PLACEMENT_3D('',#7995,#7996,#7997);
#7995 = CARTESIAN_POINT('',(1.30999994278,10.05394426301,2.936055508109)
  );
#7996 = DIRECTION('',(-1.,-0.,-0.));
#7997 = DIRECTION('',(0.,0.,-1.));
#7998 = ADVANCED_FACE('',(#7999),#8010,.T.);
#7999 = FACE_BOUND('',#8000,.T.);
#8000 = EDGE_LOOP('',(#8001,#8002,#8003,#8009));
#8001 = ORIENTED_EDGE('',*,*,#1776,.F.);
#8002 = ORIENTED_EDGE('',*,*,#7987,.T.);
#8003 = ORIENTED_EDGE('',*,*,#8004,.T.);
#8004 = EDGE_CURVE('',#7980,#7923,#8005,.T.);
#8005 = LINE('',#8006,#8007);
#8006 = CARTESIAN_POINT('',(1.30999994278,10.380000114441,5.400000095367
    ));
#8007 = VECTOR('',#8008,1.);
#8008 = DIRECTION('',(-1.,0.,0.));
#8009 = ORIENTED_EDGE('',*,*,#7922,.F.);
#8010 = PLANE('',#8011);
#8011 = AXIS2_PLACEMENT_3D('',#8012,#8013,#8014);
#8012 = CARTESIAN_POINT('',(0.259999960661,10.380000114441,
    6.200000047684));
#8013 = DIRECTION('',(0.,1.,0.));
#8014 = DIRECTION('',(0.,0.,1.));
#8015 = ADVANCED_FACE('',(#8016),#8027,.T.);
#8016 = FACE_BOUND('',#8017,.T.);
#8017 = EDGE_LOOP('',(#8018,#8019,#8020,#8026));
#8018 = ORIENTED_EDGE('',*,*,#1784,.F.);
#8019 = ORIENTED_EDGE('',*,*,#3912,.T.);
#8020 = ORIENTED_EDGE('',*,*,#8021,.T.);
#8021 = EDGE_CURVE('',#3905,#4042,#8022,.T.);
#8022 = LINE('',#8023,#8024);
#8023 = CARTESIAN_POINT('',(-0.790000021458,-10.38000011444,
    5.400000095367));
#8024 = VECTOR('',#8025,1.);
#8025 = DIRECTION('',(1.,0.,0.));
#8026 = ORIENTED_EDGE('',*,*,#4041,.T.);
#8027 = PLANE('',#8028);
#8028 = AXIS2_PLACEMENT_3D('',#8029,#8030,#8031);
#8029 = CARTESIAN_POINT('',(0.259999960661,-10.38000011444,
    6.200000047684));
#8030 = DIRECTION('',(-0.,-1.,-0.));
#8031 = DIRECTION('',(0.,0.,-1.));
#8032 = ADVANCED_FACE('',(#8033),#8058,.T.);
#8033 = FACE_BOUND('',#8034,.T.);
#8034 = EDGE_LOOP('',(#8035,#8036,#8044,#8052));
#8035 = ORIENTED_EDGE('',*,*,#1818,.F.);
#8036 = ORIENTED_EDGE('',*,*,#8037,.T.);
#8037 = EDGE_CURVE('',#1819,#8038,#8040,.T.);
#8038 = VERTEX_POINT('',#8039);
#8039 = CARTESIAN_POINT('',(6.389999866486,10.380000114441,
    5.400000095367));
#8040 = LINE('',#8041,#8042);
#8041 = CARTESIAN_POINT('',(6.389999866486,10.380000114441,7.));
#8042 = VECTOR('',#8043,1.);
#8043 = DIRECTION('',(0.,0.,-1.));
#8044 = ORIENTED_EDGE('',*,*,#8045,.T.);
#8045 = EDGE_CURVE('',#8038,#8046,#8048,.T.);
#8046 = VERTEX_POINT('',#8047);
#8047 = CARTESIAN_POINT('',(4.289999961853,10.380000114441,
    5.400000095367));
#8048 = LINE('',#8049,#8050);
#8049 = CARTESIAN_POINT('',(6.389999866486,10.380000114441,
    5.400000095367));
#8050 = VECTOR('',#8051,1.);
#8051 = DIRECTION('',(-1.,0.,0.));
#8052 = ORIENTED_EDGE('',*,*,#8053,.T.);
#8053 = EDGE_CURVE('',#8046,#1821,#8054,.T.);
#8054 = LINE('',#8055,#8056);
#8055 = CARTESIAN_POINT('',(4.289999961853,10.380000114441,
    5.400000095367));
#8056 = VECTOR('',#8057,1.);
#8057 = DIRECTION('',(0.,0.,1.));
#8058 = PLANE('',#8059);
#8059 = AXIS2_PLACEMENT_3D('',#8060,#8061,#8062);
#8060 = CARTESIAN_POINT('',(5.339999914169,10.380000114441,
    6.200000047684));
#8061 = DIRECTION('',(0.,1.,0.));
#8062 = DIRECTION('',(0.,0.,1.));
#8063 = ADVANCED_FACE('',(#8064),#8096,.T.);
#8064 = FACE_BOUND('',#8065,.T.);
#8065 = EDGE_LOOP('',(#8066,#8074,#8080,#8081,#8087,#8088,#8089,#8095));
#8066 = ORIENTED_EDGE('',*,*,#8067,.T.);
#8067 = EDGE_CURVE('',#6377,#8068,#8070,.T.);
#8068 = VERTEX_POINT('',#8069);
#8069 = CARTESIAN_POINT('',(4.289999961853,6.5,2.));
#8070 = LINE('',#8071,#8072);
#8071 = CARTESIAN_POINT('',(4.289999961853,8.979999542236,2.));
#8072 = VECTOR('',#8073,1.);
#8073 = DIRECTION('',(0.,-1.,0.));
#8074 = ORIENTED_EDGE('',*,*,#8075,.T.);
#8075 = EDGE_CURVE('',#8068,#2409,#8076,.T.);
#8076 = LINE('',#8077,#8078);
#8077 = CARTESIAN_POINT('',(4.289999961853,6.5,2.));
#8078 = VECTOR('',#8079,1.);
#8079 = DIRECTION('',(0.,0.,-1.));
#8080 = ORIENTED_EDGE('',*,*,#2408,.F.);
#8081 = ORIENTED_EDGE('',*,*,#8082,.F.);
#8082 = EDGE_CURVE('',#1829,#2401,#8083,.T.);
#8083 = LINE('',#8084,#8085);
#8084 = CARTESIAN_POINT('',(4.289999961853,12.479999542236,7.));
#8085 = VECTOR('',#8086,1.);
#8086 = DIRECTION('',(0.,0.,-1.));
#8087 = ORIENTED_EDGE('',*,*,#1828,.F.);
#8088 = ORIENTED_EDGE('',*,*,#8053,.F.);
#8089 = ORIENTED_EDGE('',*,*,#8090,.F.);
#8090 = EDGE_CURVE('',#6385,#8046,#8091,.T.);
#8091 = LINE('',#8092,#8093);
#8092 = CARTESIAN_POINT('',(4.289999961853,8.979999542236,5.400000095367
    ));
#8093 = VECTOR('',#8094,1.);
#8094 = DIRECTION('',(0.,1.,0.));
#8095 = ORIENTED_EDGE('',*,*,#6384,.F.);
#8096 = PLANE('',#8097);
#8097 = AXIS2_PLACEMENT_3D('',#8098,#8099,#8100);
#8098 = CARTESIAN_POINT('',(4.289999961853,10.05394426301,2.936055508109
    ));
#8099 = DIRECTION('',(1.,0.,0.));
#8100 = DIRECTION('',(0.,0.,1.));
#8101 = ADVANCED_FACE('',(#8102),#8113,.T.);
#8102 = FACE_BOUND('',#8103,.T.);
#8103 = EDGE_LOOP('',(#8104,#8105,#8106,#8107));
#8104 = ORIENTED_EDGE('',*,*,#1836,.F.);
#8105 = ORIENTED_EDGE('',*,*,#8082,.T.);
#8106 = ORIENTED_EDGE('',*,*,#2400,.T.);
#8107 = ORIENTED_EDGE('',*,*,#8108,.T.);
#8108 = EDGE_CURVE('',#2393,#1837,#8109,.T.);
#8109 = LINE('',#8110,#8111);
#8110 = CARTESIAN_POINT('',(6.389999866486,12.479999542236,0.));
#8111 = VECTOR('',#8112,1.);
#8112 = DIRECTION('',(0.,0.,1.));
#8113 = PLANE('',#8114);
#8114 = AXIS2_PLACEMENT_3D('',#8115,#8116,#8117);
#8115 = CARTESIAN_POINT('',(5.339999914169,12.479999542236,3.5));
#8116 = DIRECTION('',(-0.,-1.,-0.));
#8117 = DIRECTION('',(0.,0.,-1.));
#8118 = ADVANCED_FACE('',(#8119),#8146,.T.);
#8119 = FACE_BOUND('',#8120,.T.);
#8120 = EDGE_LOOP('',(#8121,#8129,#8135,#8136,#8142,#8143,#8144,#8145));
#8121 = ORIENTED_EDGE('',*,*,#8122,.T.);
#8122 = EDGE_CURVE('',#2385,#8123,#8125,.T.);
#8123 = VERTEX_POINT('',#8124);
#8124 = CARTESIAN_POINT('',(6.389999866486,6.5,2.));
#8125 = LINE('',#8126,#8127);
#8126 = CARTESIAN_POINT('',(6.389999866486,6.5,0.));
#8127 = VECTOR('',#8128,1.);
#8128 = DIRECTION('',(0.,0.,1.));
#8129 = ORIENTED_EDGE('',*,*,#8130,.F.);
#8130 = EDGE_CURVE('',#6401,#8123,#8131,.T.);
#8131 = LINE('',#8132,#8133);
#8132 = CARTESIAN_POINT('',(6.389999866486,8.979999542236,2.));
#8133 = VECTOR('',#8134,1.);
#8134 = DIRECTION('',(0.,-1.,0.));
#8135 = ORIENTED_EDGE('',*,*,#6400,.F.);
#8136 = ORIENTED_EDGE('',*,*,#8137,.F.);
#8137 = EDGE_CURVE('',#8038,#6393,#8138,.T.);
#8138 = LINE('',#8139,#8140);
#8139 = CARTESIAN_POINT('',(6.389999866486,10.380000114441,
    5.400000095367));
#8140 = VECTOR('',#8141,1.);
#8141 = DIRECTION('',(0.,-1.,0.));
#8142 = ORIENTED_EDGE('',*,*,#8037,.F.);
#8143 = ORIENTED_EDGE('',*,*,#1844,.F.);
#8144 = ORIENTED_EDGE('',*,*,#8108,.F.);
#8145 = ORIENTED_EDGE('',*,*,#2392,.T.);
#8146 = PLANE('',#8147);
#8147 = AXIS2_PLACEMENT_3D('',#8148,#8149,#8150);
#8148 = CARTESIAN_POINT('',(6.389999866486,10.05394426301,2.936055508109
    ));
#8149 = DIRECTION('',(-1.,-0.,-0.));
#8150 = DIRECTION('',(0.,0.,-1.));
#8151 = ADVANCED_FACE('',(#8152),#8177,.T.);
#8152 = FACE_BOUND('',#8153,.T.);
#8153 = EDGE_LOOP('',(#8154,#8155,#8163,#8171));
#8154 = ORIENTED_EDGE('',*,*,#1852,.F.);
#8155 = ORIENTED_EDGE('',*,*,#8156,.T.);
#8156 = EDGE_CURVE('',#1853,#8157,#8159,.T.);
#8157 = VERTEX_POINT('',#8158);
#8158 = CARTESIAN_POINT('',(3.849999904633,10.380000114441,
    5.400000095367));
#8159 = LINE('',#8160,#8161);
#8160 = CARTESIAN_POINT('',(3.849999904633,10.380000114441,7.));
#8161 = VECTOR('',#8162,1.);
#8162 = DIRECTION('',(0.,0.,-1.));
#8163 = ORIENTED_EDGE('',*,*,#8164,.T.);
#8164 = EDGE_CURVE('',#8157,#8165,#8167,.T.);
#8165 = VERTEX_POINT('',#8166);
#8166 = CARTESIAN_POINT('',(1.75,10.380000114441,5.400000095367));
#8167 = LINE('',#8168,#8169);
#8168 = CARTESIAN_POINT('',(3.849999904633,10.380000114441,
    5.400000095367));
#8169 = VECTOR('',#8170,1.);
#8170 = DIRECTION('',(-1.,0.,0.));
#8171 = ORIENTED_EDGE('',*,*,#8172,.F.);
#8172 = EDGE_CURVE('',#1855,#8165,#8173,.T.);
#8173 = LINE('',#8174,#8175);
#8174 = CARTESIAN_POINT('',(1.75,10.380000114441,7.));
#8175 = VECTOR('',#8176,1.);
#8176 = DIRECTION('',(0.,0.,-1.));
#8177 = PLANE('',#8178);
#8178 = AXIS2_PLACEMENT_3D('',#8179,#8180,#8181);
#8179 = CARTESIAN_POINT('',(2.799999952316,10.380000114441,
    6.200000047684));
#8180 = DIRECTION('',(0.,1.,0.));
#8181 = DIRECTION('',(0.,0.,1.));
#8182 = ADVANCED_FACE('',(#8183),#8215,.T.);
#8183 = FACE_BOUND('',#8184,.T.);
#8184 = EDGE_LOOP('',(#8185,#8193,#8199,#8200,#8206,#8207,#8208,#8214));
#8185 = ORIENTED_EDGE('',*,*,#8186,.T.);
#8186 = EDGE_CURVE('',#6345,#8187,#8189,.T.);
#8187 = VERTEX_POINT('',#8188);
#8188 = CARTESIAN_POINT('',(1.75,6.5,2.));
#8189 = LINE('',#8190,#8191);
#8190 = CARTESIAN_POINT('',(1.75,8.979999542236,2.));
#8191 = VECTOR('',#8192,1.);
#8192 = DIRECTION('',(0.,-1.,0.));
#8193 = ORIENTED_EDGE('',*,*,#8194,.T.);
#8194 = EDGE_CURVE('',#8187,#2441,#8195,.T.);
#8195 = LINE('',#8196,#8197);
#8196 = CARTESIAN_POINT('',(1.75,6.5,2.));
#8197 = VECTOR('',#8198,1.);
#8198 = DIRECTION('',(0.,0.,-1.));
#8199 = ORIENTED_EDGE('',*,*,#2440,.T.);
#8200 = ORIENTED_EDGE('',*,*,#8201,.T.);
#8201 = EDGE_CURVE('',#2433,#1863,#8202,.T.);
#8202 = LINE('',#8203,#8204);
#8203 = CARTESIAN_POINT('',(1.75,12.479999542236,0.));
#8204 = VECTOR('',#8205,1.);
#8205 = DIRECTION('',(0.,0.,1.));
#8206 = ORIENTED_EDGE('',*,*,#1862,.F.);
#8207 = ORIENTED_EDGE('',*,*,#8172,.T.);
#8208 = ORIENTED_EDGE('',*,*,#8209,.T.);
#8209 = EDGE_CURVE('',#8165,#6353,#8210,.T.);
#8210 = LINE('',#8211,#8212);
#8211 = CARTESIAN_POINT('',(1.75,10.380000114441,5.400000095367));
#8212 = VECTOR('',#8213,1.);
#8213 = DIRECTION('',(0.,-1.,0.));
#8214 = ORIENTED_EDGE('',*,*,#6352,.T.);
#8215 = PLANE('',#8216);
#8216 = AXIS2_PLACEMENT_3D('',#8217,#8218,#8219);
#8217 = CARTESIAN_POINT('',(1.75,10.05394426301,2.936055508109));
#8218 = DIRECTION('',(1.,0.,0.));
#8219 = DIRECTION('',(0.,0.,1.));
#8220 = ADVANCED_FACE('',(#8221),#8232,.T.);
#8221 = FACE_BOUND('',#8222,.T.);
#8222 = EDGE_LOOP('',(#8223,#8224,#8225,#8231));
#8223 = ORIENTED_EDGE('',*,*,#8201,.F.);
#8224 = ORIENTED_EDGE('',*,*,#2432,.T.);
#8225 = ORIENTED_EDGE('',*,*,#8226,.T.);
#8226 = EDGE_CURVE('',#2425,#1871,#8227,.T.);
#8227 = LINE('',#8228,#8229);
#8228 = CARTESIAN_POINT('',(3.849999904633,12.479999542236,0.));
#8229 = VECTOR('',#8230,1.);
#8230 = DIRECTION('',(0.,0.,1.));
#8231 = ORIENTED_EDGE('',*,*,#1870,.F.);
#8232 = PLANE('',#8233);
#8233 = AXIS2_PLACEMENT_3D('',#8234,#8235,#8236);
#8234 = CARTESIAN_POINT('',(2.799999952316,12.479999542236,3.5));
#8235 = DIRECTION('',(-0.,-1.,-0.));
#8236 = DIRECTION('',(0.,0.,-1.));
#8237 = ADVANCED_FACE('',(#8238),#8265,.T.);
#8238 = FACE_BOUND('',#8239,.T.);
#8239 = EDGE_LOOP('',(#8240,#8248,#8254,#8255,#8261,#8262,#8263,#8264));
#8240 = ORIENTED_EDGE('',*,*,#8241,.T.);
#8241 = EDGE_CURVE('',#2417,#8242,#8244,.T.);
#8242 = VERTEX_POINT('',#8243);
#8243 = CARTESIAN_POINT('',(3.849999904633,6.5,2.));
#8244 = LINE('',#8245,#8246);
#8245 = CARTESIAN_POINT('',(3.849999904633,6.5,0.));
#8246 = VECTOR('',#8247,1.);
#8247 = DIRECTION('',(0.,0.,1.));
#8248 = ORIENTED_EDGE('',*,*,#8249,.F.);
#8249 = EDGE_CURVE('',#6369,#8242,#8250,.T.);
#8250 = LINE('',#8251,#8252);
#8251 = CARTESIAN_POINT('',(3.849999904633,8.979999542236,2.));
#8252 = VECTOR('',#8253,1.);
#8253 = DIRECTION('',(0.,-1.,0.));
#8254 = ORIENTED_EDGE('',*,*,#6368,.F.);
#8255 = ORIENTED_EDGE('',*,*,#8256,.F.);
#8256 = EDGE_CURVE('',#8157,#6361,#8257,.T.);
#8257 = LINE('',#8258,#8259);
#8258 = CARTESIAN_POINT('',(3.849999904633,10.380000114441,
    5.400000095367));
#8259 = VECTOR('',#8260,1.);
#8260 = DIRECTION('',(0.,-1.,0.));
#8261 = ORIENTED_EDGE('',*,*,#8156,.F.);
#8262 = ORIENTED_EDGE('',*,*,#1878,.F.);
#8263 = ORIENTED_EDGE('',*,*,#8226,.F.);
#8264 = ORIENTED_EDGE('',*,*,#2424,.T.);
#8265 = PLANE('',#8266);
#8266 = AXIS2_PLACEMENT_3D('',#8267,#8268,#8269);
#8267 = CARTESIAN_POINT('',(3.849999904633,10.05394426301,2.936055508109
    ));
#8268 = DIRECTION('',(-1.,-0.,-0.));
#8269 = DIRECTION('',(0.,0.,-1.));
#8270 = ADVANCED_FACE('',(#8271),#8282,.T.);
#8271 = FACE_BOUND('',#8272,.T.);
#8272 = EDGE_LOOP('',(#8273,#8274,#8275,#8281));
#8273 = ORIENTED_EDGE('',*,*,#1886,.F.);
#8274 = ORIENTED_EDGE('',*,*,#4460,.T.);
#8275 = ORIENTED_EDGE('',*,*,#8276,.T.);
#8276 = EDGE_CURVE('',#4453,#4571,#8277,.T.);
#8277 = LINE('',#8278,#8279);
#8278 = CARTESIAN_POINT('',(4.289999961853,-10.38000011444,
    5.400000095367));
#8279 = VECTOR('',#8280,1.);
#8280 = DIRECTION('',(1.,0.,0.));
#8281 = ORIENTED_EDGE('',*,*,#4570,.T.);
#8282 = PLANE('',#8283);
#8283 = AXIS2_PLACEMENT_3D('',#8284,#8285,#8286);
#8284 = CARTESIAN_POINT('',(5.339999914169,-10.38000011444,
    6.200000047684));
#8285 = DIRECTION('',(-0.,-1.,-0.));
#8286 = DIRECTION('',(0.,0.,-1.));
#8287 = ADVANCED_FACE('',(#8288),#8299,.T.);
#8288 = FACE_BOUND('',#8289,.T.);
#8289 = EDGE_LOOP('',(#8290,#8291,#8292,#8298));
#8290 = ORIENTED_EDGE('',*,*,#1920,.F.);
#8291 = ORIENTED_EDGE('',*,*,#4186,.T.);
#8292 = ORIENTED_EDGE('',*,*,#8293,.T.);
#8293 = EDGE_CURVE('',#4179,#4316,#8294,.T.);
#8294 = LINE('',#8295,#8296);
#8295 = CARTESIAN_POINT('',(1.75,-10.38000011444,5.400000095367));
#8296 = VECTOR('',#8297,1.);
#8297 = DIRECTION('',(1.,0.,0.));
#8298 = ORIENTED_EDGE('',*,*,#4315,.T.);
#8299 = PLANE('',#8300);
#8300 = AXIS2_PLACEMENT_3D('',#8301,#8302,#8303);
#8301 = CARTESIAN_POINT('',(2.799999952316,-10.38000011444,
    6.200000047684));
#8302 = DIRECTION('',(-0.,-1.,-0.));
#8303 = DIRECTION('',(0.,0.,-1.));
#8304 = ADVANCED_FACE('',(#8305),#8344,.T.);
#8305 = FACE_BOUND('',#8306,.T.);
#8306 = EDGE_LOOP('',(#8307,#8315,#8321,#8322,#8328,#8329,#8337,#8343));
#8307 = ORIENTED_EDGE('',*,*,#8308,.T.);
#8308 = EDGE_CURVE('',#6281,#8309,#8311,.T.);
#8309 = VERTEX_POINT('',#8310);
#8310 = CARTESIAN_POINT('',(-3.329999923706,6.5,2.));
#8311 = LINE('',#8312,#8313);
#8312 = CARTESIAN_POINT('',(-3.329999923706,8.979999542236,2.));
#8313 = VECTOR('',#8314,1.);
#8314 = DIRECTION('',(0.,-1.,0.));
#8315 = ORIENTED_EDGE('',*,*,#8316,.F.);
#8316 = EDGE_CURVE('',#2505,#8309,#8317,.T.);
#8317 = LINE('',#8318,#8319);
#8318 = CARTESIAN_POINT('',(-3.329999923706,6.5,0.));
#8319 = VECTOR('',#8320,1.);
#8320 = DIRECTION('',(0.,0.,1.));
#8321 = ORIENTED_EDGE('',*,*,#2504,.T.);
#8322 = ORIENTED_EDGE('',*,*,#8323,.F.);
#8323 = EDGE_CURVE('',#1957,#2497,#8324,.T.);
#8324 = LINE('',#8325,#8326);
#8325 = CARTESIAN_POINT('',(-3.329999923706,12.479999542236,7.));
#8326 = VECTOR('',#8327,1.);
#8327 = DIRECTION('',(0.,0.,-1.));
#8328 = ORIENTED_EDGE('',*,*,#1954,.F.);
#8329 = ORIENTED_EDGE('',*,*,#8330,.F.);
#8330 = EDGE_CURVE('',#8331,#1955,#8333,.T.);
#8331 = VERTEX_POINT('',#8332);
#8332 = CARTESIAN_POINT('',(-3.329999923706,10.380000114441,
    5.400000095367));
#8333 = LINE('',#8334,#8335);
#8334 = CARTESIAN_POINT('',(-3.329999923706,10.380000114441,
    5.400000095367));
#8335 = VECTOR('',#8336,1.);
#8336 = DIRECTION('',(0.,0.,1.));
#8337 = ORIENTED_EDGE('',*,*,#8338,.T.);
#8338 = EDGE_CURVE('',#8331,#6289,#8339,.T.);
#8339 = LINE('',#8340,#8341);
#8340 = CARTESIAN_POINT('',(-3.329999923706,10.380000114441,
    5.400000095367));
#8341 = VECTOR('',#8342,1.);
#8342 = DIRECTION('',(0.,-1.,0.));
#8343 = ORIENTED_EDGE('',*,*,#6288,.T.);
#8344 = PLANE('',#8345);
#8345 = AXIS2_PLACEMENT_3D('',#8346,#8347,#8348);
#8346 = CARTESIAN_POINT('',(-3.329999923706,10.05394426301,
    2.936055508109));
#8347 = DIRECTION('',(1.,0.,0.));
#8348 = DIRECTION('',(0.,0.,1.));
#8349 = ADVANCED_FACE('',(#8350),#8361,.T.);
#8350 = FACE_BOUND('',#8351,.T.);
#8351 = EDGE_LOOP('',(#8352,#8353,#8354,#8355));
#8352 = ORIENTED_EDGE('',*,*,#1964,.F.);
#8353 = ORIENTED_EDGE('',*,*,#8323,.T.);
#8354 = ORIENTED_EDGE('',*,*,#2496,.T.);
#8355 = ORIENTED_EDGE('',*,*,#8356,.T.);
#8356 = EDGE_CURVE('',#2489,#1965,#8357,.T.);
#8357 = LINE('',#8358,#8359);
#8358 = CARTESIAN_POINT('',(-1.230000019073,12.479999542236,0.));
#8359 = VECTOR('',#8360,1.);
#8360 = DIRECTION('',(0.,0.,1.));
#8361 = PLANE('',#8362);
#8362 = AXIS2_PLACEMENT_3D('',#8363,#8364,#8365);
#8363 = CARTESIAN_POINT('',(-2.27999997139,12.479999542236,3.5));
#8364 = DIRECTION('',(-0.,-1.,-0.));
#8365 = DIRECTION('',(0.,0.,-1.));
#8366 = ADVANCED_FACE('',(#8367),#8401,.T.);
#8367 = FACE_BOUND('',#8368,.T.);
#8368 = EDGE_LOOP('',(#8369,#8370,#8371,#8379,#8385,#8386,#8394,#8400));
#8369 = ORIENTED_EDGE('',*,*,#8356,.F.);
#8370 = ORIENTED_EDGE('',*,*,#2488,.T.);
#8371 = ORIENTED_EDGE('',*,*,#8372,.T.);
#8372 = EDGE_CURVE('',#2481,#8373,#8375,.T.);
#8373 = VERTEX_POINT('',#8374);
#8374 = CARTESIAN_POINT('',(-1.230000019073,6.5,2.));
#8375 = LINE('',#8376,#8377);
#8376 = CARTESIAN_POINT('',(-1.230000019073,6.5,0.));
#8377 = VECTOR('',#8378,1.);
#8378 = DIRECTION('',(0.,0.,1.));
#8379 = ORIENTED_EDGE('',*,*,#8380,.T.);
#8380 = EDGE_CURVE('',#8373,#6305,#8381,.T.);
#8381 = LINE('',#8382,#8383);
#8382 = CARTESIAN_POINT('',(-1.230000019073,6.5,2.));
#8383 = VECTOR('',#8384,1.);
#8384 = DIRECTION('',(0.,1.,0.));
#8385 = ORIENTED_EDGE('',*,*,#6304,.T.);
#8386 = ORIENTED_EDGE('',*,*,#8387,.T.);
#8387 = EDGE_CURVE('',#6297,#8388,#8390,.T.);
#8388 = VERTEX_POINT('',#8389);
#8389 = CARTESIAN_POINT('',(-1.230000019073,10.380000114441,
    5.400000095367));
#8390 = LINE('',#8391,#8392);
#8391 = CARTESIAN_POINT('',(-1.230000019073,8.979999542236,
    5.400000095367));
#8392 = VECTOR('',#8393,1.);
#8393 = DIRECTION('',(0.,1.,0.));
#8394 = ORIENTED_EDGE('',*,*,#8395,.F.);
#8395 = EDGE_CURVE('',#1973,#8388,#8396,.T.);
#8396 = LINE('',#8397,#8398);
#8397 = CARTESIAN_POINT('',(-1.230000019073,10.380000114441,7.));
#8398 = VECTOR('',#8399,1.);
#8399 = DIRECTION('',(0.,0.,-1.));
#8400 = ORIENTED_EDGE('',*,*,#1972,.F.);
#8401 = PLANE('',#8402);
#8402 = AXIS2_PLACEMENT_3D('',#8403,#8404,#8405);
#8403 = CARTESIAN_POINT('',(-1.230000019073,10.05394426301,
    2.936055508109));
#8404 = DIRECTION('',(-1.,-0.,-0.));
#8405 = DIRECTION('',(0.,0.,-1.));
#8406 = ADVANCED_FACE('',(#8407),#8418,.T.);
#8407 = FACE_BOUND('',#8408,.T.);
#8408 = EDGE_LOOP('',(#8409,#8410,#8411,#8417));
#8409 = ORIENTED_EDGE('',*,*,#1980,.F.);
#8410 = ORIENTED_EDGE('',*,*,#8395,.T.);
#8411 = ORIENTED_EDGE('',*,*,#8412,.T.);
#8412 = EDGE_CURVE('',#8388,#8331,#8413,.T.);
#8413 = LINE('',#8414,#8415);
#8414 = CARTESIAN_POINT('',(-1.230000019073,10.380000114441,
    5.400000095367));
#8415 = VECTOR('',#8416,1.);
#8416 = DIRECTION('',(-1.,0.,0.));
#8417 = ORIENTED_EDGE('',*,*,#8330,.T.);
#8418 = PLANE('',#8419);
#8419 = AXIS2_PLACEMENT_3D('',#8420,#8421,#8422);
#8420 = CARTESIAN_POINT('',(-2.27999997139,10.380000114441,
    6.200000047684));
#8421 = DIRECTION('',(0.,1.,0.));
#8422 = DIRECTION('',(0.,0.,1.));
#8423 = ADVANCED_FACE('',(#8424),#8435,.T.);
#8424 = FACE_BOUND('',#8425,.T.);
#8425 = EDGE_LOOP('',(#8426,#8427,#8428,#8434));
#8426 = ORIENTED_EDGE('',*,*,#1988,.F.);
#8427 = ORIENTED_EDGE('',*,*,#3638,.T.);
#8428 = ORIENTED_EDGE('',*,*,#8429,.T.);
#8429 = EDGE_CURVE('',#3631,#3768,#8430,.T.);
#8430 = LINE('',#8431,#8432);
#8431 = CARTESIAN_POINT('',(-3.329999923706,-10.38000011444,
    5.400000095367));
#8432 = VECTOR('',#8433,1.);
#8433 = DIRECTION('',(1.,0.,0.));
#8434 = ORIENTED_EDGE('',*,*,#3767,.T.);
#8435 = PLANE('',#8436);
#8436 = AXIS2_PLACEMENT_3D('',#8437,#8438,#8439);
#8437 = CARTESIAN_POINT('',(-2.27999997139,-10.38000011444,
    6.200000047684));
#8438 = DIRECTION('',(-0.,-1.,-0.));
#8439 = DIRECTION('',(0.,0.,-1.));
#8440 = ADVANCED_FACE('',(#8441),#8466,.T.);
#8441 = FACE_BOUND('',#8442,.T.);
#8442 = EDGE_LOOP('',(#8443,#8444,#8452,#8460));
#8443 = ORIENTED_EDGE('',*,*,#2022,.F.);
#8444 = ORIENTED_EDGE('',*,*,#8445,.T.);
#8445 = EDGE_CURVE('',#2023,#8446,#8448,.T.);
#8446 = VERTEX_POINT('',#8447);
#8447 = CARTESIAN_POINT('',(16.549999237061,10.380000114441,
    5.400000095367));
#8448 = LINE('',#8449,#8450);
#8449 = CARTESIAN_POINT('',(16.549999237061,10.380000114441,7.));
#8450 = VECTOR('',#8451,1.);
#8451 = DIRECTION('',(0.,0.,-1.));
#8452 = ORIENTED_EDGE('',*,*,#8453,.T.);
#8453 = EDGE_CURVE('',#8446,#8454,#8456,.T.);
#8454 = VERTEX_POINT('',#8455);
#8455 = CARTESIAN_POINT('',(14.449999809265,10.380000114441,
    5.400000095367));
#8456 = LINE('',#8457,#8458);
#8457 = CARTESIAN_POINT('',(16.549999237061,10.380000114441,
    5.400000095367));
#8458 = VECTOR('',#8459,1.);
#8459 = DIRECTION('',(-1.,0.,0.));
#8460 = ORIENTED_EDGE('',*,*,#8461,.F.);
#8461 = EDGE_CURVE('',#2025,#8454,#8462,.T.);
#8462 = LINE('',#8463,#8464);
#8463 = CARTESIAN_POINT('',(14.449999809265,10.380000114441,7.));
#8464 = VECTOR('',#8465,1.);
#8465 = DIRECTION('',(0.,0.,-1.));
#8466 = PLANE('',#8467);
#8467 = AXIS2_PLACEMENT_3D('',#8468,#8469,#8470);
#8468 = CARTESIAN_POINT('',(15.499999523163,10.380000114441,
    6.200000047684));
#8469 = DIRECTION('',(0.,1.,0.));
#8470 = DIRECTION('',(0.,0.,1.));
#8471 = ADVANCED_FACE('',(#8472),#8504,.T.);
#8472 = FACE_BOUND('',#8473,.T.);
#8473 = EDGE_LOOP('',(#8474,#8482,#8488,#8489,#8495,#8496,#8497,#8503));
#8474 = ORIENTED_EDGE('',*,*,#8475,.T.);
#8475 = EDGE_CURVE('',#6233,#8476,#8478,.T.);
#8476 = VERTEX_POINT('',#8477);
#8477 = CARTESIAN_POINT('',(14.449999809265,6.5,2.));
#8478 = LINE('',#8479,#8480);
#8479 = CARTESIAN_POINT('',(14.449999809265,8.979999542236,2.));
#8480 = VECTOR('',#8481,1.);
#8481 = DIRECTION('',(0.,-1.,0.));
#8482 = ORIENTED_EDGE('',*,*,#8483,.T.);
#8483 = EDGE_CURVE('',#8476,#2281,#8484,.T.);
#8484 = LINE('',#8485,#8486);
#8485 = CARTESIAN_POINT('',(14.449999809265,6.5,2.));
#8486 = VECTOR('',#8487,1.);
#8487 = DIRECTION('',(0.,0.,-1.));
#8488 = ORIENTED_EDGE('',*,*,#2280,.T.);
#8489 = ORIENTED_EDGE('',*,*,#8490,.T.);
#8490 = EDGE_CURVE('',#2273,#2033,#8491,.T.);
#8491 = LINE('',#8492,#8493);
#8492 = CARTESIAN_POINT('',(14.449999809265,12.479999542236,0.));
#8493 = VECTOR('',#8494,1.);
#8494 = DIRECTION('',(0.,0.,1.));
#8495 = ORIENTED_EDGE('',*,*,#2032,.F.);
#8496 = ORIENTED_EDGE('',*,*,#8461,.T.);
#8497 = ORIENTED_EDGE('',*,*,#8498,.T.);
#8498 = EDGE_CURVE('',#8454,#6241,#8499,.T.);
#8499 = LINE('',#8500,#8501);
#8500 = CARTESIAN_POINT('',(14.449999809265,10.380000114441,
    5.400000095367));
#8501 = VECTOR('',#8502,1.);
#8502 = DIRECTION('',(0.,-1.,0.));
#8503 = ORIENTED_EDGE('',*,*,#6240,.T.);
#8504 = PLANE('',#8505);
#8505 = AXIS2_PLACEMENT_3D('',#8506,#8507,#8508);
#8506 = CARTESIAN_POINT('',(14.449999809265,10.05394426301,
    2.936055508109));
#8507 = DIRECTION('',(1.,0.,0.));
#8508 = DIRECTION('',(0.,0.,1.));
#8509 = ADVANCED_FACE('',(#8510),#8521,.T.);
#8510 = FACE_BOUND('',#8511,.T.);
#8511 = EDGE_LOOP('',(#8512,#8513,#8514,#8520));
#8512 = ORIENTED_EDGE('',*,*,#8490,.F.);
#8513 = ORIENTED_EDGE('',*,*,#2272,.T.);
#8514 = ORIENTED_EDGE('',*,*,#8515,.T.);
#8515 = EDGE_CURVE('',#2265,#2041,#8516,.T.);
#8516 = LINE('',#8517,#8518);
#8517 = CARTESIAN_POINT('',(16.549999237061,12.479999542236,0.));
#8518 = VECTOR('',#8519,1.);
#8519 = DIRECTION('',(0.,0.,1.));
#8520 = ORIENTED_EDGE('',*,*,#2040,.F.);
#8521 = PLANE('',#8522);
#8522 = AXIS2_PLACEMENT_3D('',#8523,#8524,#8525);
#8523 = CARTESIAN_POINT('',(15.499999523163,12.479999542236,3.5));
#8524 = DIRECTION('',(-0.,-1.,-0.));
#8525 = DIRECTION('',(0.,0.,-1.));
#8526 = ADVANCED_FACE('',(#8527),#8554,.T.);
#8527 = FACE_BOUND('',#8528,.T.);
#8528 = EDGE_LOOP('',(#8529,#8530,#8531,#8539,#8545,#8546,#8552,#8553));
#8529 = ORIENTED_EDGE('',*,*,#8515,.F.);
#8530 = ORIENTED_EDGE('',*,*,#2264,.T.);
#8531 = ORIENTED_EDGE('',*,*,#8532,.T.);
#8532 = EDGE_CURVE('',#2257,#8533,#8535,.T.);
#8533 = VERTEX_POINT('',#8534);
#8534 = CARTESIAN_POINT('',(16.549999237061,6.5,2.));
#8535 = LINE('',#8536,#8537);
#8536 = CARTESIAN_POINT('',(16.549999237061,6.5,0.));
#8537 = VECTOR('',#8538,1.);
#8538 = DIRECTION('',(0.,0.,1.));
#8539 = ORIENTED_EDGE('',*,*,#8540,.T.);
#8540 = EDGE_CURVE('',#8533,#6257,#8541,.T.);
#8541 = LINE('',#8542,#8543);
#8542 = CARTESIAN_POINT('',(16.549999237061,6.5,2.));
#8543 = VECTOR('',#8544,1.);
#8544 = DIRECTION('',(0.,1.,0.));
#8545 = ORIENTED_EDGE('',*,*,#6256,.T.);
#8546 = ORIENTED_EDGE('',*,*,#8547,.T.);
#8547 = EDGE_CURVE('',#6249,#8446,#8548,.T.);
#8548 = LINE('',#8549,#8550);
#8549 = CARTESIAN_POINT('',(16.549999237061,8.979999542236,
    5.400000095367));
#8550 = VECTOR('',#8551,1.);
#8551 = DIRECTION('',(0.,1.,0.));
#8552 = ORIENTED_EDGE('',*,*,#8445,.F.);
#8553 = ORIENTED_EDGE('',*,*,#2048,.F.);
#8554 = PLANE('',#8555);
#8555 = AXIS2_PLACEMENT_3D('',#8556,#8557,#8558);
#8556 = CARTESIAN_POINT('',(16.549999237061,10.05394426301,
    2.936055508109));
#8557 = DIRECTION('',(-1.,-0.,-0.));
#8558 = DIRECTION('',(0.,0.,-1.));
#8559 = ADVANCED_FACE('',(#8560),#8571,.T.);
#8560 = FACE_BOUND('',#8561,.T.);
#8561 = EDGE_LOOP('',(#8562,#8563,#8564,#8570));
#8562 = ORIENTED_EDGE('',*,*,#2074,.F.);
#8563 = ORIENTED_EDGE('',*,*,#3872,.T.);
#8564 = ORIENTED_EDGE('',*,*,#8565,.T.);
#8565 = EDGE_CURVE('',#3865,#3702,#8566,.T.);
#8566 = LINE('',#8567,#8568);
#8567 = CARTESIAN_POINT('',(14.449999809265,-10.38000011444,
    5.400000095367));
#8568 = VECTOR('',#8569,1.);
#8569 = DIRECTION('',(1.,0.,0.));
#8570 = ORIENTED_EDGE('',*,*,#3701,.T.);
#8571 = PLANE('',#8572);
#8572 = AXIS2_PLACEMENT_3D('',#8573,#8574,#8575);
#8573 = CARTESIAN_POINT('',(15.499999523163,-10.38000011444,
    6.200000047684));
#8574 = DIRECTION('',(-0.,-1.,-0.));
#8575 = DIRECTION('',(0.,0.,-1.));
#8576 = ADVANCED_FACE('',(#8577),#8587,.T.);
#8577 = FACE_BOUND('',#8578,.T.);
#8578 = EDGE_LOOP('',(#8579,#8580,#8586));
#8579 = ORIENTED_EDGE('',*,*,#2600,.T.);
#8580 = ORIENTED_EDGE('',*,*,#8581,.T.);
#8581 = EDGE_CURVE('',#2593,#2097,#8582,.T.);
#8582 = LINE('',#8583,#8584);
#8583 = CARTESIAN_POINT('',(-20.49240303039,13.336824417114,0.));
#8584 = VECTOR('',#8585,1.);
#8585 = DIRECTION('',(-3.252381655819E-03,-2.470448089555E-02,
    0.999689507116));
#8586 = ORIENTED_EDGE('',*,*,#2096,.T.);
#8587 = PLANE('',#8588);
#8588 = AXIS2_PLACEMENT_3D('',#8589,#8590,#8591);
#8589 = CARTESIAN_POINT('',(-20.49712597705,13.293493162902,
    0.853746806985));
#8590 = DIRECTION('',(0.996193295267,-8.716499846328E-02,
    1.08697225703E-03));
#8591 = DIRECTION('',(8.716504995643E-02,0.996193883773,0.));
#8592 = ADVANCED_FACE('',(#8593),#8616,.T.);
#8593 = FACE_BOUND('',#8594,.T.);
#8594 = EDGE_LOOP('',(#8595,#8601,#8602,#8610));
#8595 = ORIENTED_EDGE('',*,*,#8596,.F.);
#8596 = EDGE_CURVE('',#2105,#7293,#8597,.T.);
#8597 = LINE('',#8598,#8599);
#8598 = CARTESIAN_POINT('',(-20.49809646606,13.293578147888,5.25));
#8599 = VECTOR('',#8600,1.);
#8600 = DIRECTION('',(0.173631149288,0.984810755423,0.));
#8601 = ORIENTED_EDGE('',*,*,#2104,.F.);
#8602 = ORIENTED_EDGE('',*,*,#8603,.F.);
#8603 = EDGE_CURVE('',#8604,#2097,#8606,.T.);
#8604 = VERTEX_POINT('',#8605);
#8605 = CARTESIAN_POINT('',(-20.48296356201,13.379409790039,1.75));
#8606 = LINE('',#8607,#8608);
#8607 = CARTESIAN_POINT('',(-20.48296356201,13.379409790039,1.75));
#8608 = VECTOR('',#8609,1.);
#8609 = DIRECTION('',(-0.173631149288,-0.984810755423,0.));
#8610 = ORIENTED_EDGE('',*,*,#8611,.T.);
#8611 = EDGE_CURVE('',#8604,#7293,#8612,.T.);
#8612 = LINE('',#8613,#8614);
#8613 = CARTESIAN_POINT('',(-20.48296356201,13.379409790039,1.75));
#8614 = VECTOR('',#8615,1.);
#8615 = DIRECTION('',(0.,0.,1.));
#8616 = PLANE('',#8617);
#8617 = AXIS2_PLACEMENT_3D('',#8618,#8619,#8620);
#8618 = CARTESIAN_POINT('',(-20.49053001403,13.336493968964,3.5));
#8619 = DIRECTION('',(0.984810755423,-0.173631149288,0.));
#8620 = DIRECTION('',(0.173631149288,0.984810755423,0.));
#8621 = ADVANCED_FACE('',(#8622),#8637,.T.);
#8622 = FACE_BOUND('',#8623,.T.);
#8623 = EDGE_LOOP('',(#8624,#8625,#8631));
#8624 = ORIENTED_EDGE('',*,*,#2592,.T.);
#8625 = ORIENTED_EDGE('',*,*,#8626,.F.);
#8626 = EDGE_CURVE('',#8604,#2585,#8627,.T.);
#8627 = LINE('',#8628,#8629);
#8628 = CARTESIAN_POINT('',(-20.48296356201,13.379409790039,1.75));
#8629 = VECTOR('',#8630,1.);
#8630 = DIRECTION('',(7.493007952156E-03,2.376417768511E-02,
    -0.999689511144));
#8631 = ORIENTED_EDGE('',*,*,#8632,.T.);
#8632 = EDGE_CURVE('',#8604,#2593,#8633,.T.);
#8633 = LINE('',#8634,#8635);
#8634 = CARTESIAN_POINT('',(-20.48296356201,13.379409790039,1.75));
#8635 = VECTOR('',#8636,1.);
#8636 = DIRECTION('',(-5.392307173545E-03,-2.432694327414E-02,
    -0.999689513226));
#8637 = PLANE('',#8638);
#8638 = AXIS2_PLACEMENT_3D('',#8639,#8640,#8641);
#8639 = CARTESIAN_POINT('',(-20.48202189,13.379157521602,0.853747067778)
  );
#8640 = DIRECTION('',(0.965928578403,-0.258806488093,1.087724876546E-03)
  );
#8641 = DIRECTION('',(0.258806641196,0.965929149821,0.));
#8642 = ADVANCED_FACE('',(#8643),#8660,.T.);
#8643 = FACE_BOUND('',#8644,.T.);
#8644 = EDGE_LOOP('',(#8645,#8646,#8654));
#8645 = ORIENTED_EDGE('',*,*,#2168,.F.);
#8646 = ORIENTED_EDGE('',*,*,#8647,.F.);
#8647 = EDGE_CURVE('',#8648,#2161,#8650,.T.);
#8648 = VERTEX_POINT('',#8649);
#8649 = CARTESIAN_POINT('',(20.498096466064,13.293578147888,1.75));
#8650 = LINE('',#8651,#8652);
#8651 = CARTESIAN_POINT('',(20.498096466064,13.293578147888,1.75));
#8652 = VECTOR('',#8653,1.);
#8653 = DIRECTION('',(1.087395939736E-03,-2.489406686686E-02,
    -0.999689503298));
#8654 = ORIENTED_EDGE('',*,*,#8655,.T.);
#8655 = EDGE_CURVE('',#8648,#2169,#8656,.T.);
#8656 = LINE('',#8657,#8658);
#8657 = CARTESIAN_POINT('',(20.498096466064,13.293578147888,1.75));
#8658 = VECTOR('',#8659,1.);
#8659 = DIRECTION('',(-3.252381655819E-03,2.470448089555E-02,
    -0.999689507116));
#8660 = PLANE('',#8661);
#8661 = AXIS2_PLACEMENT_3D('',#8662,#8663,#8664);
#8662 = CARTESIAN_POINT('',(20.497125977059,13.293493162902,
    0.853746806985));
#8663 = DIRECTION('',(-0.996193295267,-8.716499846328E-02,
    1.08697225703E-03));
#8664 = DIRECTION('',(8.716504995643E-02,-0.996193883773,0.));
#8665 = ADVANCED_FACE('',(#8666),#8683,.T.);
#8666 = FACE_BOUND('',#8667,.T.);
#8667 = EDGE_LOOP('',(#8668,#8669,#8677));
#8668 = ORIENTED_EDGE('',*,*,#2584,.T.);
#8669 = ORIENTED_EDGE('',*,*,#8670,.F.);
#8670 = EDGE_CURVE('',#8671,#2577,#8673,.T.);
#8671 = VERTEX_POINT('',#8672);
#8672 = CARTESIAN_POINT('',(-20.45315361022,13.461309432983,1.75));
#8673 = LINE('',#8674,#8675);
#8674 = CARTESIAN_POINT('',(-20.45315361022,13.461309432983,1.75));
#8675 = VECTOR('',#8676,1.);
#8676 = DIRECTION('',(1.150591301395E-02,2.210203082273E-02,
    -0.999689508897));
#8677 = ORIENTED_EDGE('',*,*,#8678,.T.);
#8678 = EDGE_CURVE('',#8671,#2585,#8679,.T.);
#8679 = LINE('',#8680,#8681);
#8680 = CARTESIAN_POINT('',(-20.45315361022,13.461309432983,1.75));
#8681 = VECTOR('',#8682,1.);
#8682 = DIRECTION('',(-9.535961148704E-03,-2.302108719497E-02,
    -0.999689499289));
#8683 = PLANE('',#8684);
#8684 = AXIS2_PLACEMENT_3D('',#8685,#8686,#8687);
#8685 = CARTESIAN_POINT('',(-20.45227054827,13.460897451258,
    0.853746779219));
#8686 = DIRECTION('',(0.906302491943,-0.422628218441,1.087233302355E-03)
  );
#8687 = DIRECTION('',(0.42262846823,0.906303027602,0.));
#8688 = ADVANCED_FACE('',(#8689),#8706,.T.);
#8689 = FACE_BOUND('',#8690,.T.);
#8690 = EDGE_LOOP('',(#8691,#8692,#8700));
#8691 = ORIENTED_EDGE('',*,*,#2176,.F.);
#8692 = ORIENTED_EDGE('',*,*,#8693,.F.);
#8693 = EDGE_CURVE('',#8694,#2169,#8696,.T.);
#8694 = VERTEX_POINT('',#8695);
#8695 = CARTESIAN_POINT('',(20.482963562012,13.379409790039,1.75));
#8696 = LINE('',#8697,#8698);
#8697 = CARTESIAN_POINT('',(20.482963562012,13.379409790039,1.75));
#8698 = VECTOR('',#8699,1.);
#8699 = DIRECTION('',(5.392307173545E-03,-2.432694327414E-02,
    -0.999689513226));
#8700 = ORIENTED_EDGE('',*,*,#8701,.T.);
#8701 = EDGE_CURVE('',#8694,#2177,#8702,.T.);
#8702 = LINE('',#8703,#8704);
#8703 = CARTESIAN_POINT('',(20.482963562012,13.379409790039,1.75));
#8704 = VECTOR('',#8705,1.);
#8705 = DIRECTION('',(-7.493007952156E-03,2.376417768511E-02,
    -0.999689511144));
#8706 = PLANE('',#8707);
#8707 = AXIS2_PLACEMENT_3D('',#8708,#8709,#8710);
#8708 = CARTESIAN_POINT('',(20.482021890006,13.379157521602,
    0.853747067778));
#8709 = DIRECTION('',(-0.965928578403,-0.258806488093,1.087724876546E-03
    ));
#8710 = DIRECTION('',(0.258806641196,-0.965929149821,0.));
#8711 = ADVANCED_FACE('',(#8712),#8729,.T.);
#8712 = FACE_BOUND('',#8713,.T.);
#8713 = EDGE_LOOP('',(#8714,#8715,#8723));
#8714 = ORIENTED_EDGE('',*,*,#2576,.T.);
#8715 = ORIENTED_EDGE('',*,*,#8716,.F.);
#8716 = EDGE_CURVE('',#8717,#2569,#8719,.T.);
#8717 = VERTEX_POINT('',#8718);
#8718 = CARTESIAN_POINT('',(-20.40957641601,13.536787986755,1.75));
#8719 = LINE('',#8720,#8721);
#8720 = CARTESIAN_POINT('',(-20.40957641601,13.536787986755,1.75));
#8721 = VECTOR('',#8722,1.);
#8722 = DIRECTION('',(1.516906436205E-02,1.976870559207E-02,
    -0.999689500678));
#8723 = ORIENTED_EDGE('',*,*,#8724,.T.);
#8724 = EDGE_CURVE('',#8717,#2577,#8725,.T.);
#8725 = LINE('',#8726,#8727);
#8726 = CARTESIAN_POINT('',(-20.40957641601,13.536787986755,1.75));
#8727 = VECTOR('',#8728,1.);
#8728 = DIRECTION('',(-1.338760933828E-02,-2.101517987402E-02,
    -0.999689518866));
#8729 = PLANE('',#8730);
#8730 = AXIS2_PLACEMENT_3D('',#8731,#8732,#8733);
#8731 = CARTESIAN_POINT('',(-20.40877785061,13.536229235422,
    0.853746977155));
#8732 = DIRECTION('',(0.819156375771,-0.573569219433,1.087452404249E-03)
  );
#8733 = DIRECTION('',(0.573569558571,0.819156860119,1.084202172486E-19)
  );
#8734 = ADVANCED_FACE('',(#8735),#8752,.T.);
#8735 = FACE_BOUND('',#8736,.T.);
#8736 = EDGE_LOOP('',(#8737,#8738,#8746));
#8737 = ORIENTED_EDGE('',*,*,#2184,.F.);
#8738 = ORIENTED_EDGE('',*,*,#8739,.F.);
#8739 = EDGE_CURVE('',#8740,#2177,#8742,.T.);
#8740 = VERTEX_POINT('',#8741);
#8741 = CARTESIAN_POINT('',(20.453153610229,13.461309432983,1.75));
#8742 = LINE('',#8743,#8744);
#8743 = CARTESIAN_POINT('',(20.453153610229,13.461309432983,1.75));
#8744 = VECTOR('',#8745,1.);
#8745 = DIRECTION('',(9.535961148704E-03,-2.302108719497E-02,
    -0.999689499289));
#8746 = ORIENTED_EDGE('',*,*,#8747,.T.);
#8747 = EDGE_CURVE('',#8740,#2185,#8748,.T.);
#8748 = LINE('',#8749,#8750);
#8749 = CARTESIAN_POINT('',(20.453153610229,13.461309432983,1.75));
#8750 = VECTOR('',#8751,1.);
#8751 = DIRECTION('',(-1.150591301395E-02,2.210203082273E-02,
    -0.999689508897));
#8752 = PLANE('',#8753);
#8753 = AXIS2_PLACEMENT_3D('',#8754,#8755,#8756);
#8754 = CARTESIAN_POINT('',(20.452270548279,13.460897451258,
    0.853746779219));
#8755 = DIRECTION('',(-0.906302491943,-0.422628218441,1.087233302355E-03
    ));
#8756 = DIRECTION('',(0.42262846823,-0.906303027602,0.));
#8757 = ADVANCED_FACE('',(#8758),#8775,.T.);
#8758 = FACE_BOUND('',#8759,.T.);
#8759 = EDGE_LOOP('',(#8760,#8761,#8769));
#8760 = ORIENTED_EDGE('',*,*,#2568,.T.);
#8761 = ORIENTED_EDGE('',*,*,#8762,.F.);
#8762 = EDGE_CURVE('',#8763,#2561,#8765,.T.);
#8763 = VERTEX_POINT('',#8764);
#8764 = CARTESIAN_POINT('',(-20.35355377197,13.603553771973,1.75));
#8765 = LINE('',#8766,#8767);
#8766 = CARTESIAN_POINT('',(-20.35355377197,13.603553771973,1.75));
#8767 = VECTOR('',#8768,1.);
#8768 = DIRECTION('',(1.83713256831E-02,1.683393522353E-02,
    -0.999689508306));
#8769 = ORIENTED_EDGE('',*,*,#8770,.T.);
#8770 = EDGE_CURVE('',#8763,#2569,#8771,.T.);
#8771 = LINE('',#8772,#8773);
#8772 = CARTESIAN_POINT('',(-20.35355377197,13.603553771973,1.75));
#8773 = VECTOR('',#8774,1.);
#8774 = DIRECTION('',(-1.683393522353E-02,-1.83713256831E-02,
    -0.999689508306));
#8775 = PLANE('',#8776);
#8776 = AXIS2_PLACEMENT_3D('',#8777,#8778,#8779);
#8777 = CARTESIAN_POINT('',(-20.35286461253,13.602864612533,
    0.853746927528));
#8778 = DIRECTION('',(0.707106363103,-0.707106363103,1.087436216451E-03)
  );
#8779 = DIRECTION('',(0.707106781187,0.707106781187,0.));
#8780 = ADVANCED_FACE('',(#8781),#8798,.T.);
#8781 = FACE_BOUND('',#8782,.T.);
#8782 = EDGE_LOOP('',(#8783,#8784,#8792));
#8783 = ORIENTED_EDGE('',*,*,#2192,.F.);
#8784 = ORIENTED_EDGE('',*,*,#8785,.F.);
#8785 = EDGE_CURVE('',#8786,#2185,#8788,.T.);
#8786 = VERTEX_POINT('',#8787);
#8787 = CARTESIAN_POINT('',(20.409576416016,13.536787986755,1.75));
#8788 = LINE('',#8789,#8790);
#8789 = CARTESIAN_POINT('',(20.409576416016,13.536787986755,1.75));
#8790 = VECTOR('',#8791,1.);
#8791 = DIRECTION('',(1.338760933828E-02,-2.101517987402E-02,
    -0.999689518866));
#8792 = ORIENTED_EDGE('',*,*,#8793,.T.);
#8793 = EDGE_CURVE('',#8786,#2193,#8794,.T.);
#8794 = LINE('',#8795,#8796);
#8795 = CARTESIAN_POINT('',(20.409576416016,13.536787986755,1.75));
#8796 = VECTOR('',#8797,1.);
#8797 = DIRECTION('',(-1.516906436205E-02,1.976870559207E-02,
    -0.999689500678));
#8798 = PLANE('',#8799);
#8799 = AXIS2_PLACEMENT_3D('',#8800,#8801,#8802);
#8800 = CARTESIAN_POINT('',(20.408777850617,13.536229235422,
    0.853746977155));
#8801 = DIRECTION('',(-0.819156375771,-0.573569219433,1.087452404249E-03
    ));
#8802 = DIRECTION('',(0.573569558571,-0.819156860119,0.));
#8803 = ADVANCED_FACE('',(#8804),#8821,.T.);
#8804 = FACE_BOUND('',#8805,.T.);
#8805 = EDGE_LOOP('',(#8806,#8807,#8815));
#8806 = ORIENTED_EDGE('',*,*,#2560,.T.);
#8807 = ORIENTED_EDGE('',*,*,#8808,.F.);
#8808 = EDGE_CURVE('',#8809,#2553,#8811,.T.);
#8809 = VERTEX_POINT('',#8810);
#8810 = CARTESIAN_POINT('',(-20.28678894043,13.659576416016,1.75));
#8811 = LINE('',#8812,#8813);
#8812 = CARTESIAN_POINT('',(-20.28678894043,13.659576416016,1.75));
#8813 = VECTOR('',#8814,1.);
#8814 = DIRECTION('',(2.101572426769E-02,1.338815387491E-02,
    -0.99968950013));
#8815 = ORIENTED_EDGE('',*,*,#8816,.T.);
#8816 = EDGE_CURVE('',#8809,#2561,#8817,.T.);
#8817 = LINE('',#8818,#8819);
#8818 = CARTESIAN_POINT('',(-20.28678894043,13.659576416016,1.75));
#8819 = VECTOR('',#8820,1.);
#8820 = DIRECTION('',(-1.976816101742E-02,-1.516906452541E-02,
    -0.999689511444));
#8821 = PLANE('',#8822);
#8822 = AXIS2_PLACEMENT_3D('',#8823,#8824,#8825);
#8823 = CARTESIAN_POINT('',(-20.28622970033,13.65877809489,0.85374684709
    ));
#8824 = DIRECTION('',(0.573576561733,-0.819151234561,1.087541774246E-03)
  );
#8825 = DIRECTION('',(-0.819151718986,-0.573576900931,
    -1.084202172486E-19));
#8826 = ADVANCED_FACE('',(#8827),#8844,.T.);
#8827 = FACE_BOUND('',#8828,.T.);
#8828 = EDGE_LOOP('',(#8829,#8830,#8838));
#8829 = ORIENTED_EDGE('',*,*,#2200,.F.);
#8830 = ORIENTED_EDGE('',*,*,#8831,.F.);
#8831 = EDGE_CURVE('',#8832,#2193,#8834,.T.);
#8832 = VERTEX_POINT('',#8833);
#8833 = CARTESIAN_POINT('',(20.353553771973,13.603553771973,1.75));
#8834 = LINE('',#8835,#8836);
#8835 = CARTESIAN_POINT('',(20.353553771973,13.603553771973,1.75));
#8836 = VECTOR('',#8837,1.);
#8837 = DIRECTION('',(1.683393522353E-02,-1.83713256831E-02,
    -0.999689508306));
#8838 = ORIENTED_EDGE('',*,*,#8839,.T.);
#8839 = EDGE_CURVE('',#8832,#2201,#8840,.T.);
#8840 = LINE('',#8841,#8842);
#8841 = CARTESIAN_POINT('',(20.353553771973,13.603553771973,1.75));
#8842 = VECTOR('',#8843,1.);
#8843 = DIRECTION('',(-1.83713256831E-02,1.683393522353E-02,
    -0.999689508306));
#8844 = PLANE('',#8845);
#8845 = AXIS2_PLACEMENT_3D('',#8846,#8847,#8848);
#8846 = CARTESIAN_POINT('',(20.352864612533,13.602864612533,
    0.853746927528));
#8847 = DIRECTION('',(-0.707106363103,-0.707106363103,1.087436216451E-03
    ));
#8848 = DIRECTION('',(-0.707106781187,0.707106781187,0.));
#8849 = ADVANCED_FACE('',(#8850),#8867,.T.);
#8850 = FACE_BOUND('',#8851,.T.);
#8851 = EDGE_LOOP('',(#8852,#8853,#8861));
#8852 = ORIENTED_EDGE('',*,*,#2552,.T.);
#8853 = ORIENTED_EDGE('',*,*,#8854,.F.);
#8854 = EDGE_CURVE('',#8855,#2545,#8857,.T.);
#8855 = VERTEX_POINT('',#8856);
#8856 = CARTESIAN_POINT('',(-20.21130943298,13.703153610229,1.75));
#8857 = LINE('',#8858,#8859);
#8858 = CARTESIAN_POINT('',(-20.21130943298,13.703153610229,1.75));
#8859 = VECTOR('',#8860,1.);
#8860 = DIRECTION('',(2.302054269614E-02,9.535961268298E-03,
    -0.999689511827));
#8861 = ORIENTED_EDGE('',*,*,#8862,.T.);
#8862 = EDGE_CURVE('',#8855,#2553,#8863,.T.);
#8863 = LINE('',#8864,#8865);
#8864 = CARTESIAN_POINT('',(-20.21130943298,13.703153610229,1.75));
#8865 = VECTOR('',#8866,1.);
#8866 = DIRECTION('',(-2.210203096127E-02,-1.150536829852E-02,
    -0.999689515163));
#8867 = PLANE('',#8868);
#8868 = AXIS2_PLACEMENT_3D('',#8869,#8870,#8871);
#8869 = CARTESIAN_POINT('',(-20.21089769566,13.702270792757,
    0.853747080568));
#8870 = DIRECTION('',(0.422623421993,-0.906304729047,1.086871197561E-03)
  );
#8871 = DIRECTION('',(-0.906305264352,-0.422623671614,
    -5.421010862428E-20));
#8872 = ADVANCED_FACE('',(#8873),#8890,.T.);
#8873 = FACE_BOUND('',#8874,.T.);
#8874 = EDGE_LOOP('',(#8875,#8876,#8884));
#8875 = ORIENTED_EDGE('',*,*,#2208,.F.);
#8876 = ORIENTED_EDGE('',*,*,#8877,.F.);
#8877 = EDGE_CURVE('',#8878,#2201,#8880,.T.);
#8878 = VERTEX_POINT('',#8879);
#8879 = CARTESIAN_POINT('',(20.28678894043,13.659576416016,1.75));
#8880 = LINE('',#8881,#8882);
#8881 = CARTESIAN_POINT('',(20.28678894043,13.659576416016,1.75));
#8882 = VECTOR('',#8883,1.);
#8883 = DIRECTION('',(1.976816101742E-02,-1.516906452541E-02,
    -0.999689511444));
#8884 = ORIENTED_EDGE('',*,*,#8885,.T.);
#8885 = EDGE_CURVE('',#8878,#2209,#8886,.T.);
#8886 = LINE('',#8887,#8888);
#8887 = CARTESIAN_POINT('',(20.28678894043,13.659576416016,1.75));
#8888 = VECTOR('',#8889,1.);
#8889 = DIRECTION('',(-2.101572426769E-02,1.338815387491E-02,
    -0.99968950013));
#8890 = PLANE('',#8891);
#8891 = AXIS2_PLACEMENT_3D('',#8892,#8893,#8894);
#8892 = CARTESIAN_POINT('',(20.286229700339,13.65877809489,0.85374684709
    ));
#8893 = DIRECTION('',(-0.573576561733,-0.819151234561,1.087541774246E-03
    ));
#8894 = DIRECTION('',(-0.819151718986,0.573576900931,-1.084202172486E-19
    ));
#8895 = ADVANCED_FACE('',(#8896),#8913,.T.);
#8896 = FACE_BOUND('',#8897,.T.);
#8897 = EDGE_LOOP('',(#8898,#8899,#8907));
#8898 = ORIENTED_EDGE('',*,*,#2544,.T.);
#8899 = ORIENTED_EDGE('',*,*,#8900,.F.);
#8900 = EDGE_CURVE('',#8901,#2537,#8903,.T.);
#8901 = VERTEX_POINT('',#8902);
#8902 = CARTESIAN_POINT('',(-20.12940979003,13.732962608337,1.75));
#8903 = LINE('',#8904,#8905);
#8904 = CARTESIAN_POINT('',(-20.12940979003,13.732962608337,1.75));
#8905 = VECTOR('',#8906,1.);
#8906 = DIRECTION('',(2.43269431312E-02,5.393396716954E-03,
    -0.999689507352));
#8907 = ORIENTED_EDGE('',*,*,#8908,.T.);
#8908 = EDGE_CURVE('',#8901,#2545,#8909,.T.);
#8909 = LINE('',#8910,#8911);
#8910 = CARTESIAN_POINT('',(-20.12940979003,13.732962608337,1.75));
#8911 = VECTOR('',#8912,1.);
#8912 = DIRECTION('',(-2.376472226199E-02,-7.492463098189E-03,
    -0.999689502282));
#8913 = PLANE('',#8914);
#8914 = AXIS2_PLACEMENT_3D('',#8915,#8916,#8917);
#8915 = CARTESIAN_POINT('',(-20.12915776576,13.732021668661,
    0.853746790029));
#8916 = DIRECTION('',(0.258813962126,-0.965926576782,1.086864773683E-03)
  );
#8917 = DIRECTION('',(-0.965927147295,-0.258814114991,0.));
#8918 = ADVANCED_FACE('',(#8919),#8936,.T.);
#8919 = FACE_BOUND('',#8920,.T.);
#8920 = EDGE_LOOP('',(#8921,#8922,#8930));
#8921 = ORIENTED_EDGE('',*,*,#2216,.F.);
#8922 = ORIENTED_EDGE('',*,*,#8923,.F.);
#8923 = EDGE_CURVE('',#8924,#2209,#8926,.T.);
#8924 = VERTEX_POINT('',#8925);
#8925 = CARTESIAN_POINT('',(20.211309432983,13.703153610229,1.75));
#8926 = LINE('',#8927,#8928);
#8927 = CARTESIAN_POINT('',(20.211309432983,13.703153610229,1.75));
#8928 = VECTOR('',#8929,1.);
#8929 = DIRECTION('',(2.210203096127E-02,-1.150536829852E-02,
    -0.999689515163));
#8930 = ORIENTED_EDGE('',*,*,#8931,.T.);
#8931 = EDGE_CURVE('',#8924,#2217,#8932,.T.);
#8932 = LINE('',#8933,#8934);
#8933 = CARTESIAN_POINT('',(20.211309432983,13.703153610229,1.75));
#8934 = VECTOR('',#8935,1.);
#8935 = DIRECTION('',(-2.302054269614E-02,9.535961268298E-03,
    -0.999689511827));
#8936 = PLANE('',#8937);
#8937 = AXIS2_PLACEMENT_3D('',#8938,#8939,#8940);
#8938 = CARTESIAN_POINT('',(20.210897695667,13.702270792757,
    0.853747080568));
#8939 = DIRECTION('',(-0.422623421993,-0.906304729047,1.086871197561E-03
    ));
#8940 = DIRECTION('',(-0.906305264352,0.422623671614,5.421010862428E-20)
  );
#8941 = ADVANCED_FACE('',(#8942),#8959,.T.);
#8942 = FACE_BOUND('',#8943,.T.);
#8943 = EDGE_LOOP('',(#8944,#8945,#8953));
#8944 = ORIENTED_EDGE('',*,*,#2536,.T.);
#8945 = ORIENTED_EDGE('',*,*,#8946,.F.);
#8946 = EDGE_CURVE('',#8947,#2529,#8949,.T.);
#8947 = VERTEX_POINT('',#8948);
#8948 = CARTESIAN_POINT('',(-20.04357719421,13.748097419739,1.75));
#8949 = LINE('',#8950,#8951);
#8950 = CARTESIAN_POINT('',(-20.04357719421,13.748097419739,1.75));
#8951 = VECTOR('',#8952,1.);
#8952 = DIRECTION('',(2.489352243166E-02,1.086851167575E-03,
    -0.999689517448));
#8953 = ORIENTED_EDGE('',*,*,#8954,.T.);
#8954 = EDGE_CURVE('',#8947,#2537,#8955,.T.);
#8955 = LINE('',#8956,#8957);
#8956 = CARTESIAN_POINT('',(-20.04357719421,13.748097419739,1.75));
#8957 = VECTOR('',#8958,1.);
#8958 = DIRECTION('',(-2.470502535059E-02,-3.252381612046E-03,
    -0.999689493661));
#8959 = PLANE('',#8960);
#8960 = AXIS2_PLACEMENT_3D('',#8961,#8962,#8963);
#8961 = CARTESIAN_POINT('',(-20.04349269794,13.74712668652,
    0.853746826755));
#8962 = DIRECTION('',(8.715413943319E-02,-0.996194245107,
    1.087196202018E-03));
#8963 = DIRECTION('',(-0.996194833856,-8.715419094114E-02,0.));
#8964 = ADVANCED_FACE('',(#8965),#8982,.T.);
#8965 = FACE_BOUND('',#8966,.T.);
#8966 = EDGE_LOOP('',(#8967,#8968,#8976));
#8967 = ORIENTED_EDGE('',*,*,#2224,.F.);
#8968 = ORIENTED_EDGE('',*,*,#8969,.F.);
#8969 = EDGE_CURVE('',#8970,#2217,#8972,.T.);
#8970 = VERTEX_POINT('',#8971);
#8971 = CARTESIAN_POINT('',(20.129409790039,13.732962608337,1.75));
#8972 = LINE('',#8973,#8974);
#8973 = CARTESIAN_POINT('',(20.129409790039,13.732962608337,1.75));
#8974 = VECTOR('',#8975,1.);
#8975 = DIRECTION('',(2.376472226199E-02,-7.492463098189E-03,
    -0.999689502282));
#8976 = ORIENTED_EDGE('',*,*,#8977,.T.);
#8977 = EDGE_CURVE('',#8970,#2225,#8978,.T.);
#8978 = LINE('',#8979,#8980);
#8979 = CARTESIAN_POINT('',(20.129409790039,13.732962608337,1.75));
#8980 = VECTOR('',#8981,1.);
#8981 = DIRECTION('',(-2.43269431312E-02,5.393396716954E-03,
    -0.999689507352));
#8982 = PLANE('',#8983);
#8983 = AXIS2_PLACEMENT_3D('',#8984,#8985,#8986);
#8984 = CARTESIAN_POINT('',(20.129157765764,13.732021668661,
    0.853746790029));
#8985 = DIRECTION('',(-0.258813962126,-0.965926576782,1.086864773683E-03
    ));
#8986 = DIRECTION('',(-0.965927147295,0.258814114991,0.));
#8987 = ADVANCED_FACE('',(#8988),#9005,.T.);
#8988 = FACE_BOUND('',#8989,.T.);
#8989 = EDGE_LOOP('',(#8990,#8991,#8999));
#8990 = ORIENTED_EDGE('',*,*,#2232,.F.);
#8991 = ORIENTED_EDGE('',*,*,#8992,.T.);
#8992 = EDGE_CURVE('',#2225,#8993,#8995,.T.);
#8993 = VERTEX_POINT('',#8994);
#8994 = CARTESIAN_POINT('',(20.043577194214,13.748097419739,1.75));
#8995 = LINE('',#8996,#8997);
#8996 = CARTESIAN_POINT('',(20.086824417114,13.74240398407,0.));
#8997 = VECTOR('',#8998,1.);
#8998 = DIRECTION('',(-2.470502535059E-02,3.252381612046E-03,
    0.999689493661));
#8999 = ORIENTED_EDGE('',*,*,#9000,.T.);
#9000 = EDGE_CURVE('',#8993,#2233,#9001,.T.);
#9001 = LINE('',#9002,#9003);
#9002 = CARTESIAN_POINT('',(20.043577194214,13.748097419739,1.75));
#9003 = VECTOR('',#9004,1.);
#9004 = DIRECTION('',(-2.489352243166E-02,1.086851167575E-03,
    -0.999689517448));
#9005 = PLANE('',#9006);
#9006 = AXIS2_PLACEMENT_3D('',#9007,#9008,#9009);
#9007 = CARTESIAN_POINT('',(20.043492697941,13.74712668652,
    0.853746826755));
#9008 = DIRECTION('',(-8.715413943319E-02,-0.996194245107,
    1.087196202018E-03));
#9009 = DIRECTION('',(-0.996194833856,8.715419094114E-02,0.));
#9010 = ADVANCED_FACE('',(#9011),#9022,.T.);
#9011 = FACE_BOUND('',#9012,.T.);
#9012 = EDGE_LOOP('',(#9013,#9014,#9015,#9016));
#9013 = ORIENTED_EDGE('',*,*,#6184,.T.);
#9014 = ORIENTED_EDGE('',*,*,#2512,.F.);
#9015 = ORIENTED_EDGE('',*,*,#8316,.T.);
#9016 = ORIENTED_EDGE('',*,*,#9017,.T.);
#9017 = EDGE_CURVE('',#8309,#6185,#9018,.T.);
#9018 = LINE('',#9019,#9020);
#9019 = CARTESIAN_POINT('',(-3.329999923706,6.5,2.));
#9020 = VECTOR('',#9021,1.);
#9021 = DIRECTION('',(-1.,0.,0.));
#9022 = PLANE('',#9023);
#9023 = AXIS2_PLACEMENT_3D('',#9024,#9025,#9026);
#9024 = CARTESIAN_POINT('',(-4.342342015219,6.5,0.312681782211));
#9025 = DIRECTION('',(-0.,-1.,-0.));
#9026 = DIRECTION('',(0.,0.,-1.));
#9027 = ADVANCED_FACE('',(#9028),#9039,.T.);
#9028 = FACE_BOUND('',#9029,.T.);
#9029 = EDGE_LOOP('',(#9030,#9036,#9037,#9038));
#9030 = ORIENTED_EDGE('',*,*,#9031,.F.);
#9031 = EDGE_CURVE('',#8533,#6503,#9032,.T.);
#9032 = LINE('',#9033,#9034);
#9033 = CARTESIAN_POINT('',(16.549999237061,6.5,2.));
#9034 = VECTOR('',#9035,1.);
#9035 = DIRECTION('',(1.,0.,0.));
#9036 = ORIENTED_EDGE('',*,*,#8532,.F.);
#9037 = ORIENTED_EDGE('',*,*,#2256,.F.);
#9038 = ORIENTED_EDGE('',*,*,#6510,.F.);
#9039 = PLANE('',#9040);
#9040 = AXIS2_PLACEMENT_3D('',#9041,#9042,#9043);
#9041 = CARTESIAN_POINT('',(17.462655367147,6.5,0.408076294063));
#9042 = DIRECTION('',(-0.,-1.,-0.));
#9043 = DIRECTION('',(0.,0.,-1.));
#9044 = ADVANCED_FACE('',(#9045),#9056,.T.);
#9045 = FACE_BOUND('',#9046,.T.);
#9046 = EDGE_LOOP('',(#9047,#9048,#9049,#9055));
#9047 = ORIENTED_EDGE('',*,*,#2480,.F.);
#9048 = ORIENTED_EDGE('',*,*,#7908,.F.);
#9049 = ORIENTED_EDGE('',*,*,#9050,.F.);
#9050 = EDGE_CURVE('',#8373,#7901,#9051,.T.);
#9051 = LINE('',#9052,#9053);
#9052 = CARTESIAN_POINT('',(-1.230000019073,6.5,2.));
#9053 = VECTOR('',#9054,1.);
#9054 = DIRECTION('',(1.,0.,0.));
#9055 = ORIENTED_EDGE('',*,*,#8372,.F.);
#9056 = PLANE('',#9057);
#9057 = AXIS2_PLACEMENT_3D('',#9058,#9059,#9060);
#9058 = CARTESIAN_POINT('',(-1.010000020266,6.5,0.492383467254));
#9059 = DIRECTION('',(-0.,-1.,-0.));
#9060 = DIRECTION('',(0.,0.,-1.));
#9061 = ADVANCED_FACE('',(#9062),#9073,.T.);
#9062 = FACE_BOUND('',#9063,.T.);
#9063 = EDGE_LOOP('',(#9064,#9065,#9066,#9067));
#9064 = ORIENTED_EDGE('',*,*,#7850,.F.);
#9065 = ORIENTED_EDGE('',*,*,#2288,.F.);
#9066 = ORIENTED_EDGE('',*,*,#8483,.F.);
#9067 = ORIENTED_EDGE('',*,*,#9068,.F.);
#9068 = EDGE_CURVE('',#7851,#8476,#9069,.T.);
#9069 = LINE('',#9070,#9071);
#9070 = CARTESIAN_POINT('',(14.010000228882,6.5,2.));
#9071 = VECTOR('',#9072,1.);
#9072 = DIRECTION('',(1.,0.,0.));
#9073 = PLANE('',#9074);
#9074 = AXIS2_PLACEMENT_3D('',#9075,#9076,#9077);
#9075 = CARTESIAN_POINT('',(14.230000019073,6.5,0.492383466335));
#9076 = DIRECTION('',(-0.,-1.,-0.));
#9077 = DIRECTION('',(0.,0.,-1.));
#9078 = ADVANCED_FACE('',(#9079),#9090,.T.);
#9079 = FACE_BOUND('',#9080,.T.);
#9080 = EDGE_LOOP('',(#9081,#9082,#9083,#9089));
#9081 = ORIENTED_EDGE('',*,*,#2448,.F.);
#9082 = ORIENTED_EDGE('',*,*,#8194,.F.);
#9083 = ORIENTED_EDGE('',*,*,#9084,.F.);
#9084 = EDGE_CURVE('',#7965,#8187,#9085,.T.);
#9085 = LINE('',#9086,#9087);
#9086 = CARTESIAN_POINT('',(1.30999994278,6.5,2.));
#9087 = VECTOR('',#9088,1.);
#9088 = DIRECTION('',(1.,0.,0.));
#9089 = ORIENTED_EDGE('',*,*,#7964,.F.);
#9090 = PLANE('',#9091);
#9091 = AXIS2_PLACEMENT_3D('',#9092,#9093,#9094);
#9092 = CARTESIAN_POINT('',(1.529999984173,6.5,0.49238349341));
#9093 = DIRECTION('',(-0.,-1.,-0.));
#9094 = DIRECTION('',(0.,0.,-1.));
#9095 = ADVANCED_FACE('',(#9096),#9107,.T.);
#9096 = FACE_BOUND('',#9097,.T.);
#9097 = EDGE_LOOP('',(#9098,#9099,#9100,#9101));
#9098 = ORIENTED_EDGE('',*,*,#7731,.F.);
#9099 = ORIENTED_EDGE('',*,*,#2320,.F.);
#9100 = ORIENTED_EDGE('',*,*,#7803,.F.);
#9101 = ORIENTED_EDGE('',*,*,#9102,.F.);
#9102 = EDGE_CURVE('',#7732,#7796,#9103,.T.);
#9103 = LINE('',#9104,#9105);
#9104 = CARTESIAN_POINT('',(11.470000267029,6.5,2.));
#9105 = VECTOR('',#9106,1.);
#9106 = DIRECTION('',(1.,0.,0.));
#9107 = PLANE('',#9108);
#9108 = AXIS2_PLACEMENT_3D('',#9109,#9110,#9111);
#9109 = CARTESIAN_POINT('',(11.69000005722,6.5,0.492383466335));
#9110 = DIRECTION('',(-0.,-1.,-0.));
#9111 = DIRECTION('',(0.,0.,-1.));
#9112 = ADVANCED_FACE('',(#9113),#9124,.T.);
#9113 = FACE_BOUND('',#9114,.T.);
#9114 = EDGE_LOOP('',(#9115,#9116,#9117,#9118));
#9115 = ORIENTED_EDGE('',*,*,#8241,.F.);
#9116 = ORIENTED_EDGE('',*,*,#2416,.F.);
#9117 = ORIENTED_EDGE('',*,*,#8075,.F.);
#9118 = ORIENTED_EDGE('',*,*,#9119,.F.);
#9119 = EDGE_CURVE('',#8242,#8068,#9120,.T.);
#9120 = LINE('',#9121,#9122);
#9121 = CARTESIAN_POINT('',(3.849999904633,6.5,2.));
#9122 = VECTOR('',#9123,1.);
#9123 = DIRECTION('',(1.,0.,0.));
#9124 = PLANE('',#9125);
#9125 = AXIS2_PLACEMENT_3D('',#9126,#9127,#9128);
#9126 = CARTESIAN_POINT('',(4.069999958809,6.5,0.492383519436));
#9127 = DIRECTION('',(-0.,-1.,-0.));
#9128 = DIRECTION('',(0.,0.,-1.));
#9129 = ADVANCED_FACE('',(#9130),#9141,.T.);
#9130 = FACE_BOUND('',#9131,.T.);
#9131 = EDGE_LOOP('',(#9132,#9133,#9134,#9135));
#9132 = ORIENTED_EDGE('',*,*,#7612,.F.);
#9133 = ORIENTED_EDGE('',*,*,#2352,.F.);
#9134 = ORIENTED_EDGE('',*,*,#7684,.F.);
#9135 = ORIENTED_EDGE('',*,*,#9136,.F.);
#9136 = EDGE_CURVE('',#7613,#7677,#9137,.T.);
#9137 = LINE('',#9138,#9139);
#9138 = CARTESIAN_POINT('',(8.930000305176,6.5,2.));
#9139 = VECTOR('',#9140,1.);
#9140 = DIRECTION('',(1.,0.,0.));
#9141 = PLANE('',#9142);
#9142 = AXIS2_PLACEMENT_3D('',#9143,#9144,#9145);
#9143 = CARTESIAN_POINT('',(9.150000095367,6.5,0.492383466335));
#9144 = DIRECTION('',(-0.,-1.,-0.));
#9145 = DIRECTION('',(0.,0.,-1.));
#9146 = ADVANCED_FACE('',(#9147),#9158,.T.);
#9147 = FACE_BOUND('',#9148,.T.);
#9148 = EDGE_LOOP('',(#9149,#9150,#9151,#9152));
#9149 = ORIENTED_EDGE('',*,*,#8122,.F.);
#9150 = ORIENTED_EDGE('',*,*,#2384,.F.);
#9151 = ORIENTED_EDGE('',*,*,#7565,.F.);
#9152 = ORIENTED_EDGE('',*,*,#9153,.F.);
#9153 = EDGE_CURVE('',#8123,#7558,#9154,.T.);
#9154 = LINE('',#9155,#9156);
#9155 = CARTESIAN_POINT('',(6.389999866486,6.5,2.));
#9156 = VECTOR('',#9157,1.);
#9157 = DIRECTION('',(1.,0.,0.));
#9158 = PLANE('',#9159);
#9159 = AXIS2_PLACEMENT_3D('',#9160,#9161,#9162);
#9160 = CARTESIAN_POINT('',(6.609999895096,6.5,0.492383467385));
#9161 = DIRECTION('',(-0.,-1.,-0.));
#9162 = DIRECTION('',(0.,0.,-1.));
#9163 = ADVANCED_FACE('',(#9164),#9183,.F.);
#9164 = FACE_BOUND('',#9165,.T.);
#9165 = EDGE_LOOP('',(#9166,#9167,#9175,#9182));
#9166 = ORIENTED_EDGE('',*,*,#2608,.T.);
#9167 = ORIENTED_EDGE('',*,*,#9168,.T.);
#9168 = EDGE_CURVE('',#2609,#9169,#9171,.T.);
#9169 = VERTEX_POINT('',#9170);
#9170 = CARTESIAN_POINT('',(-9.715000009537,8.294162085762,
    -3.667266260803));
#9171 = LINE('',#9172,#9173);
#9172 = CARTESIAN_POINT('',(-9.715000009537,8.966830285435,
    0.579793603756));
#9173 = VECTOR('',#9174,1.);
#9174 = DIRECTION('',(0.,-0.15643446504,-0.987688340595));
#9175 = ORIENTED_EDGE('',*,*,#9176,.F.);
#9176 = EDGE_CURVE('',#9169,#9169,#9177,.T.);
#9177 = CIRCLE('',#9178,2.9);
#9178 = AXIS2_PLACEMENT_3D('',#9179,#9180,#9181);
#9179 = CARTESIAN_POINT('',(-12.61500000953,8.294162085762,
    -3.667266260803));
#9180 = DIRECTION('',(0.,0.15643446504,0.987688340595));
#9181 = DIRECTION('',(1.,2.737230131427E-17,-4.335346624055E-18));
#9182 = ORIENTED_EDGE('',*,*,#9168,.F.);
#9183 = CYLINDRICAL_SURFACE('',#9184,2.9);
#9184 = AXIS2_PLACEMENT_3D('',#9185,#9186,#9187);
#9185 = CARTESIAN_POINT('',(-12.61500000953,8.966830285435,
    0.579793603756));
#9186 = DIRECTION('',(-0.,-0.15643446504,-0.987688340595));
#9187 = DIRECTION('',(1.,0.,0.));
#9188 = ADVANCED_FACE('',(#9189),#9200,.F.);
#9189 = FACE_BOUND('',#9190,.F.);
#9190 = EDGE_LOOP('',(#9191,#9192,#9198,#9199));
#9191 = ORIENTED_EDGE('',*,*,#4930,.F.);
#9192 = ORIENTED_EDGE('',*,*,#9193,.T.);
#9193 = EDGE_CURVE('',#4921,#3012,#9194,.T.);
#9194 = LINE('',#9195,#9196);
#9195 = CARTESIAN_POINT('',(57.252391434769,2.033333333333,
    1.391534391534));
#9196 = VECTOR('',#9197,1.);
#9197 = DIRECTION('',(-1.,-0.,-0.));
#9198 = ORIENTED_EDGE('',*,*,#3019,.F.);
#9199 = ORIENTED_EDGE('',*,*,#2785,.F.);
#9200 = PLANE('',#9201);
#9201 = AXIS2_PLACEMENT_3D('',#9202,#9203,#9204);
#9202 = CARTESIAN_POINT('',(5.342134292789E-16,2.033333333333,
    -1.209348832789));
#9203 = DIRECTION('',(-0.,-1.,-0.));
#9204 = DIRECTION('',(0.,0.,-1.));
#9205 = ADVANCED_FACE('',(#9206),#9217,.F.);
#9206 = FACE_BOUND('',#9207,.F.);
#9207 = EDGE_LOOP('',(#9208,#9209,#9210,#9211));
#9208 = ORIENTED_EDGE('',*,*,#4948,.F.);
#9209 = ORIENTED_EDGE('',*,*,#2769,.T.);
#9210 = ORIENTED_EDGE('',*,*,#3026,.F.);
#9211 = ORIENTED_EDGE('',*,*,#9212,.F.);
#9212 = EDGE_CURVE('',#4939,#3027,#9213,.T.);
#9213 = LINE('',#9214,#9215);
#9214 = CARTESIAN_POINT('',(57.252391434769,1.233333333333,1.));
#9215 = VECTOR('',#9216,1.);
#9216 = DIRECTION('',(-1.,-0.,-0.));
#9217 = PLANE('',#9218);
#9218 = AXIS2_PLACEMENT_3D('',#9219,#9220,#9221);
#9219 = CARTESIAN_POINT('',(-2.384611041873E-16,1.233333333333,
    -1.341623965064));
#9220 = DIRECTION('',(0.,1.,0.));
#9221 = DIRECTION('',(0.,0.,1.));
#9222 = ADVANCED_FACE('',(#9223),#9234,.F.);
#9223 = FACE_BOUND('',#9224,.F.);
#9224 = EDGE_LOOP('',(#9225,#9226,#9232,#9233));
#9225 = ORIENTED_EDGE('',*,*,#4955,.F.);
#9226 = ORIENTED_EDGE('',*,*,#9227,.T.);
#9227 = EDGE_CURVE('',#4941,#3035,#9228,.T.);
#9228 = LINE('',#9229,#9230);
#9229 = CARTESIAN_POINT('',(57.252391434769,-1.233333333333,
    1.391534391534));
#9230 = VECTOR('',#9231,1.);
#9231 = DIRECTION('',(-1.,-0.,-0.));
#9232 = ORIENTED_EDGE('',*,*,#3042,.F.);
#9233 = ORIENTED_EDGE('',*,*,#2753,.F.);
#9234 = PLANE('',#9235);
#9235 = AXIS2_PLACEMENT_3D('',#9236,#9237,#9238);
#9236 = CARTESIAN_POINT('',(-4.173069323279E-16,-1.233333333333,
    -0.95008957353));
#9237 = DIRECTION('',(-0.,-1.,-0.));
#9238 = DIRECTION('',(0.,0.,-1.));
#9239 = ADVANCED_FACE('',(#9240),#9246,.F.);
#9240 = FACE_BOUND('',#9241,.F.);
#9241 = EDGE_LOOP('',(#9242,#9243,#9244,#9245));
#9242 = ORIENTED_EDGE('',*,*,#4964,.F.);
#9243 = ORIENTED_EDGE('',*,*,#2737,.T.);
#9244 = ORIENTED_EDGE('',*,*,#3049,.F.);
#9245 = ORIENTED_EDGE('',*,*,#4854,.F.);
#9246 = PLANE('',#9247);
#9247 = AXIS2_PLACEMENT_3D('',#9248,#9249,#9250);
#9248 = CARTESIAN_POINT('',(7.783848932485E-16,-2.033333333333,
    -1.082364705805));
#9249 = DIRECTION('',(0.,1.,0.));
#9250 = DIRECTION('',(0.,0.,1.));
#9251 = ADVANCED_FACE('',(#9252),#9271,.F.);
#9252 = FACE_BOUND('',#9253,.T.);
#9253 = EDGE_LOOP('',(#9254,#9255,#9263,#9270));
#9254 = ORIENTED_EDGE('',*,*,#2801,.T.);
#9255 = ORIENTED_EDGE('',*,*,#9256,.T.);
#9256 = EDGE_CURVE('',#2802,#9257,#9259,.T.);
#9257 = VERTEX_POINT('',#9258);
#9258 = CARTESIAN_POINT('',(15.813600856911,-0.169950268769,
    -4.473023766862));
#9259 = LINE('',#9260,#9261);
#9260 = CARTESIAN_POINT('',(16.9,0.,-3.4));
#9261 = VECTOR('',#9262,1.);
#9262 = DIRECTION('',(-0.707106781187,-0.110615871041,-0.698401123334));
#9263 = ORIENTED_EDGE('',*,*,#9264,.F.);
#9264 = EDGE_CURVE('',#9257,#9257,#9265,.T.);
#9265 = ELLIPSE('',#9266,1.813601166304,1.813600960042);
#9266 = AXIS2_PLACEMENT_3D('',#9267,#9268,#9269);
#9267 = CARTESIAN_POINT('',(14.,-0.17055432539,-4.472927884859));
#9268 = DIRECTION('',(-0.,0.156767544201,0.987635528464));
#9269 = DIRECTION('',(0.,-0.987635528464,0.156767544201));
#9270 = ORIENTED_EDGE('',*,*,#9256,.F.);
#9271 = CONICAL_SURFACE('',#9272,2.9,0.785398163397);
#9272 = AXIS2_PLACEMENT_3D('',#9273,#9274,#9275);
#9273 = CARTESIAN_POINT('',(14.,0.,-3.4));
#9274 = DIRECTION('',(0.,0.15643446504,0.987688340595));
#9275 = DIRECTION('',(1.,0.,0.));
#9276 = ADVANCED_FACE('',(#9277),#9296,.F.);
#9277 = FACE_BOUND('',#9278,.T.);
#9278 = EDGE_LOOP('',(#9279,#9280,#9288,#9295));
#9279 = ORIENTED_EDGE('',*,*,#2812,.T.);
#9280 = ORIENTED_EDGE('',*,*,#9281,.T.);
#9281 = EDGE_CURVE('',#2813,#9282,#9284,.T.);
#9282 = VERTEX_POINT('',#9283);
#9283 = CARTESIAN_POINT('',(2.51854662306,-0.231750366504,
    -4.463214227539));
#9284 = LINE('',#9285,#9286);
#9285 = CARTESIAN_POINT('',(4.,0.,-3.));
#9286 = VECTOR('',#9287,1.);
#9287 = DIRECTION('',(-0.707106781187,-0.110615871041,-0.698401123334));
#9288 = ORIENTED_EDGE('',*,*,#9289,.F.);
#9289 = EDGE_CURVE('',#9282,#9282,#9290,.T.);
#9290 = ELLIPSE('',#9291,2.518547052715,2.518546766278);
#9291 = AXIS2_PLACEMENT_3D('',#9292,#9293,#9294);
#9292 = CARTESIAN_POINT('',(0.,-0.232589219637,-4.463081076248));
#9293 = DIRECTION('',(-0.,0.156767544201,0.987635528464));
#9294 = DIRECTION('',(0.,-0.987635528464,0.156767544201));
#9295 = ORIENTED_EDGE('',*,*,#9281,.F.);
#9296 = CONICAL_SURFACE('',#9297,4.,0.785398163397);
#9297 = AXIS2_PLACEMENT_3D('',#9298,#9299,#9300);
#9298 = CARTESIAN_POINT('',(0.,0.,-3.));
#9299 = DIRECTION('',(0.,0.15643446504,0.987688340595));
#9300 = DIRECTION('',(1.,0.,0.));
#9301 = ADVANCED_FACE('',(#9302),#9308,.F.);
#9302 = FACE_BOUND('',#9303,.F.);
#9303 = EDGE_LOOP('',(#9304,#9305,#9306,#9307));
#9304 = ORIENTED_EDGE('',*,*,#4920,.F.);
#9305 = ORIENTED_EDGE('',*,*,#2863,.T.);
#9306 = ORIENTED_EDGE('',*,*,#3011,.F.);
#9307 = ORIENTED_EDGE('',*,*,#9193,.F.);
#9308 = PLANE('',#9309);
#9309 = AXIS2_PLACEMENT_3D('',#9310,#9311,#9312);
#9310 = CARTESIAN_POINT('',(57.252391434769,4.5,1.));
#9311 = DIRECTION('',(0.,0.156767544201,0.987635528464));
#9312 = DIRECTION('',(0.,-0.987635528464,0.156767544201));
#9313 = ADVANCED_FACE('',(#9314),#9319,.T.);
#9314 = FACE_BOUND('',#9315,.T.);
#9315 = EDGE_LOOP('',(#9316,#9317,#9318));
#9316 = ORIENTED_EDGE('',*,*,#3089,.T.);
#9317 = ORIENTED_EDGE('',*,*,#2993,.F.);
#9318 = ORIENTED_EDGE('',*,*,#4751,.T.);
#9319 = PLANE('',#9320);
#9320 = AXIS2_PLACEMENT_3D('',#9321,#9322,#9323);
#9321 = CARTESIAN_POINT('',(-20.49144377521,-13.33665517981,
    0.896253032359));
#9322 = DIRECTION('',(0.984810173801,0.173631046742,-1.086823784442E-03)
  );
#9323 = DIRECTION('',(-0.173631149288,0.984810755423,-2.710505431214E-20
    ));
#9324 = ADVANCED_FACE('',(#9325),#9336,.T.);
#9325 = FACE_BOUND('',#9326,.T.);
#9326 = EDGE_LOOP('',(#9327,#9328,#9334,#9335));
#9327 = ORIENTED_EDGE('',*,*,#6743,.F.);
#9328 = ORIENTED_EDGE('',*,*,#9329,.T.);
#9329 = EDGE_CURVE('',#6736,#8648,#9330,.T.);
#9330 = LINE('',#9331,#9332);
#9331 = CARTESIAN_POINT('',(20.498096466064,13.293578147888,5.25));
#9332 = VECTOR('',#9333,1.);
#9333 = DIRECTION('',(0.,0.,-1.));
#9334 = ORIENTED_EDGE('',*,*,#8647,.T.);
#9335 = ORIENTED_EDGE('',*,*,#3074,.F.);
#9336 = PLANE('',#9337);
#9337 = AXIS2_PLACEMENT_3D('',#9338,#9339,#9340);
#9338 = CARTESIAN_POINT('',(20.4992861563,13.266342228396,3.5));
#9339 = DIRECTION('',(-0.99904735131,-4.363931531271E-02,-0.));
#9340 = DIRECTION('',(4.363931531271E-02,-0.99904735131,0.));
#9341 = ADVANCED_FACE('',(#9342),#9353,.T.);
#9342 = FACE_BOUND('',#9343,.T.);
#9343 = EDGE_LOOP('',(#9344,#9345,#9351,#9352));
#9344 = ORIENTED_EDGE('',*,*,#3120,.F.);
#9345 = ORIENTED_EDGE('',*,*,#9346,.T.);
#9346 = EDGE_CURVE('',#3113,#6759,#9347,.T.);
#9347 = LINE('',#9348,#9349);
#9348 = CARTESIAN_POINT('',(20.498096466064,-13.29357814788,1.75));
#9349 = VECTOR('',#9350,1.);
#9350 = DIRECTION('',(0.,0.,1.));
#9351 = ORIENTED_EDGE('',*,*,#6758,.T.);
#9352 = ORIENTED_EDGE('',*,*,#3067,.T.);
#9353 = PLANE('',#9354);
#9354 = AXIS2_PLACEMENT_3D('',#9355,#9356,#9357);
#9355 = CARTESIAN_POINT('',(20.4992861563,-13.26634222839,3.5));
#9356 = DIRECTION('',(-0.99904735131,4.363931531271E-02,0.));
#9357 = DIRECTION('',(-4.363931531271E-02,-0.99904735131,0.));
#9358 = ADVANCED_FACE('',(#9359),#9365,.F.);
#9359 = FACE_BOUND('',#9360,.F.);
#9360 = EDGE_LOOP('',(#9361,#9362,#9363,#9364));
#9361 = ORIENTED_EDGE('',*,*,#4938,.F.);
#9362 = ORIENTED_EDGE('',*,*,#9212,.T.);
#9363 = ORIENTED_EDGE('',*,*,#3034,.F.);
#9364 = ORIENTED_EDGE('',*,*,#9227,.F.);
#9365 = PLANE('',#9366);
#9366 = AXIS2_PLACEMENT_3D('',#9367,#9368,#9369);
#9367 = CARTESIAN_POINT('',(57.252391434769,1.233333333333,1.));
#9368 = DIRECTION('',(0.,0.156767544201,0.987635528464));
#9369 = DIRECTION('',(0.,-0.987635528464,0.156767544201));
#9370 = ADVANCED_FACE('',(#9371),#9381,.T.);
#9371 = FACE_BOUND('',#9372,.T.);
#9372 = EDGE_LOOP('',(#9373,#9374,#9375));
#9373 = ORIENTED_EDGE('',*,*,#3135,.T.);
#9374 = ORIENTED_EDGE('',*,*,#3097,.F.);
#9375 = ORIENTED_EDGE('',*,*,#9376,.T.);
#9376 = EDGE_CURVE('',#3090,#3136,#9377,.T.);
#9377 = LINE('',#9378,#9379);
#9378 = CARTESIAN_POINT('',(-20.48296356201,-13.37940979003,1.75));
#9379 = VECTOR('',#9380,1.);
#9380 = DIRECTION('',(0.342029459767,-0.939689229826,0.));
#9381 = PLANE('',#9382);
#9382 = AXIS2_PLACEMENT_3D('',#9383,#9384,#9385);
#9383 = CARTESIAN_POINT('',(-20.46893093937,-13.4206769156,
    0.896253181256));
#9384 = DIRECTION('',(0.939688674379,0.342029257595,-1.087286931796E-03)
  );
#9385 = DIRECTION('',(-0.342029459767,0.939689229826,-5.421010862428E-20
    ));
#9386 = ADVANCED_FACE('',(#9387),#9397,.T.);
#9387 = FACE_BOUND('',#9388,.T.);
#9388 = EDGE_LOOP('',(#9389,#9390,#9391));
#9389 = ORIENTED_EDGE('',*,*,#3112,.F.);
#9390 = ORIENTED_EDGE('',*,*,#3166,.F.);
#9391 = ORIENTED_EDGE('',*,*,#9392,.T.);
#9392 = EDGE_CURVE('',#3159,#3113,#9393,.T.);
#9393 = LINE('',#9394,#9395);
#9394 = CARTESIAN_POINT('',(20.482963562012,-13.37940979003,1.75));
#9395 = VECTOR('',#9396,1.);
#9396 = DIRECTION('',(0.173631149288,0.984810755423,0.));
#9397 = PLANE('',#9398);
#9398 = AXIS2_PLACEMENT_3D('',#9399,#9400,#9401);
#9399 = CARTESIAN_POINT('',(20.491443775213,-13.33665517981,
    0.896253032359));
#9400 = DIRECTION('',(-0.984810173801,0.173631046742,-1.086823784442E-03
    ));
#9401 = DIRECTION('',(-0.173631149288,-0.984810755423,2.710505431214E-20
    ));
#9402 = ADVANCED_FACE('',(#9403),#9413,.T.);
#9403 = FACE_BOUND('',#9404,.T.);
#9404 = EDGE_LOOP('',(#9405,#9406,#9407));
#9405 = ORIENTED_EDGE('',*,*,#3181,.T.);
#9406 = ORIENTED_EDGE('',*,*,#3143,.F.);
#9407 = ORIENTED_EDGE('',*,*,#9408,.T.);
#9408 = EDGE_CURVE('',#3136,#3182,#9409,.T.);
#9409 = LINE('',#9410,#9411);
#9410 = CARTESIAN_POINT('',(-20.45315361022,-13.46130943298,1.75));
#9411 = VECTOR('',#9412,1.);
#9412 = DIRECTION('',(0.499996823547,-0.866027237703,0.));
#9413 = PLANE('',#9414);
#9414 = AXIS2_PLACEMENT_3D('',#9415,#9416,#9417);
#9415 = CARTESIAN_POINT('',(-20.43216850898,-13.49951280188,
    0.896252907344));
#9416 = DIRECTION('',(0.86602672621,0.499996528239,-1.086847955477E-03)
  );
#9417 = DIRECTION('',(-0.499996823547,0.866027237703,-1.084202172486E-19
    ));
#9418 = ADVANCED_FACE('',(#9419),#9429,.T.);
#9419 = FACE_BOUND('',#9420,.T.);
#9420 = EDGE_LOOP('',(#9421,#9422,#9423));
#9421 = ORIENTED_EDGE('',*,*,#3158,.T.);
#9422 = ORIENTED_EDGE('',*,*,#3212,.F.);
#9423 = ORIENTED_EDGE('',*,*,#9424,.T.);
#9424 = EDGE_CURVE('',#3205,#3159,#9425,.T.);
#9425 = LINE('',#9426,#9427);
#9426 = CARTESIAN_POINT('',(20.453153610229,-13.46130943298,1.75));
#9427 = VECTOR('',#9428,1.);
#9428 = DIRECTION('',(0.342029459767,0.939689229826,0.));
#9429 = PLANE('',#9430);
#9430 = AXIS2_PLACEMENT_3D('',#9431,#9432,#9433);
#9431 = CARTESIAN_POINT('',(20.468930939378,-13.4206769156,
    0.896253181256));
#9432 = DIRECTION('',(-0.939688674379,0.342029257595,-1.087286931796E-03
    ));
#9433 = DIRECTION('',(-0.342029459767,-0.939689229826,5.421010862428E-20
    ));
#9434 = ADVANCED_FACE('',(#9435),#9445,.T.);
#9435 = FACE_BOUND('',#9436,.T.);
#9436 = EDGE_LOOP('',(#9437,#9438,#9439));
#9437 = ORIENTED_EDGE('',*,*,#3227,.T.);
#9438 = ORIENTED_EDGE('',*,*,#3189,.F.);
#9439 = ORIENTED_EDGE('',*,*,#9440,.T.);
#9440 = EDGE_CURVE('',#3182,#3228,#9441,.T.);
#9441 = LINE('',#9442,#9443);
#9442 = CARTESIAN_POINT('',(-20.40957641601,-13.53678798675,1.75));
#9443 = VECTOR('',#9444,1.);
#9444 = DIRECTION('',(0.642784231672,-0.766047277597,0.));
#9445 = PLANE('',#9446);
#9446 = AXIS2_PLACEMENT_3D('',#9447,#9448,#9449);
#9447 = CARTESIAN_POINT('',(-20.3822760038,-13.57076756893,
    0.896253211245));
#9448 = DIRECTION('',(0.766046824921,0.642783851835,-1.087128687427E-03)
  );
#9449 = DIRECTION('',(-0.642784231672,0.766047277597,-1.084202172486E-19
    ));
#9450 = ADVANCED_FACE('',(#9451),#9461,.T.);
#9451 = FACE_BOUND('',#9452,.T.);
#9452 = EDGE_LOOP('',(#9453,#9454,#9455));
#9453 = ORIENTED_EDGE('',*,*,#3204,.T.);
#9454 = ORIENTED_EDGE('',*,*,#3258,.F.);
#9455 = ORIENTED_EDGE('',*,*,#9456,.T.);
#9456 = EDGE_CURVE('',#3251,#3205,#9457,.T.);
#9457 = LINE('',#9458,#9459);
#9458 = CARTESIAN_POINT('',(20.409576416016,-13.53678798675,1.75));
#9459 = VECTOR('',#9460,1.);
#9460 = DIRECTION('',(0.499996823547,0.866027237703,0.));
#9461 = PLANE('',#9462);
#9462 = AXIS2_PLACEMENT_3D('',#9463,#9464,#9465);
#9463 = CARTESIAN_POINT('',(20.43216850898,-13.49951280188,
    0.896252907344));
#9464 = DIRECTION('',(-0.86602672621,0.499996528239,-1.086847955477E-03)
  );
#9465 = DIRECTION('',(-0.499996823547,-0.866027237703,1.084202172486E-19
    ));
#9466 = ADVANCED_FACE('',(#9467),#9477,.T.);
#9467 = FACE_BOUND('',#9468,.T.);
#9468 = EDGE_LOOP('',(#9469,#9470,#9471));
#9469 = ORIENTED_EDGE('',*,*,#3273,.T.);
#9470 = ORIENTED_EDGE('',*,*,#3235,.F.);
#9471 = ORIENTED_EDGE('',*,*,#9472,.T.);
#9472 = EDGE_CURVE('',#3228,#3274,#9473,.T.);
#9473 = LINE('',#9474,#9475);
#9474 = CARTESIAN_POINT('',(-20.35355377197,-13.60355377197,1.75));
#9475 = VECTOR('',#9476,1.);
#9476 = DIRECTION('',(0.766042756565,-0.642789619638,0.));
#9477 = PLANE('',#9478);
#9478 = AXIS2_PLACEMENT_3D('',#9479,#9480,#9481);
#9479 = CARTESIAN_POINT('',(-20.32076781335,-13.63227600387,
    0.896253037536));
#9480 = DIRECTION('',(0.64278923992,0.766042304037,-1.086953542517E-03)
  );
#9481 = DIRECTION('',(0.766042756565,-0.642789619638,1.084202172486E-19)
  );
#9482 = ADVANCED_FACE('',(#9483),#9493,.T.);
#9483 = FACE_BOUND('',#9484,.T.);
#9484 = EDGE_LOOP('',(#9485,#9486,#9487));
#9485 = ORIENTED_EDGE('',*,*,#3250,.T.);
#9486 = ORIENTED_EDGE('',*,*,#3304,.F.);
#9487 = ORIENTED_EDGE('',*,*,#9488,.T.);
#9488 = EDGE_CURVE('',#3297,#3251,#9489,.T.);
#9489 = LINE('',#9490,#9491);
#9490 = CARTESIAN_POINT('',(20.353553771973,-13.60355377197,1.75));
#9491 = VECTOR('',#9492,1.);
#9492 = DIRECTION('',(0.642784231672,0.766047277597,0.));
#9493 = PLANE('',#9494);
#9494 = AXIS2_PLACEMENT_3D('',#9495,#9496,#9497);
#9495 = CARTESIAN_POINT('',(20.382276003804,-13.57076756893,
    0.896253211245));
#9496 = DIRECTION('',(-0.766046824921,0.642783851835,-1.087128687427E-03
    ));
#9497 = DIRECTION('',(-0.642784231672,-0.766047277597,
    -1.084202172486E-19));
#9498 = ADVANCED_FACE('',(#9499),#9509,.T.);
#9499 = FACE_BOUND('',#9500,.T.);
#9500 = EDGE_LOOP('',(#9501,#9502,#9503));
#9501 = ORIENTED_EDGE('',*,*,#3319,.T.);
#9502 = ORIENTED_EDGE('',*,*,#3281,.F.);
#9503 = ORIENTED_EDGE('',*,*,#9504,.T.);
#9504 = EDGE_CURVE('',#3274,#3320,#9505,.T.);
#9505 = LINE('',#9506,#9507);
#9506 = CARTESIAN_POINT('',(-20.28678894043,-13.65957641601,1.75));
#9507 = VECTOR('',#9508,1.);
#9508 = DIRECTION('',(0.866029973201,-0.499992085455,0.));
#9509 = PLANE('',#9510);
#9510 = AXIS2_PLACEMENT_3D('',#9511,#9512,#9513);
#9511 = CARTESIAN_POINT('',(-20.24951304621,-13.68216897391,
    0.896253103722));
#9512 = DIRECTION('',(0.499991789968,0.866029461391,-1.087183665619E-03)
  );
#9513 = DIRECTION('',(0.866029973201,-0.499992085455,0.));
#9514 = ADVANCED_FACE('',(#9515),#9525,.T.);
#9515 = FACE_BOUND('',#9516,.T.);
#9516 = EDGE_LOOP('',(#9517,#9518,#9519));
#9517 = ORIENTED_EDGE('',*,*,#3296,.T.);
#9518 = ORIENTED_EDGE('',*,*,#3350,.F.);
#9519 = ORIENTED_EDGE('',*,*,#9520,.T.);
#9520 = EDGE_CURVE('',#3343,#3297,#9521,.T.);
#9521 = LINE('',#9522,#9523);
#9522 = CARTESIAN_POINT('',(20.28678894043,-13.65957641601,1.75));
#9523 = VECTOR('',#9524,1.);
#9524 = DIRECTION('',(0.766042756565,0.642789619638,0.));
#9525 = PLANE('',#9526);
#9526 = AXIS2_PLACEMENT_3D('',#9527,#9528,#9529);
#9527 = CARTESIAN_POINT('',(20.320767813357,-13.63227600387,
    0.896253037536));
#9528 = DIRECTION('',(-0.64278923992,0.766042304037,-1.086953542517E-03)
  );
#9529 = DIRECTION('',(0.766042756565,0.642789619638,-1.084202172486E-19)
  );
#9530 = ADVANCED_FACE('',(#9531),#9541,.T.);
#9531 = FACE_BOUND('',#9532,.T.);
#9532 = EDGE_LOOP('',(#9533,#9534,#9535));
#9533 = ORIENTED_EDGE('',*,*,#3365,.T.);
#9534 = ORIENTED_EDGE('',*,*,#3327,.F.);
#9535 = ORIENTED_EDGE('',*,*,#9536,.T.);
#9536 = EDGE_CURVE('',#3320,#3366,#9537,.T.);
#9537 = LINE('',#9538,#9539);
#9538 = CARTESIAN_POINT('',(-20.21130943298,-13.70315361022,1.75));
#9539 = VECTOR('',#9540,1.);
#9540 = DIRECTION('',(0.939692746609,-0.342019797629,0.));
#9541 = PLANE('',#9542);
#9542 = AXIS2_PLACEMENT_3D('',#9543,#9544,#9545);
#9543 = CARTESIAN_POINT('',(-20.17067738067,-13.71893069532,
    0.896253103686));
#9544 = DIRECTION('',(0.342019595297,0.939692190708,-1.087729365355E-03)
  );
#9545 = DIRECTION('',(0.939692746609,-0.342019797629,0.));
#9546 = ADVANCED_FACE('',(#9547),#9557,.T.);
#9547 = FACE_BOUND('',#9548,.T.);
#9548 = EDGE_LOOP('',(#9549,#9550,#9551));
#9549 = ORIENTED_EDGE('',*,*,#3342,.T.);
#9550 = ORIENTED_EDGE('',*,*,#3396,.F.);
#9551 = ORIENTED_EDGE('',*,*,#9552,.T.);
#9552 = EDGE_CURVE('',#3389,#3343,#9553,.T.);
#9553 = LINE('',#9554,#9555);
#9554 = CARTESIAN_POINT('',(20.211309432983,-13.70315361022,1.75));
#9555 = VECTOR('',#9556,1.);
#9556 = DIRECTION('',(0.866029973201,0.499992085455,0.));
#9557 = PLANE('',#9558);
#9558 = AXIS2_PLACEMENT_3D('',#9559,#9560,#9561);
#9559 = CARTESIAN_POINT('',(20.249513046215,-13.68216897391,
    0.896253103722));
#9560 = DIRECTION('',(-0.499991789968,0.866029461391,-1.087183665619E-03
    ));
#9561 = DIRECTION('',(0.866029973201,0.499992085455,0.));
#9562 = ADVANCED_FACE('',(#9563),#9573,.T.);
#9563 = FACE_BOUND('',#9564,.T.);
#9564 = EDGE_LOOP('',(#9565,#9566,#9567));
#9565 = ORIENTED_EDGE('',*,*,#3411,.F.);
#9566 = ORIENTED_EDGE('',*,*,#3373,.F.);
#9567 = ORIENTED_EDGE('',*,*,#9568,.T.);
#9568 = EDGE_CURVE('',#3366,#3412,#9569,.T.);
#9569 = LINE('',#9570,#9571);
#9570 = CARTESIAN_POINT('',(-20.12940979003,-13.73296260833,1.75));
#9571 = VECTOR('',#9572,1.);
#9572 = DIRECTION('',(0.984807343062,-0.173650502593,0.));
#9573 = PLANE('',#9574);
#9574 = AXIS2_PLACEMENT_3D('',#9575,#9576,#9577);
#9575 = CARTESIAN_POINT('',(-20.08665493547,-13.74144424015,
    0.896253334419));
#9576 = DIRECTION('',(0.173650399926,0.984806760816,-1.087407779028E-03)
  );
#9577 = DIRECTION('',(0.984807343062,-0.173650502593,-2.710505431214E-20
    ));
#9578 = ADVANCED_FACE('',(#9579),#9589,.T.);
#9579 = FACE_BOUND('',#9580,.T.);
#9580 = EDGE_LOOP('',(#9581,#9582,#9583));
#9581 = ORIENTED_EDGE('',*,*,#3388,.T.);
#9582 = ORIENTED_EDGE('',*,*,#3442,.F.);
#9583 = ORIENTED_EDGE('',*,*,#9584,.T.);
#9584 = EDGE_CURVE('',#3435,#3389,#9585,.T.);
#9585 = LINE('',#9586,#9587);
#9586 = CARTESIAN_POINT('',(20.129409790039,-13.73296260833,1.75));
#9587 = VECTOR('',#9588,1.);
#9588 = DIRECTION('',(0.939692746609,0.342019797629,0.));
#9589 = PLANE('',#9590);
#9590 = AXIS2_PLACEMENT_3D('',#9591,#9592,#9593);
#9591 = CARTESIAN_POINT('',(20.170677380674,-13.71893069532,
    0.896253103686));
#9592 = DIRECTION('',(-0.342019595297,0.939692190708,-1.087729365355E-03
    ));
#9593 = DIRECTION('',(0.939692746609,0.342019797629,0.));
#9594 = ADVANCED_FACE('',(#9595),#9606,.T.);
#9595 = FACE_BOUND('',#9596,.T.);
#9596 = EDGE_LOOP('',(#9597,#9598,#9604,#9605));
#9597 = ORIENTED_EDGE('',*,*,#3419,.F.);
#9598 = ORIENTED_EDGE('',*,*,#9599,.T.);
#9599 = EDGE_CURVE('',#3412,#7095,#9600,.T.);
#9600 = LINE('',#9601,#9602);
#9601 = CARTESIAN_POINT('',(-20.04357719421,-13.74809741973,1.75));
#9602 = VECTOR('',#9603,1.);
#9603 = DIRECTION('',(0.,0.,1.));
#9604 = ORIENTED_EDGE('',*,*,#7094,.T.);
#9605 = ORIENTED_EDGE('',*,*,#3456,.T.);
#9606 = PLANE('',#9607);
#9607 = AXIS2_PLACEMENT_3D('',#9608,#9609,#9610);
#9608 = CARTESIAN_POINT('',(-20.01634187074,-13.74928651393,3.5));
#9609 = DIRECTION('',(4.361844627363E-02,0.99904826267,0.));
#9610 = DIRECTION('',(0.99904826267,-4.361844627363E-02,0.));
#9611 = ADVANCED_FACE('',(#9612),#9622,.T.);
#9612 = FACE_BOUND('',#9613,.T.);
#9613 = EDGE_LOOP('',(#9614,#9615,#9616));
#9614 = ORIENTED_EDGE('',*,*,#3434,.T.);
#9615 = ORIENTED_EDGE('',*,*,#3487,.F.);
#9616 = ORIENTED_EDGE('',*,*,#9617,.T.);
#9617 = EDGE_CURVE('',#3480,#3435,#9618,.T.);
#9618 = LINE('',#9619,#9620);
#9619 = CARTESIAN_POINT('',(20.043577194214,-13.74809741973,1.75));
#9620 = VECTOR('',#9621,1.);
#9621 = DIRECTION('',(0.984807343062,0.173650502593,0.));
#9622 = PLANE('',#9623);
#9623 = AXIS2_PLACEMENT_3D('',#9624,#9625,#9626);
#9624 = CARTESIAN_POINT('',(20.086654935472,-13.74144424015,
    0.896253334419));
#9625 = DIRECTION('',(-0.173650399926,0.984806760816,-1.087407779028E-03
    ));
#9626 = DIRECTION('',(0.984807343062,0.173650502593,2.710505431214E-20)
  );
#9627 = ADVANCED_FACE('',(#9628),#9639,.T.);
#9628 = FACE_BOUND('',#9629,.T.);
#9629 = EDGE_LOOP('',(#9630,#9631,#9637,#9638));
#9630 = ORIENTED_EDGE('',*,*,#6950,.F.);
#9631 = ORIENTED_EDGE('',*,*,#9632,.T.);
#9632 = EDGE_CURVE('',#6943,#3480,#9633,.T.);
#9633 = LINE('',#9634,#9635);
#9634 = CARTESIAN_POINT('',(20.043577194214,-13.74809741973,5.25));
#9635 = VECTOR('',#9636,1.);
#9636 = DIRECTION('',(0.,0.,-1.));
#9637 = ORIENTED_EDGE('',*,*,#3479,.T.);
#9638 = ORIENTED_EDGE('',*,*,#3534,.T.);
#9639 = PLANE('',#9640);
#9640 = AXIS2_PLACEMENT_3D('',#9641,#9642,#9643);
#9641 = CARTESIAN_POINT('',(20.01634187074,-13.74928651393,3.5));
#9642 = DIRECTION('',(-4.361844627363E-02,0.99904826267,0.));
#9643 = DIRECTION('',(0.99904826267,4.361844627363E-02,0.));
#9644 = ADVANCED_FACE('',(#9645),#9651,.T.);
#9645 = FACE_BOUND('',#9646,.T.);
#9646 = EDGE_LOOP('',(#9647,#9648,#9649,#9650));
#9647 = ORIENTED_EDGE('',*,*,#3614,.T.);
#9648 = ORIENTED_EDGE('',*,*,#3558,.F.);
#9649 = ORIENTED_EDGE('',*,*,#3501,.F.);
#9650 = ORIENTED_EDGE('',*,*,#7076,.F.);
#9651 = PLANE('',#9652);
#9652 = AXIS2_PLACEMENT_3D('',#9653,#9654,#9655);
#9653 = CARTESIAN_POINT('',(-4.02999997139,-7.739999771118,2.));
#9654 = DIRECTION('',(0.,0.,1.));
#9655 = DIRECTION('',(1.,0.,0.));
#9656 = ADVANCED_FACE('',(#9657),#9663,.T.);
#9657 = FACE_BOUND('',#9658,.T.);
#9658 = EDGE_LOOP('',(#9659,#9660,#9661,#9662));
#9659 = ORIENTED_EDGE('',*,*,#3589,.F.);
#9660 = ORIENTED_EDGE('',*,*,#3669,.T.);
#9661 = ORIENTED_EDGE('',*,*,#3725,.F.);
#9662 = ORIENTED_EDGE('',*,*,#6964,.F.);
#9663 = PLANE('',#9664);
#9664 = AXIS2_PLACEMENT_3D('',#9665,#9666,#9667);
#9665 = CARTESIAN_POINT('',(17.25,-7.739999771118,2.));
#9666 = DIRECTION('',(0.,0.,1.));
#9667 = DIRECTION('',(1.,0.,0.));
#9668 = ADVANCED_FACE('',(#9669),#9675,.T.);
#9669 = FACE_BOUND('',#9670,.T.);
#9670 = EDGE_LOOP('',(#9671,#9672,#9673,#9674));
#9671 = ORIENTED_EDGE('',*,*,#3775,.T.);
#9672 = ORIENTED_EDGE('',*,*,#8429,.F.);
#9673 = ORIENTED_EDGE('',*,*,#3630,.T.);
#9674 = ORIENTED_EDGE('',*,*,#7069,.T.);
#9675 = PLANE('',#9676);
#9676 = AXIS2_PLACEMENT_3D('',#9677,#9678,#9679);
#9677 = CARTESIAN_POINT('',(-2.27999997139,-9.679999828339,
    5.400000095367));
#9678 = DIRECTION('',(-0.,-0.,-1.));
#9679 = DIRECTION('',(-1.,0.,0.));
#9680 = ADVANCED_FACE('',(#9681),#9687,.T.);
#9681 = FACE_BOUND('',#9682,.T.);
#9682 = EDGE_LOOP('',(#9683,#9684,#9685,#9686));
#9683 = ORIENTED_EDGE('',*,*,#3709,.F.);
#9684 = ORIENTED_EDGE('',*,*,#8565,.F.);
#9685 = ORIENTED_EDGE('',*,*,#3864,.F.);
#9686 = ORIENTED_EDGE('',*,*,#6971,.T.);
#9687 = PLANE('',#9688);
#9688 = AXIS2_PLACEMENT_3D('',#9689,#9690,#9691);
#9689 = CARTESIAN_POINT('',(15.499999523163,-9.679999828339,
    5.400000095367));
#9690 = DIRECTION('',(-0.,-0.,-1.));
#9691 = DIRECTION('',(-1.,0.,0.));
#9692 = ADVANCED_FACE('',(#9693),#9699,.T.);
#9693 = FACE_BOUND('',#9694,.T.);
#9694 = EDGE_LOOP('',(#9695,#9696,#9697,#9698));
#9695 = ORIENTED_EDGE('',*,*,#7062,.F.);
#9696 = ORIENTED_EDGE('',*,*,#3888,.T.);
#9697 = ORIENTED_EDGE('',*,*,#3824,.T.);
#9698 = ORIENTED_EDGE('',*,*,#3748,.F.);
#9699 = PLANE('',#9700);
#9700 = AXIS2_PLACEMENT_3D('',#9701,#9702,#9703);
#9701 = CARTESIAN_POINT('',(-1.010000020266,-7.739999771118,2.));
#9702 = DIRECTION('',(0.,0.,1.));
#9703 = DIRECTION('',(1.,0.,0.));
#9704 = ADVANCED_FACE('',(#9705),#9711,.T.);
#9705 = FACE_BOUND('',#9706,.T.);
#9706 = EDGE_LOOP('',(#9707,#9708,#9709,#9710));
#9707 = ORIENTED_EDGE('',*,*,#3848,.F.);
#9708 = ORIENTED_EDGE('',*,*,#3944,.T.);
#9709 = ORIENTED_EDGE('',*,*,#3999,.F.);
#9710 = ORIENTED_EDGE('',*,*,#6978,.T.);
#9711 = PLANE('',#9712);
#9712 = AXIS2_PLACEMENT_3D('',#9713,#9714,#9715);
#9713 = CARTESIAN_POINT('',(14.230000019073,-7.739999771118,2.));
#9714 = DIRECTION('',(0.,0.,1.));
#9715 = DIRECTION('',(1.,0.,0.));
#9716 = ADVANCED_FACE('',(#9717),#9723,.T.);
#9717 = FACE_BOUND('',#9718,.T.);
#9718 = EDGE_LOOP('',(#9719,#9720,#9721,#9722));
#9719 = ORIENTED_EDGE('',*,*,#4049,.T.);
#9720 = ORIENTED_EDGE('',*,*,#8021,.F.);
#9721 = ORIENTED_EDGE('',*,*,#3904,.T.);
#9722 = ORIENTED_EDGE('',*,*,#7055,.T.);
#9723 = PLANE('',#9724);
#9724 = AXIS2_PLACEMENT_3D('',#9725,#9726,#9727);
#9725 = CARTESIAN_POINT('',(0.259999960661,-9.679999828339,
    5.400000095367));
#9726 = DIRECTION('',(-0.,-0.,-1.));
#9727 = DIRECTION('',(-1.,0.,0.));
#9728 = ADVANCED_FACE('',(#9729),#9735,.T.);
#9729 = FACE_BOUND('',#9730,.T.);
#9730 = EDGE_LOOP('',(#9731,#9732,#9733,#9734));
#9731 = ORIENTED_EDGE('',*,*,#3983,.F.);
#9732 = ORIENTED_EDGE('',*,*,#7511,.F.);
#9733 = ORIENTED_EDGE('',*,*,#4138,.F.);
#9734 = ORIENTED_EDGE('',*,*,#6985,.T.);
#9735 = PLANE('',#9736);
#9736 = AXIS2_PLACEMENT_3D('',#9737,#9738,#9739);
#9737 = CARTESIAN_POINT('',(12.960000038147,-9.679999828339,
    5.400000095367));
#9738 = DIRECTION('',(-0.,-0.,-1.));
#9739 = DIRECTION('',(-1.,0.,0.));
#9740 = ADVANCED_FACE('',(#9741),#9747,.T.);
#9741 = FACE_BOUND('',#9742,.T.);
#9742 = EDGE_LOOP('',(#9743,#9744,#9745,#9746));
#9743 = ORIENTED_EDGE('',*,*,#7048,.F.);
#9744 = ORIENTED_EDGE('',*,*,#4162,.T.);
#9745 = ORIENTED_EDGE('',*,*,#4098,.T.);
#9746 = ORIENTED_EDGE('',*,*,#4022,.F.);
#9747 = PLANE('',#9748);
#9748 = AXIS2_PLACEMENT_3D('',#9749,#9750,#9751);
#9749 = CARTESIAN_POINT('',(1.52999997139,-7.739999771118,2.));
#9750 = DIRECTION('',(0.,0.,1.));
#9751 = DIRECTION('',(1.,0.,0.));
#9752 = ADVANCED_FACE('',(#9753),#9759,.T.);
#9753 = FACE_BOUND('',#9754,.T.);
#9754 = EDGE_LOOP('',(#9755,#9756,#9757,#9758));
#9755 = ORIENTED_EDGE('',*,*,#4122,.F.);
#9756 = ORIENTED_EDGE('',*,*,#4218,.T.);
#9757 = ORIENTED_EDGE('',*,*,#4273,.F.);
#9758 = ORIENTED_EDGE('',*,*,#6992,.T.);
#9759 = PLANE('',#9760);
#9760 = AXIS2_PLACEMENT_3D('',#9761,#9762,#9763);
#9761 = CARTESIAN_POINT('',(11.69000005722,-7.739999771118,2.));
#9762 = DIRECTION('',(0.,0.,1.));
#9763 = DIRECTION('',(1.,0.,0.));
#9764 = ADVANCED_FACE('',(#9765),#9771,.T.);
#9765 = FACE_BOUND('',#9766,.T.);
#9766 = EDGE_LOOP('',(#9767,#9768,#9769,#9770));
#9767 = ORIENTED_EDGE('',*,*,#4323,.T.);
#9768 = ORIENTED_EDGE('',*,*,#8293,.F.);
#9769 = ORIENTED_EDGE('',*,*,#4178,.T.);
#9770 = ORIENTED_EDGE('',*,*,#7041,.T.);
#9771 = PLANE('',#9772);
#9772 = AXIS2_PLACEMENT_3D('',#9773,#9774,#9775);
#9773 = CARTESIAN_POINT('',(2.799999952316,-9.679999828339,
    5.400000095367));
#9774 = DIRECTION('',(-0.,-0.,-1.));
#9775 = DIRECTION('',(-1.,0.,0.));
#9776 = ADVANCED_FACE('',(#9777),#9783,.T.);
#9777 = FACE_BOUND('',#9778,.T.);
#9778 = EDGE_LOOP('',(#9779,#9780,#9781,#9782));
#9779 = ORIENTED_EDGE('',*,*,#4257,.F.);
#9780 = ORIENTED_EDGE('',*,*,#7885,.F.);
#9781 = ORIENTED_EDGE('',*,*,#4412,.F.);
#9782 = ORIENTED_EDGE('',*,*,#6999,.T.);
#9783 = PLANE('',#9784);
#9784 = AXIS2_PLACEMENT_3D('',#9785,#9786,#9787);
#9785 = CARTESIAN_POINT('',(10.420000076294,-9.679999828339,
    5.400000095367));
#9786 = DIRECTION('',(-0.,-0.,-1.));
#9787 = DIRECTION('',(-1.,0.,0.));
#9788 = ADVANCED_FACE('',(#9789),#9795,.T.);
#9789 = FACE_BOUND('',#9790,.T.);
#9790 = EDGE_LOOP('',(#9791,#9792,#9793,#9794));
#9791 = ORIENTED_EDGE('',*,*,#7034,.F.);
#9792 = ORIENTED_EDGE('',*,*,#4436,.T.);
#9793 = ORIENTED_EDGE('',*,*,#4372,.T.);
#9794 = ORIENTED_EDGE('',*,*,#4296,.F.);
#9795 = PLANE('',#9796);
#9796 = AXIS2_PLACEMENT_3D('',#9797,#9798,#9799);
#9797 = CARTESIAN_POINT('',(4.069999933243,-7.739999771118,2.));
#9798 = DIRECTION('',(0.,0.,1.));
#9799 = DIRECTION('',(1.,0.,0.));
#9800 = ADVANCED_FACE('',(#9801),#9807,.T.);
#9801 = FACE_BOUND('',#9802,.T.);
#9802 = EDGE_LOOP('',(#9803,#9804,#9805,#9806));
#9803 = ORIENTED_EDGE('',*,*,#4396,.F.);
#9804 = ORIENTED_EDGE('',*,*,#4492,.T.);
#9805 = ORIENTED_EDGE('',*,*,#4547,.F.);
#9806 = ORIENTED_EDGE('',*,*,#7006,.T.);
#9807 = PLANE('',#9808);
#9808 = AXIS2_PLACEMENT_3D('',#9809,#9810,#9811);
#9809 = CARTESIAN_POINT('',(9.150000095367,-7.739999771118,2.));
#9810 = DIRECTION('',(0.,0.,1.));
#9811 = DIRECTION('',(1.,0.,0.));
#9812 = ADVANCED_FACE('',(#9813),#9819,.T.);
#9813 = FACE_BOUND('',#9814,.T.);
#9814 = EDGE_LOOP('',(#9815,#9816,#9817,#9818));
#9815 = ORIENTED_EDGE('',*,*,#4578,.F.);
#9816 = ORIENTED_EDGE('',*,*,#8276,.F.);
#9817 = ORIENTED_EDGE('',*,*,#4452,.T.);
#9818 = ORIENTED_EDGE('',*,*,#7027,.T.);
#9819 = PLANE('',#9820);
#9820 = AXIS2_PLACEMENT_3D('',#9821,#9822,#9823);
#9821 = CARTESIAN_POINT('',(5.339999914169,-9.679999828339,
    5.400000095367));
#9822 = DIRECTION('',(-0.,-0.,-1.));
#9823 = DIRECTION('',(-1.,0.,0.));
#9824 = ADVANCED_FACE('',(#9825),#9831,.T.);
#9825 = FACE_BOUND('',#9826,.T.);
#9826 = EDGE_LOOP('',(#9827,#9828,#9829,#9830));
#9827 = ORIENTED_EDGE('',*,*,#4531,.F.);
#9828 = ORIENTED_EDGE('',*,*,#7494,.F.);
#9829 = ORIENTED_EDGE('',*,*,#4679,.F.);
#9830 = ORIENTED_EDGE('',*,*,#7013,.T.);
#9831 = PLANE('',#9832);
#9832 = AXIS2_PLACEMENT_3D('',#9833,#9834,#9835);
#9833 = CARTESIAN_POINT('',(7.880000114441,-9.679999828339,
    5.400000095367));
#9834 = DIRECTION('',(-0.,-0.,-1.));
#9835 = DIRECTION('',(-1.,0.,0.));
#9836 = ADVANCED_FACE('',(#9837),#9843,.T.);
#9837 = FACE_BOUND('',#9838,.T.);
#9838 = EDGE_LOOP('',(#9839,#9840,#9841,#9842));
#9839 = ORIENTED_EDGE('',*,*,#4663,.F.);
#9840 = ORIENTED_EDGE('',*,*,#4638,.T.);
#9841 = ORIENTED_EDGE('',*,*,#4594,.F.);
#9842 = ORIENTED_EDGE('',*,*,#7020,.T.);
#9843 = PLANE('',#9844);
#9844 = AXIS2_PLACEMENT_3D('',#9845,#9846,#9847);
#9845 = CARTESIAN_POINT('',(6.609999895096,-7.739999771118,2.));
#9846 = DIRECTION('',(0.,0.,1.));
#9847 = DIRECTION('',(1.,0.,0.));
#9848 = ADVANCED_FACE('',(#9849),#9868,.F.);
#9849 = FACE_BOUND('',#9850,.T.);
#9850 = EDGE_LOOP('',(#9851,#9852,#9860,#9867));
#9851 = ORIENTED_EDGE('',*,*,#4711,.T.);
#9852 = ORIENTED_EDGE('',*,*,#9853,.T.);
#9853 = EDGE_CURVE('',#4704,#9854,#9856,.T.);
#9854 = VERTEX_POINT('',#9855);
#9855 = CARTESIAN_POINT('',(-11.01500000954,-9.252264258213,
    -2.381952781723));
#9856 = LINE('',#9857,#9858);
#9857 = CARTESIAN_POINT('',(-9.71500000954,-9.04889945366,
    -1.097957938949));
#9858 = VECTOR('',#9859,1.);
#9859 = DIRECTION('',(-0.707106781187,-0.110615871041,-0.698401123334));
#9860 = ORIENTED_EDGE('',*,*,#9861,.F.);
#9861 = EDGE_CURVE('',#9854,#9854,#9862,.T.);
#9862 = CIRCLE('',#9863,1.6);
#9863 = AXIS2_PLACEMENT_3D('',#9864,#9865,#9866);
#9864 = CARTESIAN_POINT('',(-12.61500000954,-9.252264258213,
    -2.381952781723));
#9865 = DIRECTION('',(-7.703719777549E-34,0.15643446504,0.987688340595)
  );
#9866 = DIRECTION('',(1.,-4.288472276944E-17,6.792272814311E-18));
#9867 = ORIENTED_EDGE('',*,*,#9853,.F.);
#9868 = CONICAL_SURFACE('',#9869,2.9,0.785398163397);
#9869 = AXIS2_PLACEMENT_3D('',#9870,#9871,#9872);
#9870 = CARTESIAN_POINT('',(-12.61500000954,-9.04889945366,
    -1.097957938949));
#9871 = DIRECTION('',(0.,0.15643446504,0.987688340595));
#9872 = DIRECTION('',(1.,1.368615065713E-17,-2.167673312027E-18));
#9873 = ADVANCED_FACE('',(#9874),#9879,.T.);
#9874 = FACE_BOUND('',#9875,.T.);
#9875 = EDGE_LOOP('',(#9876,#9877,#9878));
#9876 = ORIENTED_EDGE('',*,*,#4728,.T.);
#9877 = ORIENTED_EDGE('',*,*,#7261,.F.);
#9878 = ORIENTED_EDGE('',*,*,#4758,.T.);
#9879 = PLANE('',#9880);
#9880 = AXIS2_PLACEMENT_3D('',#9881,#9882,#9883);
#9881 = CARTESIAN_POINT('',(-20.49144377521,-13.33665517981,
    6.103746967641));
#9882 = DIRECTION('',(0.984810173801,0.173631046742,1.086823784442E-03)
  );
#9883 = DIRECTION('',(-0.173631149288,0.984810755423,2.710505431214E-20)
  );
#9884 = ADVANCED_FACE('',(#9885),#9901,.T.);
#9885 = FACE_BOUND('',#9886,.T.);
#9886 = EDGE_LOOP('',(#9887,#9893,#9894,#9895));
#9887 = ORIENTED_EDGE('',*,*,#9888,.F.);
#9888 = EDGE_CURVE('',#3136,#7233,#9889,.T.);
#9889 = LINE('',#9890,#9891);
#9890 = CARTESIAN_POINT('',(-20.45315361022,-13.46130943298,1.75));
#9891 = VECTOR('',#9892,1.);
#9892 = DIRECTION('',(0.,0.,1.));
#9893 = ORIENTED_EDGE('',*,*,#9376,.F.);
#9894 = ORIENTED_EDGE('',*,*,#4743,.T.);
#9895 = ORIENTED_EDGE('',*,*,#9896,.F.);
#9896 = EDGE_CURVE('',#7233,#4744,#9897,.T.);
#9897 = LINE('',#9898,#9899);
#9898 = CARTESIAN_POINT('',(-20.45315361022,-13.46130943298,5.25));
#9899 = VECTOR('',#9900,1.);
#9900 = DIRECTION('',(-0.342029459767,0.939689229826,0.));
#9901 = PLANE('',#9902);
#9902 = AXIS2_PLACEMENT_3D('',#9903,#9904,#9905);
#9903 = CARTESIAN_POINT('',(-20.46805858612,-13.42035961151,3.5));
#9904 = DIRECTION('',(0.939689229826,0.342029459767,0.));
#9905 = DIRECTION('',(-0.342029459767,0.939689229826,0.));
#9906 = ADVANCED_FACE('',(#9907),#9932,.T.);
#9907 = FACE_BOUND('',#9908,.T.);
#9908 = EDGE_LOOP('',(#9909,#9910,#9918,#9926));
#9909 = ORIENTED_EDGE('',*,*,#4772,.F.);
#9910 = ORIENTED_EDGE('',*,*,#9911,.F.);
#9911 = EDGE_CURVE('',#9912,#4773,#9914,.T.);
#9912 = VERTEX_POINT('',#9913);
#9913 = CARTESIAN_POINT('',(-22.49013920139,-14.13815118918,0.));
#9914 = LINE('',#9915,#9916);
#9915 = CARTESIAN_POINT('',(-22.83127556167,-7.629140347082,0.));
#9916 = VECTOR('',#9917,1.);
#9917 = DIRECTION('',(-5.233806027225E-02,0.998629424485,0.));
#9918 = ORIENTED_EDGE('',*,*,#9919,.T.);
#9919 = EDGE_CURVE('',#9912,#9920,#9922,.T.);
#9920 = VERTEX_POINT('',#9921);
#9921 = CARTESIAN_POINT('',(-22.49013900756,-14.13815116882,2.));
#9922 = LINE('',#9923,#9924);
#9923 = CARTESIAN_POINT('',(-22.49013900756,-14.13815116882,-0.5));
#9924 = VECTOR('',#9925,1.);
#9925 = DIRECTION('',(0.,0.,1.));
#9926 = ORIENTED_EDGE('',*,*,#9927,.T.);
#9927 = EDGE_CURVE('',#9920,#4775,#9928,.T.);
#9928 = LINE('',#9929,#9930);
#9929 = CARTESIAN_POINT('',(-22.49013900756,-14.13815116882,2.));
#9930 = VECTOR('',#9931,1.);
#9931 = DIRECTION('',(-5.233806027225E-02,0.998629424485,0.));
#9932 = PLANE('',#9933);
#9933 = AXIS2_PLACEMENT_3D('',#9934,#9935,#9936);
#9934 = CARTESIAN_POINT('',(-22.49506950378,-14.04407548904,0.75));
#9935 = DIRECTION('',(-0.998629424485,-5.233806027225E-02,-0.));
#9936 = DIRECTION('',(5.233806027225E-02,-0.998629424485,0.));
#9937 = ADVANCED_FACE('',(#9938),#10089,.T.);
#9938 = FACE_BOUND('',#9939,.T.);
#9939 = EDGE_LOOP('',(#9940,#9941,#9950,#9958,#9967,#9976,#9985,#9994,
    #10003,#10012,#10021,#10030,#10039,#10048,#10057,#10066,#10075,
    #10082));
#9940 = ORIENTED_EDGE('',*,*,#4814,.F.);
#9941 = ORIENTED_EDGE('',*,*,#9942,.T.);
#9942 = EDGE_CURVE('',#4807,#9943,#9945,.T.);
#9943 = VERTEX_POINT('',#9944);
#9944 = CARTESIAN_POINT('',(-20.69999980926,-15.75,-2.));
#9945 = ELLIPSE('',#9946,1.822534871273,1.800000190735);
#9946 = AXIS2_PLACEMENT_3D('',#9947,#9948,#9949);
#9947 = CARTESIAN_POINT('',(-20.69999980926,-13.94999980926,
    -2.28571431599));
#9948 = DIRECTION('',(-0.,0.156767544201,0.987635528464));
#9949 = DIRECTION('',(0.,-0.987635528464,0.156767544201));
#9950 = ORIENTED_EDGE('',*,*,#9951,.F.);
#9951 = EDGE_CURVE('',#9952,#9943,#9954,.T.);
#9952 = VERTEX_POINT('',#9953);
#9953 = CARTESIAN_POINT('',(-20.69999980926,-15.75,0.));
#9954 = LINE('',#9955,#9956);
#9955 = CARTESIAN_POINT('',(-20.69999980926,-15.75,0.));
#9956 = VECTOR('',#9957,1.);
#9957 = DIRECTION('',(-0.,-0.,-1.));
#9958 = ORIENTED_EDGE('',*,*,#9959,.F.);
#9959 = EDGE_CURVE('',#9960,#9952,#9962,.T.);
#9960 = VERTEX_POINT('',#9961);
#9961 = CARTESIAN_POINT('',(-20.8881511892,-15.74013920139,0.));
#9962 = CIRCLE('',#9963,1.800000190735);
#9963 = AXIS2_PLACEMENT_3D('',#9964,#9965,#9966);
#9964 = CARTESIAN_POINT('',(-20.69999980926,-13.94999980926,0.));
#9965 = DIRECTION('',(0.,0.,1.));
#9966 = DIRECTION('',(1.,0.,0.));
#9967 = ORIENTED_EDGE('',*,*,#9968,.F.);
#9968 = EDGE_CURVE('',#9969,#9960,#9971,.T.);
#9969 = VERTEX_POINT('',#9970);
#9970 = CARTESIAN_POINT('',(-21.07424161945,-15.7106656147,0.));
#9971 = CIRCLE('',#9972,1.800000190735);
#9972 = AXIS2_PLACEMENT_3D('',#9973,#9974,#9975);
#9973 = CARTESIAN_POINT('',(-20.69999980926,-13.94999980926,0.));
#9974 = DIRECTION('',(0.,0.,1.));
#9975 = DIRECTION('',(1.,0.,0.));
#9976 = ORIENTED_EDGE('',*,*,#9977,.F.);
#9977 = EDGE_CURVE('',#9978,#9969,#9980,.T.);
#9978 = VERTEX_POINT('',#9979);
#9979 = CARTESIAN_POINT('',(-21.25623130355,-15.66190146036,0.));
#9980 = CIRCLE('',#9981,1.800000190735);
#9981 = AXIS2_PLACEMENT_3D('',#9982,#9983,#9984);
#9982 = CARTESIAN_POINT('',(-20.69999980926,-13.94999980926,0.));
#9983 = DIRECTION('',(0.,0.,1.));
#9984 = DIRECTION('',(1.,0.,0.));
#9985 = ORIENTED_EDGE('',*,*,#9986,.F.);
#9986 = EDGE_CURVE('',#9987,#9978,#9989,.T.);
#9987 = VERTEX_POINT('',#9988);
#9988 = CARTESIAN_POINT('',(-21.43212506487,-15.59438222613,0.));
#9989 = CIRCLE('',#9990,1.800000190735);
#9990 = AXIS2_PLACEMENT_3D('',#9991,#9992,#9993);
#9991 = CARTESIAN_POINT('',(-20.69999980926,-13.94999980926,0.));
#9992 = DIRECTION('',(0.,0.,1.));
#9993 = DIRECTION('',(1.,0.,0.));
#9994 = ORIENTED_EDGE('',*,*,#9995,.F.);
#9995 = EDGE_CURVE('',#9996,#9987,#9998,.T.);
#9996 = VERTEX_POINT('',#9997);
#9997 = CARTESIAN_POINT('',(-21.60000040239,-15.50884536553,0.));
#9998 = CIRCLE('',#9999,1.800000190735);
#9999 = AXIS2_PLACEMENT_3D('',#10000,#10001,#10002);
#10000 = CARTESIAN_POINT('',(-20.69999980926,-13.94999980926,0.));
#10001 = DIRECTION('',(0.,0.,1.));
#10002 = DIRECTION('',(1.,0.,0.));
#10003 = ORIENTED_EDGE('',*,*,#10004,.F.);
#10004 = EDGE_CURVE('',#10005,#9996,#10007,.T.);
#10005 = VERTEX_POINT('',#10006);
#10006 = CARTESIAN_POINT('',(-21.75801278722,-15.40623094801,0.));
#10007 = CIRCLE('',#10008,1.800000190735);
#10008 = AXIS2_PLACEMENT_3D('',#10009,#10010,#10011);
#10009 = CARTESIAN_POINT('',(-20.69999980926,-13.94999980926,0.));
#10010 = DIRECTION('',(0.,0.,1.));
#10011 = DIRECTION('',(1.,0.,0.));
#10012 = ORIENTED_EDGE('',*,*,#10013,.F.);
#10013 = EDGE_CURVE('',#10014,#10005,#10016,.T.);
#10014 = VERTEX_POINT('',#10015);
#10015 = CARTESIAN_POINT('',(-21.90443439809,-15.28766081421,0.));
#10016 = CIRCLE('',#10017,1.800000190735);
#10017 = AXIS2_PLACEMENT_3D('',#10018,#10019,#10020);
#10018 = CARTESIAN_POINT('',(-20.69999980926,-13.94999980926,0.));
#10019 = DIRECTION('',(0.,0.,1.));
#10020 = DIRECTION('',(1.,0.,0.));
#10021 = ORIENTED_EDGE('',*,*,#10022,.F.);
#10022 = EDGE_CURVE('',#10023,#10014,#10025,.T.);
#10023 = VERTEX_POINT('',#10024);
#10024 = CARTESIAN_POINT('',(-22.03766057709,-15.15443513827,0.));
#10025 = CIRCLE('',#10026,1.800000190735);
#10026 = AXIS2_PLACEMENT_3D('',#10027,#10028,#10029);
#10027 = CARTESIAN_POINT('',(-20.69999980926,-13.94999980926,0.));
#10028 = DIRECTION('',(0.,0.,1.));
#10029 = DIRECTION('',(1.,0.,0.));
#10030 = ORIENTED_EDGE('',*,*,#10031,.F.);
#10031 = EDGE_CURVE('',#10032,#10023,#10034,.T.);
#10032 = VERTEX_POINT('',#10033);
#10033 = CARTESIAN_POINT('',(-22.15623072126,-15.00801357615,0.));
#10034 = CIRCLE('',#10035,1.800000190735);
#10035 = AXIS2_PLACEMENT_3D('',#10036,#10037,#10038);
#10036 = CARTESIAN_POINT('',(-20.69999980926,-13.94999980926,0.));
#10037 = DIRECTION('',(0.,0.,1.));
#10038 = DIRECTION('',(1.,0.,0.));
#10039 = ORIENTED_EDGE('',*,*,#10040,.F.);
#10040 = EDGE_CURVE('',#10041,#10032,#10043,.T.);
#10041 = VERTEX_POINT('',#10042);
#10042 = CARTESIAN_POINT('',(-22.25884596158,-14.85000019592,0.));
#10043 = CIRCLE('',#10044,1.800000190735);
#10044 = AXIS2_PLACEMENT_3D('',#10045,#10046,#10047);
#10045 = CARTESIAN_POINT('',(-20.69999980926,-13.94999980926,0.));
#10046 = DIRECTION('',(0.,0.,1.));
#10047 = DIRECTION('',(1.,0.,0.));
#10048 = ORIENTED_EDGE('',*,*,#10049,.F.);
#10049 = EDGE_CURVE('',#10050,#10041,#10052,.T.);
#10050 = VERTEX_POINT('',#10051);
#10051 = CARTESIAN_POINT('',(-22.34438149323,-14.68212611684,0.));
#10052 = CIRCLE('',#10053,1.800000190735);
#10053 = AXIS2_PLACEMENT_3D('',#10054,#10055,#10056);
#10054 = CARTESIAN_POINT('',(-20.69999980926,-13.94999980926,0.));
#10055 = DIRECTION('',(0.,0.,1.));
#10056 = DIRECTION('',(1.,0.,0.));
#10057 = ORIENTED_EDGE('',*,*,#10058,.F.);
#10058 = EDGE_CURVE('',#10059,#10050,#10061,.T.);
#10059 = VERTEX_POINT('',#10060);
#10060 = CARTESIAN_POINT('',(-22.41190160049,-14.50623039542,0.));
#10061 = CIRCLE('',#10062,1.800000190735);
#10062 = AXIS2_PLACEMENT_3D('',#10063,#10064,#10065);
#10063 = CARTESIAN_POINT('',(-20.69999980926,-13.94999980926,0.));
#10064 = DIRECTION('',(0.,0.,1.));
#10065 = DIRECTION('',(1.,0.,0.));
#10066 = ORIENTED_EDGE('',*,*,#10067,.F.);
#10067 = EDGE_CURVE('',#10068,#10059,#10070,.T.);
#10068 = VERTEX_POINT('',#10069);
#10069 = CARTESIAN_POINT('',(-22.46066521422,-14.32424078337,0.));
#10070 = CIRCLE('',#10071,1.800000190735);
#10071 = AXIS2_PLACEMENT_3D('',#10072,#10073,#10074);
#10072 = CARTESIAN_POINT('',(-20.69999980926,-13.94999980926,0.));
#10073 = DIRECTION('',(0.,0.,1.));
#10074 = DIRECTION('',(1.,0.,0.));
#10075 = ORIENTED_EDGE('',*,*,#10076,.F.);
#10076 = EDGE_CURVE('',#9912,#10068,#10077,.T.);
#10077 = CIRCLE('',#10078,1.800000190735);
#10078 = AXIS2_PLACEMENT_3D('',#10079,#10080,#10081);
#10079 = CARTESIAN_POINT('',(-20.69999980926,-13.94999980926,0.));
#10080 = DIRECTION('',(0.,0.,1.));
#10081 = DIRECTION('',(1.,0.,0.));
#10082 = ORIENTED_EDGE('',*,*,#10083,.F.);
#10083 = EDGE_CURVE('',#4773,#9912,#10084,.T.);
#10084 = CIRCLE('',#10085,1.800000190735);
#10085 = AXIS2_PLACEMENT_3D('',#10086,#10087,#10088);
#10086 = CARTESIAN_POINT('',(-20.69999980926,-13.94999980926,0.));
#10087 = DIRECTION('',(0.,0.,1.));
#10088 = DIRECTION('',(1.,0.,0.));
#10089 = CYLINDRICAL_SURFACE('',#10090,1.800000190735);
#10090 = AXIS2_PLACEMENT_3D('',#10091,#10092,#10093);
#10091 = CARTESIAN_POINT('',(-20.69999980926,-13.94999980926,0.));
#10092 = DIRECTION('',(0.,0.,1.));
#10093 = DIRECTION('',(1.,0.,0.));
#10094 = ADVANCED_FACE('',(#10095,#10139,#10150,#10153,#10164),#10167,
  .F.);
#10095 = FACE_BOUND('',#10096,.F.);
#10096 = EDGE_LOOP('',(#10097,#10106,#10114,#10121,#10122,#10123,#10131,
    #10138));
#10097 = ORIENTED_EDGE('',*,*,#10098,.T.);
#10098 = EDGE_CURVE('',#4889,#10099,#10101,.T.);
#10099 = VERTEX_POINT('',#10100);
#10100 = CARTESIAN_POINT('',(20.699999809265,15.75,-7.));
#10101 = ELLIPSE('',#10102,1.822534871273,1.800000190735);
#10102 = AXIS2_PLACEMENT_3D('',#10103,#10104,#10105);
#10103 = CARTESIAN_POINT('',(20.699999809265,13.949999809265,
    -6.71428568401));
#10104 = DIRECTION('',(-0.,0.156767544201,0.987635528464));
#10105 = DIRECTION('',(0.,-0.987635528464,0.156767544201));
#10106 = ORIENTED_EDGE('',*,*,#10107,.F.);
#10107 = EDGE_CURVE('',#10108,#10099,#10110,.T.);
#10108 = VERTEX_POINT('',#10109);
#10109 = CARTESIAN_POINT('',(-20.70000076293,15.75,-7.));
#10110 = LINE('',#10111,#10112);
#10111 = CARTESIAN_POINT('',(-20.70000076293,15.75,-7.));
#10112 = VECTOR('',#10113,1.);
#10113 = DIRECTION('',(1.,0.,0.));
#10114 = ORIENTED_EDGE('',*,*,#10115,.T.);
#10115 = EDGE_CURVE('',#10108,#4799,#10116,.T.);
#10116 = ELLIPSE('',#10117,1.822534871274,1.800000190735);
#10117 = AXIS2_PLACEMENT_3D('',#10118,#10119,#10120);
#10118 = CARTESIAN_POINT('',(-20.69999980926,13.949999809265,
    -6.71428568401));
#10119 = DIRECTION('',(-0.,0.156767544201,0.987635528464));
#10120 = DIRECTION('',(0.,-0.987635528464,0.156767544201));
#10121 = ORIENTED_EDGE('',*,*,#4806,.F.);
#10122 = ORIENTED_EDGE('',*,*,#9942,.T.);
#10123 = ORIENTED_EDGE('',*,*,#10124,.F.);
#10124 = EDGE_CURVE('',#10125,#9943,#10127,.T.);
#10125 = VERTEX_POINT('',#10126);
#10126 = CARTESIAN_POINT('',(20.700000762939,-15.75,-2.));
#10127 = LINE('',#10128,#10129);
#10128 = CARTESIAN_POINT('',(57.252391434769,-15.75,-2.));
#10129 = VECTOR('',#10130,1.);
#10130 = DIRECTION('',(-1.,-0.,-0.));
#10131 = ORIENTED_EDGE('',*,*,#10132,.T.);
#10132 = EDGE_CURVE('',#10125,#4881,#10133,.T.);
#10133 = ELLIPSE('',#10134,1.822534871273,1.800000190735);
#10134 = AXIS2_PLACEMENT_3D('',#10135,#10136,#10137);
#10135 = CARTESIAN_POINT('',(20.699999809265,-13.94999980926,
    -2.28571431599));
#10136 = DIRECTION('',(-0.,0.156767544201,0.987635528464));
#10137 = DIRECTION('',(0.,-0.987635528464,0.156767544201));
#10138 = ORIENTED_EDGE('',*,*,#4888,.F.);
#10139 = FACE_BOUND('',#10140,.F.);
#10140 = EDGE_LOOP('',(#10141));
#10141 = ORIENTED_EDGE('',*,*,#10142,.F.);
#10142 = EDGE_CURVE('',#10143,#10143,#10145,.T.);
#10143 = VERTEX_POINT('',#10144);
#10144 = CARTESIAN_POINT('',(-11.01500000953,7.962099746762,
    -5.763825356629));
#10145 = ELLIPSE('',#10146,1.600000090985,1.6);
#10146 = AXIS2_PLACEMENT_3D('',#10147,#10148,#10149);
#10147 = CARTESIAN_POINT('',(-12.61500000953,7.962099746762,
    -5.763825356629));
#10148 = DIRECTION('',(0.,0.156767544201,0.987635528464));
#10149 = DIRECTION('',(0.,0.987635528464,-0.156767544201));
#10150 = FACE_BOUND('',#10151,.F.);
#10151 = EDGE_LOOP('',(#10152));
#10152 = ORIENTED_EDGE('',*,*,#9289,.F.);
#10153 = FACE_BOUND('',#10154,.F.);
#10154 = EDGE_LOOP('',(#10155));
#10155 = ORIENTED_EDGE('',*,*,#10156,.F.);
#10156 = EDGE_CURVE('',#10157,#10157,#10159,.T.);
#10157 = VERTEX_POINT('',#10158);
#10158 = CARTESIAN_POINT('',(-11.01500000954,-9.352601945784,
    -3.015460008606));
#10159 = ELLIPSE('',#10160,1.600000090985,1.6);
#10160 = AXIS2_PLACEMENT_3D('',#10161,#10162,#10163);
#10161 = CARTESIAN_POINT('',(-12.61500000954,-9.352601945784,
    -3.015460008606));
#10162 = DIRECTION('',(0.,0.156767544201,0.987635528464));
#10163 = DIRECTION('',(0.,0.987635528464,-0.156767544201));
#10164 = FACE_BOUND('',#10165,.F.);
#10165 = EDGE_LOOP('',(#10166));
#10166 = ORIENTED_EDGE('',*,*,#9264,.F.);
#10167 = PLANE('',#10168);
#10168 = AXIS2_PLACEMENT_3D('',#10169,#10170,#10171);
#10169 = CARTESIAN_POINT('',(57.252391434769,15.75,-7.));
#10170 = DIRECTION('',(0.,0.156767544201,0.987635528464));
#10171 = DIRECTION('',(0.,-0.987635528464,0.156767544201));
#10172 = ADVANCED_FACE('',(#10173),#10318,.T.);
#10173 = FACE_BOUND('',#10174,.T.);
#10174 = EDGE_LOOP('',(#10175,#10186,#10192,#10193,#10194,#10203,#10212,
    #10221,#10230,#10239,#10248,#10257,#10266,#10275,#10284,#10293,
    #10302,#10311));
#10175 = ORIENTED_EDGE('',*,*,#10176,.F.);
#10176 = EDGE_CURVE('',#10177,#10179,#10181,.T.);
#10177 = VERTEX_POINT('',#10178);
#10178 = CARTESIAN_POINT('',(-20.70000076293,15.75,0.));
#10179 = VERTEX_POINT('',#10180);
#10180 = CARTESIAN_POINT('',(-20.8881511892,15.740139201394,0.));
#10181 = CIRCLE('',#10182,1.800000190735);
#10182 = AXIS2_PLACEMENT_3D('',#10183,#10184,#10185);
#10183 = CARTESIAN_POINT('',(-20.69999980926,13.949999809265,0.));
#10184 = DIRECTION('',(0.,0.,1.));
#10185 = DIRECTION('',(1.,0.,0.));
#10186 = ORIENTED_EDGE('',*,*,#10187,.T.);
#10187 = EDGE_CURVE('',#10177,#10108,#10188,.T.);
#10188 = LINE('',#10189,#10190);
#10189 = CARTESIAN_POINT('',(-20.70000076293,15.75,2.));
#10190 = VECTOR('',#10191,1.);
#10191 = DIRECTION('',(0.,0.,-1.));
#10192 = ORIENTED_EDGE('',*,*,#10115,.T.);
#10193 = ORIENTED_EDGE('',*,*,#4798,.F.);
#10194 = ORIENTED_EDGE('',*,*,#10195,.F.);
#10195 = EDGE_CURVE('',#10196,#4791,#10198,.T.);
#10196 = VERTEX_POINT('',#10197);
#10197 = CARTESIAN_POINT('',(-22.49013920139,14.138151189191,0.));
#10198 = CIRCLE('',#10199,1.800000190735);
#10199 = AXIS2_PLACEMENT_3D('',#10200,#10201,#10202);
#10200 = CARTESIAN_POINT('',(-20.69999980926,13.949999809265,0.));
#10201 = DIRECTION('',(0.,0.,1.));
#10202 = DIRECTION('',(1.,0.,0.));
#10203 = ORIENTED_EDGE('',*,*,#10204,.F.);
#10204 = EDGE_CURVE('',#10205,#10196,#10207,.T.);
#10205 = VERTEX_POINT('',#10206);
#10206 = CARTESIAN_POINT('',(-22.46066521422,14.324240783376,0.));
#10207 = CIRCLE('',#10208,1.800000190735);
#10208 = AXIS2_PLACEMENT_3D('',#10209,#10210,#10211);
#10209 = CARTESIAN_POINT('',(-20.69999980926,13.949999809265,0.));
#10210 = DIRECTION('',(0.,0.,1.));
#10211 = DIRECTION('',(1.,0.,0.));
#10212 = ORIENTED_EDGE('',*,*,#10213,.F.);
#10213 = EDGE_CURVE('',#10214,#10205,#10216,.T.);
#10214 = VERTEX_POINT('',#10215);
#10215 = CARTESIAN_POINT('',(-22.4119016005,14.506230395397,0.));
#10216 = CIRCLE('',#10217,1.800000190735);
#10217 = AXIS2_PLACEMENT_3D('',#10218,#10219,#10220);
#10218 = CARTESIAN_POINT('',(-20.69999980926,13.949999809265,0.));
#10219 = DIRECTION('',(0.,0.,1.));
#10220 = DIRECTION('',(1.,0.,0.));
#10221 = ORIENTED_EDGE('',*,*,#10222,.F.);
#10222 = EDGE_CURVE('',#10223,#10214,#10225,.T.);
#10223 = VERTEX_POINT('',#10224);
#10224 = CARTESIAN_POINT('',(-22.34438149324,14.682126116833,0.));
#10225 = CIRCLE('',#10226,1.800000190735);
#10226 = AXIS2_PLACEMENT_3D('',#10227,#10228,#10229);
#10227 = CARTESIAN_POINT('',(-20.69999980926,13.949999809265,0.));
#10228 = DIRECTION('',(0.,0.,1.));
#10229 = DIRECTION('',(1.,0.,0.));
#10230 = ORIENTED_EDGE('',*,*,#10231,.F.);
#10231 = EDGE_CURVE('',#10232,#10223,#10234,.T.);
#10232 = VERTEX_POINT('',#10233);
#10233 = CARTESIAN_POINT('',(-22.25884596158,14.850000195928,0.));
#10234 = CIRCLE('',#10235,1.800000190735);
#10235 = AXIS2_PLACEMENT_3D('',#10236,#10237,#10238);
#10236 = CARTESIAN_POINT('',(-20.69999980926,13.949999809265,0.));
#10237 = DIRECTION('',(0.,0.,1.));
#10238 = DIRECTION('',(1.,0.,0.));
#10239 = ORIENTED_EDGE('',*,*,#10240,.F.);
#10240 = EDGE_CURVE('',#10241,#10232,#10243,.T.);
#10241 = VERTEX_POINT('',#10242);
#10242 = CARTESIAN_POINT('',(-22.15623072126,15.008013576154,0.));
#10243 = CIRCLE('',#10244,1.800000190735);
#10244 = AXIS2_PLACEMENT_3D('',#10245,#10246,#10247);
#10245 = CARTESIAN_POINT('',(-20.69999980926,13.949999809265,0.));
#10246 = DIRECTION('',(0.,0.,1.));
#10247 = DIRECTION('',(1.,0.,0.));
#10248 = ORIENTED_EDGE('',*,*,#10249,.F.);
#10249 = EDGE_CURVE('',#10250,#10241,#10252,.T.);
#10250 = VERTEX_POINT('',#10251);
#10251 = CARTESIAN_POINT('',(-22.03766057709,15.154435138275,0.));
#10252 = CIRCLE('',#10253,1.800000190735);
#10253 = AXIS2_PLACEMENT_3D('',#10254,#10255,#10256);
#10254 = CARTESIAN_POINT('',(-20.69999980926,13.949999809265,0.));
#10255 = DIRECTION('',(0.,0.,1.));
#10256 = DIRECTION('',(1.,0.,0.));
#10257 = ORIENTED_EDGE('',*,*,#10258,.F.);
#10258 = EDGE_CURVE('',#10259,#10250,#10261,.T.);
#10259 = VERTEX_POINT('',#10260);
#10260 = CARTESIAN_POINT('',(-21.9044343981,15.287660814205,0.));
#10261 = CIRCLE('',#10262,1.800000190735);
#10262 = AXIS2_PLACEMENT_3D('',#10263,#10264,#10265);
#10263 = CARTESIAN_POINT('',(-20.69999980926,13.949999809265,0.));
#10264 = DIRECTION('',(0.,0.,1.));
#10265 = DIRECTION('',(1.,0.,0.));
#10266 = ORIENTED_EDGE('',*,*,#10267,.F.);
#10267 = EDGE_CURVE('',#10268,#10259,#10270,.T.);
#10268 = VERTEX_POINT('',#10269);
#10269 = CARTESIAN_POINT('',(-21.75801278722,15.406230948014,0.));
#10270 = CIRCLE('',#10271,1.800000190735);
#10271 = AXIS2_PLACEMENT_3D('',#10272,#10273,#10274);
#10272 = CARTESIAN_POINT('',(-20.69999980926,13.949999809265,0.));
#10273 = DIRECTION('',(0.,0.,1.));
#10274 = DIRECTION('',(1.,0.,0.));
#10275 = ORIENTED_EDGE('',*,*,#10276,.F.);
#10276 = EDGE_CURVE('',#10277,#10268,#10279,.T.);
#10277 = VERTEX_POINT('',#10278);
#10278 = CARTESIAN_POINT('',(-21.6000004024,15.508845365535,0.));
#10279 = CIRCLE('',#10280,1.800000190735);
#10280 = AXIS2_PLACEMENT_3D('',#10281,#10282,#10283);
#10281 = CARTESIAN_POINT('',(-20.69999980926,13.949999809265,0.));
#10282 = DIRECTION('',(0.,0.,1.));
#10283 = DIRECTION('',(1.,0.,0.));
#10284 = ORIENTED_EDGE('',*,*,#10285,.F.);
#10285 = EDGE_CURVE('',#10286,#10277,#10288,.T.);
#10286 = VERTEX_POINT('',#10287);
#10287 = CARTESIAN_POINT('',(-21.43212506486,15.594382226142,0.));
#10288 = CIRCLE('',#10289,1.800000190735);
#10289 = AXIS2_PLACEMENT_3D('',#10290,#10291,#10292);
#10290 = CARTESIAN_POINT('',(-20.69999980926,13.949999809265,0.));
#10291 = DIRECTION('',(0.,0.,1.));
#10292 = DIRECTION('',(1.,0.,0.));
#10293 = ORIENTED_EDGE('',*,*,#10294,.F.);
#10294 = EDGE_CURVE('',#10295,#10286,#10297,.T.);
#10295 = VERTEX_POINT('',#10296);
#10296 = CARTESIAN_POINT('',(-21.25623130355,15.661901460363,0.));
#10297 = CIRCLE('',#10298,1.800000190735);
#10298 = AXIS2_PLACEMENT_3D('',#10299,#10300,#10301);
#10299 = CARTESIAN_POINT('',(-20.69999980926,13.949999809265,0.));
#10300 = DIRECTION('',(0.,0.,1.));
#10301 = DIRECTION('',(1.,0.,0.));
#10302 = ORIENTED_EDGE('',*,*,#10303,.F.);
#10303 = EDGE_CURVE('',#10304,#10295,#10306,.T.);
#10304 = VERTEX_POINT('',#10305);
#10305 = CARTESIAN_POINT('',(-21.07424161944,15.710665614708,0.));
#10306 = CIRCLE('',#10307,1.800000190735);
#10307 = AXIS2_PLACEMENT_3D('',#10308,#10309,#10310);
#10308 = CARTESIAN_POINT('',(-20.69999980926,13.949999809265,0.));
#10309 = DIRECTION('',(0.,0.,1.));
#10310 = DIRECTION('',(1.,0.,0.));
#10311 = ORIENTED_EDGE('',*,*,#10312,.F.);
#10312 = EDGE_CURVE('',#10179,#10304,#10313,.T.);
#10313 = CIRCLE('',#10314,1.800000190735);
#10314 = AXIS2_PLACEMENT_3D('',#10315,#10316,#10317);
#10315 = CARTESIAN_POINT('',(-20.69999980926,13.949999809265,0.));
#10316 = DIRECTION('',(0.,0.,1.));
#10317 = DIRECTION('',(1.,0.,0.));
#10318 = CYLINDRICAL_SURFACE('',#10319,1.800000190735);
#10319 = AXIS2_PLACEMENT_3D('',#10320,#10321,#10322);
#10320 = CARTESIAN_POINT('',(-20.69999980926,13.949999809265,0.));
#10321 = DIRECTION('',(0.,0.,1.));
#10322 = DIRECTION('',(1.,0.,0.));
#10323 = ADVANCED_FACE('',(#10324),#10347,.T.);
#10324 = FACE_BOUND('',#10325,.T.);
#10325 = EDGE_LOOP('',(#10326,#10334,#10340,#10341));
#10326 = ORIENTED_EDGE('',*,*,#10327,.F.);
#10327 = EDGE_CURVE('',#10196,#10328,#10330,.T.);
#10328 = VERTEX_POINT('',#10329);
#10329 = CARTESIAN_POINT('',(-22.49013900756,14.138151168823,2.));
#10330 = LINE('',#10331,#10332);
#10331 = CARTESIAN_POINT('',(-22.49013900756,14.138151168823,-0.5));
#10332 = VECTOR('',#10333,1.);
#10333 = DIRECTION('',(0.,0.,1.));
#10334 = ORIENTED_EDGE('',*,*,#10335,.F.);
#10335 = EDGE_CURVE('',#4791,#10196,#10336,.T.);
#10336 = LINE('',#10337,#10338);
#10337 = CARTESIAN_POINT('',(-22.83127556147,7.629140350982,0.));
#10338 = VECTOR('',#10339,1.);
#10339 = DIRECTION('',(5.233806027225E-02,0.998629424485,0.));
#10340 = ORIENTED_EDGE('',*,*,#4790,.F.);
#10341 = ORIENTED_EDGE('',*,*,#10342,.F.);
#10342 = EDGE_CURVE('',#10328,#4783,#10343,.T.);
#10343 = LINE('',#10344,#10345);
#10344 = CARTESIAN_POINT('',(-22.49013900756,14.138151168823,2.));
#10345 = VECTOR('',#10346,1.);
#10346 = DIRECTION('',(-5.233806027225E-02,-0.998629424485,0.));
#10347 = PLANE('',#10348);
#10348 = AXIS2_PLACEMENT_3D('',#10349,#10350,#10351);
#10349 = CARTESIAN_POINT('',(-22.49506950378,14.044075489044,0.75));
#10350 = DIRECTION('',(-0.998629424485,5.233806027225E-02,0.));
#10351 = DIRECTION('',(-5.233806027225E-02,-0.998629424485,0.));
#10352 = ADVANCED_FACE('',(#10353,#10835),#11185,.T.);
#10353 = FACE_BOUND('',#10354,.T.);
#10354 = EDGE_LOOP('',(#10355,#10356,#10357,#10365,#10373,#10381,#10389,
    #10397,#10405,#10413,#10421,#10429,#10437,#10445,#10453,#10461,
    #10469,#10477,#10485,#10493,#10501,#10509,#10517,#10525,#10533,
    #10541,#10549,#10557,#10565,#10573,#10581,#10589,#10595,#10596,
    #10604,#10612,#10620,#10628,#10636,#10644,#10652,#10660,#10668,
    #10676,#10684,#10692,#10700,#10708,#10716,#10724,#10732,#10740,
    #10748,#10756,#10764,#10772,#10780,#10788,#10796,#10804,#10812,
    #10820,#10828,#10834));
#10355 = ORIENTED_EDGE('',*,*,#4782,.F.);
#10356 = ORIENTED_EDGE('',*,*,#9927,.F.);
#10357 = ORIENTED_EDGE('',*,*,#10358,.F.);
#10358 = EDGE_CURVE('',#10359,#9920,#10361,.T.);
#10359 = VERTEX_POINT('',#10360);
#10360 = CARTESIAN_POINT('',(-22.46066474914,-14.3242406845,2.));
#10361 = LINE('',#10362,#10363);
#10362 = CARTESIAN_POINT('',(-22.46066474914,-14.3242406845,2.));
#10363 = VECTOR('',#10364,1.);
#10364 = DIRECTION('',(-0.15643744031,0.987687869354,0.));
#10365 = ORIENTED_EDGE('',*,*,#10366,.F.);
#10366 = EDGE_CURVE('',#10367,#10359,#10369,.T.);
#10367 = VERTEX_POINT('',#10368);
#10368 = CARTESIAN_POINT('',(-22.41190147399,-14.5062303543,2.));
#10369 = LINE('',#10370,#10371);
#10370 = CARTESIAN_POINT('',(-22.41190147399,-14.5062303543,2.));
#10371 = VECTOR('',#10372,1.);
#10372 = DIRECTION('',(-0.258815529605,0.965926768257,0.));
#10373 = ORIENTED_EDGE('',*,*,#10374,.F.);
#10374 = EDGE_CURVE('',#10375,#10367,#10377,.T.);
#10375 = VERTEX_POINT('',#10376);
#10376 = CARTESIAN_POINT('',(-22.34438133239,-14.68212604522,2.));
#10377 = LINE('',#10378,#10379);
#10378 = CARTESIAN_POINT('',(-22.34438133239,-14.68212604522,2.));
#10379 = VECTOR('',#10380,1.);
#10380 = DIRECTION('',(-0.358368467375,0.933580227721,0.));
#10381 = ORIENTED_EDGE('',*,*,#10382,.F.);
#10382 = EDGE_CURVE('',#10383,#10375,#10385,.T.);
#10383 = VERTEX_POINT('',#10384);
#10384 = CARTESIAN_POINT('',(-22.25884628295,-14.85000038147,2.));
#10385 = LINE('',#10386,#10387);
#10386 = CARTESIAN_POINT('',(-22.25884628295,-14.85000038147,2.));
#10387 = VECTOR('',#10388,1.);
#10388 = DIRECTION('',(-0.453985455162,0.891009094511,0.));
#10389 = ORIENTED_EDGE('',*,*,#10390,.F.);
#10390 = EDGE_CURVE('',#10391,#10383,#10393,.T.);
#10391 = VERTEX_POINT('',#10392);
#10392 = CARTESIAN_POINT('',(-22.15623092651,-15.00801372528,2.));
#10393 = LINE('',#10394,#10395);
#10394 = CARTESIAN_POINT('',(-22.15623092651,-15.00801372528,2.));
#10395 = VECTOR('',#10396,1.);
#10396 = DIRECTION('',(-0.544640121925,0.838669862097,0.));
#10397 = ORIENTED_EDGE('',*,*,#10398,.F.);
#10398 = EDGE_CURVE('',#10399,#10391,#10401,.T.);
#10399 = VERTEX_POINT('',#10400);
#10400 = CARTESIAN_POINT('',(-22.03766059875,-15.15443515777,2.));
#10401 = LINE('',#10402,#10403);
#10402 = CARTESIAN_POINT('',(-22.03766059875,-15.15443515777,2.));
#10403 = VECTOR('',#10404,1.);
#10404 = DIRECTION('',(-0.629322281061,0.777144430953,0.));
#10405 = ORIENTED_EDGE('',*,*,#10406,.F.);
#10406 = EDGE_CURVE('',#10407,#10399,#10409,.T.);
#10407 = VERTEX_POINT('',#10408);
#10408 = CARTESIAN_POINT('',(-21.9044342041,-15.28766059875,2.));
#10409 = LINE('',#10410,#10411);
#10410 = CARTESIAN_POINT('',(-21.9044342041,-15.28766059875,2.));
#10411 = VECTOR('',#10412,1.);
#10412 = DIRECTION('',(-0.707109312032,0.707104250332,0.));
#10413 = ORIENTED_EDGE('',*,*,#10414,.F.);
#10414 = EDGE_CURVE('',#10415,#10407,#10417,.T.);
#10415 = VERTEX_POINT('',#10416);
#10416 = CARTESIAN_POINT('',(-21.7580127716,-15.40623092651,2.));
#10417 = LINE('',#10418,#10419);
#10418 = CARTESIAN_POINT('',(-21.7580127716,-15.40623092651,2.));
#10419 = VECTOR('',#10420,1.);
#10420 = DIRECTION('',(-0.777144430953,0.629322281061,0.));
#10421 = ORIENTED_EDGE('',*,*,#10422,.F.);
#10422 = EDGE_CURVE('',#10423,#10415,#10425,.T.);
#10423 = VERTEX_POINT('',#10424);
#10424 = CARTESIAN_POINT('',(-21.60000038147,-15.50884532928,2.));
#10425 = LINE('',#10426,#10427);
#10426 = CARTESIAN_POINT('',(-21.60000038147,-15.50884532928,2.));
#10427 = VECTOR('',#10428,1.);
#10428 = DIRECTION('',(-0.838670672686,0.544638873729,0.));
#10429 = ORIENTED_EDGE('',*,*,#10430,.F.);
#10430 = EDGE_CURVE('',#10431,#10423,#10433,.T.);
#10431 = VERTEX_POINT('',#10432);
#10432 = CARTESIAN_POINT('',(-21.43212509155,-15.59438228607,2.));
#10433 = LINE('',#10434,#10435);
#10434 = CARTESIAN_POINT('',(-21.43212509155,-15.59438228607,2.));
#10435 = VECTOR('',#10436,1.);
#10436 = DIRECTION('',(-0.891006042771,0.453991444573,0.));
#10437 = ORIENTED_EDGE('',*,*,#10438,.F.);
#10438 = EDGE_CURVE('',#10439,#10431,#10441,.T.);
#10439 = VERTEX_POINT('',#10440);
#10440 = CARTESIAN_POINT('',(-21.25623130798,-15.66190147399,2.));
#10441 = LINE('',#10442,#10443);
#10442 = CARTESIAN_POINT('',(-21.25623130798,-15.66190147399,2.));
#10443 = VECTOR('',#10444,1.);
#10444 = DIRECTION('',(-0.933580621069,0.358367442669,0.));
#10445 = ORIENTED_EDGE('',*,*,#10446,.F.);
#10446 = EDGE_CURVE('',#10447,#10439,#10449,.T.);
#10447 = VERTEX_POINT('',#10448);
#10448 = CARTESIAN_POINT('',(-21.07424163818,-15.71066570282,2.));
#10449 = LINE('',#10450,#10451);
#10450 = CARTESIAN_POINT('',(-21.07424163818,-15.71066570282,2.));
#10451 = VECTOR('',#10452,1.);
#10452 = DIRECTION('',(-0.965925502835,0.258820252248,0.));
#10453 = ORIENTED_EDGE('',*,*,#10454,.F.);
#10454 = EDGE_CURVE('',#10455,#10447,#10457,.T.);
#10455 = VERTEX_POINT('',#10456);
#10456 = CARTESIAN_POINT('',(-20.88815116882,-15.74013900756,2.));
#10457 = LINE('',#10458,#10459);
#10458 = CARTESIAN_POINT('',(-20.88815116882,-15.74013900756,2.));
#10459 = VECTOR('',#10460,1.);
#10460 = DIRECTION('',(-0.9876887753,0.156431720395,0.));
#10461 = ORIENTED_EDGE('',*,*,#10462,.F.);
#10462 = EDGE_CURVE('',#10463,#10455,#10465,.T.);
#10463 = VERTEX_POINT('',#10464);
#10464 = CARTESIAN_POINT('',(-20.70000076293,-15.75,2.));
#10465 = LINE('',#10466,#10467);
#10466 = CARTESIAN_POINT('',(-20.70000076293,-15.75,2.));
#10467 = VECTOR('',#10468,1.);
#10468 = DIRECTION('',(-0.998629410619,5.233832483047E-02,0.));
#10469 = ORIENTED_EDGE('',*,*,#10470,.F.);
#10470 = EDGE_CURVE('',#10471,#10463,#10473,.T.);
#10471 = VERTEX_POINT('',#10472);
#10472 = CARTESIAN_POINT('',(20.700000762939,-15.75,2.));
#10473 = LINE('',#10474,#10475);
#10474 = CARTESIAN_POINT('',(20.700000762939,-15.75,2.));
#10475 = VECTOR('',#10476,1.);
#10476 = DIRECTION('',(-1.,0.,0.));
#10477 = ORIENTED_EDGE('',*,*,#10478,.F.);
#10478 = EDGE_CURVE('',#10479,#10471,#10481,.T.);
#10479 = VERTEX_POINT('',#10480);
#10480 = CARTESIAN_POINT('',(20.888151168823,-15.74013900756,2.));
#10481 = LINE('',#10482,#10483);
#10482 = CARTESIAN_POINT('',(20.888151168823,-15.74013900756,2.));
#10483 = VECTOR('',#10484,1.);
#10484 = DIRECTION('',(-0.998629410619,-5.233832483047E-02,0.));
#10485 = ORIENTED_EDGE('',*,*,#10486,.F.);
#10486 = EDGE_CURVE('',#10487,#10479,#10489,.T.);
#10487 = VERTEX_POINT('',#10488);
#10488 = CARTESIAN_POINT('',(21.074241638184,-15.71066570282,2.));
#10489 = LINE('',#10490,#10491);
#10490 = CARTESIAN_POINT('',(21.074241638184,-15.71066570282,2.));
#10491 = VECTOR('',#10492,1.);
#10492 = DIRECTION('',(-0.9876887753,-0.156431720395,0.));
#10493 = ORIENTED_EDGE('',*,*,#10494,.F.);
#10494 = EDGE_CURVE('',#10495,#10487,#10497,.T.);
#10495 = VERTEX_POINT('',#10496);
#10496 = CARTESIAN_POINT('',(21.256231307983,-15.66190147399,2.));
#10497 = LINE('',#10498,#10499);
#10498 = CARTESIAN_POINT('',(21.256231307983,-15.66190147399,2.));
#10499 = VECTOR('',#10500,1.);
#10500 = DIRECTION('',(-0.965925502835,-0.258820252248,0.));
#10501 = ORIENTED_EDGE('',*,*,#10502,.F.);
#10502 = EDGE_CURVE('',#10503,#10495,#10505,.T.);
#10503 = VERTEX_POINT('',#10504);
#10504 = CARTESIAN_POINT('',(21.432125091553,-15.59438228607,2.));
#10505 = LINE('',#10506,#10507);
#10506 = CARTESIAN_POINT('',(21.432125091553,-15.59438228607,2.));
#10507 = VECTOR('',#10508,1.);
#10508 = DIRECTION('',(-0.933580621069,-0.358367442669,0.));
#10509 = ORIENTED_EDGE('',*,*,#10510,.F.);
#10510 = EDGE_CURVE('',#10511,#10503,#10513,.T.);
#10511 = VERTEX_POINT('',#10512);
#10512 = CARTESIAN_POINT('',(21.60000038147,-15.50884532928,2.));
#10513 = LINE('',#10514,#10515);
#10514 = CARTESIAN_POINT('',(21.60000038147,-15.50884532928,2.));
#10515 = VECTOR('',#10516,1.);
#10516 = DIRECTION('',(-0.891006042771,-0.453991444573,0.));
#10517 = ORIENTED_EDGE('',*,*,#10518,.F.);
#10518 = EDGE_CURVE('',#10519,#10511,#10521,.T.);
#10519 = VERTEX_POINT('',#10520);
#10520 = CARTESIAN_POINT('',(21.758012771606,-15.40623092651,2.));
#10521 = LINE('',#10522,#10523);
#10522 = CARTESIAN_POINT('',(21.758012771606,-15.40623092651,2.));
#10523 = VECTOR('',#10524,1.);
#10524 = DIRECTION('',(-0.838670672686,-0.544638873729,0.));
#10525 = ORIENTED_EDGE('',*,*,#10526,.F.);
#10526 = EDGE_CURVE('',#10527,#10519,#10529,.T.);
#10527 = VERTEX_POINT('',#10528);
#10528 = CARTESIAN_POINT('',(21.904434204102,-15.28766059875,2.));
#10529 = LINE('',#10530,#10531);
#10530 = CARTESIAN_POINT('',(21.904434204102,-15.28766059875,2.));
#10531 = VECTOR('',#10532,1.);
#10532 = DIRECTION('',(-0.777144430953,-0.629322281061,0.));
#10533 = ORIENTED_EDGE('',*,*,#10534,.F.);
#10534 = EDGE_CURVE('',#10535,#10527,#10537,.T.);
#10535 = VERTEX_POINT('',#10536);
#10536 = CARTESIAN_POINT('',(22.037660598755,-15.15443515777,2.));
#10537 = LINE('',#10538,#10539);
#10538 = CARTESIAN_POINT('',(22.037660598755,-15.15443515777,2.));
#10539 = VECTOR('',#10540,1.);
#10540 = DIRECTION('',(-0.707109312032,-0.707104250332,0.));
#10541 = ORIENTED_EDGE('',*,*,#10542,.F.);
#10542 = EDGE_CURVE('',#10543,#10535,#10545,.T.);
#10543 = VERTEX_POINT('',#10544);
#10544 = CARTESIAN_POINT('',(22.156230926514,-15.00801372528,2.));
#10545 = LINE('',#10546,#10547);
#10546 = CARTESIAN_POINT('',(22.156230926514,-15.00801372528,2.));
#10547 = VECTOR('',#10548,1.);
#10548 = DIRECTION('',(-0.629322281061,-0.777144430953,0.));
#10549 = ORIENTED_EDGE('',*,*,#10550,.F.);
#10550 = EDGE_CURVE('',#10551,#10543,#10553,.T.);
#10551 = VERTEX_POINT('',#10552);
#10552 = CARTESIAN_POINT('',(22.258846282959,-14.85000038147,2.));
#10553 = LINE('',#10554,#10555);
#10554 = CARTESIAN_POINT('',(22.258846282959,-14.85000038147,2.));
#10555 = VECTOR('',#10556,1.);
#10556 = DIRECTION('',(-0.544640121925,-0.838669862097,0.));
#10557 = ORIENTED_EDGE('',*,*,#10558,.F.);
#10558 = EDGE_CURVE('',#10559,#10551,#10561,.T.);
#10559 = VERTEX_POINT('',#10560);
#10560 = CARTESIAN_POINT('',(22.344381332397,-14.68212604522,2.));
#10561 = LINE('',#10562,#10563);
#10562 = CARTESIAN_POINT('',(22.344381332397,-14.68212604522,2.));
#10563 = VECTOR('',#10564,1.);
#10564 = DIRECTION('',(-0.453985455162,-0.891009094511,0.));
#10565 = ORIENTED_EDGE('',*,*,#10566,.F.);
#10566 = EDGE_CURVE('',#10567,#10559,#10569,.T.);
#10567 = VERTEX_POINT('',#10568);
#10568 = CARTESIAN_POINT('',(22.411901473999,-14.5062303543,2.));
#10569 = LINE('',#10570,#10571);
#10570 = CARTESIAN_POINT('',(22.411901473999,-14.5062303543,2.));
#10571 = VECTOR('',#10572,1.);
#10572 = DIRECTION('',(-0.358368467375,-0.933580227721,0.));
#10573 = ORIENTED_EDGE('',*,*,#10574,.F.);
#10574 = EDGE_CURVE('',#10575,#10567,#10577,.T.);
#10575 = VERTEX_POINT('',#10576);
#10576 = CARTESIAN_POINT('',(22.460664749146,-14.3242406845,2.));
#10577 = LINE('',#10578,#10579);
#10578 = CARTESIAN_POINT('',(22.460664749146,-14.3242406845,2.));
#10579 = VECTOR('',#10580,1.);
#10580 = DIRECTION('',(-0.258815529605,-0.965926768257,0.));
#10581 = ORIENTED_EDGE('',*,*,#10582,.F.);
#10582 = EDGE_CURVE('',#10583,#10575,#10585,.T.);
#10583 = VERTEX_POINT('',#10584);
#10584 = CARTESIAN_POINT('',(22.490139007568,-14.13815116882,2.));
#10585 = LINE('',#10586,#10587);
#10586 = CARTESIAN_POINT('',(22.490139007568,-14.13815116882,2.));
#10587 = VECTOR('',#10588,1.);
#10588 = DIRECTION('',(-0.15643744031,-0.987687869354,0.));
#10589 = ORIENTED_EDGE('',*,*,#10590,.F.);
#10590 = EDGE_CURVE('',#4873,#10583,#10591,.T.);
#10591 = LINE('',#10592,#10593);
#10592 = CARTESIAN_POINT('',(22.5,-13.94999980926,2.));
#10593 = VECTOR('',#10594,1.);
#10594 = DIRECTION('',(-5.233806027225E-02,-0.998629424485,0.));
#10595 = ORIENTED_EDGE('',*,*,#4912,.F.);
#10596 = ORIENTED_EDGE('',*,*,#10597,.F.);
#10597 = EDGE_CURVE('',#10598,#4905,#10600,.T.);
#10598 = VERTEX_POINT('',#10599);
#10599 = CARTESIAN_POINT('',(22.490139007568,14.138151168823,2.));
#10600 = LINE('',#10601,#10602);
#10601 = CARTESIAN_POINT('',(22.490139007568,14.138151168823,2.));
#10602 = VECTOR('',#10603,1.);
#10603 = DIRECTION('',(5.233806027225E-02,-0.998629424485,0.));
#10604 = ORIENTED_EDGE('',*,*,#10605,.F.);
#10605 = EDGE_CURVE('',#10606,#10598,#10608,.T.);
#10606 = VERTEX_POINT('',#10607);
#10607 = CARTESIAN_POINT('',(22.460664749146,14.324240684509,2.));
#10608 = LINE('',#10609,#10610);
#10609 = CARTESIAN_POINT('',(22.460664749146,14.324240684509,2.));
#10610 = VECTOR('',#10611,1.);
#10611 = DIRECTION('',(0.15643744031,-0.987687869354,0.));
#10612 = ORIENTED_EDGE('',*,*,#10613,.F.);
#10613 = EDGE_CURVE('',#10614,#10606,#10616,.T.);
#10614 = VERTEX_POINT('',#10615);
#10615 = CARTESIAN_POINT('',(22.411901473999,14.506230354309,2.));
#10616 = LINE('',#10617,#10618);
#10617 = CARTESIAN_POINT('',(22.411901473999,14.506230354309,2.));
#10618 = VECTOR('',#10619,1.);
#10619 = DIRECTION('',(0.258815529605,-0.965926768257,0.));
#10620 = ORIENTED_EDGE('',*,*,#10621,.F.);
#10621 = EDGE_CURVE('',#10622,#10614,#10624,.T.);
#10622 = VERTEX_POINT('',#10623);
#10623 = CARTESIAN_POINT('',(22.344381332397,14.682126045227,2.));
#10624 = LINE('',#10625,#10626);
#10625 = CARTESIAN_POINT('',(22.344381332397,14.682126045227,2.));
#10626 = VECTOR('',#10627,1.);
#10627 = DIRECTION('',(0.358368467375,-0.933580227721,0.));
#10628 = ORIENTED_EDGE('',*,*,#10629,.F.);
#10629 = EDGE_CURVE('',#10630,#10622,#10632,.T.);
#10630 = VERTEX_POINT('',#10631);
#10631 = CARTESIAN_POINT('',(22.258846282959,14.85000038147,2.));
#10632 = LINE('',#10633,#10634);
#10633 = CARTESIAN_POINT('',(22.258846282959,14.85000038147,2.));
#10634 = VECTOR('',#10635,1.);
#10635 = DIRECTION('',(0.453985455162,-0.891009094511,0.));
#10636 = ORIENTED_EDGE('',*,*,#10637,.F.);
#10637 = EDGE_CURVE('',#10638,#10630,#10640,.T.);
#10638 = VERTEX_POINT('',#10639);
#10639 = CARTESIAN_POINT('',(22.156230926514,15.008013725281,2.));
#10640 = LINE('',#10641,#10642);
#10641 = CARTESIAN_POINT('',(22.156230926514,15.008013725281,2.));
#10642 = VECTOR('',#10643,1.);
#10643 = DIRECTION('',(0.544640121925,-0.838669862097,0.));
#10644 = ORIENTED_EDGE('',*,*,#10645,.F.);
#10645 = EDGE_CURVE('',#10646,#10638,#10648,.T.);
#10646 = VERTEX_POINT('',#10647);
#10647 = CARTESIAN_POINT('',(22.037660598755,15.154435157776,2.));
#10648 = LINE('',#10649,#10650);
#10649 = CARTESIAN_POINT('',(22.037660598755,15.154435157776,2.));
#10650 = VECTOR('',#10651,1.);
#10651 = DIRECTION('',(0.629322281061,-0.777144430953,0.));
#10652 = ORIENTED_EDGE('',*,*,#10653,.F.);
#10653 = EDGE_CURVE('',#10654,#10646,#10656,.T.);
#10654 = VERTEX_POINT('',#10655);
#10655 = CARTESIAN_POINT('',(21.904434204102,15.287660598755,2.));
#10656 = LINE('',#10657,#10658);
#10657 = CARTESIAN_POINT('',(21.904434204102,15.287660598755,2.));
#10658 = VECTOR('',#10659,1.);
#10659 = DIRECTION('',(0.707109312032,-0.707104250332,0.));
#10660 = ORIENTED_EDGE('',*,*,#10661,.F.);
#10661 = EDGE_CURVE('',#10662,#10654,#10664,.T.);
#10662 = VERTEX_POINT('',#10663);
#10663 = CARTESIAN_POINT('',(21.758012771606,15.406230926514,2.));
#10664 = LINE('',#10665,#10666);
#10665 = CARTESIAN_POINT('',(21.758012771606,15.406230926514,2.));
#10666 = VECTOR('',#10667,1.);
#10667 = DIRECTION('',(0.777144430953,-0.629322281061,0.));
#10668 = ORIENTED_EDGE('',*,*,#10669,.F.);
#10669 = EDGE_CURVE('',#10670,#10662,#10672,.T.);
#10670 = VERTEX_POINT('',#10671);
#10671 = CARTESIAN_POINT('',(21.60000038147,15.508845329285,2.));
#10672 = LINE('',#10673,#10674);
#10673 = CARTESIAN_POINT('',(21.60000038147,15.508845329285,2.));
#10674 = VECTOR('',#10675,1.);
#10675 = DIRECTION('',(0.838670672686,-0.544638873729,0.));
#10676 = ORIENTED_EDGE('',*,*,#10677,.F.);
#10677 = EDGE_CURVE('',#10678,#10670,#10680,.T.);
#10678 = VERTEX_POINT('',#10679);
#10679 = CARTESIAN_POINT('',(21.432125091553,15.594382286072,2.));
#10680 = LINE('',#10681,#10682);
#10681 = CARTESIAN_POINT('',(21.432125091553,15.594382286072,2.));
#10682 = VECTOR('',#10683,1.);
#10683 = DIRECTION('',(0.891006042771,-0.453991444573,0.));
#10684 = ORIENTED_EDGE('',*,*,#10685,.F.);
#10685 = EDGE_CURVE('',#10686,#10678,#10688,.T.);
#10686 = VERTEX_POINT('',#10687);
#10687 = CARTESIAN_POINT('',(21.256231307983,15.661901473999,2.));
#10688 = LINE('',#10689,#10690);
#10689 = CARTESIAN_POINT('',(21.256231307983,15.661901473999,2.));
#10690 = VECTOR('',#10691,1.);
#10691 = DIRECTION('',(0.933580621069,-0.358367442669,0.));
#10692 = ORIENTED_EDGE('',*,*,#10693,.F.);
#10693 = EDGE_CURVE('',#10694,#10686,#10696,.T.);
#10694 = VERTEX_POINT('',#10695);
#10695 = CARTESIAN_POINT('',(21.074241638184,15.71066570282,2.));
#10696 = LINE('',#10697,#10698);
#10697 = CARTESIAN_POINT('',(21.074241638184,15.71066570282,2.));
#10698 = VECTOR('',#10699,1.);
#10699 = DIRECTION('',(0.965925502835,-0.258820252248,0.));
#10700 = ORIENTED_EDGE('',*,*,#10701,.F.);
#10701 = EDGE_CURVE('',#10702,#10694,#10704,.T.);
#10702 = VERTEX_POINT('',#10703);
#10703 = CARTESIAN_POINT('',(20.888151168823,15.740139007568,2.));
#10704 = LINE('',#10705,#10706);
#10705 = CARTESIAN_POINT('',(20.888151168823,15.740139007568,2.));
#10706 = VECTOR('',#10707,1.);
#10707 = DIRECTION('',(0.9876887753,-0.156431720395,0.));
#10708 = ORIENTED_EDGE('',*,*,#10709,.F.);
#10709 = EDGE_CURVE('',#10710,#10702,#10712,.T.);
#10710 = VERTEX_POINT('',#10711);
#10711 = CARTESIAN_POINT('',(20.700000762939,15.75,2.));
#10712 = LINE('',#10713,#10714);
#10713 = CARTESIAN_POINT('',(20.700000762939,15.75,2.));
#10714 = VECTOR('',#10715,1.);
#10715 = DIRECTION('',(0.998629410619,-5.233832483047E-02,0.));
#10716 = ORIENTED_EDGE('',*,*,#10717,.T.);
#10717 = EDGE_CURVE('',#10710,#10718,#10720,.T.);
#10718 = VERTEX_POINT('',#10719);
#10719 = CARTESIAN_POINT('',(-20.70000076293,15.75,2.));
#10720 = LINE('',#10721,#10722);
#10721 = CARTESIAN_POINT('',(20.700000762939,15.75,2.));
#10722 = VECTOR('',#10723,1.);
#10723 = DIRECTION('',(-1.,0.,0.));
#10724 = ORIENTED_EDGE('',*,*,#10725,.T.);
#10725 = EDGE_CURVE('',#10718,#10726,#10728,.T.);
#10726 = VERTEX_POINT('',#10727);
#10727 = CARTESIAN_POINT('',(-20.88815116882,15.740139007568,2.));
#10728 = LINE('',#10729,#10730);
#10729 = CARTESIAN_POINT('',(-20.70000076293,15.75,2.));
#10730 = VECTOR('',#10731,1.);
#10731 = DIRECTION('',(-0.998629410619,-5.233832483047E-02,0.));
#10732 = ORIENTED_EDGE('',*,*,#10733,.T.);
#10733 = EDGE_CURVE('',#10726,#10734,#10736,.T.);
#10734 = VERTEX_POINT('',#10735);
#10735 = CARTESIAN_POINT('',(-21.07424163818,15.71066570282,2.));
#10736 = LINE('',#10737,#10738);
#10737 = CARTESIAN_POINT('',(-20.88815116882,15.740139007568,2.));
#10738 = VECTOR('',#10739,1.);
#10739 = DIRECTION('',(-0.9876887753,-0.156431720395,0.));
#10740 = ORIENTED_EDGE('',*,*,#10741,.T.);
#10741 = EDGE_CURVE('',#10734,#10742,#10744,.T.);
#10742 = VERTEX_POINT('',#10743);
#10743 = CARTESIAN_POINT('',(-21.25623130798,15.661901473999,2.));
#10744 = LINE('',#10745,#10746);
#10745 = CARTESIAN_POINT('',(-21.07424163818,15.71066570282,2.));
#10746 = VECTOR('',#10747,1.);
#10747 = DIRECTION('',(-0.965925502835,-0.258820252248,0.));
#10748 = ORIENTED_EDGE('',*,*,#10749,.T.);
#10749 = EDGE_CURVE('',#10742,#10750,#10752,.T.);
#10750 = VERTEX_POINT('',#10751);
#10751 = CARTESIAN_POINT('',(-21.43212509155,15.594382286072,2.));
#10752 = LINE('',#10753,#10754);
#10753 = CARTESIAN_POINT('',(-21.25623130798,15.661901473999,2.));
#10754 = VECTOR('',#10755,1.);
#10755 = DIRECTION('',(-0.933580621069,-0.358367442669,0.));
#10756 = ORIENTED_EDGE('',*,*,#10757,.T.);
#10757 = EDGE_CURVE('',#10750,#10758,#10760,.T.);
#10758 = VERTEX_POINT('',#10759);
#10759 = CARTESIAN_POINT('',(-21.60000038147,15.508845329285,2.));
#10760 = LINE('',#10761,#10762);
#10761 = CARTESIAN_POINT('',(-21.43212509155,15.594382286072,2.));
#10762 = VECTOR('',#10763,1.);
#10763 = DIRECTION('',(-0.891006042771,-0.453991444573,0.));
#10764 = ORIENTED_EDGE('',*,*,#10765,.T.);
#10765 = EDGE_CURVE('',#10758,#10766,#10768,.T.);
#10766 = VERTEX_POINT('',#10767);
#10767 = CARTESIAN_POINT('',(-21.7580127716,15.406230926514,2.));
#10768 = LINE('',#10769,#10770);
#10769 = CARTESIAN_POINT('',(-21.60000038147,15.508845329285,2.));
#10770 = VECTOR('',#10771,1.);
#10771 = DIRECTION('',(-0.838670672686,-0.544638873729,0.));
#10772 = ORIENTED_EDGE('',*,*,#10773,.T.);
#10773 = EDGE_CURVE('',#10766,#10774,#10776,.T.);
#10774 = VERTEX_POINT('',#10775);
#10775 = CARTESIAN_POINT('',(-21.9044342041,15.287660598755,2.));
#10776 = LINE('',#10777,#10778);
#10777 = CARTESIAN_POINT('',(-21.7580127716,15.406230926514,2.));
#10778 = VECTOR('',#10779,1.);
#10779 = DIRECTION('',(-0.777144430953,-0.629322281061,0.));
#10780 = ORIENTED_EDGE('',*,*,#10781,.T.);
#10781 = EDGE_CURVE('',#10774,#10782,#10784,.T.);
#10782 = VERTEX_POINT('',#10783);
#10783 = CARTESIAN_POINT('',(-22.03766059875,15.154435157776,2.));
#10784 = LINE('',#10785,#10786);
#10785 = CARTESIAN_POINT('',(-21.9044342041,15.287660598755,2.));
#10786 = VECTOR('',#10787,1.);
#10787 = DIRECTION('',(-0.707109312032,-0.707104250332,0.));
#10788 = ORIENTED_EDGE('',*,*,#10789,.T.);
#10789 = EDGE_CURVE('',#10782,#10790,#10792,.T.);
#10790 = VERTEX_POINT('',#10791);
#10791 = CARTESIAN_POINT('',(-22.15623092651,15.008013725281,2.));
#10792 = LINE('',#10793,#10794);
#10793 = CARTESIAN_POINT('',(-22.03766059875,15.154435157776,2.));
#10794 = VECTOR('',#10795,1.);
#10795 = DIRECTION('',(-0.629322281061,-0.777144430953,0.));
#10796 = ORIENTED_EDGE('',*,*,#10797,.T.);
#10797 = EDGE_CURVE('',#10790,#10798,#10800,.T.);
#10798 = VERTEX_POINT('',#10799);
#10799 = CARTESIAN_POINT('',(-22.25884628295,14.85000038147,2.));
#10800 = LINE('',#10801,#10802);
#10801 = CARTESIAN_POINT('',(-22.15623092651,15.008013725281,2.));
#10802 = VECTOR('',#10803,1.);
#10803 = DIRECTION('',(-0.544640121925,-0.838669862097,0.));
#10804 = ORIENTED_EDGE('',*,*,#10805,.T.);
#10805 = EDGE_CURVE('',#10798,#10806,#10808,.T.);
#10806 = VERTEX_POINT('',#10807);
#10807 = CARTESIAN_POINT('',(-22.34438133239,14.682126045227,2.));
#10808 = LINE('',#10809,#10810);
#10809 = CARTESIAN_POINT('',(-22.25884628295,14.85000038147,2.));
#10810 = VECTOR('',#10811,1.);
#10811 = DIRECTION('',(-0.453985455162,-0.891009094511,0.));
#10812 = ORIENTED_EDGE('',*,*,#10813,.T.);
#10813 = EDGE_CURVE('',#10806,#10814,#10816,.T.);
#10814 = VERTEX_POINT('',#10815);
#10815 = CARTESIAN_POINT('',(-22.41190147399,14.506230354309,2.));
#10816 = LINE('',#10817,#10818);
#10817 = CARTESIAN_POINT('',(-22.34438133239,14.682126045227,2.));
#10818 = VECTOR('',#10819,1.);
#10819 = DIRECTION('',(-0.358368467375,-0.933580227721,0.));
#10820 = ORIENTED_EDGE('',*,*,#10821,.T.);
#10821 = EDGE_CURVE('',#10814,#10822,#10824,.T.);
#10822 = VERTEX_POINT('',#10823);
#10823 = CARTESIAN_POINT('',(-22.46066474914,14.324240684509,2.));
#10824 = LINE('',#10825,#10826);
#10825 = CARTESIAN_POINT('',(-22.41190147399,14.506230354309,2.));
#10826 = VECTOR('',#10827,1.);
#10827 = DIRECTION('',(-0.258815529605,-0.965926768257,0.));
#10828 = ORIENTED_EDGE('',*,*,#10829,.T.);
#10829 = EDGE_CURVE('',#10822,#10328,#10830,.T.);
#10830 = LINE('',#10831,#10832);
#10831 = CARTESIAN_POINT('',(-22.46066474914,14.324240684509,2.));
#10832 = VECTOR('',#10833,1.);
#10833 = DIRECTION('',(-0.15643744031,-0.987687869354,0.));
#10834 = ORIENTED_EDGE('',*,*,#10342,.T.);
#10835 = FACE_BOUND('',#10836,.T.);
#10836 = EDGE_LOOP('',(#10837,#10838,#10846,#10854,#10862,#10870,#10878,
    #10886,#10894,#10902,#10910,#10918,#10924,#10925,#10933,#10941,
    #10949,#10957,#10965,#10973,#10981,#10989,#10997,#11005,#11011,
    #11012,#11020,#11028,#11036,#11044,#11052,#11060,#11068,#11076,
    #11084,#11092,#11098,#11099,#11107,#11115,#11123,#11131,#11139,
    #11147,#11155,#11163,#11171,#11179));
#10837 = ORIENTED_EDGE('',*,*,#5287,.T.);
#10838 = ORIENTED_EDGE('',*,*,#10839,.T.);
#10839 = EDGE_CURVE('',#5290,#10840,#10842,.T.);
#10840 = VERTEX_POINT('',#10841);
#10841 = CARTESIAN_POINT('',(-21.48982238769,13.892314910889,2.));
#10842 = LINE('',#10843,#10844);
#10843 = CARTESIAN_POINT('',(-21.5,13.75,2.));
#10844 = VECTOR('',#10845,1.);
#10845 = DIRECTION('',(7.13325517231E-02,0.997452588881,0.));
#10846 = ORIENTED_EDGE('',*,*,#10847,.T.);
#10847 = EDGE_CURVE('',#10840,#10848,#10850,.T.);
#10848 = VERTEX_POINT('',#10849);
#10849 = CARTESIAN_POINT('',(-21.45949363708,14.031732559204,2.));
#10850 = LINE('',#10851,#10852);
#10851 = CARTESIAN_POINT('',(-21.48982238769,13.892314910889,2.));
#10852 = VECTOR('',#10853,1.);
#10853 = DIRECTION('',(0.212567281295,0.977146432692,0.));
#10854 = ORIENTED_EDGE('',*,*,#10855,.T.);
#10855 = EDGE_CURVE('',#10848,#10856,#10858,.T.);
#10856 = VERTEX_POINT('',#10857);
#10857 = CARTESIAN_POINT('',(-21.40963172912,14.165414810181,2.));
#10858 = LINE('',#10859,#10860);
#10859 = CARTESIAN_POINT('',(-21.45949363708,14.031732559204,2.));
#10860 = VECTOR('',#10861,1.);
#10861 = DIRECTION('',(0.349470370733,0.936947415803,0.));
#10862 = ORIENTED_EDGE('',*,*,#10863,.T.);
#10863 = EDGE_CURVE('',#10856,#10864,#10866,.T.);
#10864 = VERTEX_POINT('',#10865);
#10865 = CARTESIAN_POINT('',(-21.34125328064,14.290640830994,2.));
#10866 = LINE('',#10867,#10868);
#10867 = CARTESIAN_POINT('',(-21.40963172912,14.165414810181,2.));
#10868 = VECTOR('',#10869,1.);
#10869 = DIRECTION('',(0.479248273091,0.877679379238,0.));
#10870 = ORIENTED_EDGE('',*,*,#10871,.T.);
#10871 = EDGE_CURVE('',#10864,#10872,#10874,.T.);
#10872 = VERTEX_POINT('',#10873);
#10873 = CARTESIAN_POINT('',(-21.25574874877,14.404860496521,2.));
#10874 = LINE('',#10875,#10876);
#10875 = CARTESIAN_POINT('',(-21.34125328064,14.290640830994,2.));
#10876 = VECTOR('',#10877,1.);
#10877 = DIRECTION('',(0.599281085804,0.800538681262,0.));
#10878 = ORIENTED_EDGE('',*,*,#10879,.T.);
#10879 = EDGE_CURVE('',#10872,#10880,#10882,.T.);
#10880 = VERTEX_POINT('',#10881);
#10881 = CARTESIAN_POINT('',(-21.15486145019,14.505749702454,2.));
#10882 = LINE('',#10883,#10884);
#10883 = CARTESIAN_POINT('',(-21.25574874877,14.404860496521,2.));
#10884 = VECTOR('',#10885,1.);
#10885 = DIRECTION('',(0.707100097031,0.707113465279,0.));
#10886 = ORIENTED_EDGE('',*,*,#10887,.T.);
#10887 = EDGE_CURVE('',#10880,#10888,#10890,.T.);
#10888 = VERTEX_POINT('',#10889);
#10889 = CARTESIAN_POINT('',(-21.04063987731,14.59125328064,2.));
#10890 = LINE('',#10891,#10892);
#10891 = CARTESIAN_POINT('',(-21.15486145019,14.505749702454,2.));
#10892 = VECTOR('',#10893,1.);
#10893 = DIRECTION('',(0.800546688819,0.599270388907,0.));
#10894 = ORIENTED_EDGE('',*,*,#10895,.T.);
#10895 = EDGE_CURVE('',#10888,#10896,#10898,.T.);
#10896 = VERTEX_POINT('',#10897);
#10897 = CARTESIAN_POINT('',(-20.91541481018,14.659631729126,2.));
#10898 = LINE('',#10899,#10900);
#10899 = CARTESIAN_POINT('',(-21.04063987731,14.59125328064,2.));
#10900 = VECTOR('',#10901,1.);
#10901 = DIRECTION('',(0.877677844033,0.479251084604,0.));
#10902 = ORIENTED_EDGE('',*,*,#10903,.T.);
#10903 = EDGE_CURVE('',#10896,#10904,#10906,.T.);
#10904 = VERTEX_POINT('',#10905);
#10905 = CARTESIAN_POINT('',(-20.7817325592,14.709492683411,2.));
#10906 = LINE('',#10907,#10908);
#10907 = CARTESIAN_POINT('',(-20.91541481018,14.659631729126,2.));
#10908 = VECTOR('',#10909,1.);
#10909 = DIRECTION('',(0.936949604393,0.349464502957,0.));
#10910 = ORIENTED_EDGE('',*,*,#10911,.T.);
#10911 = EDGE_CURVE('',#10904,#10912,#10914,.T.);
#10912 = VERTEX_POINT('',#10913);
#10913 = CARTESIAN_POINT('',(-20.64231491088,14.739821434021,2.));
#10914 = LINE('',#10915,#10916);
#10915 = CARTESIAN_POINT('',(-20.7817325592,14.709492683411,2.));
#10916 = VECTOR('',#10917,1.);
#10917 = DIRECTION('',(0.977146432692,0.212567281295,0.));
#10918 = ORIENTED_EDGE('',*,*,#10919,.T.);
#10919 = EDGE_CURVE('',#10912,#5004,#10920,.T.);
#10920 = LINE('',#10921,#10922);
#10921 = CARTESIAN_POINT('',(-20.64231491088,14.739821434021,2.));
#10922 = VECTOR('',#10923,1.);
#10923 = DIRECTION('',(0.99745211328,7.133920179217E-02,0.));
#10924 = ORIENTED_EDGE('',*,*,#5020,.T.);
#10925 = ORIENTED_EDGE('',*,*,#10926,.T.);
#10926 = EDGE_CURVE('',#5013,#10927,#10929,.T.);
#10927 = VERTEX_POINT('',#10928);
#10928 = CARTESIAN_POINT('',(20.642314910889,14.739821434021,2.));
#10929 = LINE('',#10930,#10931);
#10930 = CARTESIAN_POINT('',(20.5,14.75,2.));
#10931 = VECTOR('',#10932,1.);
#10932 = DIRECTION('',(0.99745211328,-7.133920179217E-02,0.));
#10933 = ORIENTED_EDGE('',*,*,#10934,.T.);
#10934 = EDGE_CURVE('',#10927,#10935,#10937,.T.);
#10935 = VERTEX_POINT('',#10936);
#10936 = CARTESIAN_POINT('',(20.781732559204,14.709492683411,2.));
#10937 = LINE('',#10938,#10939);
#10938 = CARTESIAN_POINT('',(20.642314910889,14.739821434021,2.));
#10939 = VECTOR('',#10940,1.);
#10940 = DIRECTION('',(0.977146432692,-0.212567281295,0.));
#10941 = ORIENTED_EDGE('',*,*,#10942,.T.);
#10942 = EDGE_CURVE('',#10935,#10943,#10945,.T.);
#10943 = VERTEX_POINT('',#10944);
#10944 = CARTESIAN_POINT('',(20.915414810181,14.659631729126,2.));
#10945 = LINE('',#10946,#10947);
#10946 = CARTESIAN_POINT('',(20.781732559204,14.709492683411,2.));
#10947 = VECTOR('',#10948,1.);
#10948 = DIRECTION('',(0.936949604393,-0.349464502957,0.));
#10949 = ORIENTED_EDGE('',*,*,#10950,.T.);
#10950 = EDGE_CURVE('',#10943,#10951,#10953,.T.);
#10951 = VERTEX_POINT('',#10952);
#10952 = CARTESIAN_POINT('',(21.040639877319,14.59125328064,2.));
#10953 = LINE('',#10954,#10955);
#10954 = CARTESIAN_POINT('',(20.915414810181,14.659631729126,2.));
#10955 = VECTOR('',#10956,1.);
#10956 = DIRECTION('',(0.877677844033,-0.479251084604,0.));
#10957 = ORIENTED_EDGE('',*,*,#10958,.T.);
#10958 = EDGE_CURVE('',#10951,#10959,#10961,.T.);
#10959 = VERTEX_POINT('',#10960);
#10960 = CARTESIAN_POINT('',(21.154861450195,14.505749702454,2.));
#10961 = LINE('',#10962,#10963);
#10962 = CARTESIAN_POINT('',(21.040639877319,14.59125328064,2.));
#10963 = VECTOR('',#10964,1.);
#10964 = DIRECTION('',(0.800546688819,-0.599270388907,0.));
#10965 = ORIENTED_EDGE('',*,*,#10966,.T.);
#10966 = EDGE_CURVE('',#10959,#10967,#10969,.T.);
#10967 = VERTEX_POINT('',#10968);
#10968 = CARTESIAN_POINT('',(21.255748748779,14.404860496521,2.));
#10969 = LINE('',#10970,#10971);
#10970 = CARTESIAN_POINT('',(21.154861450195,14.505749702454,2.));
#10971 = VECTOR('',#10972,1.);
#10972 = DIRECTION('',(0.707100097031,-0.707113465279,0.));
#10973 = ORIENTED_EDGE('',*,*,#10974,.T.);
#10974 = EDGE_CURVE('',#10967,#10975,#10977,.T.);
#10975 = VERTEX_POINT('',#10976);
#10976 = CARTESIAN_POINT('',(21.34125328064,14.290640830994,2.));
#10977 = LINE('',#10978,#10979);
#10978 = CARTESIAN_POINT('',(21.255748748779,14.404860496521,2.));
#10979 = VECTOR('',#10980,1.);
#10980 = DIRECTION('',(0.599281085804,-0.800538681262,0.));
#10981 = ORIENTED_EDGE('',*,*,#10982,.T.);
#10982 = EDGE_CURVE('',#10975,#10983,#10985,.T.);
#10983 = VERTEX_POINT('',#10984);
#10984 = CARTESIAN_POINT('',(21.409631729126,14.165414810181,2.));
#10985 = LINE('',#10986,#10987);
#10986 = CARTESIAN_POINT('',(21.34125328064,14.290640830994,2.));
#10987 = VECTOR('',#10988,1.);
#10988 = DIRECTION('',(0.479248273091,-0.877679379238,0.));
#10989 = ORIENTED_EDGE('',*,*,#10990,.T.);
#10990 = EDGE_CURVE('',#10983,#10991,#10993,.T.);
#10991 = VERTEX_POINT('',#10992);
#10992 = CARTESIAN_POINT('',(21.459493637085,14.031732559204,2.));
#10993 = LINE('',#10994,#10995);
#10994 = CARTESIAN_POINT('',(21.409631729126,14.165414810181,2.));
#10995 = VECTOR('',#10996,1.);
#10996 = DIRECTION('',(0.349470370733,-0.936947415803,0.));
#10997 = ORIENTED_EDGE('',*,*,#10998,.T.);
#10998 = EDGE_CURVE('',#10991,#10999,#11001,.T.);
#10999 = VERTEX_POINT('',#11000);
#11000 = CARTESIAN_POINT('',(21.489822387695,13.892314910889,2.));
#11001 = LINE('',#11002,#11003);
#11002 = CARTESIAN_POINT('',(21.459493637085,14.031732559204,2.));
#11003 = VECTOR('',#11004,1.);
#11004 = DIRECTION('',(0.212567281295,-0.977146432692,0.));
#11005 = ORIENTED_EDGE('',*,*,#11006,.T.);
#11006 = EDGE_CURVE('',#10999,#5898,#11007,.T.);
#11007 = LINE('',#11008,#11009);
#11008 = CARTESIAN_POINT('',(21.489822387695,13.892314910889,2.));
#11009 = VECTOR('',#11010,1.);
#11010 = DIRECTION('',(7.13325517231E-02,-0.997452588881,0.));
#11011 = ORIENTED_EDGE('',*,*,#5897,.T.);
#11012 = ORIENTED_EDGE('',*,*,#11013,.T.);
#11013 = EDGE_CURVE('',#5890,#11014,#11016,.T.);
#11014 = VERTEX_POINT('',#11015);
#11015 = CARTESIAN_POINT('',(21.489822387695,-13.89231491088,2.));
#11016 = LINE('',#11017,#11018);
#11017 = CARTESIAN_POINT('',(21.5,-13.75,2.));
#11018 = VECTOR('',#11019,1.);
#11019 = DIRECTION('',(-7.13325517231E-02,-0.997452588881,0.));
#11020 = ORIENTED_EDGE('',*,*,#11021,.T.);
#11021 = EDGE_CURVE('',#11014,#11022,#11024,.T.);
#11022 = VERTEX_POINT('',#11023);
#11023 = CARTESIAN_POINT('',(21.459493637085,-14.0317325592,2.));
#11024 = LINE('',#11025,#11026);
#11025 = CARTESIAN_POINT('',(21.489822387695,-13.89231491088,2.));
#11026 = VECTOR('',#11027,1.);
#11027 = DIRECTION('',(-0.212567281295,-0.977146432692,0.));
#11028 = ORIENTED_EDGE('',*,*,#11029,.T.);
#11029 = EDGE_CURVE('',#11022,#11030,#11032,.T.);
#11030 = VERTEX_POINT('',#11031);
#11031 = CARTESIAN_POINT('',(21.409631729126,-14.16541481018,2.));
#11032 = LINE('',#11033,#11034);
#11033 = CARTESIAN_POINT('',(21.459493637085,-14.0317325592,2.));
#11034 = VECTOR('',#11035,1.);
#11035 = DIRECTION('',(-0.349470370733,-0.936947415803,0.));
#11036 = ORIENTED_EDGE('',*,*,#11037,.T.);
#11037 = EDGE_CURVE('',#11030,#11038,#11040,.T.);
#11038 = VERTEX_POINT('',#11039);
#11039 = CARTESIAN_POINT('',(21.34125328064,-14.29064083099,2.));
#11040 = LINE('',#11041,#11042);
#11041 = CARTESIAN_POINT('',(21.409631729126,-14.16541481018,2.));
#11042 = VECTOR('',#11043,1.);
#11043 = DIRECTION('',(-0.479248273091,-0.877679379238,0.));
#11044 = ORIENTED_EDGE('',*,*,#11045,.T.);
#11045 = EDGE_CURVE('',#11038,#11046,#11048,.T.);
#11046 = VERTEX_POINT('',#11047);
#11047 = CARTESIAN_POINT('',(21.255748748779,-14.40486049652,2.));
#11048 = LINE('',#11049,#11050);
#11049 = CARTESIAN_POINT('',(21.34125328064,-14.29064083099,2.));
#11050 = VECTOR('',#11051,1.);
#11051 = DIRECTION('',(-0.599281085804,-0.800538681262,0.));
#11052 = ORIENTED_EDGE('',*,*,#11053,.T.);
#11053 = EDGE_CURVE('',#11046,#11054,#11056,.T.);
#11054 = VERTEX_POINT('',#11055);
#11055 = CARTESIAN_POINT('',(21.154861450195,-14.50574970245,2.));
#11056 = LINE('',#11057,#11058);
#11057 = CARTESIAN_POINT('',(21.255748748779,-14.40486049652,2.));
#11058 = VECTOR('',#11059,1.);
#11059 = DIRECTION('',(-0.707100097031,-0.707113465279,0.));
#11060 = ORIENTED_EDGE('',*,*,#11061,.T.);
#11061 = EDGE_CURVE('',#11054,#11062,#11064,.T.);
#11062 = VERTEX_POINT('',#11063);
#11063 = CARTESIAN_POINT('',(21.040639877319,-14.59125328064,2.));
#11064 = LINE('',#11065,#11066);
#11065 = CARTESIAN_POINT('',(21.154861450195,-14.50574970245,2.));
#11066 = VECTOR('',#11067,1.);
#11067 = DIRECTION('',(-0.800546688819,-0.599270388907,0.));
#11068 = ORIENTED_EDGE('',*,*,#11069,.T.);
#11069 = EDGE_CURVE('',#11062,#11070,#11072,.T.);
#11070 = VERTEX_POINT('',#11071);
#11071 = CARTESIAN_POINT('',(20.915414810181,-14.65963172912,2.));
#11072 = LINE('',#11073,#11074);
#11073 = CARTESIAN_POINT('',(21.040639877319,-14.59125328064,2.));
#11074 = VECTOR('',#11075,1.);
#11075 = DIRECTION('',(-0.877677844033,-0.479251084604,0.));
#11076 = ORIENTED_EDGE('',*,*,#11077,.T.);
#11077 = EDGE_CURVE('',#11070,#11078,#11080,.T.);
#11078 = VERTEX_POINT('',#11079);
#11079 = CARTESIAN_POINT('',(20.781732559204,-14.70949268341,2.));
#11080 = LINE('',#11081,#11082);
#11081 = CARTESIAN_POINT('',(20.915414810181,-14.65963172912,2.));
#11082 = VECTOR('',#11083,1.);
#11083 = DIRECTION('',(-0.936949604393,-0.349464502957,0.));
#11084 = ORIENTED_EDGE('',*,*,#11085,.T.);
#11085 = EDGE_CURVE('',#11078,#11086,#11088,.T.);
#11086 = VERTEX_POINT('',#11087);
#11087 = CARTESIAN_POINT('',(20.642314910889,-14.73982143402,2.));
#11088 = LINE('',#11089,#11090);
#11089 = CARTESIAN_POINT('',(20.781732559204,-14.70949268341,2.));
#11090 = VECTOR('',#11091,1.);
#11091 = DIRECTION('',(-0.977146432692,-0.212567281295,0.));
#11092 = ORIENTED_EDGE('',*,*,#11093,.T.);
#11093 = EDGE_CURVE('',#11086,#5606,#11094,.T.);
#11094 = LINE('',#11095,#11096);
#11095 = CARTESIAN_POINT('',(20.642314910889,-14.73982143402,2.));
#11096 = VECTOR('',#11097,1.);
#11097 = DIRECTION('',(-0.99745211328,-7.133920179217E-02,0.));
#11098 = ORIENTED_EDGE('',*,*,#5622,.T.);
#11099 = ORIENTED_EDGE('',*,*,#11100,.T.);
#11100 = EDGE_CURVE('',#5615,#11101,#11103,.T.);
#11101 = VERTEX_POINT('',#11102);
#11102 = CARTESIAN_POINT('',(-20.64231491088,-14.73982143402,2.));
#11103 = LINE('',#11104,#11105);
#11104 = CARTESIAN_POINT('',(-20.5,-14.75,2.));
#11105 = VECTOR('',#11106,1.);
#11106 = DIRECTION('',(-0.99745211328,7.133920179217E-02,0.));
#11107 = ORIENTED_EDGE('',*,*,#11108,.T.);
#11108 = EDGE_CURVE('',#11101,#11109,#11111,.T.);
#11109 = VERTEX_POINT('',#11110);
#11110 = CARTESIAN_POINT('',(-20.7817325592,-14.70949268341,2.));
#11111 = LINE('',#11112,#11113);
#11112 = CARTESIAN_POINT('',(-20.64231491088,-14.73982143402,2.));
#11113 = VECTOR('',#11114,1.);
#11114 = DIRECTION('',(-0.977146432692,0.212567281295,0.));
#11115 = ORIENTED_EDGE('',*,*,#11116,.T.);
#11116 = EDGE_CURVE('',#11109,#11117,#11119,.T.);
#11117 = VERTEX_POINT('',#11118);
#11118 = CARTESIAN_POINT('',(-20.91541481018,-14.65963172912,2.));
#11119 = LINE('',#11120,#11121);
#11120 = CARTESIAN_POINT('',(-20.7817325592,-14.70949268341,2.));
#11121 = VECTOR('',#11122,1.);
#11122 = DIRECTION('',(-0.936949604393,0.349464502957,0.));
#11123 = ORIENTED_EDGE('',*,*,#11124,.T.);
#11124 = EDGE_CURVE('',#11117,#11125,#11127,.T.);
#11125 = VERTEX_POINT('',#11126);
#11126 = CARTESIAN_POINT('',(-21.04063987731,-14.59125328064,2.));
#11127 = LINE('',#11128,#11129);
#11128 = CARTESIAN_POINT('',(-20.91541481018,-14.65963172912,2.));
#11129 = VECTOR('',#11130,1.);
#11130 = DIRECTION('',(-0.877677844033,0.479251084604,0.));
#11131 = ORIENTED_EDGE('',*,*,#11132,.T.);
#11132 = EDGE_CURVE('',#11125,#11133,#11135,.T.);
#11133 = VERTEX_POINT('',#11134);
#11134 = CARTESIAN_POINT('',(-21.15486145019,-14.50574970245,2.));
#11135 = LINE('',#11136,#11137);
#11136 = CARTESIAN_POINT('',(-21.04063987731,-14.59125328064,2.));
#11137 = VECTOR('',#11138,1.);
#11138 = DIRECTION('',(-0.800546688819,0.599270388907,0.));
#11139 = ORIENTED_EDGE('',*,*,#11140,.T.);
#11140 = EDGE_CURVE('',#11133,#11141,#11143,.T.);
#11141 = VERTEX_POINT('',#11142);
#11142 = CARTESIAN_POINT('',(-21.25574874877,-14.40486049652,2.));
#11143 = LINE('',#11144,#11145);
#11144 = CARTESIAN_POINT('',(-21.15486145019,-14.50574970245,2.));
#11145 = VECTOR('',#11146,1.);
#11146 = DIRECTION('',(-0.707100097031,0.707113465279,0.));
#11147 = ORIENTED_EDGE('',*,*,#11148,.T.);
#11148 = EDGE_CURVE('',#11141,#11149,#11151,.T.);
#11149 = VERTEX_POINT('',#11150);
#11150 = CARTESIAN_POINT('',(-21.34125328064,-14.29064083099,2.));
#11151 = LINE('',#11152,#11153);
#11152 = CARTESIAN_POINT('',(-21.25574874877,-14.40486049652,2.));
#11153 = VECTOR('',#11154,1.);
#11154 = DIRECTION('',(-0.599281085804,0.800538681262,0.));
#11155 = ORIENTED_EDGE('',*,*,#11156,.T.);
#11156 = EDGE_CURVE('',#11149,#11157,#11159,.T.);
#11157 = VERTEX_POINT('',#11158);
#11158 = CARTESIAN_POINT('',(-21.40963172912,-14.16541481018,2.));
#11159 = LINE('',#11160,#11161);
#11160 = CARTESIAN_POINT('',(-21.34125328064,-14.29064083099,2.));
#11161 = VECTOR('',#11162,1.);
#11162 = DIRECTION('',(-0.479248273091,0.877679379238,0.));
#11163 = ORIENTED_EDGE('',*,*,#11164,.T.);
#11164 = EDGE_CURVE('',#11157,#11165,#11167,.T.);
#11165 = VERTEX_POINT('',#11166);
#11166 = CARTESIAN_POINT('',(-21.45949363708,-14.0317325592,2.));
#11167 = LINE('',#11168,#11169);
#11168 = CARTESIAN_POINT('',(-21.40963172912,-14.16541481018,2.));
#11169 = VECTOR('',#11170,1.);
#11170 = DIRECTION('',(-0.349470370733,0.936947415803,0.));
#11171 = ORIENTED_EDGE('',*,*,#11172,.T.);
#11172 = EDGE_CURVE('',#11165,#11173,#11175,.T.);
#11173 = VERTEX_POINT('',#11174);
#11174 = CARTESIAN_POINT('',(-21.48982238769,-13.89231491088,2.));
#11175 = LINE('',#11176,#11177);
#11176 = CARTESIAN_POINT('',(-21.45949363708,-14.0317325592,2.));
#11177 = VECTOR('',#11178,1.);
#11178 = DIRECTION('',(-0.212567281295,0.977146432692,0.));
#11179 = ORIENTED_EDGE('',*,*,#11180,.T.);
#11180 = EDGE_CURVE('',#11173,#5288,#11181,.T.);
#11181 = LINE('',#11182,#11183);
#11182 = CARTESIAN_POINT('',(-21.48982238769,-13.89231491088,2.));
#11183 = VECTOR('',#11184,1.);
#11184 = DIRECTION('',(-7.13325517231E-02,0.997452588881,0.));
#11185 = PLANE('',#11186);
#11186 = AXIS2_PLACEMENT_3D('',#11187,#11188,#11189);
#11187 = CARTESIAN_POINT('',(1.6E-16,-2.5E-16,2.));
#11188 = DIRECTION('',(0.,0.,1.));
#11189 = DIRECTION('',(1.,0.,0.));
#11190 = ADVANCED_FACE('',(#11191),#11209,.T.);
#11191 = FACE_BOUND('',#11192,.T.);
#11192 = EDGE_LOOP('',(#11193,#11201,#11207,#11208));
#11193 = ORIENTED_EDGE('',*,*,#11194,.F.);
#11194 = EDGE_CURVE('',#11195,#10583,#11197,.T.);
#11195 = VERTEX_POINT('',#11196);
#11196 = CARTESIAN_POINT('',(22.490139201397,-14.13815118918,0.));
#11197 = LINE('',#11198,#11199);
#11198 = CARTESIAN_POINT('',(22.490139007568,-14.13815116882,-0.5));
#11199 = VECTOR('',#11200,1.);
#11200 = DIRECTION('',(0.,0.,1.));
#11201 = ORIENTED_EDGE('',*,*,#11202,.F.);
#11202 = EDGE_CURVE('',#4871,#11195,#11203,.T.);
#11203 = LINE('',#11204,#11205);
#11204 = CARTESIAN_POINT('',(22.831275561664,-7.629140347342,0.));
#11205 = VECTOR('',#11206,1.);
#11206 = DIRECTION('',(-5.233806027225E-02,-0.998629424485,0.));
#11207 = ORIENTED_EDGE('',*,*,#4870,.T.);
#11208 = ORIENTED_EDGE('',*,*,#10590,.T.);
#11209 = PLANE('',#11210);
#11210 = AXIS2_PLACEMENT_3D('',#11211,#11212,#11213);
#11211 = CARTESIAN_POINT('',(22.495069503784,-14.04407548904,0.75));
#11212 = DIRECTION('',(0.998629424485,-5.233806027225E-02,0.));
#11213 = DIRECTION('',(5.233806027225E-02,0.998629424485,0.));
#11214 = ADVANCED_FACE('',(#11215),#11233,.T.);
#11215 = FACE_BOUND('',#11216,.T.);
#11216 = EDGE_LOOP('',(#11217,#11218,#11219,#11227));
#11217 = ORIENTED_EDGE('',*,*,#10597,.T.);
#11218 = ORIENTED_EDGE('',*,*,#4904,.T.);
#11219 = ORIENTED_EDGE('',*,*,#11220,.F.);
#11220 = EDGE_CURVE('',#11221,#4897,#11223,.T.);
#11221 = VERTEX_POINT('',#11222);
#11222 = CARTESIAN_POINT('',(22.490139201394,14.138151189206,0.));
#11223 = LINE('',#11224,#11225);
#11224 = CARTESIAN_POINT('',(22.83127556146,7.629140351243,0.));
#11225 = VECTOR('',#11226,1.);
#11226 = DIRECTION('',(5.233806027225E-02,-0.998629424485,0.));
#11227 = ORIENTED_EDGE('',*,*,#11228,.T.);
#11228 = EDGE_CURVE('',#11221,#10598,#11229,.T.);
#11229 = LINE('',#11230,#11231);
#11230 = CARTESIAN_POINT('',(22.490139007568,14.138151168823,-0.5));
#11231 = VECTOR('',#11232,1.);
#11232 = DIRECTION('',(0.,0.,1.));
#11233 = PLANE('',#11234);
#11234 = AXIS2_PLACEMENT_3D('',#11235,#11236,#11237);
#11235 = CARTESIAN_POINT('',(22.495069503784,14.044075489044,0.75));
#11236 = DIRECTION('',(0.998629424485,5.233806027225E-02,0.));
#11237 = DIRECTION('',(-5.233806027225E-02,0.998629424485,0.));
#11238 = ADVANCED_FACE('',(#11239),#11382,.T.);
#11239 = FACE_BOUND('',#11240,.T.);
#11240 = EDGE_LOOP('',(#11241,#11248,#11249,#11250,#11258,#11267,#11276,
    #11285,#11294,#11303,#11312,#11321,#11330,#11339,#11348,#11357,
    #11366,#11375));
#11241 = ORIENTED_EDGE('',*,*,#11242,.F.);
#11242 = EDGE_CURVE('',#4897,#11221,#11243,.T.);
#11243 = CIRCLE('',#11244,1.800000190735);
#11244 = AXIS2_PLACEMENT_3D('',#11245,#11246,#11247);
#11245 = CARTESIAN_POINT('',(20.699999809265,13.949999809265,0.));
#11246 = DIRECTION('',(0.,0.,1.));
#11247 = DIRECTION('',(1.,0.,0.));
#11248 = ORIENTED_EDGE('',*,*,#4896,.T.);
#11249 = ORIENTED_EDGE('',*,*,#10098,.T.);
#11250 = ORIENTED_EDGE('',*,*,#11251,.F.);
#11251 = EDGE_CURVE('',#11252,#10099,#11254,.T.);
#11252 = VERTEX_POINT('',#11253);
#11253 = CARTESIAN_POINT('',(20.699999809265,15.75,0.));
#11254 = LINE('',#11255,#11256);
#11255 = CARTESIAN_POINT('',(20.699999809265,15.75,0.));
#11256 = VECTOR('',#11257,1.);
#11257 = DIRECTION('',(-0.,-0.,-1.));
#11258 = ORIENTED_EDGE('',*,*,#11259,.F.);
#11259 = EDGE_CURVE('',#11260,#11252,#11262,.T.);
#11260 = VERTEX_POINT('',#11261);
#11261 = CARTESIAN_POINT('',(20.888151189197,15.740139201395,0.));
#11262 = CIRCLE('',#11263,1.800000190735);
#11263 = AXIS2_PLACEMENT_3D('',#11264,#11265,#11266);
#11264 = CARTESIAN_POINT('',(20.699999809265,13.949999809265,0.));
#11265 = DIRECTION('',(0.,0.,1.));
#11266 = DIRECTION('',(1.,0.,0.));
#11267 = ORIENTED_EDGE('',*,*,#11268,.F.);
#11268 = EDGE_CURVE('',#11269,#11260,#11271,.T.);
#11269 = VERTEX_POINT('',#11270);
#11270 = CARTESIAN_POINT('',(21.074241619456,15.710665614706,0.));
#11271 = CIRCLE('',#11272,1.800000190735);
#11272 = AXIS2_PLACEMENT_3D('',#11273,#11274,#11275);
#11273 = CARTESIAN_POINT('',(20.699999809265,13.949999809265,0.));
#11274 = DIRECTION('',(0.,0.,1.));
#11275 = DIRECTION('',(1.,0.,0.));
#11276 = ORIENTED_EDGE('',*,*,#11277,.F.);
#11277 = EDGE_CURVE('',#11278,#11269,#11280,.T.);
#11278 = VERTEX_POINT('',#11279);
#11279 = CARTESIAN_POINT('',(21.256231303553,15.661901460362,0.));
#11280 = CIRCLE('',#11281,1.800000190735);
#11281 = AXIS2_PLACEMENT_3D('',#11282,#11283,#11284);
#11282 = CARTESIAN_POINT('',(20.699999809265,13.949999809265,0.));
#11283 = DIRECTION('',(0.,0.,1.));
#11284 = DIRECTION('',(1.,0.,0.));
#11285 = ORIENTED_EDGE('',*,*,#11286,.F.);
#11286 = EDGE_CURVE('',#11287,#11278,#11289,.T.);
#11287 = VERTEX_POINT('',#11288);
#11288 = CARTESIAN_POINT('',(21.432125064865,15.594382226142,0.));
#11289 = CIRCLE('',#11290,1.800000190735);
#11290 = AXIS2_PLACEMENT_3D('',#11291,#11292,#11293);
#11291 = CARTESIAN_POINT('',(20.699999809265,13.949999809265,0.));
#11292 = DIRECTION('',(0.,0.,1.));
#11293 = DIRECTION('',(1.,0.,0.));
#11294 = ORIENTED_EDGE('',*,*,#11295,.F.);
#11295 = EDGE_CURVE('',#11296,#11287,#11298,.T.);
#11296 = VERTEX_POINT('',#11297);
#11297 = CARTESIAN_POINT('',(21.600000402397,15.508845365538,0.));
#11298 = CIRCLE('',#11299,1.800000190735);
#11299 = AXIS2_PLACEMENT_3D('',#11300,#11301,#11302);
#11300 = CARTESIAN_POINT('',(20.699999809265,13.949999809265,0.));
#11301 = DIRECTION('',(0.,0.,1.));
#11302 = DIRECTION('',(1.,0.,0.));
#11303 = ORIENTED_EDGE('',*,*,#11304,.F.);
#11304 = EDGE_CURVE('',#11305,#11296,#11307,.T.);
#11305 = VERTEX_POINT('',#11306);
#11306 = CARTESIAN_POINT('',(21.758012787221,15.406230948014,0.));
#11307 = CIRCLE('',#11308,1.800000190735);
#11308 = AXIS2_PLACEMENT_3D('',#11309,#11310,#11311);
#11309 = CARTESIAN_POINT('',(20.699999809265,13.949999809265,0.));
#11310 = DIRECTION('',(0.,0.,1.));
#11311 = DIRECTION('',(1.,0.,0.));
#11312 = ORIENTED_EDGE('',*,*,#11313,.F.);
#11313 = EDGE_CURVE('',#11314,#11305,#11316,.T.);
#11314 = VERTEX_POINT('',#11315);
#11315 = CARTESIAN_POINT('',(21.9044343981,15.287660814207,0.));
#11316 = CIRCLE('',#11317,1.800000190735);
#11317 = AXIS2_PLACEMENT_3D('',#11318,#11319,#11320);
#11318 = CARTESIAN_POINT('',(20.699999809265,13.949999809265,0.));
#11319 = DIRECTION('',(0.,0.,1.));
#11320 = DIRECTION('',(1.,0.,0.));
#11321 = ORIENTED_EDGE('',*,*,#11322,.F.);
#11322 = EDGE_CURVE('',#11323,#11314,#11325,.T.);
#11323 = VERTEX_POINT('',#11324);
#11324 = CARTESIAN_POINT('',(22.037660577097,15.154435138274,0.));
#11325 = CIRCLE('',#11326,1.800000190735);
#11326 = AXIS2_PLACEMENT_3D('',#11327,#11328,#11329);
#11327 = CARTESIAN_POINT('',(20.699999809265,13.949999809265,0.));
#11328 = DIRECTION('',(0.,0.,1.));
#11329 = DIRECTION('',(1.,0.,0.));
#11330 = ORIENTED_EDGE('',*,*,#11331,.F.);
#11331 = EDGE_CURVE('',#11332,#11323,#11334,.T.);
#11332 = VERTEX_POINT('',#11333);
#11333 = CARTESIAN_POINT('',(22.156230721261,15.008013576157,0.));
#11334 = CIRCLE('',#11335,1.800000190735);
#11335 = AXIS2_PLACEMENT_3D('',#11336,#11337,#11338);
#11336 = CARTESIAN_POINT('',(20.699999809265,13.949999809265,0.));
#11337 = DIRECTION('',(0.,0.,1.));
#11338 = DIRECTION('',(1.,0.,0.));
#11339 = ORIENTED_EDGE('',*,*,#11340,.F.);
#11340 = EDGE_CURVE('',#11341,#11332,#11343,.T.);
#11341 = VERTEX_POINT('',#11342);
#11342 = CARTESIAN_POINT('',(22.258845961583,14.850000195922,0.));
#11343 = CIRCLE('',#11344,1.800000190735);
#11344 = AXIS2_PLACEMENT_3D('',#11345,#11346,#11347);
#11345 = CARTESIAN_POINT('',(20.699999809265,13.949999809265,0.));
#11346 = DIRECTION('',(0.,0.,1.));
#11347 = DIRECTION('',(1.,0.,0.));
#11348 = ORIENTED_EDGE('',*,*,#11349,.F.);
#11349 = EDGE_CURVE('',#11350,#11341,#11352,.T.);
#11350 = VERTEX_POINT('',#11351);
#11351 = CARTESIAN_POINT('',(22.344381493239,14.682126116834,0.));
#11352 = CIRCLE('',#11353,1.800000190735);
#11353 = AXIS2_PLACEMENT_3D('',#11354,#11355,#11356);
#11354 = CARTESIAN_POINT('',(20.699999809265,13.949999809265,0.));
#11355 = DIRECTION('',(0.,0.,1.));
#11356 = DIRECTION('',(1.,0.,0.));
#11357 = ORIENTED_EDGE('',*,*,#11358,.F.);
#11358 = EDGE_CURVE('',#11359,#11350,#11361,.T.);
#11359 = VERTEX_POINT('',#11360);
#11360 = CARTESIAN_POINT('',(22.411901600503,14.506230395406,0.));
#11361 = CIRCLE('',#11362,1.800000190735);
#11362 = AXIS2_PLACEMENT_3D('',#11363,#11364,#11365);
#11363 = CARTESIAN_POINT('',(20.699999809265,13.949999809265,0.));
#11364 = DIRECTION('',(0.,0.,1.));
#11365 = DIRECTION('',(1.,0.,0.));
#11366 = ORIENTED_EDGE('',*,*,#11367,.F.);
#11367 = EDGE_CURVE('',#11368,#11359,#11370,.T.);
#11368 = VERTEX_POINT('',#11369);
#11369 = CARTESIAN_POINT('',(22.460665214228,14.324240783376,0.));
#11370 = CIRCLE('',#11371,1.800000190735);
#11371 = AXIS2_PLACEMENT_3D('',#11372,#11373,#11374);
#11372 = CARTESIAN_POINT('',(20.699999809265,13.949999809265,0.));
#11373 = DIRECTION('',(0.,0.,1.));
#11374 = DIRECTION('',(1.,0.,0.));
#11375 = ORIENTED_EDGE('',*,*,#11376,.F.);
#11376 = EDGE_CURVE('',#11221,#11368,#11377,.T.);
#11377 = CIRCLE('',#11378,1.800000190735);
#11378 = AXIS2_PLACEMENT_3D('',#11379,#11380,#11381);
#11379 = CARTESIAN_POINT('',(20.699999809265,13.949999809265,0.));
#11380 = DIRECTION('',(0.,0.,1.));
#11381 = DIRECTION('',(1.,0.,0.));
#11382 = CYLINDRICAL_SURFACE('',#11383,1.800000190735);
#11383 = AXIS2_PLACEMENT_3D('',#11384,#11385,#11386);
#11384 = CARTESIAN_POINT('',(20.699999809265,13.949999809265,0.));
#11385 = DIRECTION('',(0.,0.,1.));
#11386 = DIRECTION('',(1.,0.,0.));
#11387 = ADVANCED_FACE('',(#11388),#11531,.T.);
#11388 = FACE_BOUND('',#11389,.T.);
#11389 = EDGE_LOOP('',(#11390,#11398,#11399,#11400,#11407,#11416,#11425,
    #11434,#11443,#11452,#11461,#11470,#11479,#11488,#11497,#11506,
    #11515,#11524));
#11390 = ORIENTED_EDGE('',*,*,#11391,.F.);
#11391 = EDGE_CURVE('',#10125,#11392,#11394,.T.);
#11392 = VERTEX_POINT('',#11393);
#11393 = CARTESIAN_POINT('',(20.699999809265,-15.75,0.));
#11394 = LINE('',#11395,#11396);
#11395 = CARTESIAN_POINT('',(20.700000762939,-15.75,-0.5));
#11396 = VECTOR('',#11397,1.);
#11397 = DIRECTION('',(0.,0.,1.));
#11398 = ORIENTED_EDGE('',*,*,#10132,.T.);
#11399 = ORIENTED_EDGE('',*,*,#4880,.F.);
#11400 = ORIENTED_EDGE('',*,*,#11401,.F.);
#11401 = EDGE_CURVE('',#11195,#4871,#11402,.T.);
#11402 = CIRCLE('',#11403,1.800000190735);
#11403 = AXIS2_PLACEMENT_3D('',#11404,#11405,#11406);
#11404 = CARTESIAN_POINT('',(20.699999809265,-13.94999980926,0.));
#11405 = DIRECTION('',(0.,0.,1.));
#11406 = DIRECTION('',(1.,0.,0.));
#11407 = ORIENTED_EDGE('',*,*,#11408,.F.);
#11408 = EDGE_CURVE('',#11409,#11195,#11411,.T.);
#11409 = VERTEX_POINT('',#11410);
#11410 = CARTESIAN_POINT('',(22.460665214228,-14.32424078337,0.));
#11411 = CIRCLE('',#11412,1.800000190735);
#11412 = AXIS2_PLACEMENT_3D('',#11413,#11414,#11415);
#11413 = CARTESIAN_POINT('',(20.699999809265,-13.94999980926,0.));
#11414 = DIRECTION('',(0.,0.,1.));
#11415 = DIRECTION('',(1.,0.,0.));
#11416 = ORIENTED_EDGE('',*,*,#11417,.F.);
#11417 = EDGE_CURVE('',#11418,#11409,#11420,.T.);
#11418 = VERTEX_POINT('',#11419);
#11419 = CARTESIAN_POINT('',(22.411901600506,-14.50623039539,0.));
#11420 = CIRCLE('',#11421,1.800000190735);
#11421 = AXIS2_PLACEMENT_3D('',#11422,#11423,#11424);
#11422 = CARTESIAN_POINT('',(20.699999809265,-13.94999980926,0.));
#11423 = DIRECTION('',(0.,0.,1.));
#11424 = DIRECTION('',(1.,0.,0.));
#11425 = ORIENTED_EDGE('',*,*,#11426,.F.);
#11426 = EDGE_CURVE('',#11427,#11418,#11429,.T.);
#11427 = VERTEX_POINT('',#11428);
#11428 = CARTESIAN_POINT('',(22.344381493235,-14.68212611684,0.));
#11429 = CIRCLE('',#11430,1.800000190735);
#11430 = AXIS2_PLACEMENT_3D('',#11431,#11432,#11433);
#11431 = CARTESIAN_POINT('',(20.699999809265,-13.94999980926,0.));
#11432 = DIRECTION('',(0.,0.,1.));
#11433 = DIRECTION('',(1.,0.,0.));
#11434 = ORIENTED_EDGE('',*,*,#11435,.F.);
#11435 = EDGE_CURVE('',#11436,#11427,#11438,.T.);
#11436 = VERTEX_POINT('',#11437);
#11437 = CARTESIAN_POINT('',(22.258845961575,-14.85000019593,0.));
#11438 = CIRCLE('',#11439,1.800000190735);
#11439 = AXIS2_PLACEMENT_3D('',#11440,#11441,#11442);
#11440 = CARTESIAN_POINT('',(20.699999809265,-13.94999980926,0.));
#11441 = DIRECTION('',(0.,0.,1.));
#11442 = DIRECTION('',(1.,0.,0.));
#11443 = ORIENTED_EDGE('',*,*,#11444,.F.);
#11444 = EDGE_CURVE('',#11445,#11436,#11447,.T.);
#11445 = VERTEX_POINT('',#11446);
#11446 = CARTESIAN_POINT('',(22.156230721261,-15.00801357615,0.));
#11447 = CIRCLE('',#11448,1.800000190735);
#11448 = AXIS2_PLACEMENT_3D('',#11449,#11450,#11451);
#11449 = CARTESIAN_POINT('',(20.699999809265,-13.94999980926,0.));
#11450 = DIRECTION('',(0.,0.,1.));
#11451 = DIRECTION('',(1.,0.,0.));
#11452 = ORIENTED_EDGE('',*,*,#11453,.F.);
#11453 = EDGE_CURVE('',#11454,#11445,#11456,.T.);
#11454 = VERTEX_POINT('',#11455);
#11455 = CARTESIAN_POINT('',(22.037660577095,-15.15443513827,0.));
#11456 = CIRCLE('',#11457,1.800000190735);
#11457 = AXIS2_PLACEMENT_3D('',#11458,#11459,#11460);
#11458 = CARTESIAN_POINT('',(20.699999809265,-13.94999980926,0.));
#11459 = DIRECTION('',(0.,0.,1.));
#11460 = DIRECTION('',(1.,0.,0.));
#11461 = ORIENTED_EDGE('',*,*,#11462,.F.);
#11462 = EDGE_CURVE('',#11463,#11454,#11465,.T.);
#11463 = VERTEX_POINT('',#11464);
#11464 = CARTESIAN_POINT('',(21.904434398109,-15.28766081419,0.));
#11465 = CIRCLE('',#11466,1.800000190735);
#11466 = AXIS2_PLACEMENT_3D('',#11467,#11468,#11469);
#11467 = CARTESIAN_POINT('',(20.699999809265,-13.94999980926,0.));
#11468 = DIRECTION('',(0.,0.,1.));
#11469 = DIRECTION('',(1.,0.,0.));
#11470 = ORIENTED_EDGE('',*,*,#11471,.F.);
#11471 = EDGE_CURVE('',#11472,#11463,#11474,.T.);
#11472 = VERTEX_POINT('',#11473);
#11473 = CARTESIAN_POINT('',(21.758012787223,-15.40623094801,0.));
#11474 = CIRCLE('',#11475,1.800000190735);
#11475 = AXIS2_PLACEMENT_3D('',#11476,#11477,#11478);
#11476 = CARTESIAN_POINT('',(20.699999809265,-13.94999980926,0.));
#11477 = DIRECTION('',(0.,0.,1.));
#11478 = DIRECTION('',(1.,0.,0.));
#11479 = ORIENTED_EDGE('',*,*,#11480,.F.);
#11480 = EDGE_CURVE('',#11481,#11472,#11483,.T.);
#11481 = VERTEX_POINT('',#11482);
#11482 = CARTESIAN_POINT('',(21.600000402402,-15.50884536553,0.));
#11483 = CIRCLE('',#11484,1.800000190735);
#11484 = AXIS2_PLACEMENT_3D('',#11485,#11486,#11487);
#11485 = CARTESIAN_POINT('',(20.699999809265,-13.94999980926,0.));
#11486 = DIRECTION('',(0.,0.,1.));
#11487 = DIRECTION('',(1.,0.,0.));
#11488 = ORIENTED_EDGE('',*,*,#11489,.F.);
#11489 = EDGE_CURVE('',#11490,#11481,#11492,.T.);
#11490 = VERTEX_POINT('',#11491);
#11491 = CARTESIAN_POINT('',(21.432125064873,-15.59438222613,0.));
#11492 = CIRCLE('',#11493,1.800000190735);
#11493 = AXIS2_PLACEMENT_3D('',#11494,#11495,#11496);
#11494 = CARTESIAN_POINT('',(20.699999809265,-13.94999980926,0.));
#11495 = DIRECTION('',(0.,0.,1.));
#11496 = DIRECTION('',(1.,0.,0.));
#11497 = ORIENTED_EDGE('',*,*,#11498,.F.);
#11498 = EDGE_CURVE('',#11499,#11490,#11501,.T.);
#11499 = VERTEX_POINT('',#11500);
#11500 = CARTESIAN_POINT('',(21.256231303552,-15.66190146036,0.));
#11501 = CIRCLE('',#11502,1.800000190735);
#11502 = AXIS2_PLACEMENT_3D('',#11503,#11504,#11505);
#11503 = CARTESIAN_POINT('',(20.699999809265,-13.94999980926,0.));
#11504 = DIRECTION('',(0.,0.,1.));
#11505 = DIRECTION('',(1.,0.,0.));
#11506 = ORIENTED_EDGE('',*,*,#11507,.F.);
#11507 = EDGE_CURVE('',#11508,#11499,#11510,.T.);
#11508 = VERTEX_POINT('',#11509);
#11509 = CARTESIAN_POINT('',(21.074241619448,-15.7106656147,0.));
#11510 = CIRCLE('',#11511,1.800000190735);
#11511 = AXIS2_PLACEMENT_3D('',#11512,#11513,#11514);
#11512 = CARTESIAN_POINT('',(20.699999809265,-13.94999980926,0.));
#11513 = DIRECTION('',(0.,0.,1.));
#11514 = DIRECTION('',(1.,0.,0.));
#11515 = ORIENTED_EDGE('',*,*,#11516,.F.);
#11516 = EDGE_CURVE('',#11517,#11508,#11519,.T.);
#11517 = VERTEX_POINT('',#11518);
#11518 = CARTESIAN_POINT('',(20.888151189191,-15.74013920139,0.));
#11519 = CIRCLE('',#11520,1.800000190735);
#11520 = AXIS2_PLACEMENT_3D('',#11521,#11522,#11523);
#11521 = CARTESIAN_POINT('',(20.699999809265,-13.94999980926,0.));
#11522 = DIRECTION('',(0.,0.,1.));
#11523 = DIRECTION('',(1.,0.,0.));
#11524 = ORIENTED_EDGE('',*,*,#11525,.F.);
#11525 = EDGE_CURVE('',#11392,#11517,#11526,.T.);
#11526 = CIRCLE('',#11527,1.800000190735);
#11527 = AXIS2_PLACEMENT_3D('',#11528,#11529,#11530);
#11528 = CARTESIAN_POINT('',(20.699999809265,-13.94999980926,0.));
#11529 = DIRECTION('',(0.,0.,1.));
#11530 = DIRECTION('',(1.,0.,0.));
#11531 = CYLINDRICAL_SURFACE('',#11532,1.800000190735);
#11532 = AXIS2_PLACEMENT_3D('',#11533,#11534,#11535);
#11533 = CARTESIAN_POINT('',(20.699999809265,-13.94999980926,0.));
#11534 = DIRECTION('',(0.,0.,1.));
#11535 = DIRECTION('',(1.,0.,0.));
#11536 = ADVANCED_FACE('',(#11537),#11547,.T.);
#11537 = FACE_BOUND('',#11538,.T.);
#11538 = EDGE_LOOP('',(#11539,#11545,#11546));
#11539 = ORIENTED_EDGE('',*,*,#11540,.T.);
#11540 = EDGE_CURVE('',#6162,#4981,#11541,.T.);
#11541 = LINE('',#11542,#11543);
#11542 = CARTESIAN_POINT('',(20.685911178589,14.732566833496,4.5));
#11543 = VECTOR('',#11544,1.);
#11544 = DIRECTION('',(-0.993712215305,0.111964428076,0.));
#11545 = ORIENTED_EDGE('',*,*,#4980,.F.);
#11546 = ORIENTED_EDGE('',*,*,#6169,.T.);
#11547 = PLANE('',#11548);
#11548 = AXIS2_PLACEMENT_3D('',#11549,#11550,#11551);
#11549 = CARTESIAN_POINT('',(20.626525223402,14.740395285044,
    5.713738040649));
#11550 = DIRECTION('',(0.111964379542,0.993711784555,-9.311011881752E-04
    ));
#11551 = DIRECTION('',(0.993712215305,-0.111964428076,
    -1.355252715607E-20));
#11552 = ADVANCED_FACE('',(#11553),#11563,.T.);
#11553 = FACE_BOUND('',#11554,.T.);
#11554 = EDGE_LOOP('',(#11555,#11561,#11562));
#11555 = ORIENTED_EDGE('',*,*,#11556,.T.);
#11556 = EDGE_CURVE('',#4981,#5013,#11557,.T.);
#11557 = LINE('',#11558,#11559);
#11558 = CARTESIAN_POINT('',(20.537391662598,14.749300956726,4.5));
#11559 = VECTOR('',#11560,1.);
#11560 = DIRECTION('',(-1.495499181852E-02,2.795860284374E-04,
    -0.999888128768));
#11561 = ORIENTED_EDGE('',*,*,#5012,.F.);
#11562 = ORIENTED_EDGE('',*,*,#4988,.T.);
#11563 = PLANE('',#11564);
#11564 = AXIS2_PLACEMENT_3D('',#11565,#11566,#11567);
#11565 = CARTESIAN_POINT('',(20.50934843856,14.749825229406,4.5));
#11566 = DIRECTION('',(1.869189804271E-02,0.999825291212,0.));
#11567 = DIRECTION('',(0.999825291212,-1.869189804271E-02,0.));
#11568 = ADVANCED_FACE('',(#11569),#11579,.T.);
#11569 = FACE_BOUND('',#11570,.T.);
#11570 = EDGE_LOOP('',(#11571,#11577,#11578));
#11571 = ORIENTED_EDGE('',*,*,#11572,.T.);
#11572 = EDGE_CURVE('',#5004,#5035,#11573,.T.);
#11573 = LINE('',#11574,#11575);
#11574 = CARTESIAN_POINT('',(-20.5,14.75,2.));
#11575 = VECTOR('',#11576,1.);
#11576 = DIRECTION('',(-1.495499181852E-02,-2.795860284374E-04,
    0.999888128768));
#11577 = ORIENTED_EDGE('',*,*,#5034,.F.);
#11578 = ORIENTED_EDGE('',*,*,#5003,.T.);
#11579 = PLANE('',#11580);
#11580 = AXIS2_PLACEMENT_3D('',#11581,#11582,#11583);
#11581 = CARTESIAN_POINT('',(-20.50934843856,14.749825229406,4.5));
#11582 = DIRECTION('',(-1.869189804271E-02,0.999825291212,0.));
#11583 = DIRECTION('',(0.999825291212,1.869189804271E-02,0.));
#11584 = ADVANCED_FACE('',(#11585),#11595,.T.);
#11585 = FACE_BOUND('',#11586,.T.);
#11586 = EDGE_LOOP('',(#11587,#11593,#11594));
#11587 = ORIENTED_EDGE('',*,*,#11588,.T.);
#11588 = EDGE_CURVE('',#5035,#5058,#11589,.T.);
#11589 = LINE('',#11590,#11591);
#11590 = CARTESIAN_POINT('',(-20.53739166259,14.749300956726,4.5));
#11591 = VECTOR('',#11592,1.);
#11592 = DIRECTION('',(-0.993712215305,-0.111964428076,0.));
#11593 = ORIENTED_EDGE('',*,*,#5057,.F.);
#11594 = ORIENTED_EDGE('',*,*,#5042,.T.);
#11595 = PLANE('',#11596);
#11596 = AXIS2_PLACEMENT_3D('',#11597,#11598,#11599);
#11597 = CARTESIAN_POINT('',(-20.6265252234,14.740395285044,
    5.713738040649));
#11598 = DIRECTION('',(-0.111964379542,0.993711784555,
    -9.311011881752E-04));
#11599 = DIRECTION('',(0.993712215305,0.111964428076,1.355252715607E-20)
  );
#11600 = ADVANCED_FACE('',(#11601),#11611,.T.);
#11601 = FACE_BOUND('',#11602,.T.);
#11602 = EDGE_LOOP('',(#11603,#11609,#11610));
#11603 = ORIENTED_EDGE('',*,*,#11604,.T.);
#11604 = EDGE_CURVE('',#5058,#5081,#11605,.T.);
#11605 = LINE('',#11606,#11607);
#11606 = CARTESIAN_POINT('',(-20.68591117858,14.732566833496,4.5));
#11607 = VECTOR('',#11608,1.);
#11608 = DIRECTION('',(-0.965924468364,-0.258824112896,0.));
#11609 = ORIENTED_EDGE('',*,*,#5080,.F.);
#11610 = ORIENTED_EDGE('',*,*,#5065,.T.);
#11611 = PLANE('',#11612);
#11612 = AXIS2_PLACEMENT_3D('',#11613,#11614,#11615);
#11613 = CARTESIAN_POINT('',(-20.76956083866,14.711415591728,
    5.713736799344));
#11614 = DIRECTION('',(-0.258823982135,0.965923980367,
    -1.005198564162E-03));
#11615 = DIRECTION('',(0.965924468364,0.258824112896,-5.421010862428E-20
    ));
#11616 = ADVANCED_FACE('',(#11617),#11627,.T.);
#11617 = FACE_BOUND('',#11618,.T.);
#11618 = EDGE_LOOP('',(#11619,#11625,#11626));
#11619 = ORIENTED_EDGE('',*,*,#11620,.T.);
#11620 = EDGE_CURVE('',#5081,#5104,#11621,.T.);
#11621 = LINE('',#11622,#11623);
#11622 = CARTESIAN_POINT('',(-20.8302783966,14.6938829422,4.5));
#11623 = VECTOR('',#11624,1.);
#11624 = DIRECTION('',(-0.916562809072,-0.399890756365,0.));
#11625 = ORIENTED_EDGE('',*,*,#5103,.F.);
#11626 = ORIENTED_EDGE('',*,*,#5088,.T.);
#11627 = PLANE('',#11628);
#11628 = AXIS2_PLACEMENT_3D('',#11629,#11630,#11631);
#11629 = CARTESIAN_POINT('',(-20.90684585248,14.661881702119,
    5.713736027481));
#11630 = DIRECTION('',(-0.399890531389,0.916562293418,
    -1.060750103006E-03));
#11631 = DIRECTION('',(0.916562809072,0.399890756365,5.421010862428E-20)
  );
#11632 = ADVANCED_FACE('',(#11633),#11643,.T.);
#11633 = FACE_BOUND('',#11634,.T.);
#11634 = EDGE_LOOP('',(#11635,#11641,#11642));
#11635 = ORIENTED_EDGE('',*,*,#11636,.T.);
#11636 = EDGE_CURVE('',#5104,#5127,#11637,.T.);
#11637 = LINE('',#11638,#11639);
#11638 = CARTESIAN_POINT('',(-20.96726799011,14.634115219116,4.5));
#11639 = VECTOR('',#11640,1.);
#11640 = DIRECTION('',(-0.846726890665,-0.532027793094,0.));
#11641 = ORIENTED_EDGE('',*,*,#5126,.F.);
#11642 = ORIENTED_EDGE('',*,*,#5111,.T.);
#11643 = PLANE('',#11644);
#11644 = AXIS2_PLACEMENT_3D('',#11645,#11646,#11647);
#11645 = CARTESIAN_POINT('',(-21.03544189078,14.592852276015,
    5.713735321563));
#11646 = DIRECTION('',(-0.532027472731,0.846726380804,
    -1.097410271911E-03));
#11647 = DIRECTION('',(0.846726890665,0.532027793094,1.084202172486E-19)
  );
#11648 = ADVANCED_FACE('',(#11649),#11659,.T.);
#11649 = FACE_BOUND('',#11650,.T.);
#11650 = EDGE_LOOP('',(#11651,#11657,#11658));
#11651 = ORIENTED_EDGE('',*,*,#11652,.T.);
#11652 = EDGE_CURVE('',#5127,#5150,#11653,.T.);
#11653 = LINE('',#11654,#11655);
#11654 = CARTESIAN_POINT('',(-21.09382057189,14.554597854614,4.5));
#11655 = VECTOR('',#11656,1.);
#11656 = DIRECTION('',(-0.757971915616,-0.652287187623,0.));
#11657 = ORIENTED_EDGE('',*,*,#5149,.F.);
#11658 = ORIENTED_EDGE('',*,*,#5134,.T.);
#11659 = PLANE('',#11660);
#11660 = AXIS2_PLACEMENT_3D('',#11661,#11662,#11663);
#11661 = CARTESIAN_POINT('',(-21.15259784875,14.505803410817,
    5.7137351273));
#11662 = DIRECTION('',(-0.652286781235,0.757971443385,-1.116261451E-03)
  );
#11663 = DIRECTION('',(0.757971915616,0.652287187623,0.));
#11664 = ADVANCED_FACE('',(#11665),#11675,.T.);
#11665 = FACE_BOUND('',#11666,.T.);
#11666 = EDGE_LOOP('',(#11667,#11673,#11674));
#11667 = ORIENTED_EDGE('',*,*,#11668,.T.);
#11668 = EDGE_CURVE('',#5150,#5173,#11669,.T.);
#11669 = LINE('',#11670,#11671);
#11670 = CARTESIAN_POINT('',(-21.20710754394,14.457106590271,4.5));
#11671 = VECTOR('',#11672,1.);
#11672 = DIRECTION('',(-0.65228667648,-0.75797235549,0.));
#11673 = ORIENTED_EDGE('',*,*,#5172,.F.);
#11674 = ORIENTED_EDGE('',*,*,#5157,.T.);
#11675 = PLANE('',#11676);
#11676 = AXIS2_PLACEMENT_3D('',#11677,#11678,#11679);
#11677 = CARTESIAN_POINT('',(-21.25580319328,14.402597140801,
    5.71373544387));
#11678 = DIRECTION('',(-0.757971883731,0.652286270499,
    -1.115702405856E-03));
#11679 = DIRECTION('',(-0.65228667648,-0.75797235549,1.084202172486E-19)
  );
#11680 = ADVANCED_FACE('',(#11681),#11691,.T.);
#11681 = FACE_BOUND('',#11682,.T.);
#11682 = EDGE_LOOP('',(#11683,#11689,#11690));
#11683 = ORIENTED_EDGE('',*,*,#11684,.T.);
#11684 = EDGE_CURVE('',#5173,#5196,#11685,.T.);
#11685 = LINE('',#11686,#11687);
#11686 = CARTESIAN_POINT('',(-21.30459785461,14.343820571899,4.5));
#11687 = VECTOR('',#11688,1.);
#11688 = DIRECTION('',(-0.532030667526,-0.846725084553,0.));
#11689 = ORIENTED_EDGE('',*,*,#5195,.F.);
#11690 = ORIENTED_EDGE('',*,*,#5180,.T.);
#11691 = PLANE('',#11692);
#11692 = AXIS2_PLACEMENT_3D('',#11693,#11694,#11695);
#11693 = CARTESIAN_POINT('',(-21.34285227585,14.285442599797,
    5.713735511666));
#11694 = DIRECTION('',(-0.846724574586,0.532030347094,-1.09752559807E-03
    ));
#11695 = DIRECTION('',(-0.532030667526,-0.846725084553,0.));
#11696 = ADVANCED_FACE('',(#11697),#11707,.T.);
#11697 = FACE_BOUND('',#11698,.T.);
#11698 = EDGE_LOOP('',(#11699,#11705,#11706));
#11699 = ORIENTED_EDGE('',*,*,#11700,.T.);
#11700 = EDGE_CURVE('',#5196,#5219,#11701,.T.);
#11701 = LINE('',#11702,#11703);
#11702 = CARTESIAN_POINT('',(-21.38411521911,14.217268943787,4.5));
#11703 = VECTOR('',#11704,1.);
#11704 = DIRECTION('',(-0.39989611677,-0.916560470342,0.));
#11705 = ORIENTED_EDGE('',*,*,#5218,.F.);
#11706 = ORIENTED_EDGE('',*,*,#5203,.T.);
#11707 = PLANE('',#11708);
#11708 = AXIS2_PLACEMENT_3D('',#11709,#11710,#11711);
#11709 = CARTESIAN_POINT('',(-21.41188194754,14.156846342814,
    5.713735937636));
#11710 = DIRECTION('',(-0.916559954968,0.399895891912,
    -1.060462503133E-03));
#11711 = DIRECTION('',(-0.39989611677,-0.916560470342,
    -5.421010862428E-20));
#11712 = ADVANCED_FACE('',(#11713),#11723,.T.);
#11713 = FACE_BOUND('',#11714,.T.);
#11714 = EDGE_LOOP('',(#11715,#11721,#11722));
#11715 = ORIENTED_EDGE('',*,*,#11716,.T.);
#11716 = EDGE_CURVE('',#5219,#5242,#11717,.T.);
#11717 = LINE('',#11718,#11719);
#11718 = CARTESIAN_POINT('',(-21.44388389587,14.080279350281,4.5));
#11719 = VECTOR('',#11720,1.);
#11720 = DIRECTION('',(-0.258816564351,-0.965926491001,0.));
#11721 = ORIENTED_EDGE('',*,*,#5241,.F.);
#11722 = ORIENTED_EDGE('',*,*,#5226,.T.);
#11723 = PLANE('',#11724);
#11724 = AXIS2_PLACEMENT_3D('',#11725,#11726,#11727);
#11725 = CARTESIAN_POINT('',(-21.46141630018,14.019561082629,
    5.713736640544));
#11726 = DIRECTION('',(-0.965926002945,0.258816433578,
    -1.005259042709E-03));
#11727 = DIRECTION('',(-0.258816564351,-0.965926491001,0.));
#11728 = ADVANCED_FACE('',(#11729),#11739,.T.);
#11729 = FACE_BOUND('',#11730,.T.);
#11730 = EDGE_LOOP('',(#11731,#11737,#11738));
#11731 = ORIENTED_EDGE('',*,*,#11732,.T.);
#11732 = EDGE_CURVE('',#5242,#5265,#11733,.T.);
#11733 = LINE('',#11734,#11735);
#11734 = CARTESIAN_POINT('',(-21.48256683349,13.935911178589,4.5));
#11735 = VECTOR('',#11736,1.);
#11736 = DIRECTION('',(-0.111958127229,-0.993712925219,0.));
#11737 = ORIENTED_EDGE('',*,*,#5264,.F.);
#11738 = ORIENTED_EDGE('',*,*,#5249,.T.);
#11739 = PLANE('',#11740);
#11740 = AXIS2_PLACEMENT_3D('',#11741,#11742,#11743);
#11741 = CARTESIAN_POINT('',(-21.4903955026,13.876525223782,
    5.713738065771));
#11742 = DIRECTION('',(-0.993712494015,0.111958078647,
    -9.315921963519E-04));
#11743 = DIRECTION('',(-0.111958127229,-0.993712925219,0.));
#11744 = ADVANCED_FACE('',(#11745),#11755,.T.);
#11745 = FACE_BOUND('',#11746,.T.);
#11746 = EDGE_LOOP('',(#11747,#11753,#11754));
#11747 = ORIENTED_EDGE('',*,*,#11748,.T.);
#11748 = EDGE_CURVE('',#5265,#5290,#11749,.T.);
#11749 = LINE('',#11750,#11751);
#11750 = CARTESIAN_POINT('',(-21.49930000305,13.787391662598,4.5));
#11751 = VECTOR('',#11752,1.);
#11752 = DIRECTION('',(-2.799674554586E-04,-1.495499181692E-02,
    -0.999888128661));
#11753 = ORIENTED_EDGE('',*,*,#5304,.F.);
#11754 = ORIENTED_EDGE('',*,*,#5272,.T.);
#11755 = PLANE('',#11756);
#11756 = AXIS2_PLACEMENT_3D('',#11757,#11758,#11759);
#11757 = CARTESIAN_POINT('',(-21.49982499097,13.759348438561,4.5));
#11758 = DIRECTION('',(-0.999824814317,1.871738965795E-02,0.));
#11759 = DIRECTION('',(-1.871738965795E-02,-0.999824814317,0.));
#11760 = ADVANCED_FACE('',(#11761),#11771,.T.);
#11761 = FACE_BOUND('',#11762,.T.);
#11762 = EDGE_LOOP('',(#11763,#11769,#11770));
#11763 = ORIENTED_EDGE('',*,*,#11764,.T.);
#11764 = EDGE_CURVE('',#5288,#5353,#11765,.T.);
#11765 = LINE('',#11766,#11767);
#11766 = CARTESIAN_POINT('',(-21.5,-13.75,2.));
#11767 = VECTOR('',#11768,1.);
#11768 = DIRECTION('',(2.799674554586E-04,-1.495499181692E-02,
    0.999888128661));
#11769 = ORIENTED_EDGE('',*,*,#5352,.F.);
#11770 = ORIENTED_EDGE('',*,*,#5297,.T.);
#11771 = PLANE('',#11772);
#11772 = AXIS2_PLACEMENT_3D('',#11773,#11774,#11775);
#11773 = CARTESIAN_POINT('',(-21.49982499097,-13.75934843856,4.5));
#11774 = DIRECTION('',(-0.999824814317,-1.871738965795E-02,-0.));
#11775 = DIRECTION('',(1.871738965795E-02,-0.999824814317,0.));
#11776 = ADVANCED_FACE('',(#11777),#11794,.T.);
#11777 = FACE_BOUND('',#11778,.T.);
#11778 = EDGE_LOOP('',(#11779,#11780,#11788));
#11779 = ORIENTED_EDGE('',*,*,#5312,.F.);
#11780 = ORIENTED_EDGE('',*,*,#11781,.T.);
#11781 = EDGE_CURVE('',#5313,#11782,#11784,.T.);
#11782 = VERTEX_POINT('',#11783);
#11783 = CARTESIAN_POINT('',(-21.14475822448,-8.,3.5));
#11784 = LINE('',#11785,#11786);
#11785 = CARTESIAN_POINT('',(-21.5,-8.,4.832156658173));
#11786 = VECTOR('',#11787,1.);
#11787 = DIRECTION('',(0.25766265056,0.,-0.966234939601));
#11788 = ORIENTED_EDGE('',*,*,#11789,.T.);
#11789 = EDGE_CURVE('',#11782,#5315,#11790,.T.);
#11790 = LINE('',#11791,#11792);
#11791 = CARTESIAN_POINT('',(-21.14475822448,-8.,3.5));
#11792 = VECTOR('',#11793,1.);
#11793 = DIRECTION('',(-0.25766265056,0.,-0.966234939601));
#11794 = PLANE('',#11795);
#11795 = AXIS2_PLACEMENT_3D('',#11796,#11797,#11798);
#11796 = CARTESIAN_POINT('',(-21.4096644637,-8.,3.5));
#11797 = DIRECTION('',(0.,1.,0.));
#11798 = DIRECTION('',(0.,0.,1.));
#11799 = ADVANCED_FACE('',(#11800),#11818,.T.);
#11800 = FACE_BOUND('',#11801,.T.);
#11801 = EDGE_LOOP('',(#11802,#11803,#11804,#11812));
#11802 = ORIENTED_EDGE('',*,*,#5322,.F.);
#11803 = ORIENTED_EDGE('',*,*,#11789,.F.);
#11804 = ORIENTED_EDGE('',*,*,#11805,.T.);
#11805 = EDGE_CURVE('',#11782,#11806,#11808,.T.);
#11806 = VERTEX_POINT('',#11807);
#11807 = CARTESIAN_POINT('',(-21.14475822448,8.,3.5));
#11808 = LINE('',#11809,#11810);
#11809 = CARTESIAN_POINT('',(-21.14475822448,-8.,3.5));
#11810 = VECTOR('',#11811,1.);
#11811 = DIRECTION('',(0.,1.,0.));
#11812 = ORIENTED_EDGE('',*,*,#11813,.T.);
#11813 = EDGE_CURVE('',#11806,#5323,#11814,.T.);
#11814 = LINE('',#11815,#11816);
#11815 = CARTESIAN_POINT('',(-21.14475822448,8.,3.5));
#11816 = VECTOR('',#11817,1.);
#11817 = DIRECTION('',(-0.25766265056,0.,-0.966234939601));
#11818 = PLANE('',#11819);
#11819 = AXIS2_PLACEMENT_3D('',#11820,#11821,#11822);
#11820 = CARTESIAN_POINT('',(-21.32237911224,0.,2.833921670914));
#11821 = DIRECTION('',(-0.966234939601,0.,0.25766265056));
#11822 = DIRECTION('',(-0.25766265056,0.,-0.966234939601));
#11823 = ADVANCED_FACE('',(#11824),#11834,.T.);
#11824 = FACE_BOUND('',#11825,.T.);
#11825 = EDGE_LOOP('',(#11826,#11827,#11833));
#11826 = ORIENTED_EDGE('',*,*,#11813,.F.);
#11827 = ORIENTED_EDGE('',*,*,#11828,.F.);
#11828 = EDGE_CURVE('',#5331,#11806,#11829,.T.);
#11829 = LINE('',#11830,#11831);
#11830 = CARTESIAN_POINT('',(-21.5,8.,4.832156658173));
#11831 = VECTOR('',#11832,1.);
#11832 = DIRECTION('',(0.25766265056,0.,-0.966234939601));
#11833 = ORIENTED_EDGE('',*,*,#5330,.F.);
#11834 = PLANE('',#11835);
#11835 = AXIS2_PLACEMENT_3D('',#11836,#11837,#11838);
#11836 = CARTESIAN_POINT('',(-21.4096644637,8.,3.5));
#11837 = DIRECTION('',(-0.,-1.,-0.));
#11838 = DIRECTION('',(0.,0.,-1.));
#11839 = ADVANCED_FACE('',(#11840),#11846,.T.);
#11840 = FACE_BOUND('',#11841,.T.);
#11841 = EDGE_LOOP('',(#11842,#11843,#11844,#11845));
#11842 = ORIENTED_EDGE('',*,*,#11805,.F.);
#11843 = ORIENTED_EDGE('',*,*,#11781,.F.);
#11844 = ORIENTED_EDGE('',*,*,#5338,.F.);
#11845 = ORIENTED_EDGE('',*,*,#11828,.T.);
#11846 = PLANE('',#11847);
#11847 = AXIS2_PLACEMENT_3D('',#11848,#11849,#11850);
#11848 = CARTESIAN_POINT('',(-21.32237911224,0.,4.166078329086));
#11849 = DIRECTION('',(-0.966234939601,-0.,-0.25766265056));
#11850 = DIRECTION('',(0.25766265056,0.,-0.966234939601));
#11851 = ADVANCED_FACE('',(#11852),#11862,.T.);
#11852 = FACE_BOUND('',#11853,.T.);
#11853 = EDGE_LOOP('',(#11854,#11860,#11861));
#11854 = ORIENTED_EDGE('',*,*,#11855,.T.);
#11855 = EDGE_CURVE('',#5353,#5376,#11856,.T.);
#11856 = LINE('',#11857,#11858);
#11857 = CARTESIAN_POINT('',(-21.49930000305,-13.78739166259,4.5));
#11858 = VECTOR('',#11859,1.);
#11859 = DIRECTION('',(0.111958127229,-0.993712925219,0.));
#11860 = ORIENTED_EDGE('',*,*,#5375,.F.);
#11861 = ORIENTED_EDGE('',*,*,#5360,.T.);
#11862 = PLANE('',#11863);
#11863 = AXIS2_PLACEMENT_3D('',#11864,#11865,#11866);
#11864 = CARTESIAN_POINT('',(-21.4903955026,-13.87652522378,
    5.713738065771));
#11865 = DIRECTION('',(-0.993712494015,-0.111958078647,
    -9.315921963519E-04));
#11866 = DIRECTION('',(0.111958127229,-0.993712925219,0.));
#11867 = ADVANCED_FACE('',(#11868),#11878,.T.);
#11868 = FACE_BOUND('',#11869,.T.);
#11869 = EDGE_LOOP('',(#11870,#11876,#11877));
#11870 = ORIENTED_EDGE('',*,*,#11871,.T.);
#11871 = EDGE_CURVE('',#5376,#5399,#11872,.T.);
#11872 = LINE('',#11873,#11874);
#11873 = CARTESIAN_POINT('',(-21.48256683349,-13.93591117858,4.5));
#11874 = VECTOR('',#11875,1.);
#11875 = DIRECTION('',(0.258816564351,-0.965926491001,0.));
#11876 = ORIENTED_EDGE('',*,*,#5398,.F.);
#11877 = ORIENTED_EDGE('',*,*,#5383,.T.);
#11878 = PLANE('',#11879);
#11879 = AXIS2_PLACEMENT_3D('',#11880,#11881,#11882);
#11880 = CARTESIAN_POINT('',(-21.46141630018,-14.01956108262,
    5.713736640544));
#11881 = DIRECTION('',(-0.965926002945,-0.258816433578,
    -1.005259042709E-03));
#11882 = DIRECTION('',(0.258816564351,-0.965926491001,0.));
#11883 = ADVANCED_FACE('',(#11884),#11894,.T.);
#11884 = FACE_BOUND('',#11885,.T.);
#11885 = EDGE_LOOP('',(#11886,#11892,#11893));
#11886 = ORIENTED_EDGE('',*,*,#11887,.T.);
#11887 = EDGE_CURVE('',#5399,#5422,#11888,.T.);
#11888 = LINE('',#11889,#11890);
#11889 = CARTESIAN_POINT('',(-21.44388389587,-14.08027935028,4.5));
#11890 = VECTOR('',#11891,1.);
#11891 = DIRECTION('',(0.39989611677,-0.916560470342,0.));
#11892 = ORIENTED_EDGE('',*,*,#5421,.F.);
#11893 = ORIENTED_EDGE('',*,*,#5406,.T.);
#11894 = PLANE('',#11895);
#11895 = AXIS2_PLACEMENT_3D('',#11896,#11897,#11898);
#11896 = CARTESIAN_POINT('',(-21.41188194754,-14.15684634281,
    5.713735937636));
#11897 = DIRECTION('',(-0.916559954968,-0.399895891912,
    -1.060462503133E-03));
#11898 = DIRECTION('',(0.39989611677,-0.916560470342,5.421010862428E-20)
  );
#11899 = ADVANCED_FACE('',(#11900),#11910,.T.);
#11900 = FACE_BOUND('',#11901,.T.);
#11901 = EDGE_LOOP('',(#11902,#11908,#11909));
#11902 = ORIENTED_EDGE('',*,*,#11903,.T.);
#11903 = EDGE_CURVE('',#5422,#5445,#11904,.T.);
#11904 = LINE('',#11905,#11906);
#11905 = CARTESIAN_POINT('',(-21.38411521911,-14.21726894378,4.5));
#11906 = VECTOR('',#11907,1.);
#11907 = DIRECTION('',(0.532030667526,-0.846725084553,0.));
#11908 = ORIENTED_EDGE('',*,*,#5444,.F.);
#11909 = ORIENTED_EDGE('',*,*,#5429,.T.);
#11910 = PLANE('',#11911);
#11911 = AXIS2_PLACEMENT_3D('',#11912,#11913,#11914);
#11912 = CARTESIAN_POINT('',(-21.34285227585,-14.28544259979,
    5.713735511666));
#11913 = DIRECTION('',(-0.846724574586,-0.532030347094,
    -1.09752559807E-03));
#11914 = DIRECTION('',(0.532030667526,-0.846725084553,0.));
#11915 = ADVANCED_FACE('',(#11916),#11926,.T.);
#11916 = FACE_BOUND('',#11917,.T.);
#11917 = EDGE_LOOP('',(#11918,#11924,#11925));
#11918 = ORIENTED_EDGE('',*,*,#11919,.T.);
#11919 = EDGE_CURVE('',#5445,#5468,#11920,.T.);
#11920 = LINE('',#11921,#11922);
#11921 = CARTESIAN_POINT('',(-21.30459785461,-14.34382057189,4.5));
#11922 = VECTOR('',#11923,1.);
#11923 = DIRECTION('',(0.65228667648,-0.75797235549,0.));
#11924 = ORIENTED_EDGE('',*,*,#5467,.F.);
#11925 = ORIENTED_EDGE('',*,*,#5452,.T.);
#11926 = PLANE('',#11927);
#11927 = AXIS2_PLACEMENT_3D('',#11928,#11929,#11930);
#11928 = CARTESIAN_POINT('',(-21.25580319328,-14.4025971408,
    5.71373544387));
#11929 = DIRECTION('',(-0.757971883731,-0.652286270499,
    -1.115702405856E-03));
#11930 = DIRECTION('',(0.65228667648,-0.75797235549,-1.084202172486E-19)
  );
#11931 = ADVANCED_FACE('',(#11932),#11942,.T.);
#11932 = FACE_BOUND('',#11933,.T.);
#11933 = EDGE_LOOP('',(#11934,#11940,#11941));
#11934 = ORIENTED_EDGE('',*,*,#11935,.T.);
#11935 = EDGE_CURVE('',#5468,#5491,#11936,.T.);
#11936 = LINE('',#11937,#11938);
#11937 = CARTESIAN_POINT('',(-21.20710754394,-14.45710659027,4.5));
#11938 = VECTOR('',#11939,1.);
#11939 = DIRECTION('',(0.757971915616,-0.652287187623,0.));
#11940 = ORIENTED_EDGE('',*,*,#5490,.F.);
#11941 = ORIENTED_EDGE('',*,*,#5475,.T.);
#11942 = PLANE('',#11943);
#11943 = AXIS2_PLACEMENT_3D('',#11944,#11945,#11946);
#11944 = CARTESIAN_POINT('',(-21.15259784875,-14.50580341081,
    5.7137351273));
#11945 = DIRECTION('',(-0.652286781235,-0.757971443385,-1.116261451E-03)
  );
#11946 = DIRECTION('',(-0.757971915616,0.652287187623,0.));
#11947 = ADVANCED_FACE('',(#11948),#11958,.T.);
#11948 = FACE_BOUND('',#11949,.T.);
#11949 = EDGE_LOOP('',(#11950,#11956,#11957));
#11950 = ORIENTED_EDGE('',*,*,#11951,.T.);
#11951 = EDGE_CURVE('',#5491,#5514,#11952,.T.);
#11952 = LINE('',#11953,#11954);
#11953 = CARTESIAN_POINT('',(-21.09382057189,-14.55459785461,4.5));
#11954 = VECTOR('',#11955,1.);
#11955 = DIRECTION('',(0.846726890665,-0.532027793094,0.));
#11956 = ORIENTED_EDGE('',*,*,#5513,.F.);
#11957 = ORIENTED_EDGE('',*,*,#5498,.T.);
#11958 = PLANE('',#11959);
#11959 = AXIS2_PLACEMENT_3D('',#11960,#11961,#11962);
#11960 = CARTESIAN_POINT('',(-21.03544189078,-14.59285227601,
    5.713735321563));
#11961 = DIRECTION('',(-0.532027472731,-0.846726380804,
    -1.097410271911E-03));
#11962 = DIRECTION('',(-0.846726890665,0.532027793094,0.));
#11963 = ADVANCED_FACE('',(#11964),#11974,.T.);
#11964 = FACE_BOUND('',#11965,.T.);
#11965 = EDGE_LOOP('',(#11966,#11972,#11973));
#11966 = ORIENTED_EDGE('',*,*,#11967,.T.);
#11967 = EDGE_CURVE('',#5514,#5537,#11968,.T.);
#11968 = LINE('',#11969,#11970);
#11969 = CARTESIAN_POINT('',(-20.96726799011,-14.63411521911,4.5));
#11970 = VECTOR('',#11971,1.);
#11971 = DIRECTION('',(0.916562809072,-0.399890756365,0.));
#11972 = ORIENTED_EDGE('',*,*,#5536,.F.);
#11973 = ORIENTED_EDGE('',*,*,#5521,.T.);
#11974 = PLANE('',#11975);
#11975 = AXIS2_PLACEMENT_3D('',#11976,#11977,#11978);
#11976 = CARTESIAN_POINT('',(-20.90684585248,-14.66188170211,
    5.713736027481));
#11977 = DIRECTION('',(-0.399890531389,-0.916562293418,
    -1.060750103006E-03));
#11978 = DIRECTION('',(-0.916562809072,0.399890756365,
    -5.421010862428E-20));
#11979 = ADVANCED_FACE('',(#11980),#11990,.T.);
#11980 = FACE_BOUND('',#11981,.T.);
#11981 = EDGE_LOOP('',(#11982,#11988,#11989));
#11982 = ORIENTED_EDGE('',*,*,#11983,.T.);
#11983 = EDGE_CURVE('',#5537,#5560,#11984,.T.);
#11984 = LINE('',#11985,#11986);
#11985 = CARTESIAN_POINT('',(-20.8302783966,-14.6938829422,4.5));
#11986 = VECTOR('',#11987,1.);
#11987 = DIRECTION('',(0.965924468364,-0.258824112896,0.));
#11988 = ORIENTED_EDGE('',*,*,#5559,.F.);
#11989 = ORIENTED_EDGE('',*,*,#5544,.T.);
#11990 = PLANE('',#11991);
#11991 = AXIS2_PLACEMENT_3D('',#11992,#11993,#11994);
#11992 = CARTESIAN_POINT('',(-20.76956083866,-14.71141559172,
    5.713736799344));
#11993 = DIRECTION('',(-0.258823982135,-0.965923980367,
    -1.005198564162E-03));
#11994 = DIRECTION('',(-0.965924468364,0.258824112896,5.421010862428E-20
    ));
#11995 = ADVANCED_FACE('',(#11996),#12006,.T.);
#11996 = FACE_BOUND('',#11997,.T.);
#11997 = EDGE_LOOP('',(#11998,#12004,#12005));
#11998 = ORIENTED_EDGE('',*,*,#11999,.T.);
#11999 = EDGE_CURVE('',#5560,#5583,#12000,.T.);
#12000 = LINE('',#12001,#12002);
#12001 = CARTESIAN_POINT('',(-20.68591117858,-14.73256683349,4.5));
#12002 = VECTOR('',#12003,1.);
#12003 = DIRECTION('',(0.993712215305,-0.111964428076,0.));
#12004 = ORIENTED_EDGE('',*,*,#5582,.F.);
#12005 = ORIENTED_EDGE('',*,*,#5567,.T.);
#12006 = PLANE('',#12007);
#12007 = AXIS2_PLACEMENT_3D('',#12008,#12009,#12010);
#12008 = CARTESIAN_POINT('',(-20.6265252234,-14.74039528504,
    5.713738040649));
#12009 = DIRECTION('',(-0.111964379542,-0.993711784555,
    -9.311011881752E-04));
#12010 = DIRECTION('',(-0.993712215305,0.111964428076,
    -1.355252715607E-20));
#12011 = ADVANCED_FACE('',(#12012),#12022,.T.);
#12012 = FACE_BOUND('',#12013,.T.);
#12013 = EDGE_LOOP('',(#12014,#12020,#12021));
#12014 = ORIENTED_EDGE('',*,*,#12015,.T.);
#12015 = EDGE_CURVE('',#5583,#5615,#12016,.T.);
#12016 = LINE('',#12017,#12018);
#12017 = CARTESIAN_POINT('',(-20.53739166259,-14.74930095672,4.5));
#12018 = VECTOR('',#12019,1.);
#12019 = DIRECTION('',(1.495499181852E-02,-2.795860284374E-04,
    -0.999888128768));
#12020 = ORIENTED_EDGE('',*,*,#5614,.F.);
#12021 = ORIENTED_EDGE('',*,*,#5590,.T.);
#12022 = PLANE('',#12023);
#12023 = AXIS2_PLACEMENT_3D('',#12024,#12025,#12026);
#12024 = CARTESIAN_POINT('',(-20.50934843856,-14.7498252294,4.5));
#12025 = DIRECTION('',(-1.869189804271E-02,-0.999825291212,-0.));
#12026 = DIRECTION('',(-0.999825291212,1.869189804271E-02,0.));
#12027 = ADVANCED_FACE('',(#12028),#12038,.T.);
#12028 = FACE_BOUND('',#12029,.T.);
#12029 = EDGE_LOOP('',(#12030,#12036,#12037));
#12030 = ORIENTED_EDGE('',*,*,#12031,.T.);
#12031 = EDGE_CURVE('',#5606,#5637,#12032,.T.);
#12032 = LINE('',#12033,#12034);
#12033 = CARTESIAN_POINT('',(20.5,-14.75,2.));
#12034 = VECTOR('',#12035,1.);
#12035 = DIRECTION('',(1.495499181852E-02,2.795860284374E-04,
    0.999888128768));
#12036 = ORIENTED_EDGE('',*,*,#5636,.F.);
#12037 = ORIENTED_EDGE('',*,*,#5605,.T.);
#12038 = PLANE('',#12039);
#12039 = AXIS2_PLACEMENT_3D('',#12040,#12041,#12042);
#12040 = CARTESIAN_POINT('',(20.50934843856,-14.7498252294,4.5));
#12041 = DIRECTION('',(1.869189804271E-02,-0.999825291212,0.));
#12042 = DIRECTION('',(-0.999825291212,-1.869189804271E-02,0.));
#12043 = ADVANCED_FACE('',(#12044),#12054,.T.);
#12044 = FACE_BOUND('',#12045,.T.);
#12045 = EDGE_LOOP('',(#12046,#12052,#12053));
#12046 = ORIENTED_EDGE('',*,*,#12047,.T.);
#12047 = EDGE_CURVE('',#5637,#5660,#12048,.T.);
#12048 = LINE('',#12049,#12050);
#12049 = CARTESIAN_POINT('',(20.537391662598,-14.74930095672,4.5));
#12050 = VECTOR('',#12051,1.);
#12051 = DIRECTION('',(0.993712215305,0.111964428076,0.));
#12052 = ORIENTED_EDGE('',*,*,#5659,.F.);
#12053 = ORIENTED_EDGE('',*,*,#5644,.T.);
#12054 = PLANE('',#12055);
#12055 = AXIS2_PLACEMENT_3D('',#12056,#12057,#12058);
#12056 = CARTESIAN_POINT('',(20.626525223402,-14.74039528504,
    5.713738040649));
#12057 = DIRECTION('',(0.111964379542,-0.993711784555,
    -9.311011881752E-04));
#12058 = DIRECTION('',(-0.993712215305,-0.111964428076,
    1.355252715607E-20));
#12059 = ADVANCED_FACE('',(#12060),#12070,.T.);
#12060 = FACE_BOUND('',#12061,.T.);
#12061 = EDGE_LOOP('',(#12062,#12068,#12069));
#12062 = ORIENTED_EDGE('',*,*,#12063,.T.);
#12063 = EDGE_CURVE('',#5660,#5683,#12064,.T.);
#12064 = LINE('',#12065,#12066);
#12065 = CARTESIAN_POINT('',(20.685911178589,-14.73256683349,4.5));
#12066 = VECTOR('',#12067,1.);
#12067 = DIRECTION('',(0.965924468364,0.258824112896,0.));
#12068 = ORIENTED_EDGE('',*,*,#5682,.F.);
#12069 = ORIENTED_EDGE('',*,*,#5667,.T.);
#12070 = PLANE('',#12071);
#12071 = AXIS2_PLACEMENT_3D('',#12072,#12073,#12074);
#12072 = CARTESIAN_POINT('',(20.769560838668,-14.71141559172,
    5.713736799344));
#12073 = DIRECTION('',(0.258823982135,-0.965923980367,
    -1.005198564162E-03));
#12074 = DIRECTION('',(-0.965924468364,-0.258824112896,
    -5.421010862428E-20));
#12075 = ADVANCED_FACE('',(#12076),#12086,.T.);
#12076 = FACE_BOUND('',#12077,.T.);
#12077 = EDGE_LOOP('',(#12078,#12084,#12085));
#12078 = ORIENTED_EDGE('',*,*,#12079,.T.);
#12079 = EDGE_CURVE('',#5683,#5706,#12080,.T.);
#12080 = LINE('',#12081,#12082);
#12081 = CARTESIAN_POINT('',(20.830278396606,-14.6938829422,4.5));
#12082 = VECTOR('',#12083,1.);
#12083 = DIRECTION('',(0.916562809072,0.399890756365,0.));
#12084 = ORIENTED_EDGE('',*,*,#5705,.F.);
#12085 = ORIENTED_EDGE('',*,*,#5690,.T.);
#12086 = PLANE('',#12087);
#12087 = AXIS2_PLACEMENT_3D('',#12088,#12089,#12090);
#12088 = CARTESIAN_POINT('',(20.90684585248,-14.66188170211,
    5.713736027481));
#12089 = DIRECTION('',(0.399890531389,-0.916562293418,
    -1.060750103006E-03));
#12090 = DIRECTION('',(-0.916562809072,-0.399890756365,
    5.421010862428E-20));
#12091 = ADVANCED_FACE('',(#12092),#12102,.T.);
#12092 = FACE_BOUND('',#12093,.T.);
#12093 = EDGE_LOOP('',(#12094,#12100,#12101));
#12094 = ORIENTED_EDGE('',*,*,#12095,.T.);
#12095 = EDGE_CURVE('',#5706,#5729,#12096,.T.);
#12096 = LINE('',#12097,#12098);
#12097 = CARTESIAN_POINT('',(20.967267990112,-14.63411521911,4.5));
#12098 = VECTOR('',#12099,1.);
#12099 = DIRECTION('',(0.846726890665,0.532027793094,0.));
#12100 = ORIENTED_EDGE('',*,*,#5728,.F.);
#12101 = ORIENTED_EDGE('',*,*,#5713,.T.);
#12102 = PLANE('',#12103);
#12103 = AXIS2_PLACEMENT_3D('',#12104,#12105,#12106);
#12104 = CARTESIAN_POINT('',(21.035441890787,-14.59285227601,
    5.713735321563));
#12105 = DIRECTION('',(0.532027472731,-0.846726380804,
    -1.097410271911E-03));
#12106 = DIRECTION('',(-0.846726890665,-0.532027793094,
    1.084202172486E-19));
#12107 = ADVANCED_FACE('',(#12108),#12118,.T.);
#12108 = FACE_BOUND('',#12109,.T.);
#12109 = EDGE_LOOP('',(#12110,#12116,#12117));
#12110 = ORIENTED_EDGE('',*,*,#12111,.T.);
#12111 = EDGE_CURVE('',#5729,#5752,#12112,.T.);
#12112 = LINE('',#12113,#12114);
#12113 = CARTESIAN_POINT('',(21.093820571899,-14.55459785461,4.5));
#12114 = VECTOR('',#12115,1.);
#12115 = DIRECTION('',(0.757971915616,0.652287187623,0.));
#12116 = ORIENTED_EDGE('',*,*,#5751,.F.);
#12117 = ORIENTED_EDGE('',*,*,#5736,.T.);
#12118 = PLANE('',#12119);
#12119 = AXIS2_PLACEMENT_3D('',#12120,#12121,#12122);
#12120 = CARTESIAN_POINT('',(21.152597848752,-14.50580341081,
    5.7137351273));
#12121 = DIRECTION('',(0.652286781235,-0.757971443385,-1.116261451E-03)
  );
#12122 = DIRECTION('',(-0.757971915616,-0.652287187623,0.));
#12123 = ADVANCED_FACE('',(#12124),#12134,.T.);
#12124 = FACE_BOUND('',#12125,.T.);
#12125 = EDGE_LOOP('',(#12126,#12132,#12133));
#12126 = ORIENTED_EDGE('',*,*,#12127,.T.);
#12127 = EDGE_CURVE('',#5752,#5775,#12128,.T.);
#12128 = LINE('',#12129,#12130);
#12129 = CARTESIAN_POINT('',(21.207107543945,-14.45710659027,4.5));
#12130 = VECTOR('',#12131,1.);
#12131 = DIRECTION('',(0.65228667648,0.75797235549,0.));
#12132 = ORIENTED_EDGE('',*,*,#5774,.F.);
#12133 = ORIENTED_EDGE('',*,*,#5759,.T.);
#12134 = PLANE('',#12135);
#12135 = AXIS2_PLACEMENT_3D('',#12136,#12137,#12138);
#12136 = CARTESIAN_POINT('',(21.255803193281,-14.4025971408,
    5.71373544387));
#12137 = DIRECTION('',(0.757971883731,-0.652286270499,
    -1.115702405856E-03));
#12138 = DIRECTION('',(0.65228667648,0.75797235549,1.084202172486E-19));
#12139 = ADVANCED_FACE('',(#12140),#12150,.T.);
#12140 = FACE_BOUND('',#12141,.T.);
#12141 = EDGE_LOOP('',(#12142,#12148,#12149));
#12142 = ORIENTED_EDGE('',*,*,#12143,.T.);
#12143 = EDGE_CURVE('',#5775,#5798,#12144,.T.);
#12144 = LINE('',#12145,#12146);
#12145 = CARTESIAN_POINT('',(21.304597854614,-14.34382057189,4.5));
#12146 = VECTOR('',#12147,1.);
#12147 = DIRECTION('',(0.532030667526,0.846725084553,0.));
#12148 = ORIENTED_EDGE('',*,*,#5797,.F.);
#12149 = ORIENTED_EDGE('',*,*,#5782,.T.);
#12150 = PLANE('',#12151);
#12151 = AXIS2_PLACEMENT_3D('',#12152,#12153,#12154);
#12152 = CARTESIAN_POINT('',(21.342852275858,-14.28544259979,
    5.713735511666));
#12153 = DIRECTION('',(0.846724574586,-0.532030347094,-1.09752559807E-03
    ));
#12154 = DIRECTION('',(0.532030667526,0.846725084553,0.));
#12155 = ADVANCED_FACE('',(#12156),#12166,.T.);
#12156 = FACE_BOUND('',#12157,.T.);
#12157 = EDGE_LOOP('',(#12158,#12164,#12165));
#12158 = ORIENTED_EDGE('',*,*,#12159,.T.);
#12159 = EDGE_CURVE('',#5798,#5821,#12160,.T.);
#12160 = LINE('',#12161,#12162);
#12161 = CARTESIAN_POINT('',(21.384115219116,-14.21726894378,4.5));
#12162 = VECTOR('',#12163,1.);
#12163 = DIRECTION('',(0.39989611677,0.916560470342,0.));
#12164 = ORIENTED_EDGE('',*,*,#5820,.F.);
#12165 = ORIENTED_EDGE('',*,*,#5805,.T.);
#12166 = PLANE('',#12167);
#12167 = AXIS2_PLACEMENT_3D('',#12168,#12169,#12170);
#12168 = CARTESIAN_POINT('',(21.411881947545,-14.15684634281,
    5.713735937636));
#12169 = DIRECTION('',(0.916559954968,-0.399895891912,
    -1.060462503133E-03));
#12170 = DIRECTION('',(0.39989611677,0.916560470342,-5.421010862428E-20)
  );
#12171 = ADVANCED_FACE('',(#12172),#12182,.T.);
#12172 = FACE_BOUND('',#12173,.T.);
#12173 = EDGE_LOOP('',(#12174,#12180,#12181));
#12174 = ORIENTED_EDGE('',*,*,#12175,.T.);
#12175 = EDGE_CURVE('',#5821,#5844,#12176,.T.);
#12176 = LINE('',#12177,#12178);
#12177 = CARTESIAN_POINT('',(21.443883895874,-14.08027935028,4.5));
#12178 = VECTOR('',#12179,1.);
#12179 = DIRECTION('',(0.258816564351,0.965926491001,0.));
#12180 = ORIENTED_EDGE('',*,*,#5843,.F.);
#12181 = ORIENTED_EDGE('',*,*,#5828,.T.);
#12182 = PLANE('',#12183);
#12183 = AXIS2_PLACEMENT_3D('',#12184,#12185,#12186);
#12184 = CARTESIAN_POINT('',(21.461416300187,-14.01956108262,
    5.713736640544));
#12185 = DIRECTION('',(0.965926002945,-0.258816433578,
    -1.005259042709E-03));
#12186 = DIRECTION('',(0.258816564351,0.965926491001,0.));
#12187 = ADVANCED_FACE('',(#12188),#12198,.T.);
#12188 = FACE_BOUND('',#12189,.T.);
#12189 = EDGE_LOOP('',(#12190,#12196,#12197));
#12190 = ORIENTED_EDGE('',*,*,#12191,.T.);
#12191 = EDGE_CURVE('',#5844,#5867,#12192,.T.);
#12192 = LINE('',#12193,#12194);
#12193 = CARTESIAN_POINT('',(21.482566833496,-13.93591117858,4.5));
#12194 = VECTOR('',#12195,1.);
#12195 = DIRECTION('',(0.111958127229,0.993712925219,0.));
#12196 = ORIENTED_EDGE('',*,*,#5866,.F.);
#12197 = ORIENTED_EDGE('',*,*,#5851,.T.);
#12198 = PLANE('',#12199);
#12199 = AXIS2_PLACEMENT_3D('',#12200,#12201,#12202);
#12200 = CARTESIAN_POINT('',(21.490395502609,-13.87652522378,
    5.713738065771));
#12201 = DIRECTION('',(0.993712494015,-0.111958078647,
    -9.315921963519E-04));
#12202 = DIRECTION('',(0.111958127229,0.993712925219,0.));
#12203 = ADVANCED_FACE('',(#12204),#12214,.T.);
#12204 = FACE_BOUND('',#12205,.T.);
#12205 = EDGE_LOOP('',(#12206,#12212,#12213));
#12206 = ORIENTED_EDGE('',*,*,#12207,.T.);
#12207 = EDGE_CURVE('',#5867,#5890,#12208,.T.);
#12208 = LINE('',#12209,#12210);
#12209 = CARTESIAN_POINT('',(21.499300003052,-13.78739166259,4.5));
#12210 = VECTOR('',#12211,1.);
#12211 = DIRECTION('',(2.799674554586E-04,1.495499181692E-02,
    -0.999888128661));
#12212 = ORIENTED_EDGE('',*,*,#5889,.T.);
#12213 = ORIENTED_EDGE('',*,*,#5874,.T.);
#12214 = PLANE('',#12215);
#12215 = AXIS2_PLACEMENT_3D('',#12216,#12217,#12218);
#12216 = CARTESIAN_POINT('',(21.499824990974,-13.75934843856,4.5));
#12217 = DIRECTION('',(0.999824814317,-1.871738965795E-02,0.));
#12218 = DIRECTION('',(1.871738965795E-02,0.999824814317,0.));
#12219 = ADVANCED_FACE('',(#12220),#12230,.T.);
#12220 = FACE_BOUND('',#12221,.T.);
#12221 = EDGE_LOOP('',(#12222,#12228,#12229));
#12222 = ORIENTED_EDGE('',*,*,#12223,.T.);
#12223 = EDGE_CURVE('',#5898,#5955,#12224,.T.);
#12224 = LINE('',#12225,#12226);
#12225 = CARTESIAN_POINT('',(21.5,13.75,2.));
#12226 = VECTOR('',#12227,1.);
#12227 = DIRECTION('',(-2.799674554586E-04,1.495499181692E-02,
    0.999888128661));
#12228 = ORIENTED_EDGE('',*,*,#5954,.F.);
#12229 = ORIENTED_EDGE('',*,*,#5905,.T.);
#12230 = PLANE('',#12231);
#12231 = AXIS2_PLACEMENT_3D('',#12232,#12233,#12234);
#12232 = CARTESIAN_POINT('',(21.499824990974,13.759348438561,4.5));
#12233 = DIRECTION('',(0.999824814317,1.871738965795E-02,0.));
#12234 = DIRECTION('',(-1.871738965795E-02,0.999824814317,0.));
#12235 = ADVANCED_FACE('',(#12236),#12253,.T.);
#12236 = FACE_BOUND('',#12237,.T.);
#12237 = EDGE_LOOP('',(#12238,#12246,#12247));
#12238 = ORIENTED_EDGE('',*,*,#12239,.T.);
#12239 = EDGE_CURVE('',#12240,#5915,#12242,.T.);
#12240 = VERTEX_POINT('',#12241);
#12241 = CARTESIAN_POINT('',(21.144758224487,-8.,3.5));
#12242 = LINE('',#12243,#12244);
#12243 = CARTESIAN_POINT('',(21.144758224487,-8.,3.5));
#12244 = VECTOR('',#12245,1.);
#12245 = DIRECTION('',(0.25766265056,0.,0.966234939601));
#12246 = ORIENTED_EDGE('',*,*,#5914,.T.);
#12247 = ORIENTED_EDGE('',*,*,#12248,.T.);
#12248 = EDGE_CURVE('',#5917,#12240,#12249,.T.);
#12249 = LINE('',#12250,#12251);
#12250 = CARTESIAN_POINT('',(21.5,-8.,2.167843341827));
#12251 = VECTOR('',#12252,1.);
#12252 = DIRECTION('',(-0.25766265056,0.,0.966234939601));
#12253 = PLANE('',#12254);
#12254 = AXIS2_PLACEMENT_3D('',#12255,#12256,#12257);
#12255 = CARTESIAN_POINT('',(21.409664463702,-8.,3.5));
#12256 = DIRECTION('',(0.,1.,0.));
#12257 = DIRECTION('',(0.,0.,1.));
#12258 = ADVANCED_FACE('',(#12259),#12277,.T.);
#12259 = FACE_BOUND('',#12260,.T.);
#12260 = EDGE_LOOP('',(#12261,#12262,#12263,#12271));
#12261 = ORIENTED_EDGE('',*,*,#5924,.T.);
#12262 = ORIENTED_EDGE('',*,*,#12239,.F.);
#12263 = ORIENTED_EDGE('',*,*,#12264,.T.);
#12264 = EDGE_CURVE('',#12240,#12265,#12267,.T.);
#12265 = VERTEX_POINT('',#12266);
#12266 = CARTESIAN_POINT('',(21.144758224487,8.,3.5));
#12267 = LINE('',#12268,#12269);
#12268 = CARTESIAN_POINT('',(21.144758224487,-8.,3.5));
#12269 = VECTOR('',#12270,1.);
#12270 = DIRECTION('',(0.,1.,0.));
#12271 = ORIENTED_EDGE('',*,*,#12272,.T.);
#12272 = EDGE_CURVE('',#12265,#5925,#12273,.T.);
#12273 = LINE('',#12274,#12275);
#12274 = CARTESIAN_POINT('',(21.144758224487,8.,3.5));
#12275 = VECTOR('',#12276,1.);
#12276 = DIRECTION('',(0.25766265056,0.,0.966234939601));
#12277 = PLANE('',#12278);
#12278 = AXIS2_PLACEMENT_3D('',#12279,#12280,#12281);
#12279 = CARTESIAN_POINT('',(21.322379112244,0.,4.166078329086));
#12280 = DIRECTION('',(0.966234939601,0.,-0.25766265056));
#12281 = DIRECTION('',(0.25766265056,0.,0.966234939601));
#12282 = ADVANCED_FACE('',(#12283),#12293,.T.);
#12283 = FACE_BOUND('',#12284,.T.);
#12284 = EDGE_LOOP('',(#12285,#12291,#12292));
#12285 = ORIENTED_EDGE('',*,*,#12286,.F.);
#12286 = EDGE_CURVE('',#5933,#12265,#12287,.T.);
#12287 = LINE('',#12288,#12289);
#12288 = CARTESIAN_POINT('',(21.5,8.,2.167843341827));
#12289 = VECTOR('',#12290,1.);
#12290 = DIRECTION('',(-0.25766265056,0.,0.966234939601));
#12291 = ORIENTED_EDGE('',*,*,#5932,.T.);
#12292 = ORIENTED_EDGE('',*,*,#12272,.F.);
#12293 = PLANE('',#12294);
#12294 = AXIS2_PLACEMENT_3D('',#12295,#12296,#12297);
#12295 = CARTESIAN_POINT('',(21.409664463702,8.,3.5));
#12296 = DIRECTION('',(-0.,-1.,-0.));
#12297 = DIRECTION('',(0.,0.,-1.));
#12298 = ADVANCED_FACE('',(#12299),#12305,.T.);
#12299 = FACE_BOUND('',#12300,.T.);
#12300 = EDGE_LOOP('',(#12301,#12302,#12303,#12304));
#12301 = ORIENTED_EDGE('',*,*,#12264,.F.);
#12302 = ORIENTED_EDGE('',*,*,#12248,.F.);
#12303 = ORIENTED_EDGE('',*,*,#5940,.T.);
#12304 = ORIENTED_EDGE('',*,*,#12286,.T.);
#12305 = PLANE('',#12306);
#12306 = AXIS2_PLACEMENT_3D('',#12307,#12308,#12309);
#12307 = CARTESIAN_POINT('',(21.322379112244,0.,2.833921670914));
#12308 = DIRECTION('',(0.966234939601,0.,0.25766265056));
#12309 = DIRECTION('',(-0.25766265056,0.,0.966234939601));
#12310 = ADVANCED_FACE('',(#12311),#12321,.T.);
#12311 = FACE_BOUND('',#12312,.T.);
#12312 = EDGE_LOOP('',(#12313,#12319,#12320));
#12313 = ORIENTED_EDGE('',*,*,#12314,.T.);
#12314 = EDGE_CURVE('',#5955,#5978,#12315,.T.);
#12315 = LINE('',#12316,#12317);
#12316 = CARTESIAN_POINT('',(21.499300003052,13.787391662598,4.5));
#12317 = VECTOR('',#12318,1.);
#12318 = DIRECTION('',(-0.111958127229,0.993712925219,0.));
#12319 = ORIENTED_EDGE('',*,*,#5977,.F.);
#12320 = ORIENTED_EDGE('',*,*,#5962,.T.);
#12321 = PLANE('',#12322);
#12322 = AXIS2_PLACEMENT_3D('',#12323,#12324,#12325);
#12323 = CARTESIAN_POINT('',(21.490395502609,13.876525223782,
    5.713738065771));
#12324 = DIRECTION('',(0.993712494015,0.111958078647,-9.315921963519E-04
    ));
#12325 = DIRECTION('',(-0.111958127229,0.993712925219,0.));
#12326 = ADVANCED_FACE('',(#12327),#12337,.T.);
#12327 = FACE_BOUND('',#12328,.T.);
#12328 = EDGE_LOOP('',(#12329,#12335,#12336));
#12329 = ORIENTED_EDGE('',*,*,#12330,.T.);
#12330 = EDGE_CURVE('',#5978,#6001,#12331,.T.);
#12331 = LINE('',#12332,#12333);
#12332 = CARTESIAN_POINT('',(21.482566833496,13.935911178589,4.5));
#12333 = VECTOR('',#12334,1.);
#12334 = DIRECTION('',(-0.258816564351,0.965926491001,0.));
#12335 = ORIENTED_EDGE('',*,*,#6000,.F.);
#12336 = ORIENTED_EDGE('',*,*,#5985,.T.);
#12337 = PLANE('',#12338);
#12338 = AXIS2_PLACEMENT_3D('',#12339,#12340,#12341);
#12339 = CARTESIAN_POINT('',(21.461416300187,14.019561082629,
    5.713736640544));
#12340 = DIRECTION('',(0.965926002945,0.258816433578,-1.005259042709E-03
    ));
#12341 = DIRECTION('',(-0.258816564351,0.965926491001,0.));
#12342 = ADVANCED_FACE('',(#12343),#12353,.T.);
#12343 = FACE_BOUND('',#12344,.T.);
#12344 = EDGE_LOOP('',(#12345,#12351,#12352));
#12345 = ORIENTED_EDGE('',*,*,#12346,.T.);
#12346 = EDGE_CURVE('',#6001,#6024,#12347,.T.);
#12347 = LINE('',#12348,#12349);
#12348 = CARTESIAN_POINT('',(21.443883895874,14.080279350281,4.5));
#12349 = VECTOR('',#12350,1.);
#12350 = DIRECTION('',(-0.39989611677,0.916560470342,0.));
#12351 = ORIENTED_EDGE('',*,*,#6023,.F.);
#12352 = ORIENTED_EDGE('',*,*,#6008,.T.);
#12353 = PLANE('',#12354);
#12354 = AXIS2_PLACEMENT_3D('',#12355,#12356,#12357);
#12355 = CARTESIAN_POINT('',(21.411881947545,14.156846342814,
    5.713735937636));
#12356 = DIRECTION('',(0.916559954968,0.399895891912,-1.060462503133E-03
    ));
#12357 = DIRECTION('',(-0.39989611677,0.916560470342,5.421010862428E-20)
  );
#12358 = ADVANCED_FACE('',(#12359),#12369,.T.);
#12359 = FACE_BOUND('',#12360,.T.);
#12360 = EDGE_LOOP('',(#12361,#12367,#12368));
#12361 = ORIENTED_EDGE('',*,*,#12362,.T.);
#12362 = EDGE_CURVE('',#6024,#6047,#12363,.T.);
#12363 = LINE('',#12364,#12365);
#12364 = CARTESIAN_POINT('',(21.384115219116,14.217268943787,4.5));
#12365 = VECTOR('',#12366,1.);
#12366 = DIRECTION('',(-0.532030667526,0.846725084553,0.));
#12367 = ORIENTED_EDGE('',*,*,#6046,.F.);
#12368 = ORIENTED_EDGE('',*,*,#6031,.T.);
#12369 = PLANE('',#12370);
#12370 = AXIS2_PLACEMENT_3D('',#12371,#12372,#12373);
#12371 = CARTESIAN_POINT('',(21.342852275858,14.285442599797,
    5.713735511666));
#12372 = DIRECTION('',(0.846724574586,0.532030347094,-1.09752559807E-03)
  );
#12373 = DIRECTION('',(-0.532030667526,0.846725084553,0.));
#12374 = ADVANCED_FACE('',(#12375),#12385,.T.);
#12375 = FACE_BOUND('',#12376,.T.);
#12376 = EDGE_LOOP('',(#12377,#12383,#12384));
#12377 = ORIENTED_EDGE('',*,*,#12378,.T.);
#12378 = EDGE_CURVE('',#6047,#6070,#12379,.T.);
#12379 = LINE('',#12380,#12381);
#12380 = CARTESIAN_POINT('',(21.304597854614,14.343820571899,4.5));
#12381 = VECTOR('',#12382,1.);
#12382 = DIRECTION('',(-0.65228667648,0.75797235549,0.));
#12383 = ORIENTED_EDGE('',*,*,#6069,.F.);
#12384 = ORIENTED_EDGE('',*,*,#6054,.T.);
#12385 = PLANE('',#12386);
#12386 = AXIS2_PLACEMENT_3D('',#12387,#12388,#12389);
#12387 = CARTESIAN_POINT('',(21.255803193281,14.402597140801,
    5.71373544387));
#12388 = DIRECTION('',(0.757971883731,0.652286270499,-1.115702405856E-03
    ));
#12389 = DIRECTION('',(-0.65228667648,0.75797235549,-1.084202172486E-19)
  );
#12390 = ADVANCED_FACE('',(#12391),#12401,.T.);
#12391 = FACE_BOUND('',#12392,.T.);
#12392 = EDGE_LOOP('',(#12393,#12399,#12400));
#12393 = ORIENTED_EDGE('',*,*,#12394,.T.);
#12394 = EDGE_CURVE('',#6070,#6093,#12395,.T.);
#12395 = LINE('',#12396,#12397);
#12396 = CARTESIAN_POINT('',(21.207107543945,14.457106590271,4.5));
#12397 = VECTOR('',#12398,1.);
#12398 = DIRECTION('',(-0.757971915616,0.652287187623,0.));
#12399 = ORIENTED_EDGE('',*,*,#6092,.F.);
#12400 = ORIENTED_EDGE('',*,*,#6077,.T.);
#12401 = PLANE('',#12402);
#12402 = AXIS2_PLACEMENT_3D('',#12403,#12404,#12405);
#12403 = CARTESIAN_POINT('',(21.152597848752,14.505803410817,
    5.7137351273));
#12404 = DIRECTION('',(0.652286781235,0.757971443385,-1.116261451E-03));
#12405 = DIRECTION('',(0.757971915616,-0.652287187623,0.));
#12406 = ADVANCED_FACE('',(#12407),#12417,.T.);
#12407 = FACE_BOUND('',#12408,.T.);
#12408 = EDGE_LOOP('',(#12409,#12415,#12416));
#12409 = ORIENTED_EDGE('',*,*,#12410,.T.);
#12410 = EDGE_CURVE('',#6093,#6116,#12411,.T.);
#12411 = LINE('',#12412,#12413);
#12412 = CARTESIAN_POINT('',(21.093820571899,14.554597854614,4.5));
#12413 = VECTOR('',#12414,1.);
#12414 = DIRECTION('',(-0.846726890665,0.532027793094,0.));
#12415 = ORIENTED_EDGE('',*,*,#6115,.F.);
#12416 = ORIENTED_EDGE('',*,*,#6100,.T.);
#12417 = PLANE('',#12418);
#12418 = AXIS2_PLACEMENT_3D('',#12419,#12420,#12421);
#12419 = CARTESIAN_POINT('',(21.035441890787,14.592852276015,
    5.713735321563));
#12420 = DIRECTION('',(0.532027472731,0.846726380804,-1.097410271911E-03
    ));
#12421 = DIRECTION('',(0.846726890665,-0.532027793094,0.));
#12422 = ADVANCED_FACE('',(#12423),#12433,.T.);
#12423 = FACE_BOUND('',#12424,.T.);
#12424 = EDGE_LOOP('',(#12425,#12431,#12432));
#12425 = ORIENTED_EDGE('',*,*,#12426,.T.);
#12426 = EDGE_CURVE('',#6116,#6139,#12427,.T.);
#12427 = LINE('',#12428,#12429);
#12428 = CARTESIAN_POINT('',(20.967267990112,14.634115219116,4.5));
#12429 = VECTOR('',#12430,1.);
#12430 = DIRECTION('',(-0.916562809072,0.399890756365,0.));
#12431 = ORIENTED_EDGE('',*,*,#6138,.F.);
#12432 = ORIENTED_EDGE('',*,*,#6123,.T.);
#12433 = PLANE('',#12434);
#12434 = AXIS2_PLACEMENT_3D('',#12435,#12436,#12437);
#12435 = CARTESIAN_POINT('',(20.90684585248,14.661881702119,
    5.713736027481));
#12436 = DIRECTION('',(0.399890531389,0.916562293418,-1.060750103006E-03
    ));
#12437 = DIRECTION('',(0.916562809072,-0.399890756365,
    -5.421010862428E-20));
#12438 = ADVANCED_FACE('',(#12439),#12449,.T.);
#12439 = FACE_BOUND('',#12440,.T.);
#12440 = EDGE_LOOP('',(#12441,#12447,#12448));
#12441 = ORIENTED_EDGE('',*,*,#12442,.T.);
#12442 = EDGE_CURVE('',#6139,#6162,#12443,.T.);
#12443 = LINE('',#12444,#12445);
#12444 = CARTESIAN_POINT('',(20.830278396606,14.6938829422,4.5));
#12445 = VECTOR('',#12446,1.);
#12446 = DIRECTION('',(-0.965924468364,0.258824112896,0.));
#12447 = ORIENTED_EDGE('',*,*,#6161,.F.);
#12448 = ORIENTED_EDGE('',*,*,#6146,.T.);
#12449 = PLANE('',#12450);
#12450 = AXIS2_PLACEMENT_3D('',#12451,#12452,#12453);
#12451 = CARTESIAN_POINT('',(20.769560838668,14.711415591728,
    5.713736799344));
#12452 = DIRECTION('',(0.258823982135,0.965923980367,-1.005198564162E-03
    ));
#12453 = DIRECTION('',(0.965924468364,-0.258824112896,5.421010862428E-20
    ));
#12454 = ADVANCED_FACE('',(#12455),#12461,.T.);
#12455 = FACE_BOUND('',#12456,.T.);
#12456 = EDGE_LOOP('',(#12457,#12458,#12459,#12460));
#12457 = ORIENTED_EDGE('',*,*,#6192,.F.);
#12458 = ORIENTED_EDGE('',*,*,#9017,.F.);
#12459 = ORIENTED_EDGE('',*,*,#8308,.F.);
#12460 = ORIENTED_EDGE('',*,*,#6280,.F.);
#12461 = PLANE('',#12462);
#12462 = AXIS2_PLACEMENT_3D('',#12463,#12464,#12465);
#12463 = CARTESIAN_POINT('',(-4.02999997139,7.739999771118,2.));
#12464 = DIRECTION('',(0.,0.,1.));
#12465 = DIRECTION('',(1.,0.,0.));
#12466 = ADVANCED_FACE('',(#12467),#12473,.T.);
#12467 = FACE_BOUND('',#12468,.T.);
#12468 = EDGE_LOOP('',(#12469,#12470,#12471,#12472));
#12469 = ORIENTED_EDGE('',*,*,#6232,.F.);
#12470 = ORIENTED_EDGE('',*,*,#7858,.T.);
#12471 = ORIENTED_EDGE('',*,*,#9068,.T.);
#12472 = ORIENTED_EDGE('',*,*,#8475,.F.);
#12473 = PLANE('',#12474);
#12474 = AXIS2_PLACEMENT_3D('',#12475,#12476,#12477);
#12475 = CARTESIAN_POINT('',(14.230000019073,7.739999771118,2.));
#12476 = DIRECTION('',(0.,0.,1.));
#12477 = DIRECTION('',(1.,0.,0.));
#12478 = ADVANCED_FACE('',(#12479),#12485,.T.);
#12479 = FACE_BOUND('',#12480,.T.);
#12480 = EDGE_LOOP('',(#12481,#12482,#12483,#12484));
#12481 = ORIENTED_EDGE('',*,*,#8498,.F.);
#12482 = ORIENTED_EDGE('',*,*,#8453,.F.);
#12483 = ORIENTED_EDGE('',*,*,#8547,.F.);
#12484 = ORIENTED_EDGE('',*,*,#6248,.T.);
#12485 = PLANE('',#12486);
#12486 = AXIS2_PLACEMENT_3D('',#12487,#12488,#12489);
#12487 = CARTESIAN_POINT('',(15.499999523163,9.679999828339,
    5.400000095367));
#12488 = DIRECTION('',(-0.,-0.,-1.));
#12489 = DIRECTION('',(-1.,0.,0.));
#12490 = ADVANCED_FACE('',(#12491),#12497,.T.);
#12491 = FACE_BOUND('',#12492,.T.);
#12492 = EDGE_LOOP('',(#12493,#12494,#12495,#12496));
#12493 = ORIENTED_EDGE('',*,*,#8540,.F.);
#12494 = ORIENTED_EDGE('',*,*,#9031,.T.);
#12495 = ORIENTED_EDGE('',*,*,#6502,.F.);
#12496 = ORIENTED_EDGE('',*,*,#6264,.F.);
#12497 = PLANE('',#12498);
#12498 = AXIS2_PLACEMENT_3D('',#12499,#12500,#12501);
#12499 = CARTESIAN_POINT('',(17.25,7.739999771118,2.));
#12500 = DIRECTION('',(0.,0.,1.));
#12501 = DIRECTION('',(1.,0.,0.));
#12502 = ADVANCED_FACE('',(#12503),#12509,.T.);
#12503 = FACE_BOUND('',#12504,.T.);
#12504 = EDGE_LOOP('',(#12505,#12506,#12507,#12508));
#12505 = ORIENTED_EDGE('',*,*,#8338,.F.);
#12506 = ORIENTED_EDGE('',*,*,#8412,.F.);
#12507 = ORIENTED_EDGE('',*,*,#8387,.F.);
#12508 = ORIENTED_EDGE('',*,*,#6296,.T.);
#12509 = PLANE('',#12510);
#12510 = AXIS2_PLACEMENT_3D('',#12511,#12512,#12513);
#12511 = CARTESIAN_POINT('',(-2.27999997139,9.679999828339,
    5.400000095367));
#12512 = DIRECTION('',(-0.,-0.,-1.));
#12513 = DIRECTION('',(-1.,0.,0.));
#12514 = ADVANCED_FACE('',(#12515),#12521,.T.);
#12515 = FACE_BOUND('',#12516,.T.);
#12516 = EDGE_LOOP('',(#12517,#12518,#12519,#12520));
#12517 = ORIENTED_EDGE('',*,*,#8380,.F.);
#12518 = ORIENTED_EDGE('',*,*,#9050,.T.);
#12519 = ORIENTED_EDGE('',*,*,#7900,.F.);
#12520 = ORIENTED_EDGE('',*,*,#6312,.T.);
#12521 = PLANE('',#12522);
#12522 = AXIS2_PLACEMENT_3D('',#12523,#12524,#12525);
#12523 = CARTESIAN_POINT('',(-1.010000020266,7.739999771118,2.));
#12524 = DIRECTION('',(0.,0.,1.));
#12525 = DIRECTION('',(1.,0.,0.));
#12526 = ADVANCED_FACE('',(#12527),#12533,.T.);
#12527 = FACE_BOUND('',#12528,.T.);
#12528 = EDGE_LOOP('',(#12529,#12530,#12531,#12532));
#12529 = ORIENTED_EDGE('',*,*,#7930,.F.);
#12530 = ORIENTED_EDGE('',*,*,#8004,.F.);
#12531 = ORIENTED_EDGE('',*,*,#7979,.F.);
#12532 = ORIENTED_EDGE('',*,*,#6328,.T.);
#12533 = PLANE('',#12534);
#12534 = AXIS2_PLACEMENT_3D('',#12535,#12536,#12537);
#12535 = CARTESIAN_POINT('',(0.259999960661,9.679999828339,
    5.400000095367));
#12536 = DIRECTION('',(-0.,-0.,-1.));
#12537 = DIRECTION('',(-1.,0.,0.));
#12538 = ADVANCED_FACE('',(#12539),#12545,.T.);
#12539 = FACE_BOUND('',#12540,.T.);
#12540 = EDGE_LOOP('',(#12541,#12542,#12543,#12544));
#12541 = ORIENTED_EDGE('',*,*,#7972,.F.);
#12542 = ORIENTED_EDGE('',*,*,#9084,.T.);
#12543 = ORIENTED_EDGE('',*,*,#8186,.F.);
#12544 = ORIENTED_EDGE('',*,*,#6344,.F.);
#12545 = PLANE('',#12546);
#12546 = AXIS2_PLACEMENT_3D('',#12547,#12548,#12549);
#12547 = CARTESIAN_POINT('',(1.52999997139,7.739999771118,2.));
#12548 = DIRECTION('',(0.,0.,1.));
#12549 = DIRECTION('',(1.,0.,0.));
#12550 = ADVANCED_FACE('',(#12551),#12557,.T.);
#12551 = FACE_BOUND('',#12552,.T.);
#12552 = EDGE_LOOP('',(#12553,#12554,#12555,#12556));
#12553 = ORIENTED_EDGE('',*,*,#8209,.F.);
#12554 = ORIENTED_EDGE('',*,*,#8164,.F.);
#12555 = ORIENTED_EDGE('',*,*,#8256,.T.);
#12556 = ORIENTED_EDGE('',*,*,#6360,.T.);
#12557 = PLANE('',#12558);
#12558 = AXIS2_PLACEMENT_3D('',#12559,#12560,#12561);
#12559 = CARTESIAN_POINT('',(2.799999952316,9.679999828339,
    5.400000095367));
#12560 = DIRECTION('',(-0.,-0.,-1.));
#12561 = DIRECTION('',(-1.,0.,0.));
#12562 = ADVANCED_FACE('',(#12563),#12569,.T.);
#12563 = FACE_BOUND('',#12564,.T.);
#12564 = EDGE_LOOP('',(#12565,#12566,#12567,#12568));
#12565 = ORIENTED_EDGE('',*,*,#6376,.F.);
#12566 = ORIENTED_EDGE('',*,*,#8249,.T.);
#12567 = ORIENTED_EDGE('',*,*,#9119,.T.);
#12568 = ORIENTED_EDGE('',*,*,#8067,.F.);
#12569 = PLANE('',#12570);
#12570 = AXIS2_PLACEMENT_3D('',#12571,#12572,#12573);
#12571 = CARTESIAN_POINT('',(4.069999933243,7.739999771118,2.));
#12572 = DIRECTION('',(0.,0.,1.));
#12573 = DIRECTION('',(1.,0.,0.));
#12574 = ADVANCED_FACE('',(#12575),#12581,.T.);
#12575 = FACE_BOUND('',#12576,.T.);
#12576 = EDGE_LOOP('',(#12577,#12578,#12579,#12580));
#12577 = ORIENTED_EDGE('',*,*,#8090,.T.);
#12578 = ORIENTED_EDGE('',*,*,#8045,.F.);
#12579 = ORIENTED_EDGE('',*,*,#8137,.T.);
#12580 = ORIENTED_EDGE('',*,*,#6392,.T.);
#12581 = PLANE('',#12582);
#12582 = AXIS2_PLACEMENT_3D('',#12583,#12584,#12585);
#12583 = CARTESIAN_POINT('',(5.339999914169,9.679999828339,
    5.400000095367));
#12584 = DIRECTION('',(-0.,-0.,-1.));
#12585 = DIRECTION('',(-1.,0.,0.));
#12586 = ADVANCED_FACE('',(#12587),#12593,.T.);
#12587 = FACE_BOUND('',#12588,.T.);
#12588 = EDGE_LOOP('',(#12589,#12590,#12591,#12592));
#12589 = ORIENTED_EDGE('',*,*,#6408,.F.);
#12590 = ORIENTED_EDGE('',*,*,#8130,.T.);
#12591 = ORIENTED_EDGE('',*,*,#9153,.T.);
#12592 = ORIENTED_EDGE('',*,*,#7557,.F.);
#12593 = PLANE('',#12594);
#12594 = AXIS2_PLACEMENT_3D('',#12595,#12596,#12597);
#12595 = CARTESIAN_POINT('',(6.609999895096,7.739999771118,2.));
#12596 = DIRECTION('',(0.,0.,1.));
#12597 = DIRECTION('',(1.,0.,0.));
#12598 = ADVANCED_FACE('',(#12599),#12605,.T.);
#12599 = FACE_BOUND('',#12600,.T.);
#12600 = EDGE_LOOP('',(#12601,#12602,#12603,#12604));
#12601 = ORIENTED_EDGE('',*,*,#7580,.T.);
#12602 = ORIENTED_EDGE('',*,*,#7535,.F.);
#12603 = ORIENTED_EDGE('',*,*,#7627,.T.);
#12604 = ORIENTED_EDGE('',*,*,#6424,.T.);
#12605 = PLANE('',#12606);
#12606 = AXIS2_PLACEMENT_3D('',#12607,#12608,#12609);
#12607 = CARTESIAN_POINT('',(7.880000114441,9.679999828339,
    5.400000095367));
#12608 = DIRECTION('',(-0.,-0.,-1.));
#12609 = DIRECTION('',(-1.,0.,0.));
#12610 = ADVANCED_FACE('',(#12611),#12617,.T.);
#12611 = FACE_BOUND('',#12612,.T.);
#12612 = EDGE_LOOP('',(#12613,#12614,#12615,#12616));
#12613 = ORIENTED_EDGE('',*,*,#6440,.F.);
#12614 = ORIENTED_EDGE('',*,*,#7620,.T.);
#12615 = ORIENTED_EDGE('',*,*,#9136,.T.);
#12616 = ORIENTED_EDGE('',*,*,#7676,.F.);
#12617 = PLANE('',#12618);
#12618 = AXIS2_PLACEMENT_3D('',#12619,#12620,#12621);
#12619 = CARTESIAN_POINT('',(9.150000095367,7.739999771118,2.));
#12620 = DIRECTION('',(0.,0.,1.));
#12621 = DIRECTION('',(1.,0.,0.));
#12622 = ADVANCED_FACE('',(#12623),#12629,.T.);
#12623 = FACE_BOUND('',#12624,.T.);
#12624 = EDGE_LOOP('',(#12625,#12626,#12627,#12628));
#12625 = ORIENTED_EDGE('',*,*,#7699,.T.);
#12626 = ORIENTED_EDGE('',*,*,#7654,.F.);
#12627 = ORIENTED_EDGE('',*,*,#7746,.T.);
#12628 = ORIENTED_EDGE('',*,*,#6456,.T.);
#12629 = PLANE('',#12630);
#12630 = AXIS2_PLACEMENT_3D('',#12631,#12632,#12633);
#12631 = CARTESIAN_POINT('',(10.420000076294,9.679999828339,
    5.400000095367));
#12632 = DIRECTION('',(-0.,-0.,-1.));
#12633 = DIRECTION('',(-1.,0.,0.));
#12634 = ADVANCED_FACE('',(#12635),#12641,.T.);
#12635 = FACE_BOUND('',#12636,.T.);
#12636 = EDGE_LOOP('',(#12637,#12638,#12639,#12640));
#12637 = ORIENTED_EDGE('',*,*,#6472,.F.);
#12638 = ORIENTED_EDGE('',*,*,#7739,.T.);
#12639 = ORIENTED_EDGE('',*,*,#9102,.T.);
#12640 = ORIENTED_EDGE('',*,*,#7795,.F.);
#12641 = PLANE('',#12642);
#12642 = AXIS2_PLACEMENT_3D('',#12643,#12644,#12645);
#12643 = CARTESIAN_POINT('',(11.69000005722,7.739999771118,2.));
#12644 = DIRECTION('',(0.,0.,1.));
#12645 = DIRECTION('',(1.,0.,0.));
#12646 = ADVANCED_FACE('',(#12647),#12653,.T.);
#12647 = FACE_BOUND('',#12648,.T.);
#12648 = EDGE_LOOP('',(#12649,#12650,#12651,#12652));
#12649 = ORIENTED_EDGE('',*,*,#7818,.T.);
#12650 = ORIENTED_EDGE('',*,*,#7773,.F.);
#12651 = ORIENTED_EDGE('',*,*,#7865,.T.);
#12652 = ORIENTED_EDGE('',*,*,#6488,.T.);
#12653 = PLANE('',#12654);
#12654 = AXIS2_PLACEMENT_3D('',#12655,#12656,#12657);
#12655 = CARTESIAN_POINT('',(12.960000038147,9.679999828339,
    5.400000095367));
#12656 = DIRECTION('',(-0.,-0.,-1.));
#12657 = DIRECTION('',(-1.,0.,0.));
#12658 = ADVANCED_FACE('',(#12659),#12670,.T.);
#12659 = FACE_BOUND('',#12660,.T.);
#12660 = EDGE_LOOP('',(#12661,#12662,#12668,#12669));
#12661 = ORIENTED_EDGE('',*,*,#9000,.F.);
#12662 = ORIENTED_EDGE('',*,*,#12663,.T.);
#12663 = EDGE_CURVE('',#8993,#6552,#12664,.T.);
#12664 = LINE('',#12665,#12666);
#12665 = CARTESIAN_POINT('',(20.043577194214,13.748097419739,1.75));
#12666 = VECTOR('',#12667,1.);
#12667 = DIRECTION('',(0.,0.,1.));
#12668 = ORIENTED_EDGE('',*,*,#6551,.T.);
#12669 = ORIENTED_EDGE('',*,*,#6533,.T.);
#12670 = PLANE('',#12671);
#12671 = AXIS2_PLACEMENT_3D('',#12672,#12673,#12674);
#12672 = CARTESIAN_POINT('',(20.01634187074,13.749286513938,3.5));
#12673 = DIRECTION('',(-4.361844627363E-02,-0.99904826267,-0.));
#12674 = DIRECTION('',(-0.99904826267,4.361844627363E-02,0.));
#12675 = ADVANCED_FACE('',(#12676),#12686,.T.);
#12676 = FACE_BOUND('',#12677,.T.);
#12677 = EDGE_LOOP('',(#12678,#12679,#12680));
#12678 = ORIENTED_EDGE('',*,*,#6574,.T.);
#12679 = ORIENTED_EDGE('',*,*,#6559,.F.);
#12680 = ORIENTED_EDGE('',*,*,#12681,.T.);
#12681 = EDGE_CURVE('',#6552,#6575,#12682,.T.);
#12682 = LINE('',#12683,#12684);
#12683 = CARTESIAN_POINT('',(20.043577194214,13.748097419739,5.25));
#12684 = VECTOR('',#12685,1.);
#12685 = DIRECTION('',(0.984807343062,-0.173650502593,0.));
#12686 = PLANE('',#12687);
#12687 = AXIS2_PLACEMENT_3D('',#12688,#12689,#12690);
#12688 = CARTESIAN_POINT('',(20.086654935472,13.741444240158,
    6.103746665581));
#12689 = DIRECTION('',(-0.173650399926,-0.984806760816,
    1.087407779028E-03));
#12690 = DIRECTION('',(-0.984807343062,0.173650502593,2.710505431214E-20
    ));
#12691 = ADVANCED_FACE('',(#12692),#12702,.T.);
#12692 = FACE_BOUND('',#12693,.T.);
#12693 = EDGE_LOOP('',(#12694,#12695,#12696));
#12694 = ORIENTED_EDGE('',*,*,#6597,.T.);
#12695 = ORIENTED_EDGE('',*,*,#6582,.F.);
#12696 = ORIENTED_EDGE('',*,*,#12697,.T.);
#12697 = EDGE_CURVE('',#6575,#6598,#12698,.T.);
#12698 = LINE('',#12699,#12700);
#12699 = CARTESIAN_POINT('',(20.129409790039,13.732962608337,5.25));
#12700 = VECTOR('',#12701,1.);
#12701 = DIRECTION('',(0.939692746609,-0.342019797629,0.));
#12702 = PLANE('',#12703);
#12703 = AXIS2_PLACEMENT_3D('',#12704,#12705,#12706);
#12704 = CARTESIAN_POINT('',(20.170677380674,13.718930695325,
    6.103746896314));
#12705 = DIRECTION('',(-0.342019595297,-0.939692190708,
    1.087729365355E-03));
#12706 = DIRECTION('',(-0.939692746609,0.342019797629,0.));
#12707 = ADVANCED_FACE('',(#12708),#12718,.T.);
#12708 = FACE_BOUND('',#12709,.T.);
#12709 = EDGE_LOOP('',(#12710,#12711,#12712));
#12710 = ORIENTED_EDGE('',*,*,#6620,.T.);
#12711 = ORIENTED_EDGE('',*,*,#6605,.F.);
#12712 = ORIENTED_EDGE('',*,*,#12713,.T.);
#12713 = EDGE_CURVE('',#6598,#6621,#12714,.T.);
#12714 = LINE('',#12715,#12716);
#12715 = CARTESIAN_POINT('',(20.211309432983,13.703153610229,5.25));
#12716 = VECTOR('',#12717,1.);
#12717 = DIRECTION('',(0.866029973201,-0.499992085455,0.));
#12718 = PLANE('',#12719);
#12719 = AXIS2_PLACEMENT_3D('',#12720,#12721,#12722);
#12720 = CARTESIAN_POINT('',(20.249513046215,13.682168973917,
    6.103746896278));
#12721 = DIRECTION('',(-0.499991789968,-0.866029461391,
    1.087183665619E-03));
#12722 = DIRECTION('',(-0.866029973201,0.499992085455,0.));
#12723 = ADVANCED_FACE('',(#12724),#12734,.T.);
#12724 = FACE_BOUND('',#12725,.T.);
#12725 = EDGE_LOOP('',(#12726,#12727,#12728));
#12726 = ORIENTED_EDGE('',*,*,#6643,.T.);
#12727 = ORIENTED_EDGE('',*,*,#6628,.F.);
#12728 = ORIENTED_EDGE('',*,*,#12729,.T.);
#12729 = EDGE_CURVE('',#6621,#6644,#12730,.T.);
#12730 = LINE('',#12731,#12732);
#12731 = CARTESIAN_POINT('',(20.28678894043,13.659576416016,5.25));
#12732 = VECTOR('',#12733,1.);
#12733 = DIRECTION('',(0.766042756565,-0.642789619638,0.));
#12734 = PLANE('',#12735);
#12735 = AXIS2_PLACEMENT_3D('',#12736,#12737,#12738);
#12736 = CARTESIAN_POINT('',(20.320767813357,13.632276003875,
    6.103746962464));
#12737 = DIRECTION('',(-0.64278923992,-0.766042304037,1.086953542517E-03
    ));
#12738 = DIRECTION('',(-0.766042756565,0.642789619638,
    -1.084202172486E-19));
#12739 = ADVANCED_FACE('',(#12740),#12750,.T.);
#12740 = FACE_BOUND('',#12741,.T.);
#12741 = EDGE_LOOP('',(#12742,#12743,#12744));
#12742 = ORIENTED_EDGE('',*,*,#6666,.T.);
#12743 = ORIENTED_EDGE('',*,*,#6651,.F.);
#12744 = ORIENTED_EDGE('',*,*,#12745,.T.);
#12745 = EDGE_CURVE('',#6644,#6667,#12746,.T.);
#12746 = LINE('',#12747,#12748);
#12747 = CARTESIAN_POINT('',(20.353553771973,13.603553771973,5.25));
#12748 = VECTOR('',#12749,1.);
#12749 = DIRECTION('',(0.642784231672,-0.766047277597,0.));
#12750 = PLANE('',#12751);
#12751 = AXIS2_PLACEMENT_3D('',#12752,#12753,#12754);
#12752 = CARTESIAN_POINT('',(20.382276003804,13.570767568938,
    6.103746788755));
#12753 = DIRECTION('',(-0.766046824921,-0.642783851835,
    1.087128687427E-03));
#12754 = DIRECTION('',(0.642784231672,-0.766047277597,
    -1.084202172486E-19));
#12755 = ADVANCED_FACE('',(#12756),#12766,.T.);
#12756 = FACE_BOUND('',#12757,.T.);
#12757 = EDGE_LOOP('',(#12758,#12759,#12760));
#12758 = ORIENTED_EDGE('',*,*,#6689,.T.);
#12759 = ORIENTED_EDGE('',*,*,#6674,.F.);
#12760 = ORIENTED_EDGE('',*,*,#12761,.T.);
#12761 = EDGE_CURVE('',#6667,#6690,#12762,.T.);
#12762 = LINE('',#12763,#12764);
#12763 = CARTESIAN_POINT('',(20.409576416016,13.536787986755,5.25));
#12764 = VECTOR('',#12765,1.);
#12765 = DIRECTION('',(0.499996823547,-0.866027237703,0.));
#12766 = PLANE('',#12767);
#12767 = AXIS2_PLACEMENT_3D('',#12768,#12769,#12770);
#12768 = CARTESIAN_POINT('',(20.43216850898,13.499512801882,
    6.103747092656));
#12769 = DIRECTION('',(-0.86602672621,-0.499996528239,1.086847955477E-03
    ));
#12770 = DIRECTION('',(0.499996823547,-0.866027237703,1.084202172486E-19
    ));
#12771 = ADVANCED_FACE('',(#12772),#12782,.T.);
#12772 = FACE_BOUND('',#12773,.T.);
#12773 = EDGE_LOOP('',(#12774,#12775,#12776));
#12774 = ORIENTED_EDGE('',*,*,#6712,.T.);
#12775 = ORIENTED_EDGE('',*,*,#6697,.F.);
#12776 = ORIENTED_EDGE('',*,*,#12777,.T.);
#12777 = EDGE_CURVE('',#6690,#6713,#12778,.T.);
#12778 = LINE('',#12779,#12780);
#12779 = CARTESIAN_POINT('',(20.453153610229,13.461309432983,5.25));
#12780 = VECTOR('',#12781,1.);
#12781 = DIRECTION('',(0.342029459767,-0.939689229826,0.));
#12782 = PLANE('',#12783);
#12783 = AXIS2_PLACEMENT_3D('',#12784,#12785,#12786);
#12784 = CARTESIAN_POINT('',(20.468930939378,13.420676915603,
    6.103746818744));
#12785 = DIRECTION('',(-0.939688674379,-0.342029257595,
    1.087286931796E-03));
#12786 = DIRECTION('',(0.342029459767,-0.939689229826,5.421010862428E-20
    ));
#12787 = ADVANCED_FACE('',(#12788),#12798,.T.);
#12788 = FACE_BOUND('',#12789,.T.);
#12789 = EDGE_LOOP('',(#12790,#12791,#12792));
#12790 = ORIENTED_EDGE('',*,*,#6735,.T.);
#12791 = ORIENTED_EDGE('',*,*,#6720,.F.);
#12792 = ORIENTED_EDGE('',*,*,#12793,.T.);
#12793 = EDGE_CURVE('',#6713,#6736,#12794,.T.);
#12794 = LINE('',#12795,#12796);
#12795 = CARTESIAN_POINT('',(20.482963562012,13.379409790039,5.25));
#12796 = VECTOR('',#12797,1.);
#12797 = DIRECTION('',(0.173631149288,-0.984810755423,0.));
#12798 = PLANE('',#12799);
#12799 = AXIS2_PLACEMENT_3D('',#12800,#12801,#12802);
#12800 = CARTESIAN_POINT('',(20.491443775213,13.336655179818,
    6.103746967641));
#12801 = DIRECTION('',(-0.984810173801,-0.173631046742,
    1.086823784442E-03));
#12802 = DIRECTION('',(0.173631149288,-0.984810755423,2.710505431214E-20
    ));
#12803 = ADVANCED_FACE('',(#12804),#12814,.T.);
#12804 = FACE_BOUND('',#12805,.T.);
#12805 = EDGE_LOOP('',(#12806,#12807,#12808));
#12806 = ORIENTED_EDGE('',*,*,#6781,.T.);
#12807 = ORIENTED_EDGE('',*,*,#6766,.F.);
#12808 = ORIENTED_EDGE('',*,*,#12809,.T.);
#12809 = EDGE_CURVE('',#6759,#6782,#12810,.T.);
#12810 = LINE('',#12811,#12812);
#12811 = CARTESIAN_POINT('',(20.498096466064,-13.29357814788,5.25));
#12812 = VECTOR('',#12813,1.);
#12813 = DIRECTION('',(-0.173631149288,-0.984810755423,0.));
#12814 = PLANE('',#12815);
#12815 = AXIS2_PLACEMENT_3D('',#12816,#12817,#12818);
#12816 = CARTESIAN_POINT('',(20.491443775213,-13.33665517981,
    6.103746967641));
#12817 = DIRECTION('',(-0.984810173801,0.173631046742,1.086823784442E-03
    ));
#12818 = DIRECTION('',(-0.173631149288,-0.984810755423,
    -2.710505431214E-20));
#12819 = ADVANCED_FACE('',(#12820),#12830,.T.);
#12820 = FACE_BOUND('',#12821,.T.);
#12821 = EDGE_LOOP('',(#12822,#12823,#12824));
#12822 = ORIENTED_EDGE('',*,*,#6804,.T.);
#12823 = ORIENTED_EDGE('',*,*,#6789,.F.);
#12824 = ORIENTED_EDGE('',*,*,#12825,.T.);
#12825 = EDGE_CURVE('',#6782,#6805,#12826,.T.);
#12826 = LINE('',#12827,#12828);
#12827 = CARTESIAN_POINT('',(20.482963562012,-13.37940979003,5.25));
#12828 = VECTOR('',#12829,1.);
#12829 = DIRECTION('',(-0.342029459767,-0.939689229826,0.));
#12830 = PLANE('',#12831);
#12831 = AXIS2_PLACEMENT_3D('',#12832,#12833,#12834);
#12832 = CARTESIAN_POINT('',(20.468930939378,-13.4206769156,
    6.103746818744));
#12833 = DIRECTION('',(-0.939688674379,0.342029257595,1.087286931796E-03
    ));
#12834 = DIRECTION('',(-0.342029459767,-0.939689229826,
    -5.421010862428E-20));
#12835 = ADVANCED_FACE('',(#12836),#12846,.T.);
#12836 = FACE_BOUND('',#12837,.T.);
#12837 = EDGE_LOOP('',(#12838,#12839,#12840));
#12838 = ORIENTED_EDGE('',*,*,#6827,.T.);
#12839 = ORIENTED_EDGE('',*,*,#6812,.F.);
#12840 = ORIENTED_EDGE('',*,*,#12841,.T.);
#12841 = EDGE_CURVE('',#6805,#6828,#12842,.T.);
#12842 = LINE('',#12843,#12844);
#12843 = CARTESIAN_POINT('',(20.453153610229,-13.46130943298,5.25));
#12844 = VECTOR('',#12845,1.);
#12845 = DIRECTION('',(-0.499996823547,-0.866027237703,0.));
#12846 = PLANE('',#12847);
#12847 = AXIS2_PLACEMENT_3D('',#12848,#12849,#12850);
#12848 = CARTESIAN_POINT('',(20.43216850898,-13.49951280188,
    6.103747092656));
#12849 = DIRECTION('',(-0.86602672621,0.499996528239,1.086847955477E-03)
  );
#12850 = DIRECTION('',(-0.499996823547,-0.866027237703,
    -1.084202172486E-19));
#12851 = ADVANCED_FACE('',(#12852),#12862,.T.);
#12852 = FACE_BOUND('',#12853,.T.);
#12853 = EDGE_LOOP('',(#12854,#12855,#12856));
#12854 = ORIENTED_EDGE('',*,*,#6850,.T.);
#12855 = ORIENTED_EDGE('',*,*,#6835,.F.);
#12856 = ORIENTED_EDGE('',*,*,#12857,.T.);
#12857 = EDGE_CURVE('',#6828,#6851,#12858,.T.);
#12858 = LINE('',#12859,#12860);
#12859 = CARTESIAN_POINT('',(20.409576416016,-13.53678798675,5.25));
#12860 = VECTOR('',#12861,1.);
#12861 = DIRECTION('',(-0.642784231672,-0.766047277597,0.));
#12862 = PLANE('',#12863);
#12863 = AXIS2_PLACEMENT_3D('',#12864,#12865,#12866);
#12864 = CARTESIAN_POINT('',(20.382276003804,-13.57076756893,
    6.103746788755));
#12865 = DIRECTION('',(-0.766046824921,0.642783851835,1.087128687427E-03
    ));
#12866 = DIRECTION('',(-0.642784231672,-0.766047277597,
    -1.084202172486E-19));
#12867 = ADVANCED_FACE('',(#12868),#12878,.T.);
#12868 = FACE_BOUND('',#12869,.T.);
#12869 = EDGE_LOOP('',(#12870,#12871,#12872));
#12870 = ORIENTED_EDGE('',*,*,#6873,.T.);
#12871 = ORIENTED_EDGE('',*,*,#6858,.F.);
#12872 = ORIENTED_EDGE('',*,*,#12873,.T.);
#12873 = EDGE_CURVE('',#6851,#6874,#12874,.T.);
#12874 = LINE('',#12875,#12876);
#12875 = CARTESIAN_POINT('',(20.353553771973,-13.60355377197,5.25));
#12876 = VECTOR('',#12877,1.);
#12877 = DIRECTION('',(-0.766042756565,-0.642789619638,0.));
#12878 = PLANE('',#12879);
#12879 = AXIS2_PLACEMENT_3D('',#12880,#12881,#12882);
#12880 = CARTESIAN_POINT('',(20.320767813357,-13.63227600387,
    6.103746962464));
#12881 = DIRECTION('',(-0.64278923992,0.766042304037,1.086953542517E-03)
  );
#12882 = DIRECTION('',(0.766042756565,0.642789619638,1.084202172486E-19)
  );
#12883 = ADVANCED_FACE('',(#12884),#12894,.T.);
#12884 = FACE_BOUND('',#12885,.T.);
#12885 = EDGE_LOOP('',(#12886,#12887,#12888));
#12886 = ORIENTED_EDGE('',*,*,#6896,.T.);
#12887 = ORIENTED_EDGE('',*,*,#6881,.F.);
#12888 = ORIENTED_EDGE('',*,*,#12889,.T.);
#12889 = EDGE_CURVE('',#6874,#6897,#12890,.T.);
#12890 = LINE('',#12891,#12892);
#12891 = CARTESIAN_POINT('',(20.28678894043,-13.65957641601,5.25));
#12892 = VECTOR('',#12893,1.);
#12893 = DIRECTION('',(-0.866029973201,-0.499992085455,0.));
#12894 = PLANE('',#12895);
#12895 = AXIS2_PLACEMENT_3D('',#12896,#12897,#12898);
#12896 = CARTESIAN_POINT('',(20.249513046215,-13.68216897391,
    6.103746896278));
#12897 = DIRECTION('',(-0.499991789968,0.866029461391,1.087183665619E-03
    ));
#12898 = DIRECTION('',(0.866029973201,0.499992085455,0.));
#12899 = ADVANCED_FACE('',(#12900),#12910,.T.);
#12900 = FACE_BOUND('',#12901,.T.);
#12901 = EDGE_LOOP('',(#12902,#12903,#12904));
#12902 = ORIENTED_EDGE('',*,*,#6919,.T.);
#12903 = ORIENTED_EDGE('',*,*,#6904,.F.);
#12904 = ORIENTED_EDGE('',*,*,#12905,.T.);
#12905 = EDGE_CURVE('',#6897,#6920,#12906,.T.);
#12906 = LINE('',#12907,#12908);
#12907 = CARTESIAN_POINT('',(20.211309432983,-13.70315361022,5.25));
#12908 = VECTOR('',#12909,1.);
#12909 = DIRECTION('',(-0.939692746609,-0.342019797629,0.));
#12910 = PLANE('',#12911);
#12911 = AXIS2_PLACEMENT_3D('',#12912,#12913,#12914);
#12912 = CARTESIAN_POINT('',(20.170677380674,-13.71893069532,
    6.103746896314));
#12913 = DIRECTION('',(-0.342019595297,0.939692190708,1.087729365355E-03
    ));
#12914 = DIRECTION('',(0.939692746609,0.342019797629,0.));
#12915 = ADVANCED_FACE('',(#12916),#12926,.T.);
#12916 = FACE_BOUND('',#12917,.T.);
#12917 = EDGE_LOOP('',(#12918,#12919,#12920));
#12918 = ORIENTED_EDGE('',*,*,#6942,.T.);
#12919 = ORIENTED_EDGE('',*,*,#6927,.F.);
#12920 = ORIENTED_EDGE('',*,*,#12921,.T.);
#12921 = EDGE_CURVE('',#6920,#6943,#12922,.T.);
#12922 = LINE('',#12923,#12924);
#12923 = CARTESIAN_POINT('',(20.129409790039,-13.73296260833,5.25));
#12924 = VECTOR('',#12925,1.);
#12925 = DIRECTION('',(-0.984807343062,-0.173650502593,0.));
#12926 = PLANE('',#12927);
#12927 = AXIS2_PLACEMENT_3D('',#12928,#12929,#12930);
#12928 = CARTESIAN_POINT('',(20.086654935472,-13.74144424015,
    6.103746665581));
#12929 = DIRECTION('',(-0.173650399926,0.984806760816,1.087407779028E-03
    ));
#12930 = DIRECTION('',(0.984807343062,0.173650502593,-2.710505431214E-20
    ));
#12931 = ADVANCED_FACE('',(#12932),#12942,.T.);
#12932 = FACE_BOUND('',#12933,.T.);
#12933 = EDGE_LOOP('',(#12934,#12935,#12936));
#12934 = ORIENTED_EDGE('',*,*,#7117,.T.);
#12935 = ORIENTED_EDGE('',*,*,#7102,.F.);
#12936 = ORIENTED_EDGE('',*,*,#12937,.T.);
#12937 = EDGE_CURVE('',#7095,#7118,#12938,.T.);
#12938 = LINE('',#12939,#12940);
#12939 = CARTESIAN_POINT('',(-20.04357719421,-13.74809741973,5.25));
#12940 = VECTOR('',#12941,1.);
#12941 = DIRECTION('',(-0.984807343062,0.173650502593,0.));
#12942 = PLANE('',#12943);
#12943 = AXIS2_PLACEMENT_3D('',#12944,#12945,#12946);
#12944 = CARTESIAN_POINT('',(-20.08665493547,-13.74144424015,
    6.103746665581));
#12945 = DIRECTION('',(0.173650399926,0.984806760816,1.087407779028E-03)
  );
#12946 = DIRECTION('',(0.984807343062,-0.173650502593,2.710505431214E-20
    ));
#12947 = ADVANCED_FACE('',(#12948),#12958,.T.);
#12948 = FACE_BOUND('',#12949,.T.);
#12949 = EDGE_LOOP('',(#12950,#12951,#12952));
#12950 = ORIENTED_EDGE('',*,*,#7140,.T.);
#12951 = ORIENTED_EDGE('',*,*,#7125,.F.);
#12952 = ORIENTED_EDGE('',*,*,#12953,.T.);
#12953 = EDGE_CURVE('',#7118,#7141,#12954,.T.);
#12954 = LINE('',#12955,#12956);
#12955 = CARTESIAN_POINT('',(-20.12940979003,-13.73296260833,5.25));
#12956 = VECTOR('',#12957,1.);
#12957 = DIRECTION('',(-0.939692746609,0.342019797629,0.));
#12958 = PLANE('',#12959);
#12959 = AXIS2_PLACEMENT_3D('',#12960,#12961,#12962);
#12960 = CARTESIAN_POINT('',(-20.17067738067,-13.71893069532,
    6.103746896314));
#12961 = DIRECTION('',(0.342019595297,0.939692190708,1.087729365355E-03)
  );
#12962 = DIRECTION('',(0.939692746609,-0.342019797629,0.));
#12963 = ADVANCED_FACE('',(#12964),#12974,.T.);
#12964 = FACE_BOUND('',#12965,.T.);
#12965 = EDGE_LOOP('',(#12966,#12967,#12968));
#12966 = ORIENTED_EDGE('',*,*,#7163,.T.);
#12967 = ORIENTED_EDGE('',*,*,#7148,.F.);
#12968 = ORIENTED_EDGE('',*,*,#12969,.T.);
#12969 = EDGE_CURVE('',#7141,#7164,#12970,.T.);
#12970 = LINE('',#12971,#12972);
#12971 = CARTESIAN_POINT('',(-20.21130943298,-13.70315361022,5.25));
#12972 = VECTOR('',#12973,1.);
#12973 = DIRECTION('',(-0.866029973201,0.499992085455,0.));
#12974 = PLANE('',#12975);
#12975 = AXIS2_PLACEMENT_3D('',#12976,#12977,#12978);
#12976 = CARTESIAN_POINT('',(-20.24951304621,-13.68216897391,
    6.103746896278));
#12977 = DIRECTION('',(0.499991789968,0.866029461391,1.087183665619E-03)
  );
#12978 = DIRECTION('',(0.866029973201,-0.499992085455,0.));
#12979 = ADVANCED_FACE('',(#12980),#12990,.T.);
#12980 = FACE_BOUND('',#12981,.T.);
#12981 = EDGE_LOOP('',(#12982,#12983,#12984));
#12982 = ORIENTED_EDGE('',*,*,#7186,.T.);
#12983 = ORIENTED_EDGE('',*,*,#7171,.F.);
#12984 = ORIENTED_EDGE('',*,*,#12985,.T.);
#12985 = EDGE_CURVE('',#7164,#7187,#12986,.T.);
#12986 = LINE('',#12987,#12988);
#12987 = CARTESIAN_POINT('',(-20.28678894043,-13.65957641601,5.25));
#12988 = VECTOR('',#12989,1.);
#12989 = DIRECTION('',(-0.766042756565,0.642789619638,0.));
#12990 = PLANE('',#12991);
#12991 = AXIS2_PLACEMENT_3D('',#12992,#12993,#12994);
#12992 = CARTESIAN_POINT('',(-20.32076781335,-13.63227600387,
    6.103746962464));
#12993 = DIRECTION('',(0.64278923992,0.766042304037,1.086953542517E-03)
  );
#12994 = DIRECTION('',(0.766042756565,-0.642789619638,
    -1.084202172486E-19));
#12995 = ADVANCED_FACE('',(#12996),#13006,.T.);
#12996 = FACE_BOUND('',#12997,.T.);
#12997 = EDGE_LOOP('',(#12998,#12999,#13000));
#12998 = ORIENTED_EDGE('',*,*,#7209,.T.);
#12999 = ORIENTED_EDGE('',*,*,#7194,.F.);
#13000 = ORIENTED_EDGE('',*,*,#13001,.T.);
#13001 = EDGE_CURVE('',#7187,#7210,#13002,.T.);
#13002 = LINE('',#13003,#13004);
#13003 = CARTESIAN_POINT('',(-20.35355377197,-13.60355377197,5.25));
#13004 = VECTOR('',#13005,1.);
#13005 = DIRECTION('',(-0.642784231672,0.766047277597,0.));
#13006 = PLANE('',#13007);
#13007 = AXIS2_PLACEMENT_3D('',#13008,#13009,#13010);
#13008 = CARTESIAN_POINT('',(-20.3822760038,-13.57076756893,
    6.103746788755));
#13009 = DIRECTION('',(0.766046824921,0.642783851835,1.087128687427E-03)
  );
#13010 = DIRECTION('',(-0.642784231672,0.766047277597,
    -1.084202172486E-19));
#13011 = ADVANCED_FACE('',(#13012),#13022,.T.);
#13012 = FACE_BOUND('',#13013,.T.);
#13013 = EDGE_LOOP('',(#13014,#13015,#13016));
#13014 = ORIENTED_EDGE('',*,*,#7232,.T.);
#13015 = ORIENTED_EDGE('',*,*,#7217,.F.);
#13016 = ORIENTED_EDGE('',*,*,#13017,.T.);
#13017 = EDGE_CURVE('',#7210,#7233,#13018,.T.);
#13018 = LINE('',#13019,#13020);
#13019 = CARTESIAN_POINT('',(-20.40957641601,-13.53678798675,5.25));
#13020 = VECTOR('',#13021,1.);
#13021 = DIRECTION('',(-0.499996823547,0.866027237703,0.));
#13022 = PLANE('',#13023);
#13023 = AXIS2_PLACEMENT_3D('',#13024,#13025,#13026);
#13024 = CARTESIAN_POINT('',(-20.43216850898,-13.49951280188,
    6.103747092656));
#13025 = DIRECTION('',(0.86602672621,0.499996528239,1.086847955477E-03)
  );
#13026 = DIRECTION('',(-0.499996823547,0.866027237703,1.084202172486E-19
    ));
#13027 = ADVANCED_FACE('',(#13028),#13033,.T.);
#13028 = FACE_BOUND('',#13029,.T.);
#13029 = EDGE_LOOP('',(#13030,#13031,#13032));
#13030 = ORIENTED_EDGE('',*,*,#7255,.T.);
#13031 = ORIENTED_EDGE('',*,*,#7240,.F.);
#13032 = ORIENTED_EDGE('',*,*,#9896,.T.);
#13033 = PLANE('',#13034);
#13034 = AXIS2_PLACEMENT_3D('',#13035,#13036,#13037);
#13035 = CARTESIAN_POINT('',(-20.46893093937,-13.4206769156,
    6.103746818744));
#13036 = DIRECTION('',(0.939688674379,0.342029257595,1.087286931796E-03)
  );
#13037 = DIRECTION('',(-0.342029459767,0.939689229826,5.421010862428E-20
    ));
#13038 = ADVANCED_FACE('',(#13039),#13044,.T.);
#13039 = FACE_BOUND('',#13040,.T.);
#13040 = EDGE_LOOP('',(#13041,#13042,#13043));
#13041 = ORIENTED_EDGE('',*,*,#7292,.T.);
#13042 = ORIENTED_EDGE('',*,*,#7277,.F.);
#13043 = ORIENTED_EDGE('',*,*,#8596,.T.);
#13044 = PLANE('',#13045);
#13045 = AXIS2_PLACEMENT_3D('',#13046,#13047,#13048);
#13046 = CARTESIAN_POINT('',(-20.49144377521,13.336655179818,
    6.103746967641));
#13047 = DIRECTION('',(0.984810173801,-0.173631046742,1.086823784442E-03
    ));
#13048 = DIRECTION('',(0.173631149288,0.984810755423,-2.710505431214E-20
    ));
#13049 = ADVANCED_FACE('',(#13050),#13060,.T.);
#13050 = FACE_BOUND('',#13051,.T.);
#13051 = EDGE_LOOP('',(#13052,#13053,#13054));
#13052 = ORIENTED_EDGE('',*,*,#7315,.T.);
#13053 = ORIENTED_EDGE('',*,*,#7300,.F.);
#13054 = ORIENTED_EDGE('',*,*,#13055,.T.);
#13055 = EDGE_CURVE('',#7293,#7316,#13056,.T.);
#13056 = LINE('',#13057,#13058);
#13057 = CARTESIAN_POINT('',(-20.48296356201,13.379409790039,5.25));
#13058 = VECTOR('',#13059,1.);
#13059 = DIRECTION('',(0.342029459767,0.939689229826,0.));
#13060 = PLANE('',#13061);
#13061 = AXIS2_PLACEMENT_3D('',#13062,#13063,#13064);
#13062 = CARTESIAN_POINT('',(-20.46893093937,13.420676915603,
    6.103746818744));
#13063 = DIRECTION('',(0.939688674379,-0.342029257595,1.087286931796E-03
    ));
#13064 = DIRECTION('',(0.342029459767,0.939689229826,-5.421010862428E-20
    ));
#13065 = ADVANCED_FACE('',(#13066),#13076,.T.);
#13066 = FACE_BOUND('',#13067,.T.);
#13067 = EDGE_LOOP('',(#13068,#13069,#13070));
#13068 = ORIENTED_EDGE('',*,*,#7338,.T.);
#13069 = ORIENTED_EDGE('',*,*,#7323,.F.);
#13070 = ORIENTED_EDGE('',*,*,#13071,.T.);
#13071 = EDGE_CURVE('',#7316,#7339,#13072,.T.);
#13072 = LINE('',#13073,#13074);
#13073 = CARTESIAN_POINT('',(-20.45315361022,13.461309432983,5.25));
#13074 = VECTOR('',#13075,1.);
#13075 = DIRECTION('',(0.499996823547,0.866027237703,0.));
#13076 = PLANE('',#13077);
#13077 = AXIS2_PLACEMENT_3D('',#13078,#13079,#13080);
#13078 = CARTESIAN_POINT('',(-20.43216850898,13.499512801882,
    6.103747092656));
#13079 = DIRECTION('',(0.86602672621,-0.499996528239,1.086847955477E-03)
  );
#13080 = DIRECTION('',(0.499996823547,0.866027237703,-1.084202172486E-19
    ));
#13081 = ADVANCED_FACE('',(#13082),#13092,.T.);
#13082 = FACE_BOUND('',#13083,.T.);
#13083 = EDGE_LOOP('',(#13084,#13085,#13086));
#13084 = ORIENTED_EDGE('',*,*,#7361,.T.);
#13085 = ORIENTED_EDGE('',*,*,#7346,.F.);
#13086 = ORIENTED_EDGE('',*,*,#13087,.T.);
#13087 = EDGE_CURVE('',#7339,#7362,#13088,.T.);
#13088 = LINE('',#13089,#13090);
#13089 = CARTESIAN_POINT('',(-20.40957641601,13.536787986755,5.25));
#13090 = VECTOR('',#13091,1.);
#13091 = DIRECTION('',(0.642784231672,0.766047277597,0.));
#13092 = PLANE('',#13093);
#13093 = AXIS2_PLACEMENT_3D('',#13094,#13095,#13096);
#13094 = CARTESIAN_POINT('',(-20.3822760038,13.570767568938,
    6.103746788755));
#13095 = DIRECTION('',(0.766046824921,-0.642783851835,1.087128687427E-03
    ));
#13096 = DIRECTION('',(0.642784231672,0.766047277597,-1.084202172486E-19
    ));
#13097 = ADVANCED_FACE('',(#13098),#13108,.T.);
#13098 = FACE_BOUND('',#13099,.T.);
#13099 = EDGE_LOOP('',(#13100,#13101,#13102));
#13100 = ORIENTED_EDGE('',*,*,#7384,.T.);
#13101 = ORIENTED_EDGE('',*,*,#7369,.F.);
#13102 = ORIENTED_EDGE('',*,*,#13103,.T.);
#13103 = EDGE_CURVE('',#7362,#7385,#13104,.T.);
#13104 = LINE('',#13105,#13106);
#13105 = CARTESIAN_POINT('',(-20.35355377197,13.603553771973,5.25));
#13106 = VECTOR('',#13107,1.);
#13107 = DIRECTION('',(0.766042756565,0.642789619638,0.));
#13108 = PLANE('',#13109);
#13109 = AXIS2_PLACEMENT_3D('',#13110,#13111,#13112);
#13110 = CARTESIAN_POINT('',(-20.32076781335,13.632276003875,
    6.103746962464));
#13111 = DIRECTION('',(0.64278923992,-0.766042304037,1.086953542517E-03)
  );
#13112 = DIRECTION('',(-0.766042756565,-0.642789619638,
    1.084202172486E-19));
#13113 = ADVANCED_FACE('',(#13114),#13124,.T.);
#13114 = FACE_BOUND('',#13115,.T.);
#13115 = EDGE_LOOP('',(#13116,#13117,#13118));
#13116 = ORIENTED_EDGE('',*,*,#7407,.T.);
#13117 = ORIENTED_EDGE('',*,*,#7392,.F.);
#13118 = ORIENTED_EDGE('',*,*,#13119,.T.);
#13119 = EDGE_CURVE('',#7385,#7408,#13120,.T.);
#13120 = LINE('',#13121,#13122);
#13121 = CARTESIAN_POINT('',(-20.28678894043,13.659576416016,5.25));
#13122 = VECTOR('',#13123,1.);
#13123 = DIRECTION('',(0.866029973201,0.499992085455,0.));
#13124 = PLANE('',#13125);
#13125 = AXIS2_PLACEMENT_3D('',#13126,#13127,#13128);
#13126 = CARTESIAN_POINT('',(-20.24951304621,13.682168973917,
    6.103746896278));
#13127 = DIRECTION('',(0.499991789968,-0.866029461391,1.087183665619E-03
    ));
#13128 = DIRECTION('',(-0.866029973201,-0.499992085455,0.));
#13129 = ADVANCED_FACE('',(#13130),#13140,.T.);
#13130 = FACE_BOUND('',#13131,.T.);
#13131 = EDGE_LOOP('',(#13132,#13133,#13134));
#13132 = ORIENTED_EDGE('',*,*,#7430,.T.);
#13133 = ORIENTED_EDGE('',*,*,#7415,.F.);
#13134 = ORIENTED_EDGE('',*,*,#13135,.T.);
#13135 = EDGE_CURVE('',#7408,#7431,#13136,.T.);
#13136 = LINE('',#13137,#13138);
#13137 = CARTESIAN_POINT('',(-20.21130943298,13.703153610229,5.25));
#13138 = VECTOR('',#13139,1.);
#13139 = DIRECTION('',(0.939692746609,0.342019797629,0.));
#13140 = PLANE('',#13141);
#13141 = AXIS2_PLACEMENT_3D('',#13142,#13143,#13144);
#13142 = CARTESIAN_POINT('',(-20.17067738067,13.718930695325,
    6.103746896314));
#13143 = DIRECTION('',(0.342019595297,-0.939692190708,1.087729365355E-03
    ));
#13144 = DIRECTION('',(-0.939692746609,-0.342019797629,0.));
#13145 = ADVANCED_FACE('',(#13146),#13156,.T.);
#13146 = FACE_BOUND('',#13147,.T.);
#13147 = EDGE_LOOP('',(#13148,#13149,#13150));
#13148 = ORIENTED_EDGE('',*,*,#7453,.T.);
#13149 = ORIENTED_EDGE('',*,*,#7438,.F.);
#13150 = ORIENTED_EDGE('',*,*,#13151,.T.);
#13151 = EDGE_CURVE('',#7431,#7454,#13152,.T.);
#13152 = LINE('',#13153,#13154);
#13153 = CARTESIAN_POINT('',(-20.12940979003,13.732962608337,5.25));
#13154 = VECTOR('',#13155,1.);
#13155 = DIRECTION('',(0.984807343062,0.173650502593,0.));
#13156 = PLANE('',#13157);
#13157 = AXIS2_PLACEMENT_3D('',#13158,#13159,#13160);
#13158 = CARTESIAN_POINT('',(-20.08665493547,13.741444240158,
    6.103746665581));
#13159 = DIRECTION('',(0.173650399926,-0.984806760816,1.087407779028E-03
    ));
#13160 = DIRECTION('',(-0.984807343062,-0.173650502593,
    -2.710505431214E-20));
#13161 = ADVANCED_FACE('',(#13162),#13173,.T.);
#13162 = FACE_BOUND('',#13163,.T.);
#13163 = EDGE_LOOP('',(#13164,#13165,#13171,#13172));
#13164 = ORIENTED_EDGE('',*,*,#7461,.F.);
#13165 = ORIENTED_EDGE('',*,*,#13166,.T.);
#13166 = EDGE_CURVE('',#7454,#8947,#13167,.T.);
#13167 = LINE('',#13168,#13169);
#13168 = CARTESIAN_POINT('',(-20.04357719421,13.748097419739,5.25));
#13169 = VECTOR('',#13170,1.);
#13170 = DIRECTION('',(0.,0.,-1.));
#13171 = ORIENTED_EDGE('',*,*,#8946,.T.);
#13172 = ORIENTED_EDGE('',*,*,#7475,.T.);
#13173 = PLANE('',#13174);
#13174 = AXIS2_PLACEMENT_3D('',#13175,#13176,#13177);
#13175 = CARTESIAN_POINT('',(-20.01634187074,13.749286513938,3.5));
#13176 = DIRECTION('',(4.361844627363E-02,-0.99904826267,0.));
#13177 = DIRECTION('',(-0.99904826267,-4.361844627363E-02,0.));
#13178 = ADVANCED_FACE('',(#13179),#13184,.T.);
#13179 = FACE_BOUND('',#13180,.T.);
#13180 = EDGE_LOOP('',(#13181,#13182,#13183));
#13181 = ORIENTED_EDGE('',*,*,#8581,.F.);
#13182 = ORIENTED_EDGE('',*,*,#8632,.F.);
#13183 = ORIENTED_EDGE('',*,*,#8603,.T.);
#13184 = PLANE('',#13185);
#13185 = AXIS2_PLACEMENT_3D('',#13186,#13187,#13188);
#13186 = CARTESIAN_POINT('',(-20.49144377521,13.336655179818,
    0.896253032359));
#13187 = DIRECTION('',(0.984810173801,-0.173631046742,
    -1.086823784442E-03));
#13188 = DIRECTION('',(0.173631149288,0.984810755423,2.710505431214E-20)
  );
#13189 = ADVANCED_FACE('',(#13190),#13206,.T.);
#13190 = FACE_BOUND('',#13191,.T.);
#13191 = EDGE_LOOP('',(#13192,#13193,#13199,#13205));
#13192 = ORIENTED_EDGE('',*,*,#8611,.F.);
#13193 = ORIENTED_EDGE('',*,*,#13194,.F.);
#13194 = EDGE_CURVE('',#8671,#8604,#13195,.T.);
#13195 = LINE('',#13196,#13197);
#13196 = CARTESIAN_POINT('',(-20.45315361022,13.461309432983,1.75));
#13197 = VECTOR('',#13198,1.);
#13198 = DIRECTION('',(-0.342029459767,-0.939689229826,0.));
#13199 = ORIENTED_EDGE('',*,*,#13200,.T.);
#13200 = EDGE_CURVE('',#8671,#7316,#13201,.T.);
#13201 = LINE('',#13202,#13203);
#13202 = CARTESIAN_POINT('',(-20.45315361022,13.461309432983,1.75));
#13203 = VECTOR('',#13204,1.);
#13204 = DIRECTION('',(0.,0.,1.));
#13205 = ORIENTED_EDGE('',*,*,#13055,.F.);
#13206 = PLANE('',#13207);
#13207 = AXIS2_PLACEMENT_3D('',#13208,#13209,#13210);
#13208 = CARTESIAN_POINT('',(-20.46805858612,13.420359611511,3.5));
#13209 = DIRECTION('',(0.939689229826,-0.342029459767,0.));
#13210 = DIRECTION('',(0.342029459767,0.939689229826,0.));
#13211 = ADVANCED_FACE('',(#13212),#13217,.T.);
#13212 = FACE_BOUND('',#13213,.T.);
#13213 = EDGE_LOOP('',(#13214,#13215,#13216));
#13214 = ORIENTED_EDGE('',*,*,#8626,.T.);
#13215 = ORIENTED_EDGE('',*,*,#8678,.F.);
#13216 = ORIENTED_EDGE('',*,*,#13194,.T.);
#13217 = PLANE('',#13218);
#13218 = AXIS2_PLACEMENT_3D('',#13219,#13220,#13221);
#13219 = CARTESIAN_POINT('',(-20.46893093937,13.420676915603,
    0.896253181256));
#13220 = DIRECTION('',(0.939688674379,-0.342029257595,
    -1.087286931796E-03));
#13221 = DIRECTION('',(0.342029459767,0.939689229826,5.421010862428E-20)
  );
#13222 = ADVANCED_FACE('',(#13223),#13233,.T.);
#13223 = FACE_BOUND('',#13224,.T.);
#13224 = EDGE_LOOP('',(#13225,#13226,#13227));
#13225 = ORIENTED_EDGE('',*,*,#8693,.T.);
#13226 = ORIENTED_EDGE('',*,*,#8655,.F.);
#13227 = ORIENTED_EDGE('',*,*,#13228,.T.);
#13228 = EDGE_CURVE('',#8648,#8694,#13229,.T.);
#13229 = LINE('',#13230,#13231);
#13230 = CARTESIAN_POINT('',(20.498096466064,13.293578147888,1.75));
#13231 = VECTOR('',#13232,1.);
#13232 = DIRECTION('',(-0.173631149288,0.984810755423,0.));
#13233 = PLANE('',#13234);
#13234 = AXIS2_PLACEMENT_3D('',#13235,#13236,#13237);
#13235 = CARTESIAN_POINT('',(20.491443775213,13.336655179818,
    0.896253032359));
#13236 = DIRECTION('',(-0.984810173801,-0.173631046742,
    -1.086823784442E-03));
#13237 = DIRECTION('',(0.173631149288,-0.984810755423,
    -2.710505431214E-20));
#13238 = ADVANCED_FACE('',(#13239),#13249,.T.);
#13239 = FACE_BOUND('',#13240,.T.);
#13240 = EDGE_LOOP('',(#13241,#13242,#13243));
#13241 = ORIENTED_EDGE('',*,*,#8670,.T.);
#13242 = ORIENTED_EDGE('',*,*,#8724,.F.);
#13243 = ORIENTED_EDGE('',*,*,#13244,.T.);
#13244 = EDGE_CURVE('',#8717,#8671,#13245,.T.);
#13245 = LINE('',#13246,#13247);
#13246 = CARTESIAN_POINT('',(-20.40957641601,13.536787986755,1.75));
#13247 = VECTOR('',#13248,1.);
#13248 = DIRECTION('',(-0.499996823547,-0.866027237703,0.));
#13249 = PLANE('',#13250);
#13250 = AXIS2_PLACEMENT_3D('',#13251,#13252,#13253);
#13251 = CARTESIAN_POINT('',(-20.43216850898,13.499512801882,
    0.896252907344));
#13252 = DIRECTION('',(0.86602672621,-0.499996528239,-1.086847955477E-03
    ));
#13253 = DIRECTION('',(0.499996823547,0.866027237703,1.084202172486E-19)
  );
#13254 = ADVANCED_FACE('',(#13255),#13265,.T.);
#13255 = FACE_BOUND('',#13256,.T.);
#13256 = EDGE_LOOP('',(#13257,#13258,#13259));
#13257 = ORIENTED_EDGE('',*,*,#8739,.T.);
#13258 = ORIENTED_EDGE('',*,*,#8701,.F.);
#13259 = ORIENTED_EDGE('',*,*,#13260,.T.);
#13260 = EDGE_CURVE('',#8694,#8740,#13261,.T.);
#13261 = LINE('',#13262,#13263);
#13262 = CARTESIAN_POINT('',(20.482963562012,13.379409790039,1.75));
#13263 = VECTOR('',#13264,1.);
#13264 = DIRECTION('',(-0.342029459767,0.939689229826,0.));
#13265 = PLANE('',#13266);
#13266 = AXIS2_PLACEMENT_3D('',#13267,#13268,#13269);
#13267 = CARTESIAN_POINT('',(20.468930939378,13.420676915603,
    0.896253181256));
#13268 = DIRECTION('',(-0.939688674379,-0.342029257595,
    -1.087286931796E-03));
#13269 = DIRECTION('',(0.342029459767,-0.939689229826,
    -5.421010862428E-20));
#13270 = ADVANCED_FACE('',(#13271),#13281,.T.);
#13271 = FACE_BOUND('',#13272,.T.);
#13272 = EDGE_LOOP('',(#13273,#13274,#13275));
#13273 = ORIENTED_EDGE('',*,*,#8716,.T.);
#13274 = ORIENTED_EDGE('',*,*,#8770,.F.);
#13275 = ORIENTED_EDGE('',*,*,#13276,.T.);
#13276 = EDGE_CURVE('',#8763,#8717,#13277,.T.);
#13277 = LINE('',#13278,#13279);
#13278 = CARTESIAN_POINT('',(-20.35355377197,13.603553771973,1.75));
#13279 = VECTOR('',#13280,1.);
#13280 = DIRECTION('',(-0.642784231672,-0.766047277597,0.));
#13281 = PLANE('',#13282);
#13282 = AXIS2_PLACEMENT_3D('',#13283,#13284,#13285);
#13283 = CARTESIAN_POINT('',(-20.3822760038,13.570767568938,
    0.896253211245));
#13284 = DIRECTION('',(0.766046824921,-0.642783851835,
    -1.087128687427E-03));
#13285 = DIRECTION('',(0.642784231672,0.766047277597,-1.084202172486E-19
    ));
#13286 = ADVANCED_FACE('',(#13287),#13297,.T.);
#13287 = FACE_BOUND('',#13288,.T.);
#13288 = EDGE_LOOP('',(#13289,#13290,#13291));
#13289 = ORIENTED_EDGE('',*,*,#8785,.T.);
#13290 = ORIENTED_EDGE('',*,*,#8747,.F.);
#13291 = ORIENTED_EDGE('',*,*,#13292,.T.);
#13292 = EDGE_CURVE('',#8740,#8786,#13293,.T.);
#13293 = LINE('',#13294,#13295);
#13294 = CARTESIAN_POINT('',(20.453153610229,13.461309432983,1.75));
#13295 = VECTOR('',#13296,1.);
#13296 = DIRECTION('',(-0.499996823547,0.866027237703,0.));
#13297 = PLANE('',#13298);
#13298 = AXIS2_PLACEMENT_3D('',#13299,#13300,#13301);
#13299 = CARTESIAN_POINT('',(20.43216850898,13.499512801882,
    0.896252907344));
#13300 = DIRECTION('',(-0.86602672621,-0.499996528239,
    -1.086847955477E-03));
#13301 = DIRECTION('',(0.499996823547,-0.866027237703,
    -1.084202172486E-19));
#13302 = ADVANCED_FACE('',(#13303),#13313,.T.);
#13303 = FACE_BOUND('',#13304,.T.);
#13304 = EDGE_LOOP('',(#13305,#13306,#13307));
#13305 = ORIENTED_EDGE('',*,*,#8762,.T.);
#13306 = ORIENTED_EDGE('',*,*,#8816,.F.);
#13307 = ORIENTED_EDGE('',*,*,#13308,.T.);
#13308 = EDGE_CURVE('',#8809,#8763,#13309,.T.);
#13309 = LINE('',#13310,#13311);
#13310 = CARTESIAN_POINT('',(-20.28678894043,13.659576416016,1.75));
#13311 = VECTOR('',#13312,1.);
#13312 = DIRECTION('',(-0.766042756565,-0.642789619638,0.));
#13313 = PLANE('',#13314);
#13314 = AXIS2_PLACEMENT_3D('',#13315,#13316,#13317);
#13315 = CARTESIAN_POINT('',(-20.32076781335,13.632276003875,
    0.896253037536));
#13316 = DIRECTION('',(0.64278923992,-0.766042304037,-1.086953542517E-03
    ));
#13317 = DIRECTION('',(-0.766042756565,-0.642789619638,
    -1.084202172486E-19));
#13318 = ADVANCED_FACE('',(#13319),#13329,.T.);
#13319 = FACE_BOUND('',#13320,.T.);
#13320 = EDGE_LOOP('',(#13321,#13322,#13323));
#13321 = ORIENTED_EDGE('',*,*,#8831,.T.);
#13322 = ORIENTED_EDGE('',*,*,#8793,.F.);
#13323 = ORIENTED_EDGE('',*,*,#13324,.T.);
#13324 = EDGE_CURVE('',#8786,#8832,#13325,.T.);
#13325 = LINE('',#13326,#13327);
#13326 = CARTESIAN_POINT('',(20.409576416016,13.536787986755,1.75));
#13327 = VECTOR('',#13328,1.);
#13328 = DIRECTION('',(-0.642784231672,0.766047277597,0.));
#13329 = PLANE('',#13330);
#13330 = AXIS2_PLACEMENT_3D('',#13331,#13332,#13333);
#13331 = CARTESIAN_POINT('',(20.382276003804,13.570767568938,
    0.896253211245));
#13332 = DIRECTION('',(-0.766046824921,-0.642783851835,
    -1.087128687427E-03));
#13333 = DIRECTION('',(0.642784231672,-0.766047277597,
    -1.084202172486E-19));
#13334 = ADVANCED_FACE('',(#13335),#13345,.T.);
#13335 = FACE_BOUND('',#13336,.T.);
#13336 = EDGE_LOOP('',(#13337,#13338,#13339));
#13337 = ORIENTED_EDGE('',*,*,#8808,.T.);
#13338 = ORIENTED_EDGE('',*,*,#8862,.F.);
#13339 = ORIENTED_EDGE('',*,*,#13340,.T.);
#13340 = EDGE_CURVE('',#8855,#8809,#13341,.T.);
#13341 = LINE('',#13342,#13343);
#13342 = CARTESIAN_POINT('',(-20.21130943298,13.703153610229,1.75));
#13343 = VECTOR('',#13344,1.);
#13344 = DIRECTION('',(-0.866029973201,-0.499992085455,0.));
#13345 = PLANE('',#13346);
#13346 = AXIS2_PLACEMENT_3D('',#13347,#13348,#13349);
#13347 = CARTESIAN_POINT('',(-20.24951304621,13.682168973917,
    0.896253103722));
#13348 = DIRECTION('',(0.499991789968,-0.866029461391,
    -1.087183665619E-03));
#13349 = DIRECTION('',(-0.866029973201,-0.499992085455,0.));
#13350 = ADVANCED_FACE('',(#13351),#13361,.T.);
#13351 = FACE_BOUND('',#13352,.T.);
#13352 = EDGE_LOOP('',(#13353,#13354,#13355));
#13353 = ORIENTED_EDGE('',*,*,#8877,.T.);
#13354 = ORIENTED_EDGE('',*,*,#8839,.F.);
#13355 = ORIENTED_EDGE('',*,*,#13356,.T.);
#13356 = EDGE_CURVE('',#8832,#8878,#13357,.T.);
#13357 = LINE('',#13358,#13359);
#13358 = CARTESIAN_POINT('',(20.353553771973,13.603553771973,1.75));
#13359 = VECTOR('',#13360,1.);
#13360 = DIRECTION('',(-0.766042756565,0.642789619638,0.));
#13361 = PLANE('',#13362);
#13362 = AXIS2_PLACEMENT_3D('',#13363,#13364,#13365);
#13363 = CARTESIAN_POINT('',(20.320767813357,13.632276003875,
    0.896253037536));
#13364 = DIRECTION('',(-0.64278923992,-0.766042304037,
    -1.086953542517E-03));
#13365 = DIRECTION('',(-0.766042756565,0.642789619638,1.084202172486E-19
    ));
#13366 = ADVANCED_FACE('',(#13367),#13377,.T.);
#13367 = FACE_BOUND('',#13368,.T.);
#13368 = EDGE_LOOP('',(#13369,#13370,#13371));
#13369 = ORIENTED_EDGE('',*,*,#8854,.T.);
#13370 = ORIENTED_EDGE('',*,*,#8908,.F.);
#13371 = ORIENTED_EDGE('',*,*,#13372,.T.);
#13372 = EDGE_CURVE('',#8901,#8855,#13373,.T.);
#13373 = LINE('',#13374,#13375);
#13374 = CARTESIAN_POINT('',(-20.12940979003,13.732962608337,1.75));
#13375 = VECTOR('',#13376,1.);
#13376 = DIRECTION('',(-0.939692746609,-0.342019797629,0.));
#13377 = PLANE('',#13378);
#13378 = AXIS2_PLACEMENT_3D('',#13379,#13380,#13381);
#13379 = CARTESIAN_POINT('',(-20.17067738067,13.718930695325,
    0.896253103686));
#13380 = DIRECTION('',(0.342019595297,-0.939692190708,
    -1.087729365355E-03));
#13381 = DIRECTION('',(-0.939692746609,-0.342019797629,0.));
#13382 = ADVANCED_FACE('',(#13383),#13393,.T.);
#13383 = FACE_BOUND('',#13384,.T.);
#13384 = EDGE_LOOP('',(#13385,#13386,#13387));
#13385 = ORIENTED_EDGE('',*,*,#8923,.T.);
#13386 = ORIENTED_EDGE('',*,*,#8885,.F.);
#13387 = ORIENTED_EDGE('',*,*,#13388,.T.);
#13388 = EDGE_CURVE('',#8878,#8924,#13389,.T.);
#13389 = LINE('',#13390,#13391);
#13390 = CARTESIAN_POINT('',(20.28678894043,13.659576416016,1.75));
#13391 = VECTOR('',#13392,1.);
#13392 = DIRECTION('',(-0.866029973201,0.499992085455,0.));
#13393 = PLANE('',#13394);
#13394 = AXIS2_PLACEMENT_3D('',#13395,#13396,#13397);
#13395 = CARTESIAN_POINT('',(20.249513046215,13.682168973917,
    0.896253103722));
#13396 = DIRECTION('',(-0.499991789968,-0.866029461391,
    -1.087183665619E-03));
#13397 = DIRECTION('',(-0.866029973201,0.499992085455,0.));
#13398 = ADVANCED_FACE('',(#13399),#13409,.T.);
#13399 = FACE_BOUND('',#13400,.T.);
#13400 = EDGE_LOOP('',(#13401,#13402,#13403));
#13401 = ORIENTED_EDGE('',*,*,#8900,.T.);
#13402 = ORIENTED_EDGE('',*,*,#8954,.F.);
#13403 = ORIENTED_EDGE('',*,*,#13404,.T.);
#13404 = EDGE_CURVE('',#8947,#8901,#13405,.T.);
#13405 = LINE('',#13406,#13407);
#13406 = CARTESIAN_POINT('',(-20.04357719421,13.748097419739,1.75));
#13407 = VECTOR('',#13408,1.);
#13408 = DIRECTION('',(-0.984807343062,-0.173650502593,0.));
#13409 = PLANE('',#13410);
#13410 = AXIS2_PLACEMENT_3D('',#13411,#13412,#13413);
#13411 = CARTESIAN_POINT('',(-20.08665493547,13.741444240158,
    0.896253334419));
#13412 = DIRECTION('',(0.173650399926,-0.984806760816,
    -1.087407779028E-03));
#13413 = DIRECTION('',(-0.984807343062,-0.173650502593,
    2.710505431214E-20));
#13414 = ADVANCED_FACE('',(#13415),#13425,.T.);
#13415 = FACE_BOUND('',#13416,.T.);
#13416 = EDGE_LOOP('',(#13417,#13418,#13419));
#13417 = ORIENTED_EDGE('',*,*,#8969,.T.);
#13418 = ORIENTED_EDGE('',*,*,#8931,.F.);
#13419 = ORIENTED_EDGE('',*,*,#13420,.T.);
#13420 = EDGE_CURVE('',#8924,#8970,#13421,.T.);
#13421 = LINE('',#13422,#13423);
#13422 = CARTESIAN_POINT('',(20.211309432983,13.703153610229,1.75));
#13423 = VECTOR('',#13424,1.);
#13424 = DIRECTION('',(-0.939692746609,0.342019797629,0.));
#13425 = PLANE('',#13426);
#13426 = AXIS2_PLACEMENT_3D('',#13427,#13428,#13429);
#13427 = CARTESIAN_POINT('',(20.170677380674,13.718930695325,
    0.896253103686));
#13428 = DIRECTION('',(-0.342019595297,-0.939692190708,
    -1.087729365355E-03));
#13429 = DIRECTION('',(-0.939692746609,0.342019797629,0.));
#13430 = ADVANCED_FACE('',(#13431),#13441,.T.);
#13431 = FACE_BOUND('',#13432,.T.);
#13432 = EDGE_LOOP('',(#13433,#13434,#13435));
#13433 = ORIENTED_EDGE('',*,*,#8992,.F.);
#13434 = ORIENTED_EDGE('',*,*,#8977,.F.);
#13435 = ORIENTED_EDGE('',*,*,#13436,.T.);
#13436 = EDGE_CURVE('',#8970,#8993,#13437,.T.);
#13437 = LINE('',#13438,#13439);
#13438 = CARTESIAN_POINT('',(20.129409790039,13.732962608337,1.75));
#13439 = VECTOR('',#13440,1.);
#13440 = DIRECTION('',(-0.984807343062,0.173650502593,0.));
#13441 = PLANE('',#13442);
#13442 = AXIS2_PLACEMENT_3D('',#13443,#13444,#13445);
#13443 = CARTESIAN_POINT('',(20.086654935472,13.741444240158,
    0.896253334419));
#13444 = DIRECTION('',(-0.173650399926,-0.984806760816,
    -1.087407779028E-03));
#13445 = DIRECTION('',(-0.984807343062,0.173650502593,
    -2.710505431214E-20));
#13446 = ADVANCED_FACE('',(#13447),#13466,.F.);
#13447 = FACE_BOUND('',#13448,.T.);
#13448 = EDGE_LOOP('',(#13449,#13450,#13458,#13465));
#13449 = ORIENTED_EDGE('',*,*,#9176,.T.);
#13450 = ORIENTED_EDGE('',*,*,#13451,.T.);
#13451 = EDGE_CURVE('',#9169,#13452,#13454,.T.);
#13452 = VERTEX_POINT('',#13453);
#13453 = CARTESIAN_POINT('',(-11.01500000953,8.090797281209,
    -4.951261103576));
#13454 = LINE('',#13455,#13456);
#13455 = CARTESIAN_POINT('',(-9.715000009537,8.294162085762,
    -3.667266260803));
#13456 = VECTOR('',#13457,1.);
#13457 = DIRECTION('',(-0.707106781187,-0.110615871041,-0.698401123334)
  );
#13458 = ORIENTED_EDGE('',*,*,#13459,.F.);
#13459 = EDGE_CURVE('',#13452,#13452,#13460,.T.);
#13460 = CIRCLE('',#13461,1.6);
#13461 = AXIS2_PLACEMENT_3D('',#13462,#13463,#13464);
#13462 = CARTESIAN_POINT('',(-12.61500000953,8.090797281209,
    -4.951261103576));
#13463 = DIRECTION('',(0.,0.15643446504,0.987688340595));
#13464 = DIRECTION('',(1.,-1.807857470339E-17,2.863364936261E-18));
#13465 = ORIENTED_EDGE('',*,*,#13451,.F.);
#13466 = CONICAL_SURFACE('',#13467,2.9,0.785398163397);
#13467 = AXIS2_PLACEMENT_3D('',#13468,#13469,#13470);
#13468 = CARTESIAN_POINT('',(-12.61500000953,8.294162085762,
    -3.667266260803));
#13469 = DIRECTION('',(0.,0.15643446504,0.987688340595));
#13470 = DIRECTION('',(1.,2.737230131427E-17,-4.335346624055E-18));
#13471 = ADVANCED_FACE('',(#13472),#13483,.T.);
#13472 = FACE_BOUND('',#13473,.T.);
#13473 = EDGE_LOOP('',(#13474,#13480,#13481,#13482));
#13474 = ORIENTED_EDGE('',*,*,#13475,.F.);
#13475 = EDGE_CURVE('',#8694,#6713,#13476,.T.);
#13476 = LINE('',#13477,#13478);
#13477 = CARTESIAN_POINT('',(20.482963562012,13.379409790039,1.75));
#13478 = VECTOR('',#13479,1.);
#13479 = DIRECTION('',(0.,0.,1.));
#13480 = ORIENTED_EDGE('',*,*,#13228,.F.);
#13481 = ORIENTED_EDGE('',*,*,#9329,.F.);
#13482 = ORIENTED_EDGE('',*,*,#12793,.F.);
#13483 = PLANE('',#13484);
#13484 = AXIS2_PLACEMENT_3D('',#13485,#13486,#13487);
#13485 = CARTESIAN_POINT('',(20.490530014038,13.336493968964,3.5));
#13486 = DIRECTION('',(-0.984810755423,-0.173631149288,-0.));
#13487 = DIRECTION('',(0.173631149288,-0.984810755423,0.));
#13488 = ADVANCED_FACE('',(#13489),#13500,.T.);
#13489 = FACE_BOUND('',#13490,.T.);
#13490 = EDGE_LOOP('',(#13491,#13492,#13493,#13494));
#13491 = ORIENTED_EDGE('',*,*,#12809,.F.);
#13492 = ORIENTED_EDGE('',*,*,#9346,.F.);
#13493 = ORIENTED_EDGE('',*,*,#9392,.F.);
#13494 = ORIENTED_EDGE('',*,*,#13495,.T.);
#13495 = EDGE_CURVE('',#3159,#6782,#13496,.T.);
#13496 = LINE('',#13497,#13498);
#13497 = CARTESIAN_POINT('',(20.482963562012,-13.37940979003,1.75));
#13498 = VECTOR('',#13499,1.);
#13499 = DIRECTION('',(0.,0.,1.));
#13500 = PLANE('',#13501);
#13501 = AXIS2_PLACEMENT_3D('',#13502,#13503,#13504);
#13502 = CARTESIAN_POINT('',(20.490530014038,-13.33649396896,3.5));
#13503 = DIRECTION('',(-0.984810755423,0.173631149288,0.));
#13504 = DIRECTION('',(-0.173631149288,-0.984810755423,0.));
#13505 = ADVANCED_FACE('',(#13506),#13517,.T.);
#13506 = FACE_BOUND('',#13507,.T.);
#13507 = EDGE_LOOP('',(#13508,#13514,#13515,#13516));
#13508 = ORIENTED_EDGE('',*,*,#13509,.F.);
#13509 = EDGE_CURVE('',#3182,#7210,#13510,.T.);
#13510 = LINE('',#13511,#13512);
#13511 = CARTESIAN_POINT('',(-20.40957641601,-13.53678798675,1.75));
#13512 = VECTOR('',#13513,1.);
#13513 = DIRECTION('',(0.,0.,1.));
#13514 = ORIENTED_EDGE('',*,*,#9408,.F.);
#13515 = ORIENTED_EDGE('',*,*,#9888,.T.);
#13516 = ORIENTED_EDGE('',*,*,#13017,.F.);
#13517 = PLANE('',#13518);
#13518 = AXIS2_PLACEMENT_3D('',#13519,#13520,#13521);
#13519 = CARTESIAN_POINT('',(-20.43136501312,-13.49904870986,3.5));
#13520 = DIRECTION('',(0.866027237703,0.499996823547,0.));
#13521 = DIRECTION('',(-0.499996823547,0.866027237703,0.));
#13522 = ADVANCED_FACE('',(#13523),#13534,.T.);
#13523 = FACE_BOUND('',#13524,.T.);
#13524 = EDGE_LOOP('',(#13525,#13526,#13527,#13533));
#13525 = ORIENTED_EDGE('',*,*,#13495,.F.);
#13526 = ORIENTED_EDGE('',*,*,#9424,.F.);
#13527 = ORIENTED_EDGE('',*,*,#13528,.T.);
#13528 = EDGE_CURVE('',#3205,#6805,#13529,.T.);
#13529 = LINE('',#13530,#13531);
#13530 = CARTESIAN_POINT('',(20.453153610229,-13.46130943298,1.75));
#13531 = VECTOR('',#13532,1.);
#13532 = DIRECTION('',(0.,0.,1.));
#13533 = ORIENTED_EDGE('',*,*,#12825,.F.);
#13534 = PLANE('',#13535);
#13535 = AXIS2_PLACEMENT_3D('',#13536,#13537,#13538);
#13536 = CARTESIAN_POINT('',(20.468058586121,-13.42035961151,3.5));
#13537 = DIRECTION('',(-0.939689229826,0.342029459767,0.));
#13538 = DIRECTION('',(-0.342029459767,-0.939689229826,0.));
#13539 = ADVANCED_FACE('',(#13540),#13551,.T.);
#13540 = FACE_BOUND('',#13541,.T.);
#13541 = EDGE_LOOP('',(#13542,#13548,#13549,#13550));
#13542 = ORIENTED_EDGE('',*,*,#13543,.F.);
#13543 = EDGE_CURVE('',#3228,#7187,#13544,.T.);
#13544 = LINE('',#13545,#13546);
#13545 = CARTESIAN_POINT('',(-20.35355377197,-13.60355377197,1.75));
#13546 = VECTOR('',#13547,1.);
#13547 = DIRECTION('',(0.,0.,1.));
#13548 = ORIENTED_EDGE('',*,*,#9440,.F.);
#13549 = ORIENTED_EDGE('',*,*,#13509,.T.);
#13550 = ORIENTED_EDGE('',*,*,#13001,.F.);
#13551 = PLANE('',#13552);
#13552 = AXIS2_PLACEMENT_3D('',#13553,#13554,#13555);
#13553 = CARTESIAN_POINT('',(-20.38156509399,-13.57017087936,3.5));
#13554 = DIRECTION('',(0.766047277597,0.642784231672,0.));
#13555 = DIRECTION('',(-0.642784231672,0.766047277597,0.));
#13556 = ADVANCED_FACE('',(#13557),#13568,.T.);
#13557 = FACE_BOUND('',#13558,.T.);
#13558 = EDGE_LOOP('',(#13559,#13560,#13561,#13567));
#13559 = ORIENTED_EDGE('',*,*,#13528,.F.);
#13560 = ORIENTED_EDGE('',*,*,#9456,.F.);
#13561 = ORIENTED_EDGE('',*,*,#13562,.T.);
#13562 = EDGE_CURVE('',#3251,#6828,#13563,.T.);
#13563 = LINE('',#13564,#13565);
#13564 = CARTESIAN_POINT('',(20.409576416016,-13.53678798675,1.75));
#13565 = VECTOR('',#13566,1.);
#13566 = DIRECTION('',(0.,0.,1.));
#13567 = ORIENTED_EDGE('',*,*,#12841,.F.);
#13568 = PLANE('',#13569);
#13569 = AXIS2_PLACEMENT_3D('',#13570,#13571,#13572);
#13570 = CARTESIAN_POINT('',(20.431365013123,-13.49904870986,3.5));
#13571 = DIRECTION('',(-0.866027237703,0.499996823547,0.));
#13572 = DIRECTION('',(-0.499996823547,-0.866027237703,0.));
#13573 = ADVANCED_FACE('',(#13574),#13585,.T.);
#13574 = FACE_BOUND('',#13575,.T.);
#13575 = EDGE_LOOP('',(#13576,#13582,#13583,#13584));
#13576 = ORIENTED_EDGE('',*,*,#13577,.F.);
#13577 = EDGE_CURVE('',#3274,#7164,#13578,.T.);
#13578 = LINE('',#13579,#13580);
#13579 = CARTESIAN_POINT('',(-20.28678894043,-13.65957641601,1.75));
#13580 = VECTOR('',#13581,1.);
#13581 = DIRECTION('',(0.,0.,1.));
#13582 = ORIENTED_EDGE('',*,*,#9472,.F.);
#13583 = ORIENTED_EDGE('',*,*,#13543,.T.);
#13584 = ORIENTED_EDGE('',*,*,#12985,.F.);
#13585 = PLANE('',#13586);
#13586 = AXIS2_PLACEMENT_3D('',#13587,#13588,#13589);
#13587 = CARTESIAN_POINT('',(-20.3201713562,-13.63156509399,3.5));
#13588 = DIRECTION('',(0.642789619638,0.766042756565,0.));
#13589 = DIRECTION('',(0.766042756565,-0.642789619638,0.));
#13590 = ADVANCED_FACE('',(#13591),#13602,.T.);
#13591 = FACE_BOUND('',#13592,.T.);
#13592 = EDGE_LOOP('',(#13593,#13594,#13595,#13601));
#13593 = ORIENTED_EDGE('',*,*,#13562,.F.);
#13594 = ORIENTED_EDGE('',*,*,#9488,.F.);
#13595 = ORIENTED_EDGE('',*,*,#13596,.T.);
#13596 = EDGE_CURVE('',#3297,#6851,#13597,.T.);
#13597 = LINE('',#13598,#13599);
#13598 = CARTESIAN_POINT('',(20.353553771973,-13.60355377197,1.75));
#13599 = VECTOR('',#13600,1.);
#13600 = DIRECTION('',(0.,0.,1.));
#13601 = ORIENTED_EDGE('',*,*,#12857,.F.);
#13602 = PLANE('',#13603);
#13603 = AXIS2_PLACEMENT_3D('',#13604,#13605,#13606);
#13604 = CARTESIAN_POINT('',(20.381565093994,-13.57017087936,3.5));
#13605 = DIRECTION('',(-0.766047277597,0.642784231672,0.));
#13606 = DIRECTION('',(-0.642784231672,-0.766047277597,0.));
#13607 = ADVANCED_FACE('',(#13608),#13619,.T.);
#13608 = FACE_BOUND('',#13609,.T.);
#13609 = EDGE_LOOP('',(#13610,#13616,#13617,#13618));
#13610 = ORIENTED_EDGE('',*,*,#13611,.F.);
#13611 = EDGE_CURVE('',#3320,#7141,#13612,.T.);
#13612 = LINE('',#13613,#13614);
#13613 = CARTESIAN_POINT('',(-20.21130943298,-13.70315361022,1.75));
#13614 = VECTOR('',#13615,1.);
#13615 = DIRECTION('',(0.,0.,1.));
#13616 = ORIENTED_EDGE('',*,*,#9504,.F.);
#13617 = ORIENTED_EDGE('',*,*,#13577,.T.);
#13618 = ORIENTED_EDGE('',*,*,#12969,.F.);
#13619 = PLANE('',#13620);
#13620 = AXIS2_PLACEMENT_3D('',#13621,#13622,#13623);
#13621 = CARTESIAN_POINT('',(-20.2490491867,-13.68136501312,3.5));
#13622 = DIRECTION('',(0.499992085455,0.866029973201,0.));
#13623 = DIRECTION('',(0.866029973201,-0.499992085455,0.));
#13624 = ADVANCED_FACE('',(#13625),#13636,.T.);
#13625 = FACE_BOUND('',#13626,.T.);
#13626 = EDGE_LOOP('',(#13627,#13628,#13629,#13635));
#13627 = ORIENTED_EDGE('',*,*,#13596,.F.);
#13628 = ORIENTED_EDGE('',*,*,#9520,.F.);
#13629 = ORIENTED_EDGE('',*,*,#13630,.T.);
#13630 = EDGE_CURVE('',#3343,#6874,#13631,.T.);
#13631 = LINE('',#13632,#13633);
#13632 = CARTESIAN_POINT('',(20.28678894043,-13.65957641601,1.75));
#13633 = VECTOR('',#13634,1.);
#13634 = DIRECTION('',(0.,0.,1.));
#13635 = ORIENTED_EDGE('',*,*,#12873,.F.);
#13636 = PLANE('',#13637);
#13637 = AXIS2_PLACEMENT_3D('',#13638,#13639,#13640);
#13638 = CARTESIAN_POINT('',(20.320171356201,-13.63156509399,3.5));
#13639 = DIRECTION('',(-0.642789619638,0.766042756565,0.));
#13640 = DIRECTION('',(0.766042756565,0.642789619638,0.));
#13641 = ADVANCED_FACE('',(#13642),#13653,.T.);
#13642 = FACE_BOUND('',#13643,.T.);
#13643 = EDGE_LOOP('',(#13644,#13650,#13651,#13652));
#13644 = ORIENTED_EDGE('',*,*,#13645,.F.);
#13645 = EDGE_CURVE('',#3366,#7118,#13646,.T.);
#13646 = LINE('',#13647,#13648);
#13647 = CARTESIAN_POINT('',(-20.12940979003,-13.73296260833,1.75));
#13648 = VECTOR('',#13649,1.);
#13649 = DIRECTION('',(0.,0.,1.));
#13650 = ORIENTED_EDGE('',*,*,#9536,.F.);
#13651 = ORIENTED_EDGE('',*,*,#13611,.T.);
#13652 = ORIENTED_EDGE('',*,*,#12953,.F.);
#13653 = PLANE('',#13654);
#13654 = AXIS2_PLACEMENT_3D('',#13655,#13656,#13657);
#13655 = CARTESIAN_POINT('',(-20.17035961151,-13.71805810928,3.5));
#13656 = DIRECTION('',(0.342019797629,0.939692746609,0.));
#13657 = DIRECTION('',(0.939692746609,-0.342019797629,0.));
#13658 = ADVANCED_FACE('',(#13659),#13670,.T.);
#13659 = FACE_BOUND('',#13660,.T.);
#13660 = EDGE_LOOP('',(#13661,#13662,#13663,#13669));
#13661 = ORIENTED_EDGE('',*,*,#13630,.F.);
#13662 = ORIENTED_EDGE('',*,*,#9552,.F.);
#13663 = ORIENTED_EDGE('',*,*,#13664,.T.);
#13664 = EDGE_CURVE('',#3389,#6897,#13665,.T.);
#13665 = LINE('',#13666,#13667);
#13666 = CARTESIAN_POINT('',(20.211309432983,-13.70315361022,1.75));
#13667 = VECTOR('',#13668,1.);
#13668 = DIRECTION('',(0.,0.,1.));
#13669 = ORIENTED_EDGE('',*,*,#12889,.F.);
#13670 = PLANE('',#13671);
#13671 = AXIS2_PLACEMENT_3D('',#13672,#13673,#13674);
#13672 = CARTESIAN_POINT('',(20.249049186707,-13.68136501312,3.5));
#13673 = DIRECTION('',(-0.499992085455,0.866029973201,0.));
#13674 = DIRECTION('',(0.866029973201,0.499992085455,0.));
#13675 = ADVANCED_FACE('',(#13676),#13682,.T.);
#13676 = FACE_BOUND('',#13677,.T.);
#13677 = EDGE_LOOP('',(#13678,#13679,#13680,#13681));
#13678 = ORIENTED_EDGE('',*,*,#12937,.F.);
#13679 = ORIENTED_EDGE('',*,*,#9599,.F.);
#13680 = ORIENTED_EDGE('',*,*,#9568,.F.);
#13681 = ORIENTED_EDGE('',*,*,#13645,.T.);
#13682 = PLANE('',#13683);
#13683 = AXIS2_PLACEMENT_3D('',#13684,#13685,#13686);
#13684 = CARTESIAN_POINT('',(-20.08649349212,-13.74053001403,3.5));
#13685 = DIRECTION('',(0.173650502593,0.984807343062,0.));
#13686 = DIRECTION('',(0.984807343062,-0.173650502593,0.));
#13687 = ADVANCED_FACE('',(#13688),#13699,.T.);
#13688 = FACE_BOUND('',#13689,.T.);
#13689 = EDGE_LOOP('',(#13690,#13691,#13692,#13698));
#13690 = ORIENTED_EDGE('',*,*,#13664,.F.);
#13691 = ORIENTED_EDGE('',*,*,#9584,.F.);
#13692 = ORIENTED_EDGE('',*,*,#13693,.T.);
#13693 = EDGE_CURVE('',#3435,#6920,#13694,.T.);
#13694 = LINE('',#13695,#13696);
#13695 = CARTESIAN_POINT('',(20.129409790039,-13.73296260833,1.75));
#13696 = VECTOR('',#13697,1.);
#13697 = DIRECTION('',(0.,0.,1.));
#13698 = ORIENTED_EDGE('',*,*,#12905,.F.);
#13699 = PLANE('',#13700);
#13700 = AXIS2_PLACEMENT_3D('',#13701,#13702,#13703);
#13701 = CARTESIAN_POINT('',(20.170359611511,-13.71805810928,3.5));
#13702 = DIRECTION('',(-0.342019797629,0.939692746609,0.));
#13703 = DIRECTION('',(0.939692746609,0.342019797629,0.));
#13704 = ADVANCED_FACE('',(#13705),#13711,.T.);
#13705 = FACE_BOUND('',#13706,.T.);
#13706 = EDGE_LOOP('',(#13707,#13708,#13709,#13710));
#13707 = ORIENTED_EDGE('',*,*,#13693,.F.);
#13708 = ORIENTED_EDGE('',*,*,#9617,.F.);
#13709 = ORIENTED_EDGE('',*,*,#9632,.F.);
#13710 = ORIENTED_EDGE('',*,*,#12921,.F.);
#13711 = PLANE('',#13712);
#13712 = AXIS2_PLACEMENT_3D('',#13713,#13714,#13715);
#13713 = CARTESIAN_POINT('',(20.086493492126,-13.74053001403,3.5));
#13714 = DIRECTION('',(-0.173650502593,0.984807343062,0.));
#13715 = DIRECTION('',(0.984807343062,0.173650502593,0.));
#13716 = ADVANCED_FACE('',(#13717),#13728,.F.);
#13717 = FACE_BOUND('',#13718,.T.);
#13718 = EDGE_LOOP('',(#13719,#13725,#13726,#13727));
#13719 = ORIENTED_EDGE('',*,*,#13720,.F.);
#13720 = EDGE_CURVE('',#9854,#10157,#13721,.T.);
#13721 = LINE('',#13722,#13723);
#13722 = CARTESIAN_POINT('',(-11.01500000954,-9.252264258213,
    -2.381952781723));
#13723 = VECTOR('',#13724,1.);
#13724 = DIRECTION('',(-6.217782623528E-17,-0.15643446504,
    -0.987688340595));
#13725 = ORIENTED_EDGE('',*,*,#9861,.T.);
#13726 = ORIENTED_EDGE('',*,*,#13720,.T.);
#13727 = ORIENTED_EDGE('',*,*,#10156,.F.);
#13728 = CYLINDRICAL_SURFACE('',#13729,1.6);
#13729 = AXIS2_PLACEMENT_3D('',#13730,#13731,#13732);
#13730 = CARTESIAN_POINT('',(-12.61500000954,-9.252264258213,
    -2.381952781723));
#13731 = DIRECTION('',(-0.,-0.15643446504,-0.987688340595));
#13732 = DIRECTION('',(1.,-4.288472276944E-17,6.792272814311E-18));
#13733 = ADVANCED_FACE('',(#13734),#13750,.T.);
#13734 = FACE_BOUND('',#13735,.T.);
#13735 = EDGE_LOOP('',(#13736,#13737,#13743,#13749));
#13736 = ORIENTED_EDGE('',*,*,#9919,.F.);
#13737 = ORIENTED_EDGE('',*,*,#13738,.F.);
#13738 = EDGE_CURVE('',#10068,#9912,#13739,.T.);
#13739 = LINE('',#13740,#13741);
#13740 = CARTESIAN_POINT('',(-23.29982603491,-9.026088140344,0.));
#13741 = VECTOR('',#13742,1.);
#13742 = DIRECTION('',(-0.15643744031,0.987687869354,0.));
#13743 = ORIENTED_EDGE('',*,*,#13744,.T.);
#13744 = EDGE_CURVE('',#10068,#10359,#13745,.T.);
#13745 = LINE('',#13746,#13747);
#13746 = CARTESIAN_POINT('',(-22.46066474914,-14.3242406845,-0.5));
#13747 = VECTOR('',#13748,1.);
#13748 = DIRECTION('',(0.,0.,1.));
#13749 = ORIENTED_EDGE('',*,*,#10358,.T.);
#13750 = PLANE('',#13751);
#13751 = AXIS2_PLACEMENT_3D('',#13752,#13753,#13754);
#13752 = CARTESIAN_POINT('',(-22.47540187835,-14.23119592666,0.75));
#13753 = DIRECTION('',(-0.987687869354,-0.15643744031,-0.));
#13754 = DIRECTION('',(0.15643744031,-0.987687869354,0.));
#13755 = ADVANCED_FACE('',(#13756),#13760,.T.);
#13756 = FACE_BOUND('',#13757,.T.);
#13757 = EDGE_LOOP('',(#13758,#13759));
#13758 = ORIENTED_EDGE('',*,*,#9911,.T.);
#13759 = ORIENTED_EDGE('',*,*,#10083,.T.);
#13760 = PLANE('',#13761);
#13761 = AXIS2_PLACEMENT_3D('',#13762,#13763,#13764);
#13762 = CARTESIAN_POINT('',(-4.98535904655E-09,3.911430034802E-09,0.));
#13763 = DIRECTION('',(0.,0.,1.));
#13764 = DIRECTION('',(1.,0.,0.));
#13765 = ADVANCED_FACE('',(#13766),#13770,.T.);
#13766 = FACE_BOUND('',#13767,.T.);
#13767 = EDGE_LOOP('',(#13768,#13769));
#13768 = ORIENTED_EDGE('',*,*,#13738,.T.);
#13769 = ORIENTED_EDGE('',*,*,#10076,.T.);
#13770 = PLANE('',#13771);
#13771 = AXIS2_PLACEMENT_3D('',#13772,#13773,#13774);
#13772 = CARTESIAN_POINT('',(-4.98535904655E-09,3.911430034802E-09,0.));
#13773 = DIRECTION('',(0.,0.,1.));
#13774 = DIRECTION('',(1.,0.,0.));
#13775 = ADVANCED_FACE('',(#13776),#13785,.T.);
#13776 = FACE_BOUND('',#13777,.T.);
#13777 = EDGE_LOOP('',(#13778,#13784));
#13778 = ORIENTED_EDGE('',*,*,#13779,.T.);
#13779 = EDGE_CURVE('',#10059,#10068,#13780,.T.);
#13780 = LINE('',#13781,#13782);
#13781 = CARTESIAN_POINT('',(-23.48671225588,-10.49492351109,
    -5.551115123126E-17));
#13782 = VECTOR('',#13783,1.);
#13783 = DIRECTION('',(-0.258815529605,0.965926768257,0.));
#13784 = ORIENTED_EDGE('',*,*,#10067,.T.);
#13785 = PLANE('',#13786);
#13786 = AXIS2_PLACEMENT_3D('',#13787,#13788,#13789);
#13787 = CARTESIAN_POINT('',(-4.98535904655E-09,3.911430034802E-09,0.));
#13788 = DIRECTION('',(0.,0.,1.));
#13789 = DIRECTION('',(1.,0.,0.));
#13790 = ADVANCED_FACE('',(#13791),#13800,.T.);
#13791 = FACE_BOUND('',#13792,.T.);
#13792 = EDGE_LOOP('',(#13793,#13799));
#13793 = ORIENTED_EDGE('',*,*,#13794,.T.);
#13794 = EDGE_CURVE('',#10050,#10059,#13795,.T.);
#13795 = LINE('',#13796,#13797);
#13796 = CARTESIAN_POINT('',(-23.38250773236,-11.97771879648,0.));
#13797 = VECTOR('',#13798,1.);
#13798 = DIRECTION('',(-0.358368467375,0.933580227721,0.));
#13799 = ORIENTED_EDGE('',*,*,#10058,.T.);
#13800 = PLANE('',#13801);
#13801 = AXIS2_PLACEMENT_3D('',#13802,#13803,#13804);
#13802 = CARTESIAN_POINT('',(-4.98535904655E-09,3.911430034802E-09,0.));
#13803 = DIRECTION('',(0.,0.,1.));
#13804 = DIRECTION('',(1.,0.,0.));
#13805 = ADVANCED_FACE('',(#13806),#13815,.T.);
#13806 = FACE_BOUND('',#13807,.T.);
#13807 = EDGE_LOOP('',(#13808,#13814));
#13808 = ORIENTED_EDGE('',*,*,#13809,.T.);
#13809 = EDGE_CURVE('',#10041,#10050,#13810,.T.);
#13810 = LINE('',#13811,#13812);
#13811 = CARTESIAN_POINT('',(-22.98987580652,-13.41525407748,0.));
#13812 = VECTOR('',#13813,1.);
#13813 = DIRECTION('',(-0.453985455162,0.891009094511,0.));
#13814 = ORIENTED_EDGE('',*,*,#10049,.T.);
#13815 = PLANE('',#13816);
#13816 = AXIS2_PLACEMENT_3D('',#13817,#13818,#13819);
#13817 = CARTESIAN_POINT('',(-4.98535904655E-09,3.911430034802E-09,0.));
#13818 = DIRECTION('',(0.,0.,1.));
#13819 = DIRECTION('',(1.,0.,0.));
#13820 = ADVANCED_FACE('',(#13821),#13830,.T.);
#13821 = FACE_BOUND('',#13822,.T.);
#13822 = EDGE_LOOP('',(#13823,#13829));
#13823 = ORIENTED_EDGE('',*,*,#13824,.T.);
#13824 = EDGE_CURVE('',#10032,#10041,#13825,.T.);
#13825 = LINE('',#13826,#13827);
#13826 = CARTESIAN_POINT('',(-22.32338131457,-14.75062542929,0.));
#13827 = VECTOR('',#13828,1.);
#13828 = DIRECTION('',(-0.544640121925,0.838669862097,0.));
#13829 = ORIENTED_EDGE('',*,*,#10040,.T.);
#13830 = PLANE('',#13831);
#13831 = AXIS2_PLACEMENT_3D('',#13832,#13833,#13834);
#13832 = CARTESIAN_POINT('',(-4.98535904655E-09,3.911430034802E-09,0.));
#13833 = DIRECTION('',(0.,0.,1.));
#13834 = DIRECTION('',(1.,0.,0.));
#13835 = ADVANCED_FACE('',(#13836),#13845,.T.);
#13836 = FACE_BOUND('',#13837,.T.);
#13837 = EDGE_LOOP('',(#13838,#13844));
#13838 = ORIENTED_EDGE('',*,*,#13839,.T.);
#13839 = EDGE_CURVE('',#10023,#10032,#13840,.T.);
#13840 = LINE('',#13841,#13842);
#13841 = CARTESIAN_POINT('',(-21.40915606882,-15.9305697552,0.));
#13842 = VECTOR('',#13843,1.);
#13843 = DIRECTION('',(-0.629322281061,0.777144430953,0.));
#13844 = ORIENTED_EDGE('',*,*,#10031,.T.);
#13845 = PLANE('',#13846);
#13846 = AXIS2_PLACEMENT_3D('',#13847,#13848,#13849);
#13847 = CARTESIAN_POINT('',(-4.98535904655E-09,3.911430034802E-09,0.));
#13848 = DIRECTION('',(0.,0.,1.));
#13849 = DIRECTION('',(1.,0.,0.));
#13850 = ADVANCED_FACE('',(#13851),#13860,.T.);
#13851 = FACE_BOUND('',#13852,.T.);
#13852 = EDGE_LOOP('',(#13853,#13859));
#13853 = ORIENTED_EDGE('',*,*,#13854,.T.);
#13854 = EDGE_CURVE('',#10014,#10023,#13855,.T.);
#13855 = LINE('',#13856,#13857);
#13856 = CARTESIAN_POINT('',(-20.28350820379,-16.90857499599,0.));
#13857 = VECTOR('',#13858,1.);
#13858 = DIRECTION('',(-0.707109312032,0.707104250332,0.));
#13859 = ORIENTED_EDGE('',*,*,#10022,.T.);
#13860 = PLANE('',#13861);
#13861 = AXIS2_PLACEMENT_3D('',#13862,#13863,#13864);
#13862 = CARTESIAN_POINT('',(-4.98535904655E-09,3.911430034802E-09,0.));
#13863 = DIRECTION('',(0.,0.,1.));
#13864 = DIRECTION('',(1.,0.,0.));
#13865 = ADVANCED_FACE('',(#13866),#13875,.T.);
#13866 = FACE_BOUND('',#13867,.T.);
#13867 = EDGE_LOOP('',(#13868,#13874));
#13868 = ORIENTED_EDGE('',*,*,#13869,.T.);
#13869 = EDGE_CURVE('',#10005,#10014,#13870,.T.);
#13870 = LINE('',#13871,#13872);
#13871 = CARTESIAN_POINT('',(-18.99160036198,-17.64643866478,0.));
#13872 = VECTOR('',#13873,1.);
#13873 = DIRECTION('',(-0.777144430953,0.629322281061,0.));
#13874 = ORIENTED_EDGE('',*,*,#10013,.T.);
#13875 = PLANE('',#13876);
#13876 = AXIS2_PLACEMENT_3D('',#13877,#13878,#13879);
#13877 = CARTESIAN_POINT('',(-4.98535904655E-09,3.911430034802E-09,0.));
#13878 = DIRECTION('',(0.,0.,1.));
#13879 = DIRECTION('',(1.,0.,0.));
#13880 = ADVANCED_FACE('',(#13881),#13890,.T.);
#13881 = FACE_BOUND('',#13882,.T.);
#13882 = EDGE_LOOP('',(#13883,#13889));
#13883 = ORIENTED_EDGE('',*,*,#13884,.T.);
#13884 = EDGE_CURVE('',#9996,#10005,#13885,.T.);
#13885 = LINE('',#13886,#13887);
#13886 = CARTESIAN_POINT('',(-17.58513177188,-18.11613039231,0.));
#13887 = VECTOR('',#13888,1.);
#13888 = DIRECTION('',(-0.838670672686,0.544638873729,0.));
#13889 = ORIENTED_EDGE('',*,*,#10004,.T.);
#13890 = PLANE('',#13891);
#13891 = AXIS2_PLACEMENT_3D('',#13892,#13893,#13894);
#13892 = CARTESIAN_POINT('',(-4.98535904655E-09,3.911430034802E-09,0.));
#13893 = DIRECTION('',(0.,0.,1.));
#13894 = DIRECTION('',(1.,0.,0.));
#13895 = ADVANCED_FACE('',(#13896),#13905,.T.);
#13896 = FACE_BOUND('',#13897,.T.);
#13897 = EDGE_LOOP('',(#13898,#13904));
#13898 = ORIENTED_EDGE('',*,*,#13899,.T.);
#13899 = EDGE_CURVE('',#9987,#9996,#13900,.T.);
#13900 = LINE('',#13901,#13902);
#13901 = CARTESIAN_POINT('',(-16.1207350051,-18.3006778018,
    -1.110223024625E-16));
#13902 = VECTOR('',#13903,1.);
#13903 = DIRECTION('',(-0.891006042771,0.453991444573,0.));
#13904 = ORIENTED_EDGE('',*,*,#9995,.T.);
#13905 = PLANE('',#13906);
#13906 = AXIS2_PLACEMENT_3D('',#13907,#13908,#13909);
#13907 = CARTESIAN_POINT('',(-4.98535904655E-09,3.911430034802E-09,0.));
#13908 = DIRECTION('',(0.,0.,1.));
#13909 = DIRECTION('',(1.,0.,0.));
#13910 = ADVANCED_FACE('',(#13911),#13920,.T.);
#13911 = FACE_BOUND('',#13912,.T.);
#13912 = EDGE_LOOP('',(#13913,#13919));
#13913 = ORIENTED_EDGE('',*,*,#13914,.T.);
#13914 = EDGE_CURVE('',#9978,#9987,#13915,.T.);
#13915 = LINE('',#13916,#13917);
#13916 = CARTESIAN_POINT('',(-14.65698973999,-18.19510885952,0.));
#13917 = VECTOR('',#13918,1.);
#13918 = DIRECTION('',(-0.933580621069,0.358367442669,0.));
#13919 = ORIENTED_EDGE('',*,*,#9986,.T.);
#13920 = PLANE('',#13921);
#13921 = AXIS2_PLACEMENT_3D('',#13922,#13923,#13924);
#13922 = CARTESIAN_POINT('',(-4.98535904655E-09,3.911430034802E-09,0.));
#13923 = DIRECTION('',(0.,0.,1.));
#13924 = DIRECTION('',(1.,0.,0.));
#13925 = ADVANCED_FACE('',(#13926),#13935,.T.);
#13926 = FACE_BOUND('',#13927,.T.);
#13927 = EDGE_LOOP('',(#13928,#13934));
#13928 = ORIENTED_EDGE('',*,*,#13929,.T.);
#13929 = EDGE_CURVE('',#9969,#9978,#13930,.T.);
#13930 = LINE('',#13931,#13932);
#13931 = CARTESIAN_POINT('',(-13.25231979179,-17.80655382193,0.));
#13932 = VECTOR('',#13933,1.);
#13933 = DIRECTION('',(-0.965925502835,0.258820252248,0.));
#13934 = ORIENTED_EDGE('',*,*,#9977,.T.);
#13935 = PLANE('',#13936);
#13936 = AXIS2_PLACEMENT_3D('',#13937,#13938,#13939);
#13937 = CARTESIAN_POINT('',(-4.98535904655E-09,3.911430034802E-09,0.));
#13938 = DIRECTION('',(0.,0.,1.));
#13939 = DIRECTION('',(1.,0.,0.));
#13940 = ADVANCED_FACE('',(#13941),#13950,.T.);
#13941 = FACE_BOUND('',#13942,.T.);
#13942 = EDGE_LOOP('',(#13943,#13949));
#13943 = ORIENTED_EDGE('',*,*,#13944,.T.);
#13944 = EDGE_CURVE('',#9960,#9969,#13945,.T.);
#13945 = LINE('',#13946,#13947);
#13946 = CARTESIAN_POINT('',(-11.96214577003,-17.15385395068,
    -1.110223024625E-16));
#13947 = VECTOR('',#13948,1.);
#13948 = DIRECTION('',(-0.9876887753,0.156431720395,0.));
#13949 = ORIENTED_EDGE('',*,*,#9968,.T.);
#13950 = PLANE('',#13951);
#13951 = AXIS2_PLACEMENT_3D('',#13952,#13953,#13954);
#13952 = CARTESIAN_POINT('',(-4.98535904655E-09,3.911430034802E-09,0.));
#13953 = DIRECTION('',(0.,0.,1.));
#13954 = DIRECTION('',(1.,0.,0.));
#13955 = ADVANCED_FACE('',(#13956),#13965,.T.);
#13956 = FACE_BOUND('',#13957,.T.);
#13957 = EDGE_LOOP('',(#13958,#13964));
#13958 = ORIENTED_EDGE('',*,*,#13959,.T.);
#13959 = EDGE_CURVE('',#9952,#9960,#13960,.T.);
#13960 = LINE('',#13961,#13962);
#13961 = CARTESIAN_POINT('',(-10.83698914413,-16.2669219937,
    -1.110223024625E-16));
#13962 = VECTOR('',#13963,1.);
#13963 = DIRECTION('',(-0.998629410619,5.233832483047E-02,0.));
#13964 = ORIENTED_EDGE('',*,*,#9959,.T.);
#13965 = PLANE('',#13966);
#13966 = AXIS2_PLACEMENT_3D('',#13967,#13968,#13969);
#13967 = CARTESIAN_POINT('',(-4.98535904655E-09,3.911430034802E-09,0.));
#13968 = DIRECTION('',(0.,0.,1.));
#13969 = DIRECTION('',(1.,0.,0.));
#13970 = ADVANCED_FACE('',(#13971),#13989,.T.);
#13971 = FACE_BOUND('',#13972,.T.);
#13972 = EDGE_LOOP('',(#13973,#13979,#13980,#13981,#13982,#13988));
#13973 = ORIENTED_EDGE('',*,*,#13974,.F.);
#13974 = EDGE_CURVE('',#9952,#10463,#13975,.T.);
#13975 = LINE('',#13976,#13977);
#13976 = CARTESIAN_POINT('',(-20.70000076293,-15.75,-0.5));
#13977 = VECTOR('',#13978,1.);
#13978 = DIRECTION('',(0.,0.,1.));
#13979 = ORIENTED_EDGE('',*,*,#9951,.T.);
#13980 = ORIENTED_EDGE('',*,*,#10124,.F.);
#13981 = ORIENTED_EDGE('',*,*,#11391,.T.);
#13982 = ORIENTED_EDGE('',*,*,#13983,.T.);
#13983 = EDGE_CURVE('',#11392,#10471,#13984,.T.);
#13984 = LINE('',#13985,#13986);
#13985 = CARTESIAN_POINT('',(20.700000762939,-15.75,-0.5));
#13986 = VECTOR('',#13987,1.);
#13987 = DIRECTION('',(0.,0.,1.));
#13988 = ORIENTED_EDGE('',*,*,#10470,.T.);
#13989 = PLANE('',#13990);
#13990 = AXIS2_PLACEMENT_3D('',#13991,#13992,#13993);
#13991 = CARTESIAN_POINT('',(0.,-15.75,-2.499999914851));
#13992 = DIRECTION('',(-0.,-1.,-0.));
#13993 = DIRECTION('',(0.,0.,-1.));
#13994 = ADVANCED_FACE('',(#13995),#14013,.T.);
#13995 = FACE_BOUND('',#13996,.T.);
#13996 = EDGE_LOOP('',(#13997,#14003,#14004,#14005,#14006,#14012));
#13997 = ORIENTED_EDGE('',*,*,#13998,.F.);
#13998 = EDGE_CURVE('',#11252,#10710,#13999,.T.);
#13999 = LINE('',#14000,#14001);
#14000 = CARTESIAN_POINT('',(20.700000762939,15.75,-0.5));
#14001 = VECTOR('',#14002,1.);
#14002 = DIRECTION('',(0.,0.,1.));
#14003 = ORIENTED_EDGE('',*,*,#11251,.T.);
#14004 = ORIENTED_EDGE('',*,*,#10107,.F.);
#14005 = ORIENTED_EDGE('',*,*,#10187,.F.);
#14006 = ORIENTED_EDGE('',*,*,#14007,.F.);
#14007 = EDGE_CURVE('',#10718,#10177,#14008,.T.);
#14008 = LINE('',#14009,#14010);
#14009 = CARTESIAN_POINT('',(-20.70000076293,15.75,2.));
#14010 = VECTOR('',#14011,1.);
#14011 = DIRECTION('',(0.,0.,-1.));
#14012 = ORIENTED_EDGE('',*,*,#10717,.F.);
#14013 = PLANE('',#14014);
#14014 = AXIS2_PLACEMENT_3D('',#14015,#14016,#14017);
#14015 = CARTESIAN_POINT('',(-2.573406859045E-07,15.75,-2.499999957425)
  );
#14016 = DIRECTION('',(0.,1.,0.));
#14017 = DIRECTION('',(0.,0.,1.));
#14018 = ADVANCED_FACE('',(#14019),#14030,.F.);
#14019 = FACE_BOUND('',#14020,.T.);
#14020 = EDGE_LOOP('',(#14021,#14027,#14028,#14029));
#14021 = ORIENTED_EDGE('',*,*,#14022,.F.);
#14022 = EDGE_CURVE('',#13452,#10143,#14023,.T.);
#14023 = LINE('',#14024,#14025);
#14024 = CARTESIAN_POINT('',(-11.01500000953,8.090797281209,
    -4.951261103576));
#14025 = VECTOR('',#14026,1.);
#14026 = DIRECTION('',(-6.320551376446E-17,-0.15643446504,
    -0.987688340595));
#14027 = ORIENTED_EDGE('',*,*,#13459,.T.);
#14028 = ORIENTED_EDGE('',*,*,#14022,.T.);
#14029 = ORIENTED_EDGE('',*,*,#10142,.F.);
#14030 = CYLINDRICAL_SURFACE('',#14031,1.6);
#14031 = AXIS2_PLACEMENT_3D('',#14032,#14033,#14034);
#14032 = CARTESIAN_POINT('',(-12.61500000953,8.090797281209,
    -4.951261103576));
#14033 = DIRECTION('',(-0.,-0.15643446504,-0.987688340595));
#14034 = DIRECTION('',(1.,-1.807857470339E-17,2.863364936261E-18));
#14035 = ADVANCED_FACE('',(#14036),#14045,.T.);
#14036 = FACE_BOUND('',#14037,.T.);
#14037 = EDGE_LOOP('',(#14038,#14044));
#14038 = ORIENTED_EDGE('',*,*,#14039,.T.);
#14039 = EDGE_CURVE('',#10179,#10177,#14040,.T.);
#14040 = LINE('',#14041,#14042);
#14041 = CARTESIAN_POINT('',(-10.83698914393,16.266921993718,
    -1.110223024625E-16));
#14042 = VECTOR('',#14043,1.);
#14043 = DIRECTION('',(0.998629410619,5.233832483047E-02,0.));
#14044 = ORIENTED_EDGE('',*,*,#10176,.T.);
#14045 = PLANE('',#14046);
#14046 = AXIS2_PLACEMENT_3D('',#14047,#14048,#14049);
#14047 = CARTESIAN_POINT('',(-4.98535904655E-09,3.911430034802E-09,0.));
#14048 = DIRECTION('',(0.,0.,1.));
#14049 = DIRECTION('',(1.,0.,0.));
#14050 = ADVANCED_FACE('',(#14051),#14060,.T.);
#14051 = FACE_BOUND('',#14052,.T.);
#14052 = EDGE_LOOP('',(#14053,#14059));
#14053 = ORIENTED_EDGE('',*,*,#14054,.T.);
#14054 = EDGE_CURVE('',#10304,#10179,#14055,.T.);
#14055 = LINE('',#14056,#14057);
#14056 = CARTESIAN_POINT('',(-11.96214576943,17.153853950777,
    -1.110223024625E-16));
#14057 = VECTOR('',#14058,1.);
#14058 = DIRECTION('',(0.9876887753,0.156431720395,0.));
#14059 = ORIENTED_EDGE('',*,*,#10312,.T.);
#14060 = PLANE('',#14061);
#14061 = AXIS2_PLACEMENT_3D('',#14062,#14063,#14064);
#14062 = CARTESIAN_POINT('',(-4.98535904655E-09,3.911430034802E-09,0.));
#14063 = DIRECTION('',(0.,0.,1.));
#14064 = DIRECTION('',(1.,0.,0.));
#14065 = ADVANCED_FACE('',(#14066),#14075,.T.);
#14066 = FACE_BOUND('',#14067,.T.);
#14067 = EDGE_LOOP('',(#14068,#14074));
#14068 = ORIENTED_EDGE('',*,*,#14069,.T.);
#14069 = EDGE_CURVE('',#10295,#10304,#14070,.T.);
#14070 = LINE('',#14071,#14072);
#14071 = CARTESIAN_POINT('',(-13.25231979082,17.806553822199,0.));
#14072 = VECTOR('',#14073,1.);
#14073 = DIRECTION('',(0.965925502835,0.258820252248,0.));
#14074 = ORIENTED_EDGE('',*,*,#10303,.T.);
#14075 = PLANE('',#14076);
#14076 = AXIS2_PLACEMENT_3D('',#14077,#14078,#14079);
#14077 = CARTESIAN_POINT('',(-4.98535904655E-09,3.911430034802E-09,0.));
#14078 = DIRECTION('',(0.,0.,1.));
#14079 = DIRECTION('',(1.,0.,0.));
#14080 = ADVANCED_FACE('',(#14081),#14090,.T.);
#14081 = FACE_BOUND('',#14082,.T.);
#14082 = EDGE_LOOP('',(#14083,#14089));
#14083 = ORIENTED_EDGE('',*,*,#14084,.T.);
#14084 = EDGE_CURVE('',#10286,#10295,#14085,.T.);
#14085 = LINE('',#14086,#14087);
#14086 = CARTESIAN_POINT('',(-14.65698973869,18.195108860028,0.));
#14087 = VECTOR('',#14088,1.);
#14088 = DIRECTION('',(0.933580621069,0.358367442669,0.));
#14089 = ORIENTED_EDGE('',*,*,#10294,.T.);
#14090 = PLANE('',#14091);
#14091 = AXIS2_PLACEMENT_3D('',#14092,#14093,#14094);
#14092 = CARTESIAN_POINT('',(-4.98535904655E-09,3.911430034802E-09,0.));
#14093 = DIRECTION('',(0.,0.,1.));
#14094 = DIRECTION('',(1.,0.,0.));
#14095 = ADVANCED_FACE('',(#14096),#14105,.T.);
#14096 = FACE_BOUND('',#14097,.T.);
#14097 = EDGE_LOOP('',(#14098,#14104));
#14098 = ORIENTED_EDGE('',*,*,#14099,.T.);
#14099 = EDGE_CURVE('',#10277,#10286,#14100,.T.);
#14100 = LINE('',#14101,#14102);
#14101 = CARTESIAN_POINT('',(-16.12073500352,18.300677802607,
    -1.110223024625E-16));
#14102 = VECTOR('',#14103,1.);
#14103 = DIRECTION('',(0.891006042771,0.453991444573,0.));
#14104 = ORIENTED_EDGE('',*,*,#10285,.T.);
#14105 = PLANE('',#14106);
#14106 = AXIS2_PLACEMENT_3D('',#14107,#14108,#14109);
#14107 = CARTESIAN_POINT('',(-4.98535904655E-09,3.911430034802E-09,0.));
#14108 = DIRECTION('',(0.,0.,1.));
#14109 = DIRECTION('',(1.,0.,0.));
#14110 = ADVANCED_FACE('',(#14111),#14120,.T.);
#14111 = FACE_BOUND('',#14112,.T.);
#14112 = EDGE_LOOP('',(#14113,#14119));
#14113 = ORIENTED_EDGE('',*,*,#14114,.T.);
#14114 = EDGE_CURVE('',#10268,#10277,#14115,.T.);
#14115 = LINE('',#14116,#14117);
#14116 = CARTESIAN_POINT('',(-17.5851317701,18.11613039347,0.));
#14117 = VECTOR('',#14118,1.);
#14118 = DIRECTION('',(0.838670672686,0.544638873729,0.));
#14119 = ORIENTED_EDGE('',*,*,#10276,.T.);
#14120 = PLANE('',#14121);
#14121 = AXIS2_PLACEMENT_3D('',#14122,#14123,#14124);
#14122 = CARTESIAN_POINT('',(-4.98535904655E-09,3.911430034802E-09,0.));
#14123 = DIRECTION('',(0.,0.,1.));
#14124 = DIRECTION('',(1.,0.,0.));
#14125 = ADVANCED_FACE('',(#14126),#14135,.T.);
#14126 = FACE_BOUND('',#14127,.T.);
#14127 = EDGE_LOOP('',(#14128,#14134));
#14128 = ORIENTED_EDGE('',*,*,#14129,.T.);
#14129 = EDGE_CURVE('',#10259,#10268,#14130,.T.);
#14130 = LINE('',#14131,#14132);
#14131 = CARTESIAN_POINT('',(-18.99160036007,17.646438666338,0.));
#14132 = VECTOR('',#14133,1.);
#14133 = DIRECTION('',(0.777144430953,0.629322281061,0.));
#14134 = ORIENTED_EDGE('',*,*,#10267,.T.);
#14135 = PLANE('',#14136);
#14136 = AXIS2_PLACEMENT_3D('',#14137,#14138,#14139);
#14137 = CARTESIAN_POINT('',(-4.98535904655E-09,3.911430034802E-09,0.));
#14138 = DIRECTION('',(0.,0.,1.));
#14139 = DIRECTION('',(1.,0.,0.));
#14140 = ADVANCED_FACE('',(#14141),#14150,.T.);
#14141 = FACE_BOUND('',#14142,.T.);
#14142 = EDGE_LOOP('',(#14143,#14149));
#14143 = ORIENTED_EDGE('',*,*,#14144,.T.);
#14144 = EDGE_CURVE('',#10250,#10259,#14145,.T.);
#14145 = LINE('',#14146,#14147);
#14146 = CARTESIAN_POINT('',(-20.28350820183,16.908574997946,0.));
#14147 = VECTOR('',#14148,1.);
#14148 = DIRECTION('',(0.707109312032,0.707104250332,0.));
#14149 = ORIENTED_EDGE('',*,*,#10258,.T.);
#14150 = PLANE('',#14151);
#14151 = AXIS2_PLACEMENT_3D('',#14152,#14153,#14154);
#14152 = CARTESIAN_POINT('',(-4.98535904655E-09,3.911430034802E-09,0.));
#14153 = DIRECTION('',(0.,0.,1.));
#14154 = DIRECTION('',(1.,0.,0.));
#14155 = ADVANCED_FACE('',(#14156),#14165,.T.);
#14156 = FACE_BOUND('',#14157,.T.);
#14157 = EDGE_LOOP('',(#14158,#14164));
#14158 = ORIENTED_EDGE('',*,*,#14159,.T.);
#14159 = EDGE_CURVE('',#10241,#10250,#14160,.T.);
#14160 = LINE('',#14161,#14162);
#14161 = CARTESIAN_POINT('',(-21.40915606691,15.930569757566,0.));
#14162 = VECTOR('',#14163,1.);
#14163 = DIRECTION('',(0.629322281061,0.777144430953,0.));
#14164 = ORIENTED_EDGE('',*,*,#10249,.T.);
#14165 = PLANE('',#14166);
#14166 = AXIS2_PLACEMENT_3D('',#14167,#14168,#14169);
#14167 = CARTESIAN_POINT('',(-4.98535904655E-09,3.911430034802E-09,0.));
#14168 = DIRECTION('',(0.,0.,1.));
#14169 = DIRECTION('',(1.,0.,0.));
#14170 = ADVANCED_FACE('',(#14171),#14180,.T.);
#14171 = FACE_BOUND('',#14172,.T.);
#14172 = EDGE_LOOP('',(#14173,#14179));
#14173 = ORIENTED_EDGE('',*,*,#14174,.T.);
#14174 = EDGE_CURVE('',#10232,#10241,#14175,.T.);
#14175 = LINE('',#14176,#14177);
#14176 = CARTESIAN_POINT('',(-22.32338131279,14.750625432048,0.));
#14177 = VECTOR('',#14178,1.);
#14178 = DIRECTION('',(0.544640121925,0.838669862097,0.));
#14179 = ORIENTED_EDGE('',*,*,#10240,.T.);
#14180 = PLANE('',#14181);
#14181 = AXIS2_PLACEMENT_3D('',#14182,#14183,#14184);
#14182 = CARTESIAN_POINT('',(-4.98535904655E-09,3.911430034802E-09,0.));
#14183 = DIRECTION('',(0.,0.,1.));
#14184 = DIRECTION('',(1.,0.,0.));
#14185 = ADVANCED_FACE('',(#14186),#14195,.T.);
#14186 = FACE_BOUND('',#14187,.T.);
#14187 = EDGE_LOOP('',(#14188,#14194));
#14188 = ORIENTED_EDGE('',*,*,#14189,.T.);
#14189 = EDGE_CURVE('',#10223,#10232,#14190,.T.);
#14190 = LINE('',#14191,#14192);
#14191 = CARTESIAN_POINT('',(-22.98987580494,13.41525408059,0.));
#14192 = VECTOR('',#14193,1.);
#14193 = DIRECTION('',(0.453985455162,0.891009094511,0.));
#14194 = ORIENTED_EDGE('',*,*,#10231,.T.);
#14195 = PLANE('',#14196);
#14196 = AXIS2_PLACEMENT_3D('',#14197,#14198,#14199);
#14197 = CARTESIAN_POINT('',(-4.98535904655E-09,3.911430034802E-09,0.));
#14198 = DIRECTION('',(0.,0.,1.));
#14199 = DIRECTION('',(1.,0.,0.));
#14200 = ADVANCED_FACE('',(#14201),#14210,.T.);
#14201 = FACE_BOUND('',#14202,.T.);
#14202 = EDGE_LOOP('',(#14203,#14209));
#14203 = ORIENTED_EDGE('',*,*,#14204,.T.);
#14204 = EDGE_CURVE('',#10214,#10223,#14205,.T.);
#14205 = LINE('',#14206,#14207);
#14206 = CARTESIAN_POINT('',(-23.38250773106,11.977718799896,0.));
#14207 = VECTOR('',#14208,1.);
#14208 = DIRECTION('',(0.358368467375,0.933580227721,0.));
#14209 = ORIENTED_EDGE('',*,*,#10222,.T.);
#14210 = PLANE('',#14211);
#14211 = AXIS2_PLACEMENT_3D('',#14212,#14213,#14214);
#14212 = CARTESIAN_POINT('',(-4.98535904655E-09,3.911430034802E-09,0.));
#14213 = DIRECTION('',(0.,0.,1.));
#14214 = DIRECTION('',(1.,0.,0.));
#14215 = ADVANCED_FACE('',(#14216),#14225,.T.);
#14216 = FACE_BOUND('',#14217,.T.);
#14217 = EDGE_LOOP('',(#14218,#14224));
#14218 = ORIENTED_EDGE('',*,*,#14219,.T.);
#14219 = EDGE_CURVE('',#10205,#10214,#14220,.T.);
#14220 = LINE('',#14221,#14222);
#14221 = CARTESIAN_POINT('',(-23.4867122549,10.494923514739,
    -5.551115123126E-17));
#14222 = VECTOR('',#14223,1.);
#14223 = DIRECTION('',(0.258815529605,0.965926768257,0.));
#14224 = ORIENTED_EDGE('',*,*,#10213,.T.);
#14225 = PLANE('',#14226);
#14226 = AXIS2_PLACEMENT_3D('',#14227,#14228,#14229);
#14227 = CARTESIAN_POINT('',(-4.98535904655E-09,3.911430034802E-09,0.));
#14228 = DIRECTION('',(0.,0.,1.));
#14229 = DIRECTION('',(1.,0.,0.));
#14230 = ADVANCED_FACE('',(#14231),#14240,.T.);
#14231 = FACE_BOUND('',#14232,.T.);
#14232 = EDGE_LOOP('',(#14233,#14239));
#14233 = ORIENTED_EDGE('',*,*,#14234,.T.);
#14234 = EDGE_CURVE('',#10196,#10205,#14235,.T.);
#14235 = LINE('',#14236,#14237);
#14236 = CARTESIAN_POINT('',(-23.2998260343,9.02608814416,0.));
#14237 = VECTOR('',#14238,1.);
#14238 = DIRECTION('',(0.15643744031,0.987687869354,0.));
#14239 = ORIENTED_EDGE('',*,*,#10204,.T.);
#14240 = PLANE('',#14241);
#14241 = AXIS2_PLACEMENT_3D('',#14242,#14243,#14244);
#14242 = CARTESIAN_POINT('',(-4.98535904655E-09,3.911430034802E-09,0.));
#14243 = DIRECTION('',(0.,0.,1.));
#14244 = DIRECTION('',(1.,0.,0.));
#14245 = ADVANCED_FACE('',(#14246),#14250,.T.);
#14246 = FACE_BOUND('',#14247,.T.);
#14247 = EDGE_LOOP('',(#14248,#14249));
#14248 = ORIENTED_EDGE('',*,*,#10335,.T.);
#14249 = ORIENTED_EDGE('',*,*,#10195,.T.);
#14250 = PLANE('',#14251);
#14251 = AXIS2_PLACEMENT_3D('',#14252,#14253,#14254);
#14252 = CARTESIAN_POINT('',(-4.98535904655E-09,3.911430034802E-09,0.));
#14253 = DIRECTION('',(0.,0.,1.));
#14254 = DIRECTION('',(1.,0.,0.));
#14255 = ADVANCED_FACE('',(#14256),#14267,.T.);
#14256 = FACE_BOUND('',#14257,.T.);
#14257 = EDGE_LOOP('',(#14258,#14264,#14265,#14266));
#14258 = ORIENTED_EDGE('',*,*,#14259,.F.);
#14259 = EDGE_CURVE('',#10205,#10822,#14260,.T.);
#14260 = LINE('',#14261,#14262);
#14261 = CARTESIAN_POINT('',(-22.46066474914,14.324240684509,-0.5));
#14262 = VECTOR('',#14263,1.);
#14263 = DIRECTION('',(0.,0.,1.));
#14264 = ORIENTED_EDGE('',*,*,#14234,.F.);
#14265 = ORIENTED_EDGE('',*,*,#10327,.T.);
#14266 = ORIENTED_EDGE('',*,*,#10829,.F.);
#14267 = PLANE('',#14268);
#14268 = AXIS2_PLACEMENT_3D('',#14269,#14270,#14271);
#14269 = CARTESIAN_POINT('',(-22.47540187835,14.231195926666,0.75));
#14270 = DIRECTION('',(-0.987687869354,0.15643744031,0.));
#14271 = DIRECTION('',(-0.15643744031,-0.987687869354,0.));
#14272 = ADVANCED_FACE('',(#14273),#14284,.T.);
#14273 = FACE_BOUND('',#14274,.T.);
#14274 = EDGE_LOOP('',(#14275,#14276,#14277,#14283));
#14275 = ORIENTED_EDGE('',*,*,#13744,.F.);
#14276 = ORIENTED_EDGE('',*,*,#13779,.F.);
#14277 = ORIENTED_EDGE('',*,*,#14278,.T.);
#14278 = EDGE_CURVE('',#10059,#10367,#14279,.T.);
#14279 = LINE('',#14280,#14281);
#14280 = CARTESIAN_POINT('',(-22.41190147399,-14.5062303543,-0.5));
#14281 = VECTOR('',#14282,1.);
#14282 = DIRECTION('',(0.,0.,1.));
#14283 = ORIENTED_EDGE('',*,*,#10366,.T.);
#14284 = PLANE('',#14285);
#14285 = AXIS2_PLACEMENT_3D('',#14286,#14287,#14288);
#14286 = CARTESIAN_POINT('',(-22.43628311157,-14.4152355194,0.75));
#14287 = DIRECTION('',(-0.965926768257,-0.258815529605,-0.));
#14288 = DIRECTION('',(0.258815529605,-0.965926768257,0.));
#14289 = ADVANCED_FACE('',(#14290),#14301,.T.);
#14290 = FACE_BOUND('',#14291,.T.);
#14291 = EDGE_LOOP('',(#14292,#14293,#14294,#14300));
#14292 = ORIENTED_EDGE('',*,*,#14278,.F.);
#14293 = ORIENTED_EDGE('',*,*,#13794,.F.);
#14294 = ORIENTED_EDGE('',*,*,#14295,.T.);
#14295 = EDGE_CURVE('',#10050,#10375,#14296,.T.);
#14296 = LINE('',#14297,#14298);
#14297 = CARTESIAN_POINT('',(-22.34438133239,-14.68212604522,-0.5));
#14298 = VECTOR('',#14299,1.);
#14299 = DIRECTION('',(0.,0.,1.));
#14300 = ORIENTED_EDGE('',*,*,#10374,.T.);
#14301 = PLANE('',#14302);
#14302 = AXIS2_PLACEMENT_3D('',#14303,#14304,#14305);
#14303 = CARTESIAN_POINT('',(-22.37814140319,-14.59417819976,0.75));
#14304 = DIRECTION('',(-0.933580227721,-0.358368467375,-0.));
#14305 = DIRECTION('',(0.358368467375,-0.933580227721,0.));
#14306 = ADVANCED_FACE('',(#14307),#14318,.T.);
#14307 = FACE_BOUND('',#14308,.T.);
#14308 = EDGE_LOOP('',(#14309,#14310,#14311,#14317));
#14309 = ORIENTED_EDGE('',*,*,#14295,.F.);
#14310 = ORIENTED_EDGE('',*,*,#13809,.F.);
#14311 = ORIENTED_EDGE('',*,*,#14312,.T.);
#14312 = EDGE_CURVE('',#10041,#10383,#14313,.T.);
#14313 = LINE('',#14314,#14315);
#14314 = CARTESIAN_POINT('',(-22.25884628295,-14.85000038147,-0.5));
#14315 = VECTOR('',#14316,1.);
#14316 = DIRECTION('',(0.,0.,1.));
#14317 = ORIENTED_EDGE('',*,*,#10382,.T.);
#14318 = PLANE('',#14319);
#14319 = AXIS2_PLACEMENT_3D('',#14320,#14321,#14322);
#14320 = CARTESIAN_POINT('',(-22.30161380767,-14.76606321334,0.75));
#14321 = DIRECTION('',(-0.891009094511,-0.453985455162,-0.));
#14322 = DIRECTION('',(0.453985455162,-0.891009094511,0.));
#14323 = ADVANCED_FACE('',(#14324),#14335,.T.);
#14324 = FACE_BOUND('',#14325,.T.);
#14325 = EDGE_LOOP('',(#14326,#14327,#14328,#14334));
#14326 = ORIENTED_EDGE('',*,*,#14312,.F.);
#14327 = ORIENTED_EDGE('',*,*,#13824,.F.);
#14328 = ORIENTED_EDGE('',*,*,#14329,.T.);
#14329 = EDGE_CURVE('',#10032,#10391,#14330,.T.);
#14330 = LINE('',#14331,#14332);
#14331 = CARTESIAN_POINT('',(-22.15623092651,-15.00801372528,-0.5));
#14332 = VECTOR('',#14333,1.);
#14333 = DIRECTION('',(0.,0.,1.));
#14334 = ORIENTED_EDGE('',*,*,#10390,.T.);
#14335 = PLANE('',#14336);
#14336 = AXIS2_PLACEMENT_3D('',#14337,#14338,#14339);
#14337 = CARTESIAN_POINT('',(-22.20753860473,-14.92900705337,0.75));
#14338 = DIRECTION('',(-0.838669862097,-0.544640121925,-0.));
#14339 = DIRECTION('',(0.544640121925,-0.838669862097,0.));
#14340 = ADVANCED_FACE('',(#14341),#14352,.T.);
#14341 = FACE_BOUND('',#14342,.T.);
#14342 = EDGE_LOOP('',(#14343,#14344,#14345,#14351));
#14343 = ORIENTED_EDGE('',*,*,#14329,.F.);
#14344 = ORIENTED_EDGE('',*,*,#13839,.F.);
#14345 = ORIENTED_EDGE('',*,*,#14346,.T.);
#14346 = EDGE_CURVE('',#10023,#10399,#14347,.T.);
#14347 = LINE('',#14348,#14349);
#14348 = CARTESIAN_POINT('',(-22.03766059875,-15.15443515777,-0.5));
#14349 = VECTOR('',#14350,1.);
#14350 = DIRECTION('',(0.,0.,1.));
#14351 = ORIENTED_EDGE('',*,*,#10398,.T.);
#14352 = PLANE('',#14353);
#14353 = AXIS2_PLACEMENT_3D('',#14354,#14355,#14356);
#14354 = CARTESIAN_POINT('',(-22.09694576263,-15.08122444152,0.75));
#14355 = DIRECTION('',(-0.777144430953,-0.629322281061,-0.));
#14356 = DIRECTION('',(0.629322281061,-0.777144430953,0.));
#14357 = ADVANCED_FACE('',(#14358),#14369,.T.);
#14358 = FACE_BOUND('',#14359,.T.);
#14359 = EDGE_LOOP('',(#14360,#14366,#14367,#14368));
#14360 = ORIENTED_EDGE('',*,*,#14361,.T.);
#14361 = EDGE_CURVE('',#10014,#10407,#14362,.T.);
#14362 = LINE('',#14363,#14364);
#14363 = CARTESIAN_POINT('',(-21.9044342041,-15.28766059875,-0.5));
#14364 = VECTOR('',#14365,1.);
#14365 = DIRECTION('',(0.,0.,1.));
#14366 = ORIENTED_EDGE('',*,*,#10406,.T.);
#14367 = ORIENTED_EDGE('',*,*,#14346,.F.);
#14368 = ORIENTED_EDGE('',*,*,#13854,.F.);
#14369 = PLANE('',#14370);
#14370 = AXIS2_PLACEMENT_3D('',#14371,#14372,#14373);
#14371 = CARTESIAN_POINT('',(-21.97104740142,-15.22104787826,0.75));
#14372 = DIRECTION('',(-0.707104250332,-0.707109312032,-0.));
#14373 = DIRECTION('',(-0.707109312032,0.707104250332,0.));
#14374 = ADVANCED_FACE('',(#14375),#14386,.T.);
#14375 = FACE_BOUND('',#14376,.T.);
#14376 = EDGE_LOOP('',(#14377,#14378,#14379,#14385));
#14377 = ORIENTED_EDGE('',*,*,#14361,.F.);
#14378 = ORIENTED_EDGE('',*,*,#13869,.F.);
#14379 = ORIENTED_EDGE('',*,*,#14380,.T.);
#14380 = EDGE_CURVE('',#10005,#10415,#14381,.T.);
#14381 = LINE('',#14382,#14383);
#14382 = CARTESIAN_POINT('',(-21.7580127716,-15.40623092651,-0.5));
#14383 = VECTOR('',#14384,1.);
#14384 = DIRECTION('',(0.,0.,1.));
#14385 = ORIENTED_EDGE('',*,*,#10414,.T.);
#14386 = PLANE('',#14387);
#14387 = AXIS2_PLACEMENT_3D('',#14388,#14389,#14390);
#14388 = CARTESIAN_POINT('',(-21.83122348785,-15.34694576263,0.75));
#14389 = DIRECTION('',(-0.629322281061,-0.777144430953,-0.));
#14390 = DIRECTION('',(-0.777144430953,0.629322281061,0.));
#14391 = ADVANCED_FACE('',(#14392),#14403,.T.);
#14392 = FACE_BOUND('',#14393,.T.);
#14393 = EDGE_LOOP('',(#14394,#14395,#14396,#14402));
#14394 = ORIENTED_EDGE('',*,*,#14380,.F.);
#14395 = ORIENTED_EDGE('',*,*,#13884,.F.);
#14396 = ORIENTED_EDGE('',*,*,#14397,.T.);
#14397 = EDGE_CURVE('',#9996,#10423,#14398,.T.);
#14398 = LINE('',#14399,#14400);
#14399 = CARTESIAN_POINT('',(-21.60000038147,-15.50884532928,-0.5));
#14400 = VECTOR('',#14401,1.);
#14401 = DIRECTION('',(0.,0.,1.));
#14402 = ORIENTED_EDGE('',*,*,#10422,.T.);
#14403 = PLANE('',#14404);
#14404 = AXIS2_PLACEMENT_3D('',#14405,#14406,#14407);
#14405 = CARTESIAN_POINT('',(-21.67900657653,-15.45753812789,0.75));
#14406 = DIRECTION('',(-0.544638873729,-0.838670672686,-0.));
#14407 = DIRECTION('',(-0.838670672686,0.544638873729,0.));
#14408 = ADVANCED_FACE('',(#14409),#14420,.T.);
#14409 = FACE_BOUND('',#14410,.T.);
#14410 = EDGE_LOOP('',(#14411,#14412,#14413,#14419));
#14411 = ORIENTED_EDGE('',*,*,#14397,.F.);
#14412 = ORIENTED_EDGE('',*,*,#13899,.F.);
#14413 = ORIENTED_EDGE('',*,*,#14414,.T.);
#14414 = EDGE_CURVE('',#9987,#10431,#14415,.T.);
#14415 = LINE('',#14416,#14417);
#14416 = CARTESIAN_POINT('',(-21.43212509155,-15.59438228607,-0.5));
#14417 = VECTOR('',#14418,1.);
#14418 = DIRECTION('',(0.,0.,1.));
#14419 = ORIENTED_EDGE('',*,*,#10430,.T.);
#14420 = PLANE('',#14421);
#14421 = AXIS2_PLACEMENT_3D('',#14422,#14423,#14424);
#14422 = CARTESIAN_POINT('',(-21.51606273651,-15.55161380767,0.75));
#14423 = DIRECTION('',(-0.453991444573,-0.891006042771,-0.));
#14424 = DIRECTION('',(-0.891006042771,0.453991444573,0.));
#14425 = ADVANCED_FACE('',(#14426),#14437,.T.);
#14426 = FACE_BOUND('',#14427,.T.);
#14427 = EDGE_LOOP('',(#14428,#14429,#14430,#14436));
#14428 = ORIENTED_EDGE('',*,*,#14414,.F.);
#14429 = ORIENTED_EDGE('',*,*,#13914,.F.);
#14430 = ORIENTED_EDGE('',*,*,#14431,.T.);
#14431 = EDGE_CURVE('',#9978,#10439,#14432,.T.);
#14432 = LINE('',#14433,#14434);
#14433 = CARTESIAN_POINT('',(-21.25623130798,-15.66190147399,-0.5));
#14434 = VECTOR('',#14435,1.);
#14435 = DIRECTION('',(0.,0.,1.));
#14436 = ORIENTED_EDGE('',*,*,#10438,.T.);
#14437 = PLANE('',#14438);
#14438 = AXIS2_PLACEMENT_3D('',#14439,#14440,#14441);
#14439 = CARTESIAN_POINT('',(-21.34417819976,-15.62814188003,0.75));
#14440 = DIRECTION('',(-0.358367442669,-0.933580621069,-0.));
#14441 = DIRECTION('',(-0.933580621069,0.358367442669,0.));
#14442 = ADVANCED_FACE('',(#14443),#14454,.T.);
#14443 = FACE_BOUND('',#14444,.T.);
#14444 = EDGE_LOOP('',(#14445,#14446,#14447,#14453));
#14445 = ORIENTED_EDGE('',*,*,#14431,.F.);
#14446 = ORIENTED_EDGE('',*,*,#13929,.F.);
#14447 = ORIENTED_EDGE('',*,*,#14448,.T.);
#14448 = EDGE_CURVE('',#9969,#10447,#14449,.T.);
#14449 = LINE('',#14450,#14451);
#14450 = CARTESIAN_POINT('',(-21.07424163818,-15.71066570282,-0.5));
#14451 = VECTOR('',#14452,1.);
#14452 = DIRECTION('',(0.,0.,1.));
#14453 = ORIENTED_EDGE('',*,*,#10446,.T.);
#14454 = PLANE('',#14455);
#14455 = AXIS2_PLACEMENT_3D('',#14456,#14457,#14458);
#14456 = CARTESIAN_POINT('',(-21.16523647308,-15.6862835884,0.75));
#14457 = DIRECTION('',(-0.258820252248,-0.965925502835,-0.));
#14458 = DIRECTION('',(-0.965925502835,0.258820252248,0.));
#14459 = ADVANCED_FACE('',(#14460),#14471,.T.);
#14460 = FACE_BOUND('',#14461,.T.);
#14461 = EDGE_LOOP('',(#14462,#14463,#14464,#14470));
#14462 = ORIENTED_EDGE('',*,*,#14448,.F.);
#14463 = ORIENTED_EDGE('',*,*,#13944,.F.);
#14464 = ORIENTED_EDGE('',*,*,#14465,.T.);
#14465 = EDGE_CURVE('',#9960,#10455,#14466,.T.);
#14466 = LINE('',#14467,#14468);
#14467 = CARTESIAN_POINT('',(-20.88815116882,-15.74013900756,-0.5));
#14468 = VECTOR('',#14469,1.);
#14469 = DIRECTION('',(0.,0.,1.));
#14470 = ORIENTED_EDGE('',*,*,#10454,.T.);
#14471 = PLANE('',#14472);
#14472 = AXIS2_PLACEMENT_3D('',#14473,#14474,#14475);
#14473 = CARTESIAN_POINT('',(-20.9811964035,-15.72540235519,0.75));
#14474 = DIRECTION('',(-0.156431720395,-0.9876887753,-0.));
#14475 = DIRECTION('',(-0.9876887753,0.156431720395,0.));
#14476 = ADVANCED_FACE('',(#14477),#14483,.T.);
#14477 = FACE_BOUND('',#14478,.T.);
#14478 = EDGE_LOOP('',(#14479,#14480,#14481,#14482));
#14479 = ORIENTED_EDGE('',*,*,#14465,.F.);
#14480 = ORIENTED_EDGE('',*,*,#13959,.F.);
#14481 = ORIENTED_EDGE('',*,*,#13974,.T.);
#14482 = ORIENTED_EDGE('',*,*,#10462,.T.);
#14483 = PLANE('',#14484);
#14484 = AXIS2_PLACEMENT_3D('',#14485,#14486,#14487);
#14485 = CARTESIAN_POINT('',(-20.79407596588,-15.74506950378,0.75));
#14486 = DIRECTION('',(-5.233832483047E-02,-0.998629410619,-0.));
#14487 = DIRECTION('',(-0.998629410619,5.233832483047E-02,0.));
#14488 = ADVANCED_FACE('',(#14489),#14505,.T.);
#14489 = FACE_BOUND('',#14490,.T.);
#14490 = EDGE_LOOP('',(#14491,#14492,#14498,#14504));
#14491 = ORIENTED_EDGE('',*,*,#13983,.F.);
#14492 = ORIENTED_EDGE('',*,*,#14493,.F.);
#14493 = EDGE_CURVE('',#11517,#11392,#14494,.T.);
#14494 = LINE('',#14495,#14496);
#14495 = CARTESIAN_POINT('',(10.836989139165,-16.26692199396,
    -1.110223024625E-16));
#14496 = VECTOR('',#14497,1.);
#14497 = DIRECTION('',(-0.998629410619,-5.233832483047E-02,0.));
#14498 = ORIENTED_EDGE('',*,*,#14499,.T.);
#14499 = EDGE_CURVE('',#11517,#10479,#14500,.T.);
#14500 = LINE('',#14501,#14502);
#14501 = CARTESIAN_POINT('',(20.888151168823,-15.74013900756,-0.5));
#14502 = VECTOR('',#14503,1.);
#14503 = DIRECTION('',(0.,0.,1.));
#14504 = ORIENTED_EDGE('',*,*,#10478,.T.);
#14505 = PLANE('',#14506);
#14506 = AXIS2_PLACEMENT_3D('',#14507,#14508,#14509);
#14507 = CARTESIAN_POINT('',(20.794075965881,-15.74506950378,0.75));
#14508 = DIRECTION('',(5.233832483047E-02,-0.998629410619,0.));
#14509 = DIRECTION('',(-0.998629410619,-5.233832483047E-02,0.));
#14510 = ADVANCED_FACE('',(#14511),#14527,.T.);
#14511 = FACE_BOUND('',#14512,.T.);
#14512 = EDGE_LOOP('',(#14513,#14514,#14520,#14526));
#14513 = ORIENTED_EDGE('',*,*,#14499,.F.);
#14514 = ORIENTED_EDGE('',*,*,#14515,.F.);
#14515 = EDGE_CURVE('',#11508,#11517,#14516,.T.);
#14516 = LINE('',#14517,#14518);
#14517 = CARTESIAN_POINT('',(11.962145765171,-17.15385395145,
    -1.110223024625E-16));
#14518 = VECTOR('',#14519,1.);
#14519 = DIRECTION('',(-0.9876887753,-0.156431720395,0.));
#14520 = ORIENTED_EDGE('',*,*,#14521,.T.);
#14521 = EDGE_CURVE('',#11508,#10487,#14522,.T.);
#14522 = LINE('',#14523,#14524);
#14523 = CARTESIAN_POINT('',(21.074241638184,-15.71066570282,-0.5));
#14524 = VECTOR('',#14525,1.);
#14525 = DIRECTION('',(0.,0.,1.));
#14526 = ORIENTED_EDGE('',*,*,#10486,.T.);
#14527 = PLANE('',#14528);
#14528 = AXIS2_PLACEMENT_3D('',#14529,#14530,#14531);
#14529 = CARTESIAN_POINT('',(20.981196403503,-15.72540235519,0.75));
#14530 = DIRECTION('',(0.156431720395,-0.9876887753,0.));
#14531 = DIRECTION('',(-0.9876887753,-0.156431720395,0.));
#14532 = ADVANCED_FACE('',(#14533),#14549,.T.);
#14533 = FACE_BOUND('',#14534,.T.);
#14534 = EDGE_LOOP('',(#14535,#14536,#14542,#14548));
#14535 = ORIENTED_EDGE('',*,*,#14521,.F.);
#14536 = ORIENTED_EDGE('',*,*,#14537,.F.);
#14537 = EDGE_CURVE('',#11499,#11508,#14538,.T.);
#14538 = LINE('',#14539,#14540);
#14539 = CARTESIAN_POINT('',(13.252319787148,-17.80655382318,0.));
#14540 = VECTOR('',#14541,1.);
#14541 = DIRECTION('',(-0.965925502835,-0.258820252248,0.));
#14542 = ORIENTED_EDGE('',*,*,#14543,.T.);
#14543 = EDGE_CURVE('',#11499,#10495,#14544,.T.);
#14544 = LINE('',#14545,#14546);
#14545 = CARTESIAN_POINT('',(21.256231307983,-15.66190147399,-0.5));
#14546 = VECTOR('',#14547,1.);
#14547 = DIRECTION('',(0.,0.,1.));
#14548 = ORIENTED_EDGE('',*,*,#10494,.T.);
#14549 = PLANE('',#14550);
#14550 = AXIS2_PLACEMENT_3D('',#14551,#14552,#14553);
#14551 = CARTESIAN_POINT('',(21.165236473083,-15.6862835884,0.75));
#14552 = DIRECTION('',(0.258820252248,-0.965925502835,0.));
#14553 = DIRECTION('',(-0.965925502835,-0.258820252248,0.));
#14554 = ADVANCED_FACE('',(#14555),#14571,.T.);
#14555 = FACE_BOUND('',#14556,.T.);
#14556 = EDGE_LOOP('',(#14557,#14558,#14564,#14570));
#14557 = ORIENTED_EDGE('',*,*,#14543,.F.);
#14558 = ORIENTED_EDGE('',*,*,#14559,.F.);
#14559 = EDGE_CURVE('',#11490,#11499,#14560,.T.);
#14560 = LINE('',#14561,#14562);
#14561 = CARTESIAN_POINT('',(14.656989735653,-18.19510886119,0.));
#14562 = VECTOR('',#14563,1.);
#14563 = DIRECTION('',(-0.933580621069,-0.358367442669,0.));
#14564 = ORIENTED_EDGE('',*,*,#14565,.T.);
#14565 = EDGE_CURVE('',#11490,#10503,#14566,.T.);
#14566 = LINE('',#14567,#14568);
#14567 = CARTESIAN_POINT('',(21.432125091553,-15.59438228607,-0.5));
#14568 = VECTOR('',#14569,1.);
#14569 = DIRECTION('',(0.,0.,1.));
#14570 = ORIENTED_EDGE('',*,*,#10502,.T.);
#14571 = PLANE('',#14572);
#14572 = AXIS2_PLACEMENT_3D('',#14573,#14574,#14575);
#14573 = CARTESIAN_POINT('',(21.344178199768,-15.62814188003,0.75));
#14574 = DIRECTION('',(0.358367442669,-0.933580621069,0.));
#14575 = DIRECTION('',(-0.933580621069,-0.358367442669,0.));
#14576 = ADVANCED_FACE('',(#14577),#14593,.T.);
#14577 = FACE_BOUND('',#14578,.T.);
#14578 = EDGE_LOOP('',(#14579,#14580,#14586,#14592));
#14579 = ORIENTED_EDGE('',*,*,#14565,.F.);
#14580 = ORIENTED_EDGE('',*,*,#14581,.F.);
#14581 = EDGE_CURVE('',#11481,#11490,#14582,.T.);
#14582 = LINE('',#14583,#14584);
#14583 = CARTESIAN_POINT('',(16.120735001145,-18.30067780381,
    -1.110223024625E-16));
#14584 = VECTOR('',#14585,1.);
#14585 = DIRECTION('',(-0.891006042771,-0.453991444573,0.));
#14586 = ORIENTED_EDGE('',*,*,#14587,.T.);
#14587 = EDGE_CURVE('',#11481,#10511,#14588,.T.);
#14588 = LINE('',#14589,#14590);
#14589 = CARTESIAN_POINT('',(21.60000038147,-15.50884532928,-0.5));
#14590 = VECTOR('',#14591,1.);
#14591 = DIRECTION('',(0.,0.,1.));
#14592 = ORIENTED_EDGE('',*,*,#10510,.T.);
#14593 = PLANE('',#14594);
#14594 = AXIS2_PLACEMENT_3D('',#14595,#14596,#14597);
#14595 = CARTESIAN_POINT('',(21.516062736511,-15.55161380767,0.75));
#14596 = DIRECTION('',(0.453991444573,-0.891006042771,0.));
#14597 = DIRECTION('',(-0.891006042771,-0.453991444573,0.));
#14598 = ADVANCED_FACE('',(#14599),#14615,.T.);
#14599 = FACE_BOUND('',#14600,.T.);
#14600 = EDGE_LOOP('',(#14601,#14602,#14608,#14614));
#14601 = ORIENTED_EDGE('',*,*,#14587,.F.);
#14602 = ORIENTED_EDGE('',*,*,#14603,.F.);
#14603 = EDGE_CURVE('',#11472,#11481,#14604,.T.);
#14604 = LINE('',#14605,#14606);
#14605 = CARTESIAN_POINT('',(17.58513176838,-18.11613039458,0.));
#14606 = VECTOR('',#14607,1.);
#14607 = DIRECTION('',(-0.838670672686,-0.544638873729,0.));
#14608 = ORIENTED_EDGE('',*,*,#14609,.T.);
#14609 = EDGE_CURVE('',#11472,#10519,#14610,.T.);
#14610 = LINE('',#14611,#14612);
#14611 = CARTESIAN_POINT('',(21.758012771606,-15.40623092651,-0.5));
#14612 = VECTOR('',#14613,1.);
#14613 = DIRECTION('',(0.,0.,1.));
#14614 = ORIENTED_EDGE('',*,*,#10518,.T.);
#14615 = PLANE('',#14616);
#14616 = AXIS2_PLACEMENT_3D('',#14617,#14618,#14619);
#14617 = CARTESIAN_POINT('',(21.679006576538,-15.45753812789,0.75));
#14618 = DIRECTION('',(0.544638873729,-0.838670672686,0.));
#14619 = DIRECTION('',(-0.838670672686,-0.544638873729,0.));
#14620 = ADVANCED_FACE('',(#14621),#14637,.T.);
#14621 = FACE_BOUND('',#14622,.T.);
#14622 = EDGE_LOOP('',(#14623,#14624,#14630,#14636));
#14623 = ORIENTED_EDGE('',*,*,#14609,.F.);
#14624 = ORIENTED_EDGE('',*,*,#14625,.F.);
#14625 = EDGE_CURVE('',#11463,#11472,#14626,.T.);
#14626 = LINE('',#14627,#14628);
#14627 = CARTESIAN_POINT('',(18.991600358974,-17.64643866722,0.));
#14628 = VECTOR('',#14629,1.);
#14629 = DIRECTION('',(-0.777144430953,-0.629322281061,0.));
#14630 = ORIENTED_EDGE('',*,*,#14631,.T.);
#14631 = EDGE_CURVE('',#11463,#10527,#14632,.T.);
#14632 = LINE('',#14633,#14634);
#14633 = CARTESIAN_POINT('',(21.904434204102,-15.28766059875,-0.5));
#14634 = VECTOR('',#14635,1.);
#14635 = DIRECTION('',(0.,0.,1.));
#14636 = ORIENTED_EDGE('',*,*,#10526,.T.);
#14637 = PLANE('',#14638);
#14638 = AXIS2_PLACEMENT_3D('',#14639,#14640,#14641);
#14639 = CARTESIAN_POINT('',(21.831223487854,-15.34694576263,0.75));
#14640 = DIRECTION('',(0.629322281061,-0.777144430953,0.));
#14641 = DIRECTION('',(-0.777144430953,-0.629322281061,0.));
#14642 = ADVANCED_FACE('',(#14643),#14659,.T.);
#14643 = FACE_BOUND('',#14644,.T.);
#14644 = EDGE_LOOP('',(#14645,#14651,#14652,#14653));
#14645 = ORIENTED_EDGE('',*,*,#14646,.T.);
#14646 = EDGE_CURVE('',#11454,#10535,#14647,.T.);
#14647 = LINE('',#14648,#14649);
#14648 = CARTESIAN_POINT('',(22.037660598755,-15.15443515777,-0.5));
#14649 = VECTOR('',#14650,1.);
#14650 = DIRECTION('',(0.,0.,1.));
#14651 = ORIENTED_EDGE('',*,*,#10534,.T.);
#14652 = ORIENTED_EDGE('',*,*,#14631,.F.);
#14653 = ORIENTED_EDGE('',*,*,#14654,.F.);
#14654 = EDGE_CURVE('',#11454,#11463,#14655,.T.);
#14655 = LINE('',#14656,#14657);
#14656 = CARTESIAN_POINT('',(20.283508201301,-16.90857499848,0.));
#14657 = VECTOR('',#14658,1.);
#14658 = DIRECTION('',(-0.707109312032,-0.707104250332,0.));
#14659 = PLANE('',#14660);
#14660 = AXIS2_PLACEMENT_3D('',#14661,#14662,#14663);
#14661 = CARTESIAN_POINT('',(21.971047401428,-15.22104787826,0.75));
#14662 = DIRECTION('',(0.707104250332,-0.707109312032,0.));
#14663 = DIRECTION('',(-0.707109312032,-0.707104250332,0.));
#14664 = ADVANCED_FACE('',(#14665),#14681,.T.);
#14665 = FACE_BOUND('',#14666,.T.);
#14666 = EDGE_LOOP('',(#14667,#14668,#14674,#14680));
#14667 = ORIENTED_EDGE('',*,*,#14646,.F.);
#14668 = ORIENTED_EDGE('',*,*,#14669,.F.);
#14669 = EDGE_CURVE('',#11445,#11454,#14670,.T.);
#14670 = LINE('',#14671,#14672);
#14671 = CARTESIAN_POINT('',(21.409156066851,-15.93056975764,0.));
#14672 = VECTOR('',#14673,1.);
#14673 = DIRECTION('',(-0.629322281061,-0.777144430953,0.));
#14674 = ORIENTED_EDGE('',*,*,#14675,.T.);
#14675 = EDGE_CURVE('',#11445,#10543,#14676,.T.);
#14676 = LINE('',#14677,#14678);
#14677 = CARTESIAN_POINT('',(22.156230926514,-15.00801372528,-0.5));
#14678 = VECTOR('',#14679,1.);
#14679 = DIRECTION('',(0.,0.,1.));
#14680 = ORIENTED_EDGE('',*,*,#10542,.T.);
#14681 = PLANE('',#14682);
#14682 = AXIS2_PLACEMENT_3D('',#14683,#14684,#14685);
#14683 = CARTESIAN_POINT('',(22.096945762634,-15.08122444152,0.75));
#14684 = DIRECTION('',(0.777144430953,-0.629322281061,0.));
#14685 = DIRECTION('',(0.629322281061,0.777144430953,0.));
#14686 = ADVANCED_FACE('',(#14687),#14703,.T.);
#14687 = FACE_BOUND('',#14688,.T.);
#14688 = EDGE_LOOP('',(#14689,#14690,#14696,#14702));
#14689 = ORIENTED_EDGE('',*,*,#14675,.F.);
#14690 = ORIENTED_EDGE('',*,*,#14691,.F.);
#14691 = EDGE_CURVE('',#11436,#11445,#14692,.T.);
#14692 = LINE('',#14693,#14694);
#14693 = CARTESIAN_POINT('',(22.323381313098,-14.75062543157,0.));
#14694 = VECTOR('',#14695,1.);
#14695 = DIRECTION('',(-0.544640121925,-0.838669862097,0.));
#14696 = ORIENTED_EDGE('',*,*,#14697,.T.);
#14697 = EDGE_CURVE('',#11436,#10551,#14698,.T.);
#14698 = LINE('',#14699,#14700);
#14699 = CARTESIAN_POINT('',(22.258846282959,-14.85000038147,-0.5));
#14700 = VECTOR('',#14701,1.);
#14701 = DIRECTION('',(0.,0.,1.));
#14702 = ORIENTED_EDGE('',*,*,#10550,.T.);
#14703 = PLANE('',#14704);
#14704 = AXIS2_PLACEMENT_3D('',#14705,#14706,#14707);
#14705 = CARTESIAN_POINT('',(22.207538604736,-14.92900705337,0.75));
#14706 = DIRECTION('',(0.838669862097,-0.544640121925,0.));
#14707 = DIRECTION('',(0.544640121925,0.838669862097,0.));
#14708 = ADVANCED_FACE('',(#14709),#14725,.T.);
#14709 = FACE_BOUND('',#14710,.T.);
#14710 = EDGE_LOOP('',(#14711,#14712,#14718,#14724));
#14711 = ORIENTED_EDGE('',*,*,#14697,.F.);
#14712 = ORIENTED_EDGE('',*,*,#14713,.F.);
#14713 = EDGE_CURVE('',#11427,#11436,#14714,.T.);
#14714 = LINE('',#14715,#14716);
#14715 = CARTESIAN_POINT('',(22.989875805501,-13.4152540795,0.));
#14716 = VECTOR('',#14717,1.);
#14717 = DIRECTION('',(-0.453985455162,-0.891009094511,0.));
#14718 = ORIENTED_EDGE('',*,*,#14719,.T.);
#14719 = EDGE_CURVE('',#11427,#10559,#14720,.T.);
#14720 = LINE('',#14721,#14722);
#14721 = CARTESIAN_POINT('',(22.344381332397,-14.68212604522,-0.5));
#14722 = VECTOR('',#14723,1.);
#14723 = DIRECTION('',(0.,0.,1.));
#14724 = ORIENTED_EDGE('',*,*,#10558,.T.);
#14725 = PLANE('',#14726);
#14726 = AXIS2_PLACEMENT_3D('',#14727,#14728,#14729);
#14727 = CARTESIAN_POINT('',(22.301613807678,-14.76606321334,0.75));
#14728 = DIRECTION('',(0.891009094511,-0.453985455162,0.));
#14729 = DIRECTION('',(0.453985455162,0.891009094511,0.));
#14730 = ADVANCED_FACE('',(#14731),#14747,.T.);
#14731 = FACE_BOUND('',#14732,.T.);
#14732 = EDGE_LOOP('',(#14733,#14734,#14740,#14746));
#14733 = ORIENTED_EDGE('',*,*,#14719,.F.);
#14734 = ORIENTED_EDGE('',*,*,#14735,.F.);
#14735 = EDGE_CURVE('',#11418,#11427,#14736,.T.);
#14736 = LINE('',#14737,#14738);
#14737 = CARTESIAN_POINT('',(23.382507731729,-11.97771879815,0.));
#14738 = VECTOR('',#14739,1.);
#14739 = DIRECTION('',(-0.358368467375,-0.933580227721,0.));
#14740 = ORIENTED_EDGE('',*,*,#14741,.T.);
#14741 = EDGE_CURVE('',#11418,#10567,#14742,.T.);
#14742 = LINE('',#14743,#14744);
#14743 = CARTESIAN_POINT('',(22.411901473999,-14.5062303543,-0.5));
#14744 = VECTOR('',#14745,1.);
#14745 = DIRECTION('',(0.,0.,1.));
#14746 = ORIENTED_EDGE('',*,*,#10566,.T.);
#14747 = PLANE('',#14748);
#14748 = AXIS2_PLACEMENT_3D('',#14749,#14750,#14751);
#14749 = CARTESIAN_POINT('',(22.378141403198,-14.59417819976,0.75));
#14750 = DIRECTION('',(0.933580227721,-0.358368467375,0.));
#14751 = DIRECTION('',(0.358368467375,0.933580227721,0.));
#14752 = ADVANCED_FACE('',(#14753),#14769,.T.);
#14753 = FACE_BOUND('',#14754,.T.);
#14754 = EDGE_LOOP('',(#14755,#14756,#14762,#14768));
#14755 = ORIENTED_EDGE('',*,*,#14741,.F.);
#14756 = ORIENTED_EDGE('',*,*,#14757,.F.);
#14757 = EDGE_CURVE('',#11409,#11418,#14758,.T.);
#14758 = LINE('',#14759,#14760);
#14759 = CARTESIAN_POINT('',(23.486712255552,-10.49492351233,
    -5.551115123126E-17));
#14760 = VECTOR('',#14761,1.);
#14761 = DIRECTION('',(-0.258815529605,-0.965926768257,0.));
#14762 = ORIENTED_EDGE('',*,*,#14763,.T.);
#14763 = EDGE_CURVE('',#11409,#10575,#14764,.T.);
#14764 = LINE('',#14765,#14766);
#14765 = CARTESIAN_POINT('',(22.460664749146,-14.3242406845,-0.5));
#14766 = VECTOR('',#14767,1.);
#14767 = DIRECTION('',(0.,0.,1.));
#14768 = ORIENTED_EDGE('',*,*,#10574,.T.);
#14769 = PLANE('',#14770);
#14770 = AXIS2_PLACEMENT_3D('',#14771,#14772,#14773);
#14771 = CARTESIAN_POINT('',(22.436283111572,-14.4152355194,0.75));
#14772 = DIRECTION('',(0.965926768257,-0.258815529605,0.));
#14773 = DIRECTION('',(0.258815529605,0.965926768257,0.));
#14774 = ADVANCED_FACE('',(#14775),#14786,.T.);
#14775 = FACE_BOUND('',#14776,.T.);
#14776 = EDGE_LOOP('',(#14777,#14778,#14784,#14785));
#14777 = ORIENTED_EDGE('',*,*,#14763,.F.);
#14778 = ORIENTED_EDGE('',*,*,#14779,.F.);
#14779 = EDGE_CURVE('',#11195,#11409,#14780,.T.);
#14780 = LINE('',#14781,#14782);
#14781 = CARTESIAN_POINT('',(23.299826034788,-9.026088141115,0.));
#14782 = VECTOR('',#14783,1.);
#14783 = DIRECTION('',(-0.15643744031,-0.987687869354,0.));
#14784 = ORIENTED_EDGE('',*,*,#11194,.T.);
#14785 = ORIENTED_EDGE('',*,*,#10582,.T.);
#14786 = PLANE('',#14787);
#14787 = AXIS2_PLACEMENT_3D('',#14788,#14789,#14790);
#14788 = CARTESIAN_POINT('',(22.475401878357,-14.23119592666,0.75));
#14789 = DIRECTION('',(0.987687869354,-0.15643744031,0.));
#14790 = DIRECTION('',(0.15643744031,0.987687869354,0.));
#14791 = ADVANCED_FACE('',(#14792),#14808,.T.);
#14792 = FACE_BOUND('',#14793,.T.);
#14793 = EDGE_LOOP('',(#14794,#14795,#14801,#14807));
#14794 = ORIENTED_EDGE('',*,*,#11228,.F.);
#14795 = ORIENTED_EDGE('',*,*,#14796,.F.);
#14796 = EDGE_CURVE('',#11368,#11221,#14797,.T.);
#14797 = LINE('',#14798,#14799);
#14798 = CARTESIAN_POINT('',(23.299826034184,9.02608814493,0.));
#14799 = VECTOR('',#14800,1.);
#14800 = DIRECTION('',(0.15643744031,-0.987687869354,0.));
#14801 = ORIENTED_EDGE('',*,*,#14802,.T.);
#14802 = EDGE_CURVE('',#11368,#10606,#14803,.T.);
#14803 = LINE('',#14804,#14805);
#14804 = CARTESIAN_POINT('',(22.460664749146,14.324240684509,-0.5));
#14805 = VECTOR('',#14806,1.);
#14806 = DIRECTION('',(0.,0.,1.));
#14807 = ORIENTED_EDGE('',*,*,#10605,.T.);
#14808 = PLANE('',#14809);
#14809 = AXIS2_PLACEMENT_3D('',#14810,#14811,#14812);
#14810 = CARTESIAN_POINT('',(22.475401878357,14.231195926666,0.75));
#14811 = DIRECTION('',(0.987687869354,0.15643744031,0.));
#14812 = DIRECTION('',(-0.15643744031,0.987687869354,0.));
#14813 = ADVANCED_FACE('',(#14814),#14830,.T.);
#14814 = FACE_BOUND('',#14815,.T.);
#14815 = EDGE_LOOP('',(#14816,#14817,#14823,#14829));
#14816 = ORIENTED_EDGE('',*,*,#14802,.F.);
#14817 = ORIENTED_EDGE('',*,*,#14818,.F.);
#14818 = EDGE_CURVE('',#11359,#11368,#14819,.T.);
#14819 = LINE('',#14820,#14821);
#14820 = CARTESIAN_POINT('',(23.486712254574,10.494923515986,
    -5.551115123126E-17));
#14821 = VECTOR('',#14822,1.);
#14822 = DIRECTION('',(0.258815529605,-0.965926768257,0.));
#14823 = ORIENTED_EDGE('',*,*,#14824,.T.);
#14824 = EDGE_CURVE('',#11359,#10614,#14825,.T.);
#14825 = LINE('',#14826,#14827);
#14826 = CARTESIAN_POINT('',(22.411901473999,14.506230354309,-0.5));
#14827 = VECTOR('',#14828,1.);
#14828 = DIRECTION('',(0.,0.,1.));
#14829 = ORIENTED_EDGE('',*,*,#10613,.T.);
#14830 = PLANE('',#14831);
#14831 = AXIS2_PLACEMENT_3D('',#14832,#14833,#14834);
#14832 = CARTESIAN_POINT('',(22.436283111572,14.415235519409,0.75));
#14833 = DIRECTION('',(0.965926768257,0.258815529605,0.));
#14834 = DIRECTION('',(-0.258815529605,0.965926768257,0.));
#14835 = ADVANCED_FACE('',(#14836),#14852,.T.);
#14836 = FACE_BOUND('',#14837,.T.);
#14837 = EDGE_LOOP('',(#14838,#14839,#14845,#14851));
#14838 = ORIENTED_EDGE('',*,*,#14824,.F.);
#14839 = ORIENTED_EDGE('',*,*,#14840,.F.);
#14840 = EDGE_CURVE('',#11350,#11359,#14841,.T.);
#14841 = LINE('',#14842,#14843);
#14842 = CARTESIAN_POINT('',(23.382507730421,11.977718801563,0.));
#14843 = VECTOR('',#14844,1.);
#14844 = DIRECTION('',(0.358368467375,-0.933580227721,0.));
#14845 = ORIENTED_EDGE('',*,*,#14846,.T.);
#14846 = EDGE_CURVE('',#11350,#10622,#14847,.T.);
#14847 = LINE('',#14848,#14849);
#14848 = CARTESIAN_POINT('',(22.344381332397,14.682126045227,-0.5));
#14849 = VECTOR('',#14850,1.);
#14850 = DIRECTION('',(0.,0.,1.));
#14851 = ORIENTED_EDGE('',*,*,#10621,.T.);
#14852 = PLANE('',#14853);
#14853 = AXIS2_PLACEMENT_3D('',#14854,#14855,#14856);
#14854 = CARTESIAN_POINT('',(22.378141403198,14.594178199768,0.75));
#14855 = DIRECTION('',(0.933580227721,0.358368467375,0.));
#14856 = DIRECTION('',(-0.358368467375,0.933580227721,0.));
#14857 = ADVANCED_FACE('',(#14858),#14874,.T.);
#14858 = FACE_BOUND('',#14859,.T.);
#14859 = EDGE_LOOP('',(#14860,#14861,#14867,#14873));
#14860 = ORIENTED_EDGE('',*,*,#14846,.F.);
#14861 = ORIENTED_EDGE('',*,*,#14862,.F.);
#14862 = EDGE_CURVE('',#11341,#11350,#14863,.T.);
#14863 = LINE('',#14864,#14865);
#14864 = CARTESIAN_POINT('',(22.989875803919,13.415254082607,0.));
#14865 = VECTOR('',#14866,1.);
#14866 = DIRECTION('',(0.453985455162,-0.891009094511,0.));
#14867 = ORIENTED_EDGE('',*,*,#14868,.T.);
#14868 = EDGE_CURVE('',#11341,#10630,#14869,.T.);
#14869 = LINE('',#14870,#14871);
#14870 = CARTESIAN_POINT('',(22.258846282959,14.85000038147,-0.5));
#14871 = VECTOR('',#14872,1.);
#14872 = DIRECTION('',(0.,0.,1.));
#14873 = ORIENTED_EDGE('',*,*,#10629,.T.);
#14874 = PLANE('',#14875);
#14875 = AXIS2_PLACEMENT_3D('',#14876,#14877,#14878);
#14876 = CARTESIAN_POINT('',(22.301613807678,14.766063213348,0.75));
#14877 = DIRECTION('',(0.891009094511,0.453985455162,0.));
#14878 = DIRECTION('',(-0.453985455162,0.891009094511,0.));
#14879 = ADVANCED_FACE('',(#14880),#14896,.T.);
#14880 = FACE_BOUND('',#14881,.T.);
#14881 = EDGE_LOOP('',(#14882,#14883,#14889,#14895));
#14882 = ORIENTED_EDGE('',*,*,#14868,.F.);
#14883 = ORIENTED_EDGE('',*,*,#14884,.F.);
#14884 = EDGE_CURVE('',#11332,#11341,#14885,.T.);
#14885 = LINE('',#14886,#14887);
#14886 = CARTESIAN_POINT('',(22.323381311312,14.750625434325,0.));
#14887 = VECTOR('',#14888,1.);
#14888 = DIRECTION('',(0.544640121925,-0.838669862097,0.));
#14889 = ORIENTED_EDGE('',*,*,#14890,.T.);
#14890 = EDGE_CURVE('',#11332,#10638,#14891,.T.);
#14891 = LINE('',#14892,#14893);
#14892 = CARTESIAN_POINT('',(22.156230926514,15.008013725281,-0.5));
#14893 = VECTOR('',#14894,1.);
#14894 = DIRECTION('',(0.,0.,1.));
#14895 = ORIENTED_EDGE('',*,*,#10637,.T.);
#14896 = PLANE('',#14897);
#14897 = AXIS2_PLACEMENT_3D('',#14898,#14899,#14900);
#14898 = CARTESIAN_POINT('',(22.207538604736,14.929007053375,0.75));
#14899 = DIRECTION('',(0.838669862097,0.544640121925,0.));
#14900 = DIRECTION('',(-0.544640121925,0.838669862097,0.));
#14901 = ADVANCED_FACE('',(#14902),#14918,.T.);
#14902 = FACE_BOUND('',#14903,.T.);
#14903 = EDGE_LOOP('',(#14904,#14905,#14911,#14917));
#14904 = ORIENTED_EDGE('',*,*,#14890,.F.);
#14905 = ORIENTED_EDGE('',*,*,#14906,.F.);
#14906 = EDGE_CURVE('',#11323,#11332,#14907,.T.);
#14907 = LINE('',#14908,#14909);
#14908 = CARTESIAN_POINT('',(21.409156064938,15.930569760005,0.));
#14909 = VECTOR('',#14910,1.);
#14910 = DIRECTION('',(0.629322281061,-0.777144430953,0.));
#14911 = ORIENTED_EDGE('',*,*,#14912,.T.);
#14912 = EDGE_CURVE('',#11323,#10646,#14913,.T.);
#14913 = LINE('',#14914,#14915);
#14914 = CARTESIAN_POINT('',(22.037660598755,15.154435157776,-0.5));
#14915 = VECTOR('',#14916,1.);
#14916 = DIRECTION('',(0.,0.,1.));
#14917 = ORIENTED_EDGE('',*,*,#10645,.T.);
#14918 = PLANE('',#14919);
#14919 = AXIS2_PLACEMENT_3D('',#14920,#14921,#14922);
#14920 = CARTESIAN_POINT('',(22.096945762634,15.081224441528,0.75));
#14921 = DIRECTION('',(0.777144430953,0.629322281061,0.));
#14922 = DIRECTION('',(-0.629322281061,0.777144430953,0.));
#14923 = ADVANCED_FACE('',(#14924),#14940,.T.);
#14924 = FACE_BOUND('',#14925,.T.);
#14925 = EDGE_LOOP('',(#14926,#14932,#14933,#14934));
#14926 = ORIENTED_EDGE('',*,*,#14927,.T.);
#14927 = EDGE_CURVE('',#11314,#10654,#14928,.T.);
#14928 = LINE('',#14929,#14930);
#14929 = CARTESIAN_POINT('',(21.904434204102,15.287660598755,-0.5));
#14930 = VECTOR('',#14931,1.);
#14931 = DIRECTION('',(0.,0.,1.));
#14932 = ORIENTED_EDGE('',*,*,#10653,.T.);
#14933 = ORIENTED_EDGE('',*,*,#14912,.F.);
#14934 = ORIENTED_EDGE('',*,*,#14935,.F.);
#14935 = EDGE_CURVE('',#11314,#11323,#14936,.T.);
#14936 = LINE('',#14937,#14938);
#14937 = CARTESIAN_POINT('',(20.283508199346,16.908575000439,0.));
#14938 = VECTOR('',#14939,1.);
#14939 = DIRECTION('',(0.707109312032,-0.707104250332,0.));
#14940 = PLANE('',#14941);
#14941 = AXIS2_PLACEMENT_3D('',#14942,#14943,#14944);
#14942 = CARTESIAN_POINT('',(21.971047401428,15.221047878265,0.75));
#14943 = DIRECTION('',(0.707104250332,0.707109312032,0.));
#14944 = DIRECTION('',(0.707109312032,-0.707104250332,0.));
#14945 = ADVANCED_FACE('',(#14946),#14962,.T.);
#14946 = FACE_BOUND('',#14947,.T.);
#14947 = EDGE_LOOP('',(#14948,#14949,#14955,#14961));
#14948 = ORIENTED_EDGE('',*,*,#14927,.F.);
#14949 = ORIENTED_EDGE('',*,*,#14950,.F.);
#14950 = EDGE_CURVE('',#11305,#11314,#14951,.T.);
#14951 = LINE('',#14952,#14953);
#14952 = CARTESIAN_POINT('',(18.991600357061,17.646438668776,0.));
#14953 = VECTOR('',#14954,1.);
#14954 = DIRECTION('',(0.777144430953,-0.629322281061,0.));
#14955 = ORIENTED_EDGE('',*,*,#14956,.T.);
#14956 = EDGE_CURVE('',#11305,#10662,#14957,.T.);
#14957 = LINE('',#14958,#14959);
#14958 = CARTESIAN_POINT('',(21.758012771606,15.406230926514,-0.5));
#14959 = VECTOR('',#14960,1.);
#14960 = DIRECTION('',(0.,0.,1.));
#14961 = ORIENTED_EDGE('',*,*,#10661,.T.);
#14962 = PLANE('',#14963);
#14963 = AXIS2_PLACEMENT_3D('',#14964,#14965,#14966);
#14964 = CARTESIAN_POINT('',(21.831223487854,15.346945762634,0.75));
#14965 = DIRECTION('',(0.629322281061,0.777144430953,0.));
#14966 = DIRECTION('',(0.777144430953,-0.629322281061,0.));
#14967 = ADVANCED_FACE('',(#14968),#14984,.T.);
#14968 = FACE_BOUND('',#14969,.T.);
#14969 = EDGE_LOOP('',(#14970,#14971,#14977,#14983));
#14970 = ORIENTED_EDGE('',*,*,#14956,.F.);
#14971 = ORIENTED_EDGE('',*,*,#14972,.F.);
#14972 = EDGE_CURVE('',#11296,#11305,#14973,.T.);
#14973 = LINE('',#14974,#14975);
#14974 = CARTESIAN_POINT('',(17.585131766594,18.116130395747,0.));
#14975 = VECTOR('',#14976,1.);
#14976 = DIRECTION('',(0.838670672686,-0.544638873729,0.));
#14977 = ORIENTED_EDGE('',*,*,#14978,.T.);
#14978 = EDGE_CURVE('',#11296,#10670,#14979,.T.);
#14979 = LINE('',#14980,#14981);
#14980 = CARTESIAN_POINT('',(21.60000038147,15.508845329285,-0.5));
#14981 = VECTOR('',#14982,1.);
#14982 = DIRECTION('',(0.,0.,1.));
#14983 = ORIENTED_EDGE('',*,*,#10669,.T.);
#14984 = PLANE('',#14985);
#14985 = AXIS2_PLACEMENT_3D('',#14986,#14987,#14988);
#14986 = CARTESIAN_POINT('',(21.679006576538,15.457538127899,0.75));
#14987 = DIRECTION('',(0.544638873729,0.838670672686,0.));
#14988 = DIRECTION('',(0.838670672686,-0.544638873729,0.));
#14989 = ADVANCED_FACE('',(#14990),#15006,.T.);
#14990 = FACE_BOUND('',#14991,.T.);
#14991 = EDGE_LOOP('',(#14992,#14993,#14999,#15005));
#14992 = ORIENTED_EDGE('',*,*,#14978,.F.);
#14993 = ORIENTED_EDGE('',*,*,#14994,.F.);
#14994 = EDGE_CURVE('',#11287,#11296,#14995,.T.);
#14995 = LINE('',#14996,#14997);
#14996 = CARTESIAN_POINT('',(16.120734999563,18.300677804624,
    -1.110223024625E-16));
#14997 = VECTOR('',#14998,1.);
#14998 = DIRECTION('',(0.891006042771,-0.453991444573,0.));
#14999 = ORIENTED_EDGE('',*,*,#15000,.T.);
#15000 = EDGE_CURVE('',#11287,#10678,#15001,.T.);
#15001 = LINE('',#15002,#15003);
#15002 = CARTESIAN_POINT('',(21.432125091553,15.594382286072,-0.5));
#15003 = VECTOR('',#15004,1.);
#15004 = DIRECTION('',(0.,0.,1.));
#15005 = ORIENTED_EDGE('',*,*,#10677,.T.);
#15006 = PLANE('',#15007);
#15007 = AXIS2_PLACEMENT_3D('',#15008,#15009,#15010);
#15008 = CARTESIAN_POINT('',(21.516062736511,15.551613807678,0.75));
#15009 = DIRECTION('',(0.453991444573,0.891006042771,0.));
#15010 = DIRECTION('',(0.891006042771,-0.453991444573,0.));
#15011 = ADVANCED_FACE('',(#15012),#15028,.T.);
#15012 = FACE_BOUND('',#15013,.T.);
#15013 = EDGE_LOOP('',(#15014,#15015,#15021,#15027));
#15014 = ORIENTED_EDGE('',*,*,#15000,.F.);
#15015 = ORIENTED_EDGE('',*,*,#15016,.F.);
#15016 = EDGE_CURVE('',#11278,#11287,#15017,.T.);
#15017 = LINE('',#15018,#15019);
#15018 = CARTESIAN_POINT('',(14.656989734345,18.195108861696,0.));
#15019 = VECTOR('',#15020,1.);
#15020 = DIRECTION('',(0.933580621069,-0.358367442669,0.));
#15021 = ORIENTED_EDGE('',*,*,#15022,.T.);
#15022 = EDGE_CURVE('',#11278,#10686,#15023,.T.);
#15023 = LINE('',#15024,#15025);
#15024 = CARTESIAN_POINT('',(21.256231307983,15.661901473999,-0.5));
#15025 = VECTOR('',#15026,1.);
#15026 = DIRECTION('',(0.,0.,1.));
#15027 = ORIENTED_EDGE('',*,*,#10685,.T.);
#15028 = PLANE('',#15029);
#15029 = AXIS2_PLACEMENT_3D('',#15030,#15031,#15032);
#15030 = CARTESIAN_POINT('',(21.344178199768,15.628141880035,0.75));
#15031 = DIRECTION('',(0.358367442669,0.933580621069,0.));
#15032 = DIRECTION('',(0.933580621069,-0.358367442669,0.));
#15033 = ADVANCED_FACE('',(#15034),#15050,.T.);
#15034 = FACE_BOUND('',#15035,.T.);
#15035 = EDGE_LOOP('',(#15036,#15037,#15043,#15049));
#15036 = ORIENTED_EDGE('',*,*,#15022,.F.);
#15037 = ORIENTED_EDGE('',*,*,#15038,.F.);
#15038 = EDGE_CURVE('',#11269,#11278,#15039,.T.);
#15039 = LINE('',#15040,#15041);
#15040 = CARTESIAN_POINT('',(13.25231978617,17.806553823446,0.));
#15041 = VECTOR('',#15042,1.);
#15042 = DIRECTION('',(0.965925502835,-0.258820252248,0.));
#15043 = ORIENTED_EDGE('',*,*,#15044,.T.);
#15044 = EDGE_CURVE('',#11269,#10694,#15045,.T.);
#15045 = LINE('',#15046,#15047);
#15046 = CARTESIAN_POINT('',(21.074241638184,15.71066570282,-0.5));
#15047 = VECTOR('',#15048,1.);
#15048 = DIRECTION('',(0.,0.,1.));
#15049 = ORIENTED_EDGE('',*,*,#10693,.T.);
#15050 = PLANE('',#15051);
#15051 = AXIS2_PLACEMENT_3D('',#15052,#15053,#15054);
#15052 = CARTESIAN_POINT('',(21.165236473083,15.686283588409,0.75));
#15053 = DIRECTION('',(0.258820252248,0.965925502835,0.));
#15054 = DIRECTION('',(0.965925502835,-0.258820252248,0.));
#15055 = ADVANCED_FACE('',(#15056),#15072,.T.);
#15056 = FACE_BOUND('',#15057,.T.);
#15057 = EDGE_LOOP('',(#15058,#15059,#15065,#15071));
#15058 = ORIENTED_EDGE('',*,*,#15044,.F.);
#15059 = ORIENTED_EDGE('',*,*,#15060,.F.);
#15060 = EDGE_CURVE('',#11260,#11269,#15061,.T.);
#15061 = LINE('',#15062,#15063);
#15062 = CARTESIAN_POINT('',(11.962145764567,17.153853951547,
    -1.110223024625E-16));
#15063 = VECTOR('',#15064,1.);
#15064 = DIRECTION('',(0.9876887753,-0.156431720395,0.));
#15065 = ORIENTED_EDGE('',*,*,#15066,.T.);
#15066 = EDGE_CURVE('',#11260,#10702,#15067,.T.);
#15067 = LINE('',#15068,#15069);
#15068 = CARTESIAN_POINT('',(20.888151168823,15.740139007568,-0.5));
#15069 = VECTOR('',#15070,1.);
#15070 = DIRECTION('',(0.,0.,1.));
#15071 = ORIENTED_EDGE('',*,*,#10701,.T.);
#15072 = PLANE('',#15073);
#15073 = AXIS2_PLACEMENT_3D('',#15074,#15075,#15076);
#15074 = CARTESIAN_POINT('',(20.981196403503,15.725402355194,0.75));
#15075 = DIRECTION('',(0.156431720395,0.9876887753,0.));
#15076 = DIRECTION('',(0.9876887753,-0.156431720395,0.));
#15077 = ADVANCED_FACE('',(#15078),#15089,.T.);
#15078 = FACE_BOUND('',#15079,.T.);
#15079 = EDGE_LOOP('',(#15080,#15081,#15087,#15088));
#15080 = ORIENTED_EDGE('',*,*,#15066,.F.);
#15081 = ORIENTED_EDGE('',*,*,#15082,.F.);
#15082 = EDGE_CURVE('',#11252,#11260,#15083,.T.);
#15083 = LINE('',#15084,#15085);
#15084 = CARTESIAN_POINT('',(10.836989138961,16.266921993978,
    -1.110223024625E-16));
#15085 = VECTOR('',#15086,1.);
#15086 = DIRECTION('',(0.998629410619,-5.233832483047E-02,0.));
#15087 = ORIENTED_EDGE('',*,*,#13998,.T.);
#15088 = ORIENTED_EDGE('',*,*,#10709,.T.);
#15089 = PLANE('',#15090);
#15090 = AXIS2_PLACEMENT_3D('',#15091,#15092,#15093);
#15091 = CARTESIAN_POINT('',(20.794075965881,15.745069503784,0.75));
#15092 = DIRECTION('',(5.233832483047E-02,0.998629410619,0.));
#15093 = DIRECTION('',(0.998629410619,-5.233832483047E-02,0.));
#15094 = ADVANCED_FACE('',(#15095),#15106,.T.);
#15095 = FACE_BOUND('',#15096,.T.);
#15096 = EDGE_LOOP('',(#15097,#15098,#15099,#15100));
#15097 = ORIENTED_EDGE('',*,*,#10725,.F.);
#15098 = ORIENTED_EDGE('',*,*,#14007,.T.);
#15099 = ORIENTED_EDGE('',*,*,#14039,.F.);
#15100 = ORIENTED_EDGE('',*,*,#15101,.T.);
#15101 = EDGE_CURVE('',#10179,#10726,#15102,.T.);
#15102 = LINE('',#15103,#15104);
#15103 = CARTESIAN_POINT('',(-20.88815116882,15.740139007568,-0.5));
#15104 = VECTOR('',#15105,1.);
#15105 = DIRECTION('',(0.,0.,1.));
#15106 = PLANE('',#15107);
#15107 = AXIS2_PLACEMENT_3D('',#15108,#15109,#15110);
#15108 = CARTESIAN_POINT('',(-20.79407596588,15.745069503784,0.75));
#15109 = DIRECTION('',(-5.233832483047E-02,0.998629410619,0.));
#15110 = DIRECTION('',(0.998629410619,5.233832483047E-02,0.));
#15111 = ADVANCED_FACE('',(#15112),#15123,.T.);
#15112 = FACE_BOUND('',#15113,.T.);
#15113 = EDGE_LOOP('',(#15114,#15115,#15116,#15122));
#15114 = ORIENTED_EDGE('',*,*,#15101,.F.);
#15115 = ORIENTED_EDGE('',*,*,#14054,.F.);
#15116 = ORIENTED_EDGE('',*,*,#15117,.T.);
#15117 = EDGE_CURVE('',#10304,#10734,#15118,.T.);
#15118 = LINE('',#15119,#15120);
#15119 = CARTESIAN_POINT('',(-21.07424163818,15.71066570282,-0.5));
#15120 = VECTOR('',#15121,1.);
#15121 = DIRECTION('',(0.,0.,1.));
#15122 = ORIENTED_EDGE('',*,*,#10733,.F.);
#15123 = PLANE('',#15124);
#15124 = AXIS2_PLACEMENT_3D('',#15125,#15126,#15127);
#15125 = CARTESIAN_POINT('',(-20.9811964035,15.725402355194,0.75));
#15126 = DIRECTION('',(-0.156431720395,0.9876887753,0.));
#15127 = DIRECTION('',(0.9876887753,0.156431720395,0.));
#15128 = ADVANCED_FACE('',(#15129),#15140,.T.);
#15129 = FACE_BOUND('',#15130,.T.);
#15130 = EDGE_LOOP('',(#15131,#15132,#15133,#15139));
#15131 = ORIENTED_EDGE('',*,*,#15117,.F.);
#15132 = ORIENTED_EDGE('',*,*,#14069,.F.);
#15133 = ORIENTED_EDGE('',*,*,#15134,.T.);
#15134 = EDGE_CURVE('',#10295,#10742,#15135,.T.);
#15135 = LINE('',#15136,#15137);
#15136 = CARTESIAN_POINT('',(-21.25623130798,15.661901473999,-0.5));
#15137 = VECTOR('',#15138,1.);
#15138 = DIRECTION('',(0.,0.,1.));
#15139 = ORIENTED_EDGE('',*,*,#10741,.F.);
#15140 = PLANE('',#15141);
#15141 = AXIS2_PLACEMENT_3D('',#15142,#15143,#15144);
#15142 = CARTESIAN_POINT('',(-21.16523647308,15.686283588409,0.75));
#15143 = DIRECTION('',(-0.258820252248,0.965925502835,0.));
#15144 = DIRECTION('',(0.965925502835,0.258820252248,0.));
#15145 = ADVANCED_FACE('',(#15146),#15157,.T.);
#15146 = FACE_BOUND('',#15147,.T.);
#15147 = EDGE_LOOP('',(#15148,#15149,#15150,#15156));
#15148 = ORIENTED_EDGE('',*,*,#15134,.F.);
#15149 = ORIENTED_EDGE('',*,*,#14084,.F.);
#15150 = ORIENTED_EDGE('',*,*,#15151,.T.);
#15151 = EDGE_CURVE('',#10286,#10750,#15152,.T.);
#15152 = LINE('',#15153,#15154);
#15153 = CARTESIAN_POINT('',(-21.43212509155,15.594382286072,-0.5));
#15154 = VECTOR('',#15155,1.);
#15155 = DIRECTION('',(0.,0.,1.));
#15156 = ORIENTED_EDGE('',*,*,#10749,.F.);
#15157 = PLANE('',#15158);
#15158 = AXIS2_PLACEMENT_3D('',#15159,#15160,#15161);
#15159 = CARTESIAN_POINT('',(-21.34417819976,15.628141880035,0.75));
#15160 = DIRECTION('',(-0.358367442669,0.933580621069,0.));
#15161 = DIRECTION('',(0.933580621069,0.358367442669,0.));
#15162 = ADVANCED_FACE('',(#15163),#15174,.T.);
#15163 = FACE_BOUND('',#15164,.T.);
#15164 = EDGE_LOOP('',(#15165,#15166,#15167,#15173));
#15165 = ORIENTED_EDGE('',*,*,#15151,.F.);
#15166 = ORIENTED_EDGE('',*,*,#14099,.F.);
#15167 = ORIENTED_EDGE('',*,*,#15168,.T.);
#15168 = EDGE_CURVE('',#10277,#10758,#15169,.T.);
#15169 = LINE('',#15170,#15171);
#15170 = CARTESIAN_POINT('',(-21.60000038147,15.508845329285,-0.5));
#15171 = VECTOR('',#15172,1.);
#15172 = DIRECTION('',(0.,0.,1.));
#15173 = ORIENTED_EDGE('',*,*,#10757,.F.);
#15174 = PLANE('',#15175);
#15175 = AXIS2_PLACEMENT_3D('',#15176,#15177,#15178);
#15176 = CARTESIAN_POINT('',(-21.51606273651,15.551613807678,0.75));
#15177 = DIRECTION('',(-0.453991444573,0.891006042771,0.));
#15178 = DIRECTION('',(0.891006042771,0.453991444573,0.));
#15179 = ADVANCED_FACE('',(#15180),#15191,.T.);
#15180 = FACE_BOUND('',#15181,.T.);
#15181 = EDGE_LOOP('',(#15182,#15183,#15184,#15190));
#15182 = ORIENTED_EDGE('',*,*,#15168,.F.);
#15183 = ORIENTED_EDGE('',*,*,#14114,.F.);
#15184 = ORIENTED_EDGE('',*,*,#15185,.T.);
#15185 = EDGE_CURVE('',#10268,#10766,#15186,.T.);
#15186 = LINE('',#15187,#15188);
#15187 = CARTESIAN_POINT('',(-21.7580127716,15.406230926514,-0.5));
#15188 = VECTOR('',#15189,1.);
#15189 = DIRECTION('',(0.,0.,1.));
#15190 = ORIENTED_EDGE('',*,*,#10765,.F.);
#15191 = PLANE('',#15192);
#15192 = AXIS2_PLACEMENT_3D('',#15193,#15194,#15195);
#15193 = CARTESIAN_POINT('',(-21.67900657653,15.457538127899,0.75));
#15194 = DIRECTION('',(-0.544638873729,0.838670672686,0.));
#15195 = DIRECTION('',(0.838670672686,0.544638873729,0.));
#15196 = ADVANCED_FACE('',(#15197),#15208,.T.);
#15197 = FACE_BOUND('',#15198,.T.);
#15198 = EDGE_LOOP('',(#15199,#15200,#15201,#15207));
#15199 = ORIENTED_EDGE('',*,*,#15185,.F.);
#15200 = ORIENTED_EDGE('',*,*,#14129,.F.);
#15201 = ORIENTED_EDGE('',*,*,#15202,.T.);
#15202 = EDGE_CURVE('',#10259,#10774,#15203,.T.);
#15203 = LINE('',#15204,#15205);
#15204 = CARTESIAN_POINT('',(-21.9044342041,15.287660598755,-0.5));
#15205 = VECTOR('',#15206,1.);
#15206 = DIRECTION('',(0.,0.,1.));
#15207 = ORIENTED_EDGE('',*,*,#10773,.F.);
#15208 = PLANE('',#15209);
#15209 = AXIS2_PLACEMENT_3D('',#15210,#15211,#15212);
#15210 = CARTESIAN_POINT('',(-21.83122348785,15.346945762634,0.75));
#15211 = DIRECTION('',(-0.629322281061,0.777144430953,0.));
#15212 = DIRECTION('',(0.777144430953,0.629322281061,0.));
#15213 = ADVANCED_FACE('',(#15214),#15225,.T.);
#15214 = FACE_BOUND('',#15215,.T.);
#15215 = EDGE_LOOP('',(#15216,#15217,#15218,#15219));
#15216 = ORIENTED_EDGE('',*,*,#10781,.F.);
#15217 = ORIENTED_EDGE('',*,*,#15202,.F.);
#15218 = ORIENTED_EDGE('',*,*,#14144,.F.);
#15219 = ORIENTED_EDGE('',*,*,#15220,.T.);
#15220 = EDGE_CURVE('',#10250,#10782,#15221,.T.);
#15221 = LINE('',#15222,#15223);
#15222 = CARTESIAN_POINT('',(-22.03766059875,15.154435157776,-0.5));
#15223 = VECTOR('',#15224,1.);
#15224 = DIRECTION('',(0.,0.,1.));
#15225 = PLANE('',#15226);
#15226 = AXIS2_PLACEMENT_3D('',#15227,#15228,#15229);
#15227 = CARTESIAN_POINT('',(-21.97104740142,15.221047878265,0.75));
#15228 = DIRECTION('',(-0.707104250332,0.707109312032,0.));
#15229 = DIRECTION('',(0.707109312032,0.707104250332,0.));
#15230 = ADVANCED_FACE('',(#15231),#15242,.T.);
#15231 = FACE_BOUND('',#15232,.T.);
#15232 = EDGE_LOOP('',(#15233,#15234,#15235,#15241));
#15233 = ORIENTED_EDGE('',*,*,#15220,.F.);
#15234 = ORIENTED_EDGE('',*,*,#14159,.F.);
#15235 = ORIENTED_EDGE('',*,*,#15236,.T.);
#15236 = EDGE_CURVE('',#10241,#10790,#15237,.T.);
#15237 = LINE('',#15238,#15239);
#15238 = CARTESIAN_POINT('',(-22.15623092651,15.008013725281,-0.5));
#15239 = VECTOR('',#15240,1.);
#15240 = DIRECTION('',(0.,0.,1.));
#15241 = ORIENTED_EDGE('',*,*,#10789,.F.);
#15242 = PLANE('',#15243);
#15243 = AXIS2_PLACEMENT_3D('',#15244,#15245,#15246);
#15244 = CARTESIAN_POINT('',(-22.09694576263,15.081224441528,0.75));
#15245 = DIRECTION('',(-0.777144430953,0.629322281061,0.));
#15246 = DIRECTION('',(-0.629322281061,-0.777144430953,0.));
#15247 = ADVANCED_FACE('',(#15248),#15259,.T.);
#15248 = FACE_BOUND('',#15249,.T.);
#15249 = EDGE_LOOP('',(#15250,#15251,#15252,#15258));
#15250 = ORIENTED_EDGE('',*,*,#15236,.F.);
#15251 = ORIENTED_EDGE('',*,*,#14174,.F.);
#15252 = ORIENTED_EDGE('',*,*,#15253,.T.);
#15253 = EDGE_CURVE('',#10232,#10798,#15254,.T.);
#15254 = LINE('',#15255,#15256);
#15255 = CARTESIAN_POINT('',(-22.25884628295,14.85000038147,-0.5));
#15256 = VECTOR('',#15257,1.);
#15257 = DIRECTION('',(0.,0.,1.));
#15258 = ORIENTED_EDGE('',*,*,#10797,.F.);
#15259 = PLANE('',#15260);
#15260 = AXIS2_PLACEMENT_3D('',#15261,#15262,#15263);
#15261 = CARTESIAN_POINT('',(-22.20753860473,14.929007053375,0.75));
#15262 = DIRECTION('',(-0.838669862097,0.544640121925,0.));
#15263 = DIRECTION('',(-0.544640121925,-0.838669862097,0.));
#15264 = ADVANCED_FACE('',(#15265),#15276,.T.);
#15265 = FACE_BOUND('',#15266,.T.);
#15266 = EDGE_LOOP('',(#15267,#15268,#15269,#15275));
#15267 = ORIENTED_EDGE('',*,*,#15253,.F.);
#15268 = ORIENTED_EDGE('',*,*,#14189,.F.);
#15269 = ORIENTED_EDGE('',*,*,#15270,.T.);
#15270 = EDGE_CURVE('',#10223,#10806,#15271,.T.);
#15271 = LINE('',#15272,#15273);
#15272 = CARTESIAN_POINT('',(-22.34438133239,14.682126045227,-0.5));
#15273 = VECTOR('',#15274,1.);
#15274 = DIRECTION('',(0.,0.,1.));
#15275 = ORIENTED_EDGE('',*,*,#10805,.F.);
#15276 = PLANE('',#15277);
#15277 = AXIS2_PLACEMENT_3D('',#15278,#15279,#15280);
#15278 = CARTESIAN_POINT('',(-22.30161380767,14.766063213348,0.75));
#15279 = DIRECTION('',(-0.891009094511,0.453985455162,0.));
#15280 = DIRECTION('',(-0.453985455162,-0.891009094511,0.));
#15281 = ADVANCED_FACE('',(#15282),#15293,.T.);
#15282 = FACE_BOUND('',#15283,.T.);
#15283 = EDGE_LOOP('',(#15284,#15285,#15286,#15292));
#15284 = ORIENTED_EDGE('',*,*,#15270,.F.);
#15285 = ORIENTED_EDGE('',*,*,#14204,.F.);
#15286 = ORIENTED_EDGE('',*,*,#15287,.T.);
#15287 = EDGE_CURVE('',#10214,#10814,#15288,.T.);
#15288 = LINE('',#15289,#15290);
#15289 = CARTESIAN_POINT('',(-22.41190147399,14.506230354309,-0.5));
#15290 = VECTOR('',#15291,1.);
#15291 = DIRECTION('',(0.,0.,1.));
#15292 = ORIENTED_EDGE('',*,*,#10813,.F.);
#15293 = PLANE('',#15294);
#15294 = AXIS2_PLACEMENT_3D('',#15295,#15296,#15297);
#15295 = CARTESIAN_POINT('',(-22.37814140319,14.594178199768,0.75));
#15296 = DIRECTION('',(-0.933580227721,0.358368467375,0.));
#15297 = DIRECTION('',(-0.358368467375,-0.933580227721,0.));
#15298 = ADVANCED_FACE('',(#15299),#15305,.T.);
#15299 = FACE_BOUND('',#15300,.T.);
#15300 = EDGE_LOOP('',(#15301,#15302,#15303,#15304));
#15301 = ORIENTED_EDGE('',*,*,#15287,.F.);
#15302 = ORIENTED_EDGE('',*,*,#14219,.F.);
#15303 = ORIENTED_EDGE('',*,*,#14259,.T.);
#15304 = ORIENTED_EDGE('',*,*,#10821,.F.);
#15305 = PLANE('',#15306);
#15306 = AXIS2_PLACEMENT_3D('',#15307,#15308,#15309);
#15307 = CARTESIAN_POINT('',(-22.43628311157,14.415235519409,0.75));
#15308 = DIRECTION('',(-0.965926768257,0.258815529605,0.));
#15309 = DIRECTION('',(-0.258815529605,-0.965926768257,0.));
#15310 = ADVANCED_FACE('',(#15311),#15321,.T.);
#15311 = FACE_BOUND('',#15312,.T.);
#15312 = EDGE_LOOP('',(#15313,#15319,#15320));
#15313 = ORIENTED_EDGE('',*,*,#15314,.F.);
#15314 = EDGE_CURVE('',#10840,#5265,#15315,.T.);
#15315 = LINE('',#15316,#15317);
#15316 = CARTESIAN_POINT('',(-21.48982238769,13.892314910889,2.));
#15317 = VECTOR('',#15318,1.);
#15318 = DIRECTION('',(-3.787684560308E-03,-4.193208445614E-02,
    0.999113283737));
#15319 = ORIENTED_EDGE('',*,*,#10839,.F.);
#15320 = ORIENTED_EDGE('',*,*,#11748,.F.);
#15321 = PLANE('',#15322);
#15322 = AXIS2_PLACEMENT_3D('',#15323,#15324,#15325);
#15323 = CARTESIAN_POINT('',(-21.49704378759,13.804756138784,
    3.215336864062));
#15324 = DIRECTION('',(-0.997452279505,7.133252959817E-02,
    -7.876113309206E-04));
#15325 = DIRECTION('',(-7.13325517231E-02,-0.997452588881,
    2.03287907341E-20));
#15326 = ADVANCED_FACE('',(#15327),#15342,.T.);
#15327 = FACE_BOUND('',#15328,.T.);
#15328 = EDGE_LOOP('',(#15329,#15335,#15336));
#15329 = ORIENTED_EDGE('',*,*,#15330,.F.);
#15330 = EDGE_CURVE('',#10848,#5242,#15331,.T.);
#15331 = LINE('',#15332,#15333);
#15332 = CARTESIAN_POINT('',(-21.45949363708,14.031732559204,2.));
#15333 = VECTOR('',#15334,1.);
#15334 = DIRECTION('',(-9.222114576669E-03,-3.829880070288E-02,
    0.999223775972));
#15335 = ORIENTED_EDGE('',*,*,#10847,.F.);
#15336 = ORIENTED_EDGE('',*,*,#15337,.T.);
#15337 = EDGE_CURVE('',#10840,#5242,#15338,.T.);
#15338 = LINE('',#15339,#15340);
#15339 = CARTESIAN_POINT('',(-21.48982238769,13.892314910889,2.));
#15340 = VECTOR('',#15341,1.);
#15341 = DIRECTION('',(2.901768278386E-03,1.743578273897E-02,
    0.999843774407));
#15342 = PLANE('',#15343);
#15343 = AXIS2_PLACEMENT_3D('',#15344,#15345,#15346);
#15344 = CARTESIAN_POINT('',(-21.47850047524,13.949340035795,
    3.215335750406));
#15345 = DIRECTION('',(-0.977146062074,0.212567200671,
    -8.709601483195E-04));
#15346 = DIRECTION('',(-0.212567281295,-0.977146432692,0.));
#15347 = ADVANCED_FACE('',(#15348),#15363,.T.);
#15348 = FACE_BOUND('',#15349,.T.);
#15349 = EDGE_LOOP('',(#15350,#15356,#15357));
#15350 = ORIENTED_EDGE('',*,*,#15351,.F.);
#15351 = EDGE_CURVE('',#10856,#5219,#15352,.T.);
#15352 = LINE('',#15353,#15354);
#15353 = CARTESIAN_POINT('',(-21.40963172912,14.165414810181,2.));
#15354 = VECTOR('',#15355,1.);
#15355 = DIRECTION('',(-1.369164573436E-02,-3.403126479429E-02,
    0.999326979448));
#15356 = ORIENTED_EDGE('',*,*,#10855,.F.);
#15357 = ORIENTED_EDGE('',*,*,#15358,.T.);
#15358 = EDGE_CURVE('',#10848,#5219,#15359,.T.);
#15359 = LINE('',#15360,#15361);
#15360 = CARTESIAN_POINT('',(-21.45949363708,14.031732559204,2.));
#15361 = VECTOR('',#15362,1.);
#15362 = DIRECTION('',(6.242597931861E-03,1.941467789109E-02,
    0.999792028501));
#15363 = PLANE('',#15364);
#15364 = AXIS2_PLACEMENT_3D('',#15365,#15366,#15367);
#15365 = CARTESIAN_POINT('',(-21.43909122159,14.08968774676,
    3.215334848074));
#15366 = DIRECTION('',(-0.93694700532,0.349470217627,-9.360629445072E-04
    ));
#15367 = DIRECTION('',(-0.349470370733,-0.936947415803,0.));
#15368 = ADVANCED_FACE('',(#15369),#15384,.T.);
#15369 = FACE_BOUND('',#15370,.T.);
#15370 = EDGE_LOOP('',(#15371,#15377,#15378));
#15371 = ORIENTED_EDGE('',*,*,#15372,.F.);
#15372 = EDGE_CURVE('',#10864,#5196,#15373,.T.);
#15373 = LINE('',#15374,#15375);
#15374 = CARTESIAN_POINT('',(-21.34125328064,14.290640830994,2.));
#15375 = VECTOR('',#15376,1.);
#15376 = DIRECTION('',(-1.713488034632E-02,-2.933181635645E-02,
    0.999422853663));
#15377 = ORIENTED_EDGE('',*,*,#10863,.F.);
#15378 = ORIENTED_EDGE('',*,*,#15379,.T.);
#15379 = EDGE_CURVE('',#10856,#5196,#15380,.T.);
#15380 = LINE('',#15381,#15382);
#15381 = CARTESIAN_POINT('',(-21.40963172912,14.165414810181,2.));
#15382 = VECTOR('',#15383,1.);
#15383 = DIRECTION('',(1.020387793803E-02,2.073611358665E-02,
    0.999732911566));
#15384 = PLANE('',#15385);
#15385 = AXIS2_PLACEMENT_3D('',#15386,#15387,#15388);
#15386 = CARTESIAN_POINT('',(-21.37965602567,14.222802288959,
    3.215334215425));
#15387 = DIRECTION('',(-0.877678955817,0.479248041886,
    -9.822752531646E-04));
#15388 = DIRECTION('',(-0.479248273091,-0.877679379238,0.));
#15389 = ADVANCED_FACE('',(#15390),#15405,.T.);
#15390 = FACE_BOUND('',#15391,.T.);
#15391 = EDGE_LOOP('',(#15392,#15398,#15399));
#15392 = ORIENTED_EDGE('',*,*,#15393,.F.);
#15393 = EDGE_CURVE('',#10872,#5173,#15394,.T.);
#15394 = LINE('',#15395,#15396);
#15395 = CARTESIAN_POINT('',(-21.25574874877,14.404860496521,2.));
#15396 = VECTOR('',#15397,1.);
#15397 = DIRECTION('',(-1.953009506427E-02,-2.440403995526E-02,
    0.99951138974));
#15398 = ORIENTED_EDGE('',*,*,#10871,.F.);
#15399 = ORIENTED_EDGE('',*,*,#15400,.T.);
#15400 = EDGE_CURVE('',#10864,#5173,#15401,.T.);
#15401 = LINE('',#15402,#15403);
#15402 = CARTESIAN_POINT('',(-21.34125328064,14.290640830994,2.));
#15403 = VECTOR('',#15404,1.);
#15404 = DIRECTION('',(1.465727955832E-02,2.126480070794E-02,
    0.999666430569));
#15405 = PLANE('',#15406);
#15406 = AXIS2_PLACEMENT_3D('',#15407,#15408,#15409);
#15407 = CARTESIAN_POINT('',(-21.30146328128,14.345842267371,
    3.21533385254));
#15408 = DIRECTION('',(-0.800538272778,0.599280780014,
    -1.010210069058E-03));
#15409 = DIRECTION('',(-0.599281085804,-0.800538681262,
    1.084202172486E-19));
#15410 = ADVANCED_FACE('',(#15411),#15426,.T.);
#15411 = FACE_BOUND('',#15412,.T.);
#15412 = EDGE_LOOP('',(#15413,#15419,#15420));
#15413 = ORIENTED_EDGE('',*,*,#15414,.F.);
#15414 = EDGE_CURVE('',#10880,#5150,#15415,.T.);
#15415 = LINE('',#15416,#15417);
#15416 = CARTESIAN_POINT('',(-21.15486145019,14.505749702454,2.));
#15417 = VECTOR('',#15418,1.);
#15418 = DIRECTION('',(-2.088992315436E-02,-1.94493176915E-02,
    0.999592584582));
#15419 = ORIENTED_EDGE('',*,*,#10879,.F.);
#15420 = ORIENTED_EDGE('',*,*,#15421,.T.);
#15421 = EDGE_CURVE('',#10872,#5150,#15422,.T.);
#15422 = LINE('',#15423,#15424);
#15423 = CARTESIAN_POINT('',(-21.25574874877,14.404860496521,2.));
#15424 = VECTOR('',#15425,1.);
#15425 = DIRECTION('',(1.944855535135E-02,2.08899234642E-02,
    0.999592599409));
#15426 = PLANE('',#15427);
#15427 = AXIS2_PLACEMENT_3D('',#15428,#15429,#15430);
#15428 = CARTESIAN_POINT('',(-21.20618132808,14.456180864839,
    3.215333958391));
#15429 = DIRECTION('',(-0.70711309791,0.707099729669,-1.019346292264E-03
    ));
#15430 = DIRECTION('',(-0.707100097031,-0.707113465279,
    1.084202172486E-19));
#15431 = ADVANCED_FACE('',(#15432),#15447,.T.);
#15432 = FACE_BOUND('',#15433,.T.);
#15433 = EDGE_LOOP('',(#15434,#15440,#15441));
#15434 = ORIENTED_EDGE('',*,*,#15435,.F.);
#15435 = EDGE_CURVE('',#10888,#5127,#15436,.T.);
#15436 = LINE('',#15437,#15438);
#15437 = CARTESIAN_POINT('',(-21.04063987731,14.59125328064,2.));
#15438 = VECTOR('',#15439,1.);
#15439 = DIRECTION('',(-2.126518187798E-02,-1.465727943946E-02,
    0.999666422463));
#15440 = ORIENTED_EDGE('',*,*,#10887,.F.);
#15441 = ORIENTED_EDGE('',*,*,#15442,.T.);
#15442 = EDGE_CURVE('',#10880,#5127,#15443,.T.);
#15443 = LINE('',#15444,#15445);
#15444 = CARTESIAN_POINT('',(-21.15486145019,14.505749702454,2.));
#15445 = VECTOR('',#15446,1.);
#15446 = DIRECTION('',(2.440442119325E-02,1.952971374464E-02,
    0.999511387883));
#15447 = PLANE('',#15448);
#15448 = AXIS2_PLACEMENT_3D('',#15449,#15450,#15451);
#15449 = CARTESIAN_POINT('',(-21.09584226767,14.551463525852,
    3.215333627015));
#15450 = DIRECTION('',(-0.599270083193,0.800546280424,
    -1.010093721304E-03));
#15451 = DIRECTION('',(0.800546688819,0.599270388907,0.));
#15452 = ADVANCED_FACE('',(#15453),#15468,.T.);
#15453 = FACE_BOUND('',#15454,.T.);
#15454 = EDGE_LOOP('',(#15455,#15461,#15462));
#15455 = ORIENTED_EDGE('',*,*,#15456,.F.);
#15456 = EDGE_CURVE('',#10896,#5104,#15457,.T.);
#15457 = LINE('',#15458,#15459);
#15458 = CARTESIAN_POINT('',(-20.91541481018,14.659631729126,2.));
#15459 = VECTOR('',#15460,1.);
#15460 = DIRECTION('',(-2.073573238279E-02,-1.020387801872E-02,
    0.999732919472));
#15461 = ORIENTED_EDGE('',*,*,#10895,.F.);
#15462 = ORIENTED_EDGE('',*,*,#15463,.T.);
#15463 = EDGE_CURVE('',#10888,#5104,#15464,.T.);
#15464 = LINE('',#15465,#15466);
#15465 = CARTESIAN_POINT('',(-21.04063987731,14.59125328064,2.));
#15466 = VECTOR('',#15467,1.);
#15467 = DIRECTION('',(2.933181635645E-02,1.713488034632E-02,
    0.999422853663));
#15468 = PLANE('',#15469);
#15469 = AXIS2_PLACEMENT_3D('',#15470,#15471,#15472);
#15470 = CARTESIAN_POINT('',(-20.97280157955,14.62965602629,
    3.215334413018));
#15471 = DIRECTION('',(-0.479250853449,0.877677420706,
    -9.821664181881E-04));
#15472 = DIRECTION('',(0.877677844033,0.479251084604,-5.421010862428E-20
    ));
#15473 = ADVANCED_FACE('',(#15474),#15489,.T.);
#15474 = FACE_BOUND('',#15475,.T.);
#15475 = EDGE_LOOP('',(#15476,#15482,#15483));
#15476 = ORIENTED_EDGE('',*,*,#15477,.F.);
#15477 = EDGE_CURVE('',#10904,#5081,#15478,.T.);
#15478 = LINE('',#15479,#15480);
#15479 = CARTESIAN_POINT('',(-20.7817325592,14.709492683411,2.));
#15480 = VECTOR('',#15481,1.);
#15481 = DIRECTION('',(-1.941429664445E-02,-6.242597978085E-03,
    0.999792035904));
#15482 = ORIENTED_EDGE('',*,*,#10903,.F.);
#15483 = ORIENTED_EDGE('',*,*,#15484,.T.);
#15484 = EDGE_CURVE('',#10896,#5081,#15485,.T.);
#15485 = LINE('',#15486,#15487);
#15486 = CARTESIAN_POINT('',(-20.91541481018,14.659631729126,2.));
#15487 = VECTOR('',#15488,1.);
#15488 = DIRECTION('',(3.40316457434E-02,1.369126441521E-02,0.9993269717
    ));
#15489 = PLANE('',#15490);
#15490 = AXIS2_PLACEMENT_3D('',#15491,#15492,#15493);
#15491 = CARTESIAN_POINT('',(-20.83968728281,14.68909051321,
    3.215334926808));
#15492 = DIRECTION('',(-0.34946434994,0.936949194138,-9.35802024715E-04)
  );
#15493 = DIRECTION('',(0.936949604393,0.349464502957,0.));
#15494 = ADVANCED_FACE('',(#15495),#15510,.T.);
#15495 = FACE_BOUND('',#15496,.T.);
#15496 = EDGE_LOOP('',(#15497,#15503,#15504));
#15497 = ORIENTED_EDGE('',*,*,#15498,.F.);
#15498 = EDGE_CURVE('',#10912,#5058,#15499,.T.);
#15499 = LINE('',#15500,#15501);
#15500 = CARTESIAN_POINT('',(-20.64231491088,14.739821434021,2.));
#15501 = VECTOR('',#15502,1.);
#15502 = DIRECTION('',(-1.743578275827E-02,-2.901386871465E-03,
    0.999843775514));
#15503 = ORIENTED_EDGE('',*,*,#10911,.F.);
#15504 = ORIENTED_EDGE('',*,*,#15505,.T.);
#15505 = EDGE_CURVE('',#10904,#5058,#15506,.T.);
#15506 = LINE('',#15507,#15508);
#15507 = CARTESIAN_POINT('',(-20.7817325592,14.709492683411,2.));
#15508 = VECTOR('',#15509,1.);
#15509 = DIRECTION('',(3.829880056824E-02,9.22249571787E-03,
    0.999223772459));
#15510 = PLANE('',#15511);
#15511 = AXIS2_PLACEMENT_3D('',#15512,#15513,#15514);
#15512 = CARTESIAN_POINT('',(-20.69934003587,14.72849998517,
    3.215335750447));
#15513 = DIRECTION('',(-0.212567200602,0.977146061757,
    -8.713328996777E-04));
#15514 = DIRECTION('',(0.977146432692,0.212567281295,2.710505431214E-20)
  );
#15515 = ADVANCED_FACE('',(#15516),#15526,.T.);
#15516 = FACE_BOUND('',#15517,.T.);
#15517 = EDGE_LOOP('',(#15518,#15519,#15520));
#15518 = ORIENTED_EDGE('',*,*,#11572,.F.);
#15519 = ORIENTED_EDGE('',*,*,#10919,.F.);
#15520 = ORIENTED_EDGE('',*,*,#15521,.T.);
#15521 = EDGE_CURVE('',#10912,#5035,#15522,.T.);
#15522 = LINE('',#15523,#15524);
#15523 = CARTESIAN_POINT('',(-20.64231491088,14.739821434021,2.));
#15524 = VECTOR('',#15525,1.);
#15525 = DIRECTION('',(4.193208433506E-02,3.788446812311E-03,
    0.999113280852));
#15526 = PLANE('',#15527);
#15527 = AXIS2_PLACEMENT_3D('',#15528,#15529,#15530);
#15528 = CARTESIAN_POINT('',(-20.55475613905,14.747044006054,
    3.215336848039));
#15529 = DIRECTION('',(-7.13391796382E-02,0.997451803528,
    -7.880914242817E-04));
#15530 = DIRECTION('',(0.99745211328,7.133920179217E-02,
    6.776263578034E-21));
#15531 = ADVANCED_FACE('',(#15532),#15542,.T.);
#15532 = FACE_BOUND('',#15533,.T.);
#15533 = EDGE_LOOP('',(#15534,#15540,#15541));
#15534 = ORIENTED_EDGE('',*,*,#15535,.F.);
#15535 = EDGE_CURVE('',#10927,#4981,#15536,.T.);
#15536 = LINE('',#15537,#15538);
#15537 = CARTESIAN_POINT('',(20.642314910889,14.739821434021,2.));
#15538 = VECTOR('',#15539,1.);
#15539 = DIRECTION('',(-4.193208433506E-02,3.788446812311E-03,
    0.999113280852));
#15540 = ORIENTED_EDGE('',*,*,#10926,.F.);
#15541 = ORIENTED_EDGE('',*,*,#11556,.F.);
#15542 = PLANE('',#15543);
#15543 = AXIS2_PLACEMENT_3D('',#15544,#15545,#15546);
#15544 = CARTESIAN_POINT('',(20.554756139052,14.747044006054,
    3.215336848039));
#15545 = DIRECTION('',(7.13391796382E-02,0.997451803528,
    -7.880914242817E-04));
#15546 = DIRECTION('',(0.99745211328,-7.133920179217E-02,
    -1.355252715607E-20));
#15547 = ADVANCED_FACE('',(#15548),#15563,.T.);
#15548 = FACE_BOUND('',#15549,.T.);
#15549 = EDGE_LOOP('',(#15550,#15556,#15557));
#15550 = ORIENTED_EDGE('',*,*,#15551,.F.);
#15551 = EDGE_CURVE('',#10935,#6162,#15552,.T.);
#15552 = LINE('',#15553,#15554);
#15553 = CARTESIAN_POINT('',(20.781732559204,14.709492683411,2.));
#15554 = VECTOR('',#15555,1.);
#15555 = DIRECTION('',(-3.829880056824E-02,9.22249571787E-03,
    0.999223772459));
#15556 = ORIENTED_EDGE('',*,*,#10934,.F.);
#15557 = ORIENTED_EDGE('',*,*,#15558,.T.);
#15558 = EDGE_CURVE('',#10927,#6162,#15559,.T.);
#15559 = LINE('',#15560,#15561);
#15560 = CARTESIAN_POINT('',(20.642314910889,14.739821434021,2.));
#15561 = VECTOR('',#15562,1.);
#15562 = DIRECTION('',(1.743578275827E-02,-2.901386871465E-03,
    0.999843775514));
#15563 = PLANE('',#15564);
#15564 = AXIS2_PLACEMENT_3D('',#15565,#15566,#15567);
#15565 = CARTESIAN_POINT('',(20.699340035873,14.72849998517,
    3.215335750447));
#15566 = DIRECTION('',(0.212567200602,0.977146061757,-8.713328996777E-04
    ));
#15567 = DIRECTION('',(0.977146432692,-0.212567281295,0.));
#15568 = ADVANCED_FACE('',(#15569),#15584,.T.);
#15569 = FACE_BOUND('',#15570,.T.);
#15570 = EDGE_LOOP('',(#15571,#15577,#15578));
#15571 = ORIENTED_EDGE('',*,*,#15572,.F.);
#15572 = EDGE_CURVE('',#10943,#6139,#15573,.T.);
#15573 = LINE('',#15574,#15575);
#15574 = CARTESIAN_POINT('',(20.915414810181,14.659631729126,2.));
#15575 = VECTOR('',#15576,1.);
#15576 = DIRECTION('',(-3.40316457434E-02,1.369126441521E-02,
    0.9993269717));
#15577 = ORIENTED_EDGE('',*,*,#10942,.F.);
#15578 = ORIENTED_EDGE('',*,*,#15579,.T.);
#15579 = EDGE_CURVE('',#10935,#6139,#15580,.T.);
#15580 = LINE('',#15581,#15582);
#15581 = CARTESIAN_POINT('',(20.781732559204,14.709492683411,2.));
#15582 = VECTOR('',#15583,1.);
#15583 = DIRECTION('',(1.941429664445E-02,-6.242597978085E-03,
    0.999792035904));
#15584 = PLANE('',#15585);
#15585 = AXIS2_PLACEMENT_3D('',#15586,#15587,#15588);
#15586 = CARTESIAN_POINT('',(20.839687282817,14.68909051321,
    3.215334926808));
#15587 = DIRECTION('',(0.34946434994,0.936949194138,-9.35802024715E-04)
  );
#15588 = DIRECTION('',(0.936949604393,-0.349464502957,0.));
#15589 = ADVANCED_FACE('',(#15590),#15605,.T.);
#15590 = FACE_BOUND('',#15591,.T.);
#15591 = EDGE_LOOP('',(#15592,#15598,#15599));
#15592 = ORIENTED_EDGE('',*,*,#15593,.F.);
#15593 = EDGE_CURVE('',#10951,#6116,#15594,.T.);
#15594 = LINE('',#15595,#15596);
#15595 = CARTESIAN_POINT('',(21.040639877319,14.59125328064,2.));
#15596 = VECTOR('',#15597,1.);
#15597 = DIRECTION('',(-2.933181635645E-02,1.713488034632E-02,
    0.999422853663));
#15598 = ORIENTED_EDGE('',*,*,#10950,.F.);
#15599 = ORIENTED_EDGE('',*,*,#15600,.T.);
#15600 = EDGE_CURVE('',#10943,#6116,#15601,.T.);
#15601 = LINE('',#15602,#15603);
#15602 = CARTESIAN_POINT('',(20.915414810181,14.659631729126,2.));
#15603 = VECTOR('',#15604,1.);
#15604 = DIRECTION('',(2.073573238279E-02,-1.020387801872E-02,
    0.999732919472));
#15605 = PLANE('',#15606);
#15606 = AXIS2_PLACEMENT_3D('',#15607,#15608,#15609);
#15607 = CARTESIAN_POINT('',(20.97280157955,14.62965602629,
    3.215334413018));
#15608 = DIRECTION('',(0.479250853449,0.877677420706,-9.821664181881E-04
    ));
#15609 = DIRECTION('',(0.877677844033,-0.479251084604,5.421010862428E-20
    ));
#15610 = ADVANCED_FACE('',(#15611),#15626,.T.);
#15611 = FACE_BOUND('',#15612,.T.);
#15612 = EDGE_LOOP('',(#15613,#15619,#15620));
#15613 = ORIENTED_EDGE('',*,*,#15614,.F.);
#15614 = EDGE_CURVE('',#10959,#6093,#15615,.T.);
#15615 = LINE('',#15616,#15617);
#15616 = CARTESIAN_POINT('',(21.154861450195,14.505749702454,2.));
#15617 = VECTOR('',#15618,1.);
#15618 = DIRECTION('',(-2.440442119325E-02,1.952971374464E-02,
    0.999511387883));
#15619 = ORIENTED_EDGE('',*,*,#10958,.F.);
#15620 = ORIENTED_EDGE('',*,*,#15621,.T.);
#15621 = EDGE_CURVE('',#10951,#6093,#15622,.T.);
#15622 = LINE('',#15623,#15624);
#15623 = CARTESIAN_POINT('',(21.040639877319,14.59125328064,2.));
#15624 = VECTOR('',#15625,1.);
#15625 = DIRECTION('',(2.126518187798E-02,-1.465727943946E-02,
    0.999666422463));
#15626 = PLANE('',#15627);
#15627 = AXIS2_PLACEMENT_3D('',#15628,#15629,#15630);
#15628 = CARTESIAN_POINT('',(21.095842267674,14.551463525852,
    3.215333627015));
#15629 = DIRECTION('',(0.599270083193,0.800546280424,-1.010093721304E-03
    ));
#15630 = DIRECTION('',(0.800546688819,-0.599270388907,0.));
#15631 = ADVANCED_FACE('',(#15632),#15647,.T.);
#15632 = FACE_BOUND('',#15633,.T.);
#15633 = EDGE_LOOP('',(#15634,#15640,#15641));
#15634 = ORIENTED_EDGE('',*,*,#15635,.F.);
#15635 = EDGE_CURVE('',#10967,#6070,#15636,.T.);
#15636 = LINE('',#15637,#15638);
#15637 = CARTESIAN_POINT('',(21.255748748779,14.404860496521,2.));
#15638 = VECTOR('',#15639,1.);
#15639 = DIRECTION('',(-1.944855535135E-02,2.08899234642E-02,
    0.999592599409));
#15640 = ORIENTED_EDGE('',*,*,#10966,.F.);
#15641 = ORIENTED_EDGE('',*,*,#15642,.T.);
#15642 = EDGE_CURVE('',#10959,#6070,#15643,.T.);
#15643 = LINE('',#15644,#15645);
#15644 = CARTESIAN_POINT('',(21.154861450195,14.505749702454,2.));
#15645 = VECTOR('',#15646,1.);
#15646 = DIRECTION('',(2.088992315436E-02,-1.94493176915E-02,
    0.999592584582));
#15647 = PLANE('',#15648);
#15648 = AXIS2_PLACEMENT_3D('',#15649,#15650,#15651);
#15649 = CARTESIAN_POINT('',(21.206181328089,14.456180864839,
    3.215333958391));
#15650 = DIRECTION('',(0.70711309791,0.707099729669,-1.019346292264E-03)
  );
#15651 = DIRECTION('',(-0.707100097031,0.707113465279,
    -1.084202172486E-19));
#15652 = ADVANCED_FACE('',(#15653),#15668,.T.);
#15653 = FACE_BOUND('',#15654,.T.);
#15654 = EDGE_LOOP('',(#15655,#15661,#15662));
#15655 = ORIENTED_EDGE('',*,*,#15656,.F.);
#15656 = EDGE_CURVE('',#10975,#6047,#15657,.T.);
#15657 = LINE('',#15658,#15659);
#15658 = CARTESIAN_POINT('',(21.34125328064,14.290640830994,2.));
#15659 = VECTOR('',#15660,1.);
#15660 = DIRECTION('',(-1.465727955832E-02,2.126480070794E-02,
    0.999666430569));
#15661 = ORIENTED_EDGE('',*,*,#10974,.F.);
#15662 = ORIENTED_EDGE('',*,*,#15663,.T.);
#15663 = EDGE_CURVE('',#10967,#6047,#15664,.T.);
#15664 = LINE('',#15665,#15666);
#15665 = CARTESIAN_POINT('',(21.255748748779,14.404860496521,2.));
#15666 = VECTOR('',#15667,1.);
#15667 = DIRECTION('',(1.953009506427E-02,-2.440403995526E-02,
    0.99951138974));
#15668 = PLANE('',#15669);
#15669 = AXIS2_PLACEMENT_3D('',#15670,#15671,#15672);
#15670 = CARTESIAN_POINT('',(21.301463281288,14.345842267371,
    3.21533385254));
#15671 = DIRECTION('',(0.800538272778,0.599280780014,-1.010210069058E-03
    ));
#15672 = DIRECTION('',(-0.599281085804,0.800538681262,
    -1.084202172486E-19));
#15673 = ADVANCED_FACE('',(#15674),#15689,.T.);
#15674 = FACE_BOUND('',#15675,.T.);
#15675 = EDGE_LOOP('',(#15676,#15682,#15683));
#15676 = ORIENTED_EDGE('',*,*,#15677,.F.);
#15677 = EDGE_CURVE('',#10983,#6024,#15678,.T.);
#15678 = LINE('',#15679,#15680);
#15679 = CARTESIAN_POINT('',(21.409631729126,14.165414810181,2.));
#15680 = VECTOR('',#15681,1.);
#15681 = DIRECTION('',(-1.020387793803E-02,2.073611358665E-02,
    0.999732911566));
#15682 = ORIENTED_EDGE('',*,*,#10982,.F.);
#15683 = ORIENTED_EDGE('',*,*,#15684,.T.);
#15684 = EDGE_CURVE('',#10975,#6024,#15685,.T.);
#15685 = LINE('',#15686,#15687);
#15686 = CARTESIAN_POINT('',(21.34125328064,14.290640830994,2.));
#15687 = VECTOR('',#15688,1.);
#15688 = DIRECTION('',(1.713488034632E-02,-2.933181635645E-02,
    0.999422853663));
#15689 = PLANE('',#15690);
#15690 = AXIS2_PLACEMENT_3D('',#15691,#15692,#15693);
#15691 = CARTESIAN_POINT('',(21.37965602567,14.222802288959,
    3.215334215425));
#15692 = DIRECTION('',(0.877678955817,0.479248041886,-9.822752531646E-04
    ));
#15693 = DIRECTION('',(-0.479248273091,0.877679379238,0.));
#15694 = ADVANCED_FACE('',(#15695),#15710,.T.);
#15695 = FACE_BOUND('',#15696,.T.);
#15696 = EDGE_LOOP('',(#15697,#15703,#15704));
#15697 = ORIENTED_EDGE('',*,*,#15698,.F.);
#15698 = EDGE_CURVE('',#10991,#6001,#15699,.T.);
#15699 = LINE('',#15700,#15701);
#15700 = CARTESIAN_POINT('',(21.459493637085,14.031732559204,2.));
#15701 = VECTOR('',#15702,1.);
#15702 = DIRECTION('',(-6.242597931861E-03,1.941467789109E-02,
    0.999792028501));
#15703 = ORIENTED_EDGE('',*,*,#10990,.F.);
#15704 = ORIENTED_EDGE('',*,*,#15705,.T.);
#15705 = EDGE_CURVE('',#10983,#6001,#15706,.T.);
#15706 = LINE('',#15707,#15708);
#15707 = CARTESIAN_POINT('',(21.409631729126,14.165414810181,2.));
#15708 = VECTOR('',#15709,1.);
#15709 = DIRECTION('',(1.369164573436E-02,-3.403126479429E-02,
    0.999326979448));
#15710 = PLANE('',#15711);
#15711 = AXIS2_PLACEMENT_3D('',#15712,#15713,#15714);
#15712 = CARTESIAN_POINT('',(21.439091221598,14.08968774676,
    3.215334848074));
#15713 = DIRECTION('',(0.93694700532,0.349470217627,-9.360629445072E-04)
  );
#15714 = DIRECTION('',(-0.349470370733,0.936947415803,0.));
#15715 = ADVANCED_FACE('',(#15716),#15731,.T.);
#15716 = FACE_BOUND('',#15717,.T.);
#15717 = EDGE_LOOP('',(#15718,#15724,#15725));
#15718 = ORIENTED_EDGE('',*,*,#15719,.F.);
#15719 = EDGE_CURVE('',#10999,#5978,#15720,.T.);
#15720 = LINE('',#15721,#15722);
#15721 = CARTESIAN_POINT('',(21.489822387695,13.892314910889,2.));
#15722 = VECTOR('',#15723,1.);
#15723 = DIRECTION('',(-2.901768278386E-03,1.743578273897E-02,
    0.999843774407));
#15724 = ORIENTED_EDGE('',*,*,#10998,.F.);
#15725 = ORIENTED_EDGE('',*,*,#15726,.T.);
#15726 = EDGE_CURVE('',#10991,#5978,#15727,.T.);
#15727 = LINE('',#15728,#15729);
#15728 = CARTESIAN_POINT('',(21.459493637085,14.031732559204,2.));
#15729 = VECTOR('',#15730,1.);
#15730 = DIRECTION('',(9.222114576669E-03,-3.829880070288E-02,
    0.999223775972));
#15731 = PLANE('',#15732);
#15732 = AXIS2_PLACEMENT_3D('',#15733,#15734,#15735);
#15733 = CARTESIAN_POINT('',(21.478500475247,13.949340035795,
    3.215335750406));
#15734 = DIRECTION('',(0.977146062074,0.212567200671,-8.709601483195E-04
    ));
#15735 = DIRECTION('',(-0.212567281295,0.977146432692,0.));
#15736 = ADVANCED_FACE('',(#15737),#15747,.T.);
#15737 = FACE_BOUND('',#15738,.T.);
#15738 = EDGE_LOOP('',(#15739,#15740,#15741));
#15739 = ORIENTED_EDGE('',*,*,#12223,.F.);
#15740 = ORIENTED_EDGE('',*,*,#11006,.F.);
#15741 = ORIENTED_EDGE('',*,*,#15742,.T.);
#15742 = EDGE_CURVE('',#10999,#5955,#15743,.T.);
#15743 = LINE('',#15744,#15745);
#15744 = CARTESIAN_POINT('',(21.489822387695,13.892314910889,2.));
#15745 = VECTOR('',#15746,1.);
#15746 = DIRECTION('',(3.787684560308E-03,-4.193208445614E-02,
    0.999113283737));
#15747 = PLANE('',#15748);
#15748 = AXIS2_PLACEMENT_3D('',#15749,#15750,#15751);
#15749 = CARTESIAN_POINT('',(21.497043787592,13.804756138784,
    3.215336864062));
#15750 = DIRECTION('',(0.997452279505,7.133252959817E-02,
    -7.876113309206E-04));
#15751 = DIRECTION('',(-7.13325517231E-02,0.997452588881,
    -2.03287907341E-20));
#15752 = ADVANCED_FACE('',(#15753),#15763,.T.);
#15753 = FACE_BOUND('',#15754,.T.);
#15754 = EDGE_LOOP('',(#15755,#15761,#15762));
#15755 = ORIENTED_EDGE('',*,*,#15756,.F.);
#15756 = EDGE_CURVE('',#11014,#5867,#15757,.T.);
#15757 = LINE('',#15758,#15759);
#15758 = CARTESIAN_POINT('',(21.489822387695,-13.89231491088,2.));
#15759 = VECTOR('',#15760,1.);
#15760 = DIRECTION('',(3.787684560308E-03,4.193208445614E-02,
    0.999113283737));
#15761 = ORIENTED_EDGE('',*,*,#11013,.F.);
#15762 = ORIENTED_EDGE('',*,*,#12207,.F.);
#15763 = PLANE('',#15764);
#15764 = AXIS2_PLACEMENT_3D('',#15765,#15766,#15767);
#15765 = CARTESIAN_POINT('',(21.497043787592,-13.80475613878,
    3.215336864062));
#15766 = DIRECTION('',(0.997452279505,-7.133252959817E-02,
    -7.876113309206E-04));
#15767 = DIRECTION('',(7.13325517231E-02,0.997452588881,
    2.03287907341E-20));
#15768 = ADVANCED_FACE('',(#15769),#15784,.T.);
#15769 = FACE_BOUND('',#15770,.T.);
#15770 = EDGE_LOOP('',(#15771,#15777,#15778));
#15771 = ORIENTED_EDGE('',*,*,#15772,.F.);
#15772 = EDGE_CURVE('',#11022,#5844,#15773,.T.);
#15773 = LINE('',#15774,#15775);
#15774 = CARTESIAN_POINT('',(21.459493637085,-14.0317325592,2.));
#15775 = VECTOR('',#15776,1.);
#15776 = DIRECTION('',(9.222114576669E-03,3.829880070288E-02,
    0.999223775972));
#15777 = ORIENTED_EDGE('',*,*,#11021,.F.);
#15778 = ORIENTED_EDGE('',*,*,#15779,.T.);
#15779 = EDGE_CURVE('',#11014,#5844,#15780,.T.);
#15780 = LINE('',#15781,#15782);
#15781 = CARTESIAN_POINT('',(21.489822387695,-13.89231491088,2.));
#15782 = VECTOR('',#15783,1.);
#15783 = DIRECTION('',(-2.901768278386E-03,-1.743578273897E-02,
    0.999843774407));
#15784 = PLANE('',#15785);
#15785 = AXIS2_PLACEMENT_3D('',#15786,#15787,#15788);
#15786 = CARTESIAN_POINT('',(21.478500475247,-13.94934003579,
    3.215335750406));
#15787 = DIRECTION('',(0.977146062074,-0.212567200671,
    -8.709601483195E-04));
#15788 = DIRECTION('',(0.212567281295,0.977146432692,0.));
#15789 = ADVANCED_FACE('',(#15790),#15805,.T.);
#15790 = FACE_BOUND('',#15791,.T.);
#15791 = EDGE_LOOP('',(#15792,#15798,#15799));
#15792 = ORIENTED_EDGE('',*,*,#15793,.F.);
#15793 = EDGE_CURVE('',#11030,#5821,#15794,.T.);
#15794 = LINE('',#15795,#15796);
#15795 = CARTESIAN_POINT('',(21.409631729126,-14.16541481018,2.));
#15796 = VECTOR('',#15797,1.);
#15797 = DIRECTION('',(1.369164573436E-02,3.403126479429E-02,
    0.999326979448));
#15798 = ORIENTED_EDGE('',*,*,#11029,.F.);
#15799 = ORIENTED_EDGE('',*,*,#15800,.T.);
#15800 = EDGE_CURVE('',#11022,#5821,#15801,.T.);
#15801 = LINE('',#15802,#15803);
#15802 = CARTESIAN_POINT('',(21.459493637085,-14.0317325592,2.));
#15803 = VECTOR('',#15804,1.);
#15804 = DIRECTION('',(-6.242597931861E-03,-1.941467789109E-02,
    0.999792028501));
#15805 = PLANE('',#15806);
#15806 = AXIS2_PLACEMENT_3D('',#15807,#15808,#15809);
#15807 = CARTESIAN_POINT('',(21.439091221598,-14.08968774676,
    3.215334848074));
#15808 = DIRECTION('',(0.93694700532,-0.349470217627,-9.360629445072E-04
    ));
#15809 = DIRECTION('',(0.349470370733,0.936947415803,0.));
#15810 = ADVANCED_FACE('',(#15811),#15826,.T.);
#15811 = FACE_BOUND('',#15812,.T.);
#15812 = EDGE_LOOP('',(#15813,#15819,#15820));
#15813 = ORIENTED_EDGE('',*,*,#15814,.F.);
#15814 = EDGE_CURVE('',#11038,#5798,#15815,.T.);
#15815 = LINE('',#15816,#15817);
#15816 = CARTESIAN_POINT('',(21.34125328064,-14.29064083099,2.));
#15817 = VECTOR('',#15818,1.);
#15818 = DIRECTION('',(1.713488034632E-02,2.933181635645E-02,
    0.999422853663));
#15819 = ORIENTED_EDGE('',*,*,#11037,.F.);
#15820 = ORIENTED_EDGE('',*,*,#15821,.T.);
#15821 = EDGE_CURVE('',#11030,#5798,#15822,.T.);
#15822 = LINE('',#15823,#15824);
#15823 = CARTESIAN_POINT('',(21.409631729126,-14.16541481018,2.));
#15824 = VECTOR('',#15825,1.);
#15825 = DIRECTION('',(-1.020387793803E-02,-2.073611358665E-02,
    0.999732911566));
#15826 = PLANE('',#15827);
#15827 = AXIS2_PLACEMENT_3D('',#15828,#15829,#15830);
#15828 = CARTESIAN_POINT('',(21.37965602567,-14.22280228895,
    3.215334215425));
#15829 = DIRECTION('',(0.877678955817,-0.479248041886,
    -9.822752531646E-04));
#15830 = DIRECTION('',(0.479248273091,0.877679379238,0.));
#15831 = ADVANCED_FACE('',(#15832),#15847,.T.);
#15832 = FACE_BOUND('',#15833,.T.);
#15833 = EDGE_LOOP('',(#15834,#15840,#15841));
#15834 = ORIENTED_EDGE('',*,*,#15835,.F.);
#15835 = EDGE_CURVE('',#11046,#5775,#15836,.T.);
#15836 = LINE('',#15837,#15838);
#15837 = CARTESIAN_POINT('',(21.255748748779,-14.40486049652,2.));
#15838 = VECTOR('',#15839,1.);
#15839 = DIRECTION('',(1.953009506427E-02,2.440403995526E-02,
    0.99951138974));
#15840 = ORIENTED_EDGE('',*,*,#11045,.F.);
#15841 = ORIENTED_EDGE('',*,*,#15842,.T.);
#15842 = EDGE_CURVE('',#11038,#5775,#15843,.T.);
#15843 = LINE('',#15844,#15845);
#15844 = CARTESIAN_POINT('',(21.34125328064,-14.29064083099,2.));
#15845 = VECTOR('',#15846,1.);
#15846 = DIRECTION('',(-1.465727955832E-02,-2.126480070794E-02,
    0.999666430569));
#15847 = PLANE('',#15848);
#15848 = AXIS2_PLACEMENT_3D('',#15849,#15850,#15851);
#15849 = CARTESIAN_POINT('',(21.301463281288,-14.34584226737,
    3.21533385254));
#15850 = DIRECTION('',(0.800538272778,-0.599280780014,
    -1.010210069058E-03));
#15851 = DIRECTION('',(0.599281085804,0.800538681262,1.084202172486E-19)
  );
#15852 = ADVANCED_FACE('',(#15853),#15868,.T.);
#15853 = FACE_BOUND('',#15854,.T.);
#15854 = EDGE_LOOP('',(#15855,#15861,#15862));
#15855 = ORIENTED_EDGE('',*,*,#15856,.F.);
#15856 = EDGE_CURVE('',#11054,#5752,#15857,.T.);
#15857 = LINE('',#15858,#15859);
#15858 = CARTESIAN_POINT('',(21.154861450195,-14.50574970245,2.));
#15859 = VECTOR('',#15860,1.);
#15860 = DIRECTION('',(2.088992315436E-02,1.94493176915E-02,
    0.999592584582));
#15861 = ORIENTED_EDGE('',*,*,#11053,.F.);
#15862 = ORIENTED_EDGE('',*,*,#15863,.T.);
#15863 = EDGE_CURVE('',#11046,#5752,#15864,.T.);
#15864 = LINE('',#15865,#15866);
#15865 = CARTESIAN_POINT('',(21.255748748779,-14.40486049652,2.));
#15866 = VECTOR('',#15867,1.);
#15867 = DIRECTION('',(-1.944855535135E-02,-2.08899234642E-02,
    0.999592599409));
#15868 = PLANE('',#15869);
#15869 = AXIS2_PLACEMENT_3D('',#15870,#15871,#15872);
#15870 = CARTESIAN_POINT('',(21.206181328089,-14.45618086483,
    3.215333958391));
#15871 = DIRECTION('',(0.70711309791,-0.707099729669,-1.019346292264E-03
    ));
#15872 = DIRECTION('',(0.707100097031,0.707113465279,1.084202172486E-19)
  );
#15873 = ADVANCED_FACE('',(#15874),#15889,.T.);
#15874 = FACE_BOUND('',#15875,.T.);
#15875 = EDGE_LOOP('',(#15876,#15882,#15883));
#15876 = ORIENTED_EDGE('',*,*,#15877,.F.);
#15877 = EDGE_CURVE('',#11062,#5729,#15878,.T.);
#15878 = LINE('',#15879,#15880);
#15879 = CARTESIAN_POINT('',(21.040639877319,-14.59125328064,2.));
#15880 = VECTOR('',#15881,1.);
#15881 = DIRECTION('',(2.126518187798E-02,1.465727943946E-02,
    0.999666422463));
#15882 = ORIENTED_EDGE('',*,*,#11061,.F.);
#15883 = ORIENTED_EDGE('',*,*,#15884,.T.);
#15884 = EDGE_CURVE('',#11054,#5729,#15885,.T.);
#15885 = LINE('',#15886,#15887);
#15886 = CARTESIAN_POINT('',(21.154861450195,-14.50574970245,2.));
#15887 = VECTOR('',#15888,1.);
#15888 = DIRECTION('',(-2.440442119325E-02,-1.952971374464E-02,
    0.999511387883));
#15889 = PLANE('',#15890);
#15890 = AXIS2_PLACEMENT_3D('',#15891,#15892,#15893);
#15891 = CARTESIAN_POINT('',(21.095842267674,-14.55146352585,
    3.215333627015));
#15892 = DIRECTION('',(0.599270083193,-0.800546280424,
    -1.010093721304E-03));
#15893 = DIRECTION('',(-0.800546688819,-0.599270388907,0.));
#15894 = ADVANCED_FACE('',(#15895),#15910,.T.);
#15895 = FACE_BOUND('',#15896,.T.);
#15896 = EDGE_LOOP('',(#15897,#15903,#15904));
#15897 = ORIENTED_EDGE('',*,*,#15898,.F.);
#15898 = EDGE_CURVE('',#11070,#5706,#15899,.T.);
#15899 = LINE('',#15900,#15901);
#15900 = CARTESIAN_POINT('',(20.915414810181,-14.65963172912,2.));
#15901 = VECTOR('',#15902,1.);
#15902 = DIRECTION('',(2.073573238279E-02,1.020387801872E-02,
    0.999732919472));
#15903 = ORIENTED_EDGE('',*,*,#11069,.F.);
#15904 = ORIENTED_EDGE('',*,*,#15905,.T.);
#15905 = EDGE_CURVE('',#11062,#5706,#15906,.T.);
#15906 = LINE('',#15907,#15908);
#15907 = CARTESIAN_POINT('',(21.040639877319,-14.59125328064,2.));
#15908 = VECTOR('',#15909,1.);
#15909 = DIRECTION('',(-2.933181635645E-02,-1.713488034632E-02,
    0.999422853663));
#15910 = PLANE('',#15911);
#15911 = AXIS2_PLACEMENT_3D('',#15912,#15913,#15914);
#15912 = CARTESIAN_POINT('',(20.97280157955,-14.62965602629,
    3.215334413018));
#15913 = DIRECTION('',(0.479250853449,-0.877677420706,
    -9.821664181881E-04));
#15914 = DIRECTION('',(-0.877677844033,-0.479251084604,
    -5.421010862428E-20));
#15915 = ADVANCED_FACE('',(#15916),#15931,.T.);
#15916 = FACE_BOUND('',#15917,.T.);
#15917 = EDGE_LOOP('',(#15918,#15924,#15925));
#15918 = ORIENTED_EDGE('',*,*,#15919,.F.);
#15919 = EDGE_CURVE('',#11078,#5683,#15920,.T.);
#15920 = LINE('',#15921,#15922);
#15921 = CARTESIAN_POINT('',(20.781732559204,-14.70949268341,2.));
#15922 = VECTOR('',#15923,1.);
#15923 = DIRECTION('',(1.941429664445E-02,6.242597978085E-03,
    0.999792035904));
#15924 = ORIENTED_EDGE('',*,*,#11077,.F.);
#15925 = ORIENTED_EDGE('',*,*,#15926,.T.);
#15926 = EDGE_CURVE('',#11070,#5683,#15927,.T.);
#15927 = LINE('',#15928,#15929);
#15928 = CARTESIAN_POINT('',(20.915414810181,-14.65963172912,2.));
#15929 = VECTOR('',#15930,1.);
#15930 = DIRECTION('',(-3.40316457434E-02,-1.369126441521E-02,
    0.9993269717));
#15931 = PLANE('',#15932);
#15932 = AXIS2_PLACEMENT_3D('',#15933,#15934,#15935);
#15933 = CARTESIAN_POINT('',(20.839687282817,-14.68909051321,
    3.215334926808));
#15934 = DIRECTION('',(0.34946434994,-0.936949194138,-9.35802024715E-04)
  );
#15935 = DIRECTION('',(-0.936949604393,-0.349464502957,0.));
#15936 = ADVANCED_FACE('',(#15937),#15952,.T.);
#15937 = FACE_BOUND('',#15938,.T.);
#15938 = EDGE_LOOP('',(#15939,#15945,#15946));
#15939 = ORIENTED_EDGE('',*,*,#15940,.F.);
#15940 = EDGE_CURVE('',#11086,#5660,#15941,.T.);
#15941 = LINE('',#15942,#15943);
#15942 = CARTESIAN_POINT('',(20.642314910889,-14.73982143402,2.));
#15943 = VECTOR('',#15944,1.);
#15944 = DIRECTION('',(1.743578275827E-02,2.901386871465E-03,
    0.999843775514));
#15945 = ORIENTED_EDGE('',*,*,#11085,.F.);
#15946 = ORIENTED_EDGE('',*,*,#15947,.T.);
#15947 = EDGE_CURVE('',#11078,#5660,#15948,.T.);
#15948 = LINE('',#15949,#15950);
#15949 = CARTESIAN_POINT('',(20.781732559204,-14.70949268341,2.));
#15950 = VECTOR('',#15951,1.);
#15951 = DIRECTION('',(-3.829880056824E-02,-9.22249571787E-03,
    0.999223772459));
#15952 = PLANE('',#15953);
#15953 = AXIS2_PLACEMENT_3D('',#15954,#15955,#15956);
#15954 = CARTESIAN_POINT('',(20.699340035873,-14.72849998517,
    3.215335750447));
#15955 = DIRECTION('',(0.212567200602,-0.977146061757,
    -8.713328996777E-04));
#15956 = DIRECTION('',(-0.977146432692,-0.212567281295,
    2.710505431214E-20));
#15957 = ADVANCED_FACE('',(#15958),#15968,.T.);
#15958 = FACE_BOUND('',#15959,.T.);
#15959 = EDGE_LOOP('',(#15960,#15961,#15962));
#15960 = ORIENTED_EDGE('',*,*,#12031,.F.);
#15961 = ORIENTED_EDGE('',*,*,#11093,.F.);
#15962 = ORIENTED_EDGE('',*,*,#15963,.T.);
#15963 = EDGE_CURVE('',#11086,#5637,#15964,.T.);
#15964 = LINE('',#15965,#15966);
#15965 = CARTESIAN_POINT('',(20.642314910889,-14.73982143402,2.));
#15966 = VECTOR('',#15967,1.);
#15967 = DIRECTION('',(-4.193208433506E-02,-3.788446812311E-03,
    0.999113280852));
#15968 = PLANE('',#15969);
#15969 = AXIS2_PLACEMENT_3D('',#15970,#15971,#15972);
#15970 = CARTESIAN_POINT('',(20.554756139052,-14.74704400605,
    3.215336848039));
#15971 = DIRECTION('',(7.13391796382E-02,-0.997451803528,
    -7.880914242817E-04));
#15972 = DIRECTION('',(-0.99745211328,-7.133920179217E-02,
    6.776263578034E-21));
#15973 = ADVANCED_FACE('',(#15974),#15984,.T.);
#15974 = FACE_BOUND('',#15975,.T.);
#15975 = EDGE_LOOP('',(#15976,#15982,#15983));
#15976 = ORIENTED_EDGE('',*,*,#15977,.F.);
#15977 = EDGE_CURVE('',#11101,#5583,#15978,.T.);
#15978 = LINE('',#15979,#15980);
#15979 = CARTESIAN_POINT('',(-20.64231491088,-14.73982143402,2.));
#15980 = VECTOR('',#15981,1.);
#15981 = DIRECTION('',(4.193208433506E-02,-3.788446812311E-03,
    0.999113280852));
#15982 = ORIENTED_EDGE('',*,*,#11100,.F.);
#15983 = ORIENTED_EDGE('',*,*,#12015,.F.);
#15984 = PLANE('',#15985);
#15985 = AXIS2_PLACEMENT_3D('',#15986,#15987,#15988);
#15986 = CARTESIAN_POINT('',(-20.55475613905,-14.74704400605,
    3.215336848039));
#15987 = DIRECTION('',(-7.13391796382E-02,-0.997451803528,
    -7.880914242817E-04));
#15988 = DIRECTION('',(-0.99745211328,7.133920179217E-02,
    -1.355252715607E-20));
#15989 = ADVANCED_FACE('',(#15990),#16005,.T.);
#15990 = FACE_BOUND('',#15991,.T.);
#15991 = EDGE_LOOP('',(#15992,#15998,#15999));
#15992 = ORIENTED_EDGE('',*,*,#15993,.F.);
#15993 = EDGE_CURVE('',#11109,#5560,#15994,.T.);
#15994 = LINE('',#15995,#15996);
#15995 = CARTESIAN_POINT('',(-20.7817325592,-14.70949268341,2.));
#15996 = VECTOR('',#15997,1.);
#15997 = DIRECTION('',(3.829880056824E-02,-9.22249571787E-03,
    0.999223772459));
#15998 = ORIENTED_EDGE('',*,*,#11108,.F.);
#15999 = ORIENTED_EDGE('',*,*,#16000,.T.);
#16000 = EDGE_CURVE('',#11101,#5560,#16001,.T.);
#16001 = LINE('',#16002,#16003);
#16002 = CARTESIAN_POINT('',(-20.64231491088,-14.73982143402,2.));
#16003 = VECTOR('',#16004,1.);
#16004 = DIRECTION('',(-1.743578275827E-02,2.901386871465E-03,
    0.999843775514));
#16005 = PLANE('',#16006);
#16006 = AXIS2_PLACEMENT_3D('',#16007,#16008,#16009);
#16007 = CARTESIAN_POINT('',(-20.69934003587,-14.72849998517,
    3.215335750447));
#16008 = DIRECTION('',(-0.212567200602,-0.977146061757,
    -8.713328996777E-04));
#16009 = DIRECTION('',(-0.977146432692,0.212567281295,0.));
#16010 = ADVANCED_FACE('',(#16011),#16026,.T.);
#16011 = FACE_BOUND('',#16012,.T.);
#16012 = EDGE_LOOP('',(#16013,#16019,#16020));
#16013 = ORIENTED_EDGE('',*,*,#16014,.F.);
#16014 = EDGE_CURVE('',#11117,#5537,#16015,.T.);
#16015 = LINE('',#16016,#16017);
#16016 = CARTESIAN_POINT('',(-20.91541481018,-14.65963172912,2.));
#16017 = VECTOR('',#16018,1.);
#16018 = DIRECTION('',(3.40316457434E-02,-1.369126441521E-02,
    0.9993269717));
#16019 = ORIENTED_EDGE('',*,*,#11116,.F.);
#16020 = ORIENTED_EDGE('',*,*,#16021,.T.);
#16021 = EDGE_CURVE('',#11109,#5537,#16022,.T.);
#16022 = LINE('',#16023,#16024);
#16023 = CARTESIAN_POINT('',(-20.7817325592,-14.70949268341,2.));
#16024 = VECTOR('',#16025,1.);
#16025 = DIRECTION('',(-1.941429664445E-02,6.242597978085E-03,
    0.999792035904));
#16026 = PLANE('',#16027);
#16027 = AXIS2_PLACEMENT_3D('',#16028,#16029,#16030);
#16028 = CARTESIAN_POINT('',(-20.83968728281,-14.68909051321,
    3.215334926808));
#16029 = DIRECTION('',(-0.34946434994,-0.936949194138,-9.35802024715E-04
    ));
#16030 = DIRECTION('',(-0.936949604393,0.349464502957,0.));
#16031 = ADVANCED_FACE('',(#16032),#16047,.T.);
#16032 = FACE_BOUND('',#16033,.T.);
#16033 = EDGE_LOOP('',(#16034,#16040,#16041));
#16034 = ORIENTED_EDGE('',*,*,#16035,.F.);
#16035 = EDGE_CURVE('',#11125,#5514,#16036,.T.);
#16036 = LINE('',#16037,#16038);
#16037 = CARTESIAN_POINT('',(-21.04063987731,-14.59125328064,2.));
#16038 = VECTOR('',#16039,1.);
#16039 = DIRECTION('',(2.933181635645E-02,-1.713488034632E-02,
    0.999422853663));
#16040 = ORIENTED_EDGE('',*,*,#11124,.F.);
#16041 = ORIENTED_EDGE('',*,*,#16042,.T.);
#16042 = EDGE_CURVE('',#11117,#5514,#16043,.T.);
#16043 = LINE('',#16044,#16045);
#16044 = CARTESIAN_POINT('',(-20.91541481018,-14.65963172912,2.));
#16045 = VECTOR('',#16046,1.);
#16046 = DIRECTION('',(-2.073573238279E-02,1.020387801872E-02,
    0.999732919472));
#16047 = PLANE('',#16048);
#16048 = AXIS2_PLACEMENT_3D('',#16049,#16050,#16051);
#16049 = CARTESIAN_POINT('',(-20.97280157955,-14.62965602629,
    3.215334413018));
#16050 = DIRECTION('',(-0.479250853449,-0.877677420706,
    -9.821664181881E-04));
#16051 = DIRECTION('',(-0.877677844033,0.479251084604,5.421010862428E-20
    ));
#16052 = ADVANCED_FACE('',(#16053),#16068,.T.);
#16053 = FACE_BOUND('',#16054,.T.);
#16054 = EDGE_LOOP('',(#16055,#16061,#16062));
#16055 = ORIENTED_EDGE('',*,*,#16056,.F.);
#16056 = EDGE_CURVE('',#11133,#5491,#16057,.T.);
#16057 = LINE('',#16058,#16059);
#16058 = CARTESIAN_POINT('',(-21.15486145019,-14.50574970245,2.));
#16059 = VECTOR('',#16060,1.);
#16060 = DIRECTION('',(2.440442119325E-02,-1.952971374464E-02,
    0.999511387883));
#16061 = ORIENTED_EDGE('',*,*,#11132,.F.);
#16062 = ORIENTED_EDGE('',*,*,#16063,.T.);
#16063 = EDGE_CURVE('',#11125,#5491,#16064,.T.);
#16064 = LINE('',#16065,#16066);
#16065 = CARTESIAN_POINT('',(-21.04063987731,-14.59125328064,2.));
#16066 = VECTOR('',#16067,1.);
#16067 = DIRECTION('',(-2.126518187798E-02,1.465727943946E-02,
    0.999666422463));
#16068 = PLANE('',#16069);
#16069 = AXIS2_PLACEMENT_3D('',#16070,#16071,#16072);
#16070 = CARTESIAN_POINT('',(-21.09584226767,-14.55146352585,
    3.215333627015));
#16071 = DIRECTION('',(-0.599270083193,-0.800546280424,
    -1.010093721304E-03));
#16072 = DIRECTION('',(-0.800546688819,0.599270388907,0.));
#16073 = ADVANCED_FACE('',(#16074),#16089,.T.);
#16074 = FACE_BOUND('',#16075,.T.);
#16075 = EDGE_LOOP('',(#16076,#16082,#16083));
#16076 = ORIENTED_EDGE('',*,*,#16077,.F.);
#16077 = EDGE_CURVE('',#11141,#5468,#16078,.T.);
#16078 = LINE('',#16079,#16080);
#16079 = CARTESIAN_POINT('',(-21.25574874877,-14.40486049652,2.));
#16080 = VECTOR('',#16081,1.);
#16081 = DIRECTION('',(1.944855535135E-02,-2.08899234642E-02,
    0.999592599409));
#16082 = ORIENTED_EDGE('',*,*,#11140,.F.);
#16083 = ORIENTED_EDGE('',*,*,#16084,.T.);
#16084 = EDGE_CURVE('',#11133,#5468,#16085,.T.);
#16085 = LINE('',#16086,#16087);
#16086 = CARTESIAN_POINT('',(-21.15486145019,-14.50574970245,2.));
#16087 = VECTOR('',#16088,1.);
#16088 = DIRECTION('',(-2.088992315436E-02,1.94493176915E-02,
    0.999592584582));
#16089 = PLANE('',#16090);
#16090 = AXIS2_PLACEMENT_3D('',#16091,#16092,#16093);
#16091 = CARTESIAN_POINT('',(-21.20618132808,-14.45618086483,
    3.215333958391));
#16092 = DIRECTION('',(-0.70711309791,-0.707099729669,
    -1.019346292264E-03));
#16093 = DIRECTION('',(0.707100097031,-0.707113465279,
    -1.084202172486E-19));
#16094 = ADVANCED_FACE('',(#16095),#16110,.T.);
#16095 = FACE_BOUND('',#16096,.T.);
#16096 = EDGE_LOOP('',(#16097,#16103,#16104));
#16097 = ORIENTED_EDGE('',*,*,#16098,.F.);
#16098 = EDGE_CURVE('',#11149,#5445,#16099,.T.);
#16099 = LINE('',#16100,#16101);
#16100 = CARTESIAN_POINT('',(-21.34125328064,-14.29064083099,2.));
#16101 = VECTOR('',#16102,1.);
#16102 = DIRECTION('',(1.465727955832E-02,-2.126480070794E-02,
    0.999666430569));
#16103 = ORIENTED_EDGE('',*,*,#11148,.F.);
#16104 = ORIENTED_EDGE('',*,*,#16105,.T.);
#16105 = EDGE_CURVE('',#11141,#5445,#16106,.T.);
#16106 = LINE('',#16107,#16108);
#16107 = CARTESIAN_POINT('',(-21.25574874877,-14.40486049652,2.));
#16108 = VECTOR('',#16109,1.);
#16109 = DIRECTION('',(-1.953009506427E-02,2.440403995526E-02,
    0.99951138974));
#16110 = PLANE('',#16111);
#16111 = AXIS2_PLACEMENT_3D('',#16112,#16113,#16114);
#16112 = CARTESIAN_POINT('',(-21.30146328128,-14.34584226737,
    3.21533385254));
#16113 = DIRECTION('',(-0.800538272778,-0.599280780014,
    -1.010210069058E-03));
#16114 = DIRECTION('',(0.599281085804,-0.800538681262,
    -1.084202172486E-19));
#16115 = ADVANCED_FACE('',(#16116),#16131,.T.);
#16116 = FACE_BOUND('',#16117,.T.);
#16117 = EDGE_LOOP('',(#16118,#16124,#16125));
#16118 = ORIENTED_EDGE('',*,*,#16119,.F.);
#16119 = EDGE_CURVE('',#11157,#5422,#16120,.T.);
#16120 = LINE('',#16121,#16122);
#16121 = CARTESIAN_POINT('',(-21.40963172912,-14.16541481018,2.));
#16122 = VECTOR('',#16123,1.);
#16123 = DIRECTION('',(1.020387793803E-02,-2.073611358665E-02,
    0.999732911566));
#16124 = ORIENTED_EDGE('',*,*,#11156,.F.);
#16125 = ORIENTED_EDGE('',*,*,#16126,.T.);
#16126 = EDGE_CURVE('',#11149,#5422,#16127,.T.);
#16127 = LINE('',#16128,#16129);
#16128 = CARTESIAN_POINT('',(-21.34125328064,-14.29064083099,2.));
#16129 = VECTOR('',#16130,1.);
#16130 = DIRECTION('',(-1.713488034632E-02,2.933181635645E-02,
    0.999422853663));
#16131 = PLANE('',#16132);
#16132 = AXIS2_PLACEMENT_3D('',#16133,#16134,#16135);
#16133 = CARTESIAN_POINT('',(-21.37965602567,-14.22280228895,
    3.215334215425));
#16134 = DIRECTION('',(-0.877678955817,-0.479248041886,
    -9.822752531646E-04));
#16135 = DIRECTION('',(0.479248273091,-0.877679379238,0.));
#16136 = ADVANCED_FACE('',(#16137),#16152,.T.);
#16137 = FACE_BOUND('',#16138,.T.);
#16138 = EDGE_LOOP('',(#16139,#16145,#16146));
#16139 = ORIENTED_EDGE('',*,*,#16140,.F.);
#16140 = EDGE_CURVE('',#11165,#5399,#16141,.T.);
#16141 = LINE('',#16142,#16143);
#16142 = CARTESIAN_POINT('',(-21.45949363708,-14.0317325592,2.));
#16143 = VECTOR('',#16144,1.);
#16144 = DIRECTION('',(6.242597931861E-03,-1.941467789109E-02,
    0.999792028501));
#16145 = ORIENTED_EDGE('',*,*,#11164,.F.);
#16146 = ORIENTED_EDGE('',*,*,#16147,.T.);
#16147 = EDGE_CURVE('',#11157,#5399,#16148,.T.);
#16148 = LINE('',#16149,#16150);
#16149 = CARTESIAN_POINT('',(-21.40963172912,-14.16541481018,2.));
#16150 = VECTOR('',#16151,1.);
#16151 = DIRECTION('',(-1.369164573436E-02,3.403126479429E-02,
    0.999326979448));
#16152 = PLANE('',#16153);
#16153 = AXIS2_PLACEMENT_3D('',#16154,#16155,#16156);
#16154 = CARTESIAN_POINT('',(-21.43909122159,-14.08968774676,
    3.215334848074));
#16155 = DIRECTION('',(-0.93694700532,-0.349470217627,
    -9.360629445072E-04));
#16156 = DIRECTION('',(0.349470370733,-0.936947415803,0.));
#16157 = ADVANCED_FACE('',(#16158),#16173,.T.);
#16158 = FACE_BOUND('',#16159,.T.);
#16159 = EDGE_LOOP('',(#16160,#16166,#16167));
#16160 = ORIENTED_EDGE('',*,*,#16161,.F.);
#16161 = EDGE_CURVE('',#11173,#5376,#16162,.T.);
#16162 = LINE('',#16163,#16164);
#16163 = CARTESIAN_POINT('',(-21.48982238769,-13.89231491088,2.));
#16164 = VECTOR('',#16165,1.);
#16165 = DIRECTION('',(2.901768278386E-03,-1.743578273897E-02,
    0.999843774407));
#16166 = ORIENTED_EDGE('',*,*,#11172,.F.);
#16167 = ORIENTED_EDGE('',*,*,#16168,.T.);
#16168 = EDGE_CURVE('',#11165,#5376,#16169,.T.);
#16169 = LINE('',#16170,#16171);
#16170 = CARTESIAN_POINT('',(-21.45949363708,-14.0317325592,2.));
#16171 = VECTOR('',#16172,1.);
#16172 = DIRECTION('',(-9.222114576669E-03,3.829880070288E-02,
    0.999223775972));
#16173 = PLANE('',#16174);
#16174 = AXIS2_PLACEMENT_3D('',#16175,#16176,#16177);
#16175 = CARTESIAN_POINT('',(-21.47850047524,-13.94934003579,
    3.215335750406));
#16176 = DIRECTION('',(-0.977146062074,-0.212567200671,
    -8.709601483195E-04));
#16177 = DIRECTION('',(0.212567281295,-0.977146432692,0.));
#16178 = ADVANCED_FACE('',(#16179),#16189,.T.);
#16179 = FACE_BOUND('',#16180,.T.);
#16180 = EDGE_LOOP('',(#16181,#16182,#16183));
#16181 = ORIENTED_EDGE('',*,*,#11764,.F.);
#16182 = ORIENTED_EDGE('',*,*,#11180,.F.);
#16183 = ORIENTED_EDGE('',*,*,#16184,.T.);
#16184 = EDGE_CURVE('',#11173,#5353,#16185,.T.);
#16185 = LINE('',#16186,#16187);
#16186 = CARTESIAN_POINT('',(-21.48982238769,-13.89231491088,2.));
#16187 = VECTOR('',#16188,1.);
#16188 = DIRECTION('',(-3.787684560308E-03,4.193208445614E-02,
    0.999113283737));
#16189 = PLANE('',#16190);
#16190 = AXIS2_PLACEMENT_3D('',#16191,#16192,#16193);
#16191 = CARTESIAN_POINT('',(-21.49704378759,-13.80475613878,
    3.215336864062));
#16192 = DIRECTION('',(-0.997452279505,-7.133252959817E-02,
    -7.876113309206E-04));
#16193 = DIRECTION('',(7.13325517231E-02,-0.997452588881,
    -2.03287907341E-20));
#16194 = ADVANCED_FACE('',(#16195),#16199,.T.);
#16195 = FACE_BOUND('',#16196,.T.);
#16196 = EDGE_LOOP('',(#16197,#16198));
#16197 = ORIENTED_EDGE('',*,*,#11401,.T.);
#16198 = ORIENTED_EDGE('',*,*,#11202,.T.);
#16199 = PLANE('',#16200);
#16200 = AXIS2_PLACEMENT_3D('',#16201,#16202,#16203);
#16201 = CARTESIAN_POINT('',(-4.98535904655E-09,3.911430034802E-09,0.));
#16202 = DIRECTION('',(0.,0.,1.));
#16203 = DIRECTION('',(1.,0.,0.));
#16204 = ADVANCED_FACE('',(#16205),#16209,.T.);
#16205 = FACE_BOUND('',#16206,.T.);
#16206 = EDGE_LOOP('',(#16207,#16208));
#16207 = ORIENTED_EDGE('',*,*,#11242,.T.);
#16208 = ORIENTED_EDGE('',*,*,#11220,.T.);
#16209 = PLANE('',#16210);
#16210 = AXIS2_PLACEMENT_3D('',#16211,#16212,#16213);
#16211 = CARTESIAN_POINT('',(-4.98535904655E-09,3.911430034802E-09,0.));
#16212 = DIRECTION('',(0.,0.,1.));
#16213 = DIRECTION('',(1.,0.,0.));
#16214 = ADVANCED_FACE('',(#16215),#16219,.T.);
#16215 = FACE_BOUND('',#16216,.T.);
#16216 = EDGE_LOOP('',(#16217,#16218));
#16217 = ORIENTED_EDGE('',*,*,#11376,.T.);
#16218 = ORIENTED_EDGE('',*,*,#14796,.T.);
#16219 = PLANE('',#16220);
#16220 = AXIS2_PLACEMENT_3D('',#16221,#16222,#16223);
#16221 = CARTESIAN_POINT('',(-4.98535904655E-09,3.911430034802E-09,0.));
#16222 = DIRECTION('',(0.,0.,1.));
#16223 = DIRECTION('',(1.,0.,0.));
#16224 = ADVANCED_FACE('',(#16225),#16229,.T.);
#16225 = FACE_BOUND('',#16226,.T.);
#16226 = EDGE_LOOP('',(#16227,#16228));
#16227 = ORIENTED_EDGE('',*,*,#11367,.T.);
#16228 = ORIENTED_EDGE('',*,*,#14818,.T.);
#16229 = PLANE('',#16230);
#16230 = AXIS2_PLACEMENT_3D('',#16231,#16232,#16233);
#16231 = CARTESIAN_POINT('',(-4.98535904655E-09,3.911430034802E-09,0.));
#16232 = DIRECTION('',(0.,0.,1.));
#16233 = DIRECTION('',(1.,0.,0.));
#16234 = ADVANCED_FACE('',(#16235),#16239,.T.);
#16235 = FACE_BOUND('',#16236,.T.);
#16236 = EDGE_LOOP('',(#16237,#16238));
#16237 = ORIENTED_EDGE('',*,*,#11358,.T.);
#16238 = ORIENTED_EDGE('',*,*,#14840,.T.);
#16239 = PLANE('',#16240);
#16240 = AXIS2_PLACEMENT_3D('',#16241,#16242,#16243);
#16241 = CARTESIAN_POINT('',(-4.98535904655E-09,3.911430034802E-09,0.));
#16242 = DIRECTION('',(0.,0.,1.));
#16243 = DIRECTION('',(1.,0.,0.));
#16244 = ADVANCED_FACE('',(#16245),#16249,.T.);
#16245 = FACE_BOUND('',#16246,.T.);
#16246 = EDGE_LOOP('',(#16247,#16248));
#16247 = ORIENTED_EDGE('',*,*,#11349,.T.);
#16248 = ORIENTED_EDGE('',*,*,#14862,.T.);
#16249 = PLANE('',#16250);
#16250 = AXIS2_PLACEMENT_3D('',#16251,#16252,#16253);
#16251 = CARTESIAN_POINT('',(-4.98535904655E-09,3.911430034802E-09,0.));
#16252 = DIRECTION('',(0.,0.,1.));
#16253 = DIRECTION('',(1.,0.,0.));
#16254 = ADVANCED_FACE('',(#16255),#16259,.T.);
#16255 = FACE_BOUND('',#16256,.T.);
#16256 = EDGE_LOOP('',(#16257,#16258));
#16257 = ORIENTED_EDGE('',*,*,#11340,.T.);
#16258 = ORIENTED_EDGE('',*,*,#14884,.T.);
#16259 = PLANE('',#16260);
#16260 = AXIS2_PLACEMENT_3D('',#16261,#16262,#16263);
#16261 = CARTESIAN_POINT('',(-4.98535904655E-09,3.911430034802E-09,0.));
#16262 = DIRECTION('',(0.,0.,1.));
#16263 = DIRECTION('',(1.,0.,0.));
#16264 = ADVANCED_FACE('',(#16265),#16269,.T.);
#16265 = FACE_BOUND('',#16266,.T.);
#16266 = EDGE_LOOP('',(#16267,#16268));
#16267 = ORIENTED_EDGE('',*,*,#11331,.T.);
#16268 = ORIENTED_EDGE('',*,*,#14906,.T.);
#16269 = PLANE('',#16270);
#16270 = AXIS2_PLACEMENT_3D('',#16271,#16272,#16273);
#16271 = CARTESIAN_POINT('',(-4.98535904655E-09,3.911430034802E-09,0.));
#16272 = DIRECTION('',(0.,0.,1.));
#16273 = DIRECTION('',(1.,0.,0.));
#16274 = ADVANCED_FACE('',(#16275),#16279,.T.);
#16275 = FACE_BOUND('',#16276,.T.);
#16276 = EDGE_LOOP('',(#16277,#16278));
#16277 = ORIENTED_EDGE('',*,*,#11322,.T.);
#16278 = ORIENTED_EDGE('',*,*,#14935,.T.);
#16279 = PLANE('',#16280);
#16280 = AXIS2_PLACEMENT_3D('',#16281,#16282,#16283);
#16281 = CARTESIAN_POINT('',(-4.98535904655E-09,3.911430034802E-09,0.));
#16282 = DIRECTION('',(0.,0.,1.));
#16283 = DIRECTION('',(1.,0.,0.));
#16284 = ADVANCED_FACE('',(#16285),#16289,.T.);
#16285 = FACE_BOUND('',#16286,.T.);
#16286 = EDGE_LOOP('',(#16287,#16288));
#16287 = ORIENTED_EDGE('',*,*,#11313,.T.);
#16288 = ORIENTED_EDGE('',*,*,#14950,.T.);
#16289 = PLANE('',#16290);
#16290 = AXIS2_PLACEMENT_3D('',#16291,#16292,#16293);
#16291 = CARTESIAN_POINT('',(-4.98535904655E-09,3.911430034802E-09,0.));
#16292 = DIRECTION('',(0.,0.,1.));
#16293 = DIRECTION('',(1.,0.,0.));
#16294 = ADVANCED_FACE('',(#16295),#16299,.T.);
#16295 = FACE_BOUND('',#16296,.T.);
#16296 = EDGE_LOOP('',(#16297,#16298));
#16297 = ORIENTED_EDGE('',*,*,#11304,.T.);
#16298 = ORIENTED_EDGE('',*,*,#14972,.T.);
#16299 = PLANE('',#16300);
#16300 = AXIS2_PLACEMENT_3D('',#16301,#16302,#16303);
#16301 = CARTESIAN_POINT('',(-4.98535904655E-09,3.911430034802E-09,0.));
#16302 = DIRECTION('',(0.,0.,1.));
#16303 = DIRECTION('',(1.,0.,0.));
#16304 = ADVANCED_FACE('',(#16305),#16309,.T.);
#16305 = FACE_BOUND('',#16306,.T.);
#16306 = EDGE_LOOP('',(#16307,#16308));
#16307 = ORIENTED_EDGE('',*,*,#11295,.T.);
#16308 = ORIENTED_EDGE('',*,*,#14994,.T.);
#16309 = PLANE('',#16310);
#16310 = AXIS2_PLACEMENT_3D('',#16311,#16312,#16313);
#16311 = CARTESIAN_POINT('',(-4.98535904655E-09,3.911430034802E-09,0.));
#16312 = DIRECTION('',(0.,0.,1.));
#16313 = DIRECTION('',(1.,0.,0.));
#16314 = ADVANCED_FACE('',(#16315),#16319,.T.);
#16315 = FACE_BOUND('',#16316,.T.);
#16316 = EDGE_LOOP('',(#16317,#16318));
#16317 = ORIENTED_EDGE('',*,*,#11286,.T.);
#16318 = ORIENTED_EDGE('',*,*,#15016,.T.);
#16319 = PLANE('',#16320);
#16320 = AXIS2_PLACEMENT_3D('',#16321,#16322,#16323);
#16321 = CARTESIAN_POINT('',(-4.98535904655E-09,3.911430034802E-09,0.));
#16322 = DIRECTION('',(0.,0.,1.));
#16323 = DIRECTION('',(1.,0.,0.));
#16324 = ADVANCED_FACE('',(#16325),#16329,.T.);
#16325 = FACE_BOUND('',#16326,.T.);
#16326 = EDGE_LOOP('',(#16327,#16328));
#16327 = ORIENTED_EDGE('',*,*,#11277,.T.);
#16328 = ORIENTED_EDGE('',*,*,#15038,.T.);
#16329 = PLANE('',#16330);
#16330 = AXIS2_PLACEMENT_3D('',#16331,#16332,#16333);
#16331 = CARTESIAN_POINT('',(-4.98535904655E-09,3.911430034802E-09,0.));
#16332 = DIRECTION('',(0.,0.,1.));
#16333 = DIRECTION('',(1.,0.,0.));
#16334 = ADVANCED_FACE('',(#16335),#16339,.T.);
#16335 = FACE_BOUND('',#16336,.T.);
#16336 = EDGE_LOOP('',(#16337,#16338));
#16337 = ORIENTED_EDGE('',*,*,#11268,.T.);
#16338 = ORIENTED_EDGE('',*,*,#15060,.T.);
#16339 = PLANE('',#16340);
#16340 = AXIS2_PLACEMENT_3D('',#16341,#16342,#16343);
#16341 = CARTESIAN_POINT('',(-4.98535904655E-09,3.911430034802E-09,0.));
#16342 = DIRECTION('',(0.,0.,1.));
#16343 = DIRECTION('',(1.,0.,0.));
#16344 = ADVANCED_FACE('',(#16345),#16349,.T.);
#16345 = FACE_BOUND('',#16346,.T.);
#16346 = EDGE_LOOP('',(#16347,#16348));
#16347 = ORIENTED_EDGE('',*,*,#11259,.T.);
#16348 = ORIENTED_EDGE('',*,*,#15082,.T.);
#16349 = PLANE('',#16350);
#16350 = AXIS2_PLACEMENT_3D('',#16351,#16352,#16353);
#16351 = CARTESIAN_POINT('',(-4.98535904655E-09,3.911430034802E-09,0.));
#16352 = DIRECTION('',(0.,0.,1.));
#16353 = DIRECTION('',(1.,0.,0.));
#16354 = ADVANCED_FACE('',(#16355),#16359,.T.);
#16355 = FACE_BOUND('',#16356,.T.);
#16356 = EDGE_LOOP('',(#16357,#16358));
#16357 = ORIENTED_EDGE('',*,*,#11525,.T.);
#16358 = ORIENTED_EDGE('',*,*,#14493,.T.);
#16359 = PLANE('',#16360);
#16360 = AXIS2_PLACEMENT_3D('',#16361,#16362,#16363);
#16361 = CARTESIAN_POINT('',(-4.98535904655E-09,3.911430034802E-09,0.));
#16362 = DIRECTION('',(0.,0.,1.));
#16363 = DIRECTION('',(1.,0.,0.));
#16364 = ADVANCED_FACE('',(#16365),#16369,.T.);
#16365 = FACE_BOUND('',#16366,.T.);
#16366 = EDGE_LOOP('',(#16367,#16368));
#16367 = ORIENTED_EDGE('',*,*,#11516,.T.);
#16368 = ORIENTED_EDGE('',*,*,#14515,.T.);
#16369 = PLANE('',#16370);
#16370 = AXIS2_PLACEMENT_3D('',#16371,#16372,#16373);
#16371 = CARTESIAN_POINT('',(-4.98535904655E-09,3.911430034802E-09,0.));
#16372 = DIRECTION('',(0.,0.,1.));
#16373 = DIRECTION('',(1.,0.,0.));
#16374 = ADVANCED_FACE('',(#16375),#16379,.T.);
#16375 = FACE_BOUND('',#16376,.T.);
#16376 = EDGE_LOOP('',(#16377,#16378));
#16377 = ORIENTED_EDGE('',*,*,#11507,.T.);
#16378 = ORIENTED_EDGE('',*,*,#14537,.T.);
#16379 = PLANE('',#16380);
#16380 = AXIS2_PLACEMENT_3D('',#16381,#16382,#16383);
#16381 = CARTESIAN_POINT('',(-4.98535904655E-09,3.911430034802E-09,0.));
#16382 = DIRECTION('',(0.,0.,1.));
#16383 = DIRECTION('',(1.,0.,0.));
#16384 = ADVANCED_FACE('',(#16385),#16389,.T.);
#16385 = FACE_BOUND('',#16386,.T.);
#16386 = EDGE_LOOP('',(#16387,#16388));
#16387 = ORIENTED_EDGE('',*,*,#11498,.T.);
#16388 = ORIENTED_EDGE('',*,*,#14559,.T.);
#16389 = PLANE('',#16390);
#16390 = AXIS2_PLACEMENT_3D('',#16391,#16392,#16393);
#16391 = CARTESIAN_POINT('',(-4.98535904655E-09,3.911430034802E-09,0.));
#16392 = DIRECTION('',(0.,0.,1.));
#16393 = DIRECTION('',(1.,0.,0.));
#16394 = ADVANCED_FACE('',(#16395),#16399,.T.);
#16395 = FACE_BOUND('',#16396,.T.);
#16396 = EDGE_LOOP('',(#16397,#16398));
#16397 = ORIENTED_EDGE('',*,*,#11489,.T.);
#16398 = ORIENTED_EDGE('',*,*,#14581,.T.);
#16399 = PLANE('',#16400);
#16400 = AXIS2_PLACEMENT_3D('',#16401,#16402,#16403);
#16401 = CARTESIAN_POINT('',(-4.98535904655E-09,3.911430034802E-09,0.));
#16402 = DIRECTION('',(0.,0.,1.));
#16403 = DIRECTION('',(1.,0.,0.));
#16404 = ADVANCED_FACE('',(#16405),#16409,.T.);
#16405 = FACE_BOUND('',#16406,.T.);
#16406 = EDGE_LOOP('',(#16407,#16408));
#16407 = ORIENTED_EDGE('',*,*,#11480,.T.);
#16408 = ORIENTED_EDGE('',*,*,#14603,.T.);
#16409 = PLANE('',#16410);
#16410 = AXIS2_PLACEMENT_3D('',#16411,#16412,#16413);
#16411 = CARTESIAN_POINT('',(-4.98535904655E-09,3.911430034802E-09,0.));
#16412 = DIRECTION('',(0.,0.,1.));
#16413 = DIRECTION('',(1.,0.,0.));
#16414 = ADVANCED_FACE('',(#16415),#16419,.T.);
#16415 = FACE_BOUND('',#16416,.T.);
#16416 = EDGE_LOOP('',(#16417,#16418));
#16417 = ORIENTED_EDGE('',*,*,#11471,.T.);
#16418 = ORIENTED_EDGE('',*,*,#14625,.T.);
#16419 = PLANE('',#16420);
#16420 = AXIS2_PLACEMENT_3D('',#16421,#16422,#16423);
#16421 = CARTESIAN_POINT('',(-4.98535904655E-09,3.911430034802E-09,0.));
#16422 = DIRECTION('',(0.,0.,1.));
#16423 = DIRECTION('',(1.,0.,0.));
#16424 = ADVANCED_FACE('',(#16425),#16429,.T.);
#16425 = FACE_BOUND('',#16426,.T.);
#16426 = EDGE_LOOP('',(#16427,#16428));
#16427 = ORIENTED_EDGE('',*,*,#11462,.T.);
#16428 = ORIENTED_EDGE('',*,*,#14654,.T.);
#16429 = PLANE('',#16430);
#16430 = AXIS2_PLACEMENT_3D('',#16431,#16432,#16433);
#16431 = CARTESIAN_POINT('',(-4.98535904655E-09,3.911430034802E-09,0.));
#16432 = DIRECTION('',(0.,0.,1.));
#16433 = DIRECTION('',(1.,0.,0.));
#16434 = ADVANCED_FACE('',(#16435),#16439,.T.);
#16435 = FACE_BOUND('',#16436,.T.);
#16436 = EDGE_LOOP('',(#16437,#16438));
#16437 = ORIENTED_EDGE('',*,*,#11453,.T.);
#16438 = ORIENTED_EDGE('',*,*,#14669,.T.);
#16439 = PLANE('',#16440);
#16440 = AXIS2_PLACEMENT_3D('',#16441,#16442,#16443);
#16441 = CARTESIAN_POINT('',(-4.98535904655E-09,3.911430034802E-09,0.));
#16442 = DIRECTION('',(0.,0.,1.));
#16443 = DIRECTION('',(1.,0.,0.));
#16444 = ADVANCED_FACE('',(#16445),#16449,.T.);
#16445 = FACE_BOUND('',#16446,.T.);
#16446 = EDGE_LOOP('',(#16447,#16448));
#16447 = ORIENTED_EDGE('',*,*,#11444,.T.);
#16448 = ORIENTED_EDGE('',*,*,#14691,.T.);
#16449 = PLANE('',#16450);
#16450 = AXIS2_PLACEMENT_3D('',#16451,#16452,#16453);
#16451 = CARTESIAN_POINT('',(-4.98535904655E-09,3.911430034802E-09,0.));
#16452 = DIRECTION('',(0.,0.,1.));
#16453 = DIRECTION('',(1.,0.,0.));
#16454 = ADVANCED_FACE('',(#16455),#16459,.T.);
#16455 = FACE_BOUND('',#16456,.T.);
#16456 = EDGE_LOOP('',(#16457,#16458));
#16457 = ORIENTED_EDGE('',*,*,#11435,.T.);
#16458 = ORIENTED_EDGE('',*,*,#14713,.T.);
#16459 = PLANE('',#16460);
#16460 = AXIS2_PLACEMENT_3D('',#16461,#16462,#16463);
#16461 = CARTESIAN_POINT('',(-4.98535904655E-09,3.911430034802E-09,0.));
#16462 = DIRECTION('',(0.,0.,1.));
#16463 = DIRECTION('',(1.,0.,0.));
#16464 = ADVANCED_FACE('',(#16465),#16469,.T.);
#16465 = FACE_BOUND('',#16466,.T.);
#16466 = EDGE_LOOP('',(#16467,#16468));
#16467 = ORIENTED_EDGE('',*,*,#11426,.T.);
#16468 = ORIENTED_EDGE('',*,*,#14735,.T.);
#16469 = PLANE('',#16470);
#16470 = AXIS2_PLACEMENT_3D('',#16471,#16472,#16473);
#16471 = CARTESIAN_POINT('',(-4.98535904655E-09,3.911430034802E-09,0.));
#16472 = DIRECTION('',(0.,0.,1.));
#16473 = DIRECTION('',(1.,0.,0.));
#16474 = ADVANCED_FACE('',(#16475),#16479,.T.);
#16475 = FACE_BOUND('',#16476,.T.);
#16476 = EDGE_LOOP('',(#16477,#16478));
#16477 = ORIENTED_EDGE('',*,*,#11417,.T.);
#16478 = ORIENTED_EDGE('',*,*,#14757,.T.);
#16479 = PLANE('',#16480);
#16480 = AXIS2_PLACEMENT_3D('',#16481,#16482,#16483);
#16481 = CARTESIAN_POINT('',(-4.98535904655E-09,3.911430034802E-09,0.));
#16482 = DIRECTION('',(0.,0.,1.));
#16483 = DIRECTION('',(1.,0.,0.));
#16484 = ADVANCED_FACE('',(#16485),#16489,.T.);
#16485 = FACE_BOUND('',#16486,.T.);
#16486 = EDGE_LOOP('',(#16487,#16488));
#16487 = ORIENTED_EDGE('',*,*,#11408,.T.);
#16488 = ORIENTED_EDGE('',*,*,#14779,.T.);
#16489 = PLANE('',#16490);
#16490 = AXIS2_PLACEMENT_3D('',#16491,#16492,#16493);
#16491 = CARTESIAN_POINT('',(-4.98535904655E-09,3.911430034802E-09,0.));
#16492 = DIRECTION('',(0.,0.,1.));
#16493 = DIRECTION('',(1.,0.,0.));
#16494 = ADVANCED_FACE('',(#16495),#16500,.T.);
#16495 = FACE_BOUND('',#16496,.T.);
#16496 = EDGE_LOOP('',(#16497,#16498,#16499));
#16497 = ORIENTED_EDGE('',*,*,#11540,.F.);
#16498 = ORIENTED_EDGE('',*,*,#15558,.F.);
#16499 = ORIENTED_EDGE('',*,*,#15535,.T.);
#16500 = PLANE('',#16501);
#16501 = AXIS2_PLACEMENT_3D('',#16502,#16503,#16504);
#16502 = CARTESIAN_POINT('',(20.626525223402,14.740395285044,
    3.286261959351));
#16503 = DIRECTION('',(0.111964379542,0.993711784555,9.311011881752E-04)
  );
#16504 = DIRECTION('',(0.993712215305,-0.111964428076,1.355252715607E-20
    ));
#16505 = ADVANCED_FACE('',(#16506),#16511,.T.);
#16506 = FACE_BOUND('',#16507,.T.);
#16507 = EDGE_LOOP('',(#16508,#16509,#16510));
#16508 = ORIENTED_EDGE('',*,*,#11588,.F.);
#16509 = ORIENTED_EDGE('',*,*,#15521,.F.);
#16510 = ORIENTED_EDGE('',*,*,#15498,.T.);
#16511 = PLANE('',#16512);
#16512 = AXIS2_PLACEMENT_3D('',#16513,#16514,#16515);
#16513 = CARTESIAN_POINT('',(-20.6265252234,14.740395285044,
    3.286261959351));
#16514 = DIRECTION('',(-0.111964379542,0.993711784555,9.311011881752E-04
    ));
#16515 = DIRECTION('',(0.993712215305,0.111964428076,-1.355252715607E-20
    ));
#16516 = ADVANCED_FACE('',(#16517),#16522,.T.);
#16517 = FACE_BOUND('',#16518,.T.);
#16518 = EDGE_LOOP('',(#16519,#16520,#16521));
#16519 = ORIENTED_EDGE('',*,*,#11604,.F.);
#16520 = ORIENTED_EDGE('',*,*,#15505,.F.);
#16521 = ORIENTED_EDGE('',*,*,#15477,.T.);
#16522 = PLANE('',#16523);
#16523 = AXIS2_PLACEMENT_3D('',#16524,#16525,#16526);
#16524 = CARTESIAN_POINT('',(-20.76956083866,14.711415591728,
    3.286263200656));
#16525 = DIRECTION('',(-0.258823982135,0.965923980367,1.005198564162E-03
    ));
#16526 = DIRECTION('',(0.965924468364,0.258824112896,5.421010862428E-20)
  );
#16527 = ADVANCED_FACE('',(#16528),#16533,.T.);
#16528 = FACE_BOUND('',#16529,.T.);
#16529 = EDGE_LOOP('',(#16530,#16531,#16532));
#16530 = ORIENTED_EDGE('',*,*,#11620,.F.);
#16531 = ORIENTED_EDGE('',*,*,#15484,.F.);
#16532 = ORIENTED_EDGE('',*,*,#15456,.T.);
#16533 = PLANE('',#16534);
#16534 = AXIS2_PLACEMENT_3D('',#16535,#16536,#16537);
#16535 = CARTESIAN_POINT('',(-20.90684585248,14.661881702119,
    3.286263972519));
#16536 = DIRECTION('',(-0.399890531389,0.916562293418,1.060750103006E-03
    ));
#16537 = DIRECTION('',(0.916562809072,0.399890756365,-5.421010862428E-20
    ));
#16538 = ADVANCED_FACE('',(#16539),#16544,.T.);
#16539 = FACE_BOUND('',#16540,.T.);
#16540 = EDGE_LOOP('',(#16541,#16542,#16543));
#16541 = ORIENTED_EDGE('',*,*,#11636,.F.);
#16542 = ORIENTED_EDGE('',*,*,#15463,.F.);
#16543 = ORIENTED_EDGE('',*,*,#15435,.T.);
#16544 = PLANE('',#16545);
#16545 = AXIS2_PLACEMENT_3D('',#16546,#16547,#16548);
#16546 = CARTESIAN_POINT('',(-21.03544189078,14.592852276015,
    3.286264678437));
#16547 = DIRECTION('',(-0.532027472731,0.846726380804,1.097410271911E-03
    ));
#16548 = DIRECTION('',(0.846726890665,0.532027793094,0.));
#16549 = ADVANCED_FACE('',(#16550),#16555,.T.);
#16550 = FACE_BOUND('',#16551,.T.);
#16551 = EDGE_LOOP('',(#16552,#16553,#16554));
#16552 = ORIENTED_EDGE('',*,*,#11652,.F.);
#16553 = ORIENTED_EDGE('',*,*,#15442,.F.);
#16554 = ORIENTED_EDGE('',*,*,#15414,.T.);
#16555 = PLANE('',#16556);
#16556 = AXIS2_PLACEMENT_3D('',#16557,#16558,#16559);
#16557 = CARTESIAN_POINT('',(-21.15259784875,14.505803410817,
    3.2862648727));
#16558 = DIRECTION('',(-0.652286781235,0.757971443385,1.116261451E-03));
#16559 = DIRECTION('',(0.757971915616,0.652287187623,0.));
#16560 = ADVANCED_FACE('',(#16561),#16566,.T.);
#16561 = FACE_BOUND('',#16562,.T.);
#16562 = EDGE_LOOP('',(#16563,#16564,#16565));
#16563 = ORIENTED_EDGE('',*,*,#11668,.F.);
#16564 = ORIENTED_EDGE('',*,*,#15421,.F.);
#16565 = ORIENTED_EDGE('',*,*,#15393,.T.);
#16566 = PLANE('',#16567);
#16567 = AXIS2_PLACEMENT_3D('',#16568,#16569,#16570);
#16568 = CARTESIAN_POINT('',(-21.25580319328,14.402597140801,
    3.28626455613));
#16569 = DIRECTION('',(-0.757971883731,0.652286270499,1.115702405856E-03
    ));
#16570 = DIRECTION('',(-0.65228667648,-0.75797235549,-1.084202172486E-19
    ));
#16571 = ADVANCED_FACE('',(#16572),#16577,.T.);
#16572 = FACE_BOUND('',#16573,.T.);
#16573 = EDGE_LOOP('',(#16574,#16575,#16576));
#16574 = ORIENTED_EDGE('',*,*,#11684,.F.);
#16575 = ORIENTED_EDGE('',*,*,#15400,.F.);
#16576 = ORIENTED_EDGE('',*,*,#15372,.T.);
#16577 = PLANE('',#16578);
#16578 = AXIS2_PLACEMENT_3D('',#16579,#16580,#16581);
#16579 = CARTESIAN_POINT('',(-21.34285227585,14.285442599797,
    3.286264488334));
#16580 = DIRECTION('',(-0.846724574586,0.532030347094,1.09752559807E-03)
  );
#16581 = DIRECTION('',(-0.532030667526,-0.846725084553,0.));
#16582 = ADVANCED_FACE('',(#16583),#16588,.T.);
#16583 = FACE_BOUND('',#16584,.T.);
#16584 = EDGE_LOOP('',(#16585,#16586,#16587));
#16585 = ORIENTED_EDGE('',*,*,#11700,.F.);
#16586 = ORIENTED_EDGE('',*,*,#15379,.F.);
#16587 = ORIENTED_EDGE('',*,*,#15351,.T.);
#16588 = PLANE('',#16589);
#16589 = AXIS2_PLACEMENT_3D('',#16590,#16591,#16592);
#16590 = CARTESIAN_POINT('',(-21.41188194754,14.156846342814,
    3.286264062364));
#16591 = DIRECTION('',(-0.916559954968,0.399895891912,1.060462503133E-03
    ));
#16592 = DIRECTION('',(-0.39989611677,-0.916560470342,5.421010862428E-20
    ));
#16593 = ADVANCED_FACE('',(#16594),#16599,.T.);
#16594 = FACE_BOUND('',#16595,.T.);
#16595 = EDGE_LOOP('',(#16596,#16597,#16598));
#16596 = ORIENTED_EDGE('',*,*,#11716,.F.);
#16597 = ORIENTED_EDGE('',*,*,#15358,.F.);
#16598 = ORIENTED_EDGE('',*,*,#15330,.T.);
#16599 = PLANE('',#16600);
#16600 = AXIS2_PLACEMENT_3D('',#16601,#16602,#16603);
#16601 = CARTESIAN_POINT('',(-21.46141630018,14.019561082629,
    3.286263359456));
#16602 = DIRECTION('',(-0.965926002945,0.258816433578,1.005259042709E-03
    ));
#16603 = DIRECTION('',(-0.258816564351,-0.965926491001,0.));
#16604 = ADVANCED_FACE('',(#16605),#16610,.T.);
#16605 = FACE_BOUND('',#16606,.T.);
#16606 = EDGE_LOOP('',(#16607,#16608,#16609));
#16607 = ORIENTED_EDGE('',*,*,#11732,.F.);
#16608 = ORIENTED_EDGE('',*,*,#15337,.F.);
#16609 = ORIENTED_EDGE('',*,*,#15314,.T.);
#16610 = PLANE('',#16611);
#16611 = AXIS2_PLACEMENT_3D('',#16612,#16613,#16614);
#16612 = CARTESIAN_POINT('',(-21.4903955026,13.876525223782,
    3.286261934229));
#16613 = DIRECTION('',(-0.993712494015,0.111958078647,9.315921963519E-04
    ));
#16614 = DIRECTION('',(-0.111958127229,-0.993712925219,0.));
#16615 = ADVANCED_FACE('',(#16616),#16621,.T.);
#16616 = FACE_BOUND('',#16617,.T.);
#16617 = EDGE_LOOP('',(#16618,#16619,#16620));
#16618 = ORIENTED_EDGE('',*,*,#11855,.F.);
#16619 = ORIENTED_EDGE('',*,*,#16184,.F.);
#16620 = ORIENTED_EDGE('',*,*,#16161,.T.);
#16621 = PLANE('',#16622);
#16622 = AXIS2_PLACEMENT_3D('',#16623,#16624,#16625);
#16623 = CARTESIAN_POINT('',(-21.4903955026,-13.87652522378,
    3.286261934229));
#16624 = DIRECTION('',(-0.993712494015,-0.111958078647,
    9.315921963519E-04));
#16625 = DIRECTION('',(0.111958127229,-0.993712925219,0.));
#16626 = ADVANCED_FACE('',(#16627),#16632,.T.);
#16627 = FACE_BOUND('',#16628,.T.);
#16628 = EDGE_LOOP('',(#16629,#16630,#16631));
#16629 = ORIENTED_EDGE('',*,*,#11871,.F.);
#16630 = ORIENTED_EDGE('',*,*,#16168,.F.);
#16631 = ORIENTED_EDGE('',*,*,#16140,.T.);
#16632 = PLANE('',#16633);
#16633 = AXIS2_PLACEMENT_3D('',#16634,#16635,#16636);
#16634 = CARTESIAN_POINT('',(-21.46141630018,-14.01956108262,
    3.286263359456));
#16635 = DIRECTION('',(-0.965926002945,-0.258816433578,
    1.005259042709E-03));
#16636 = DIRECTION('',(0.258816564351,-0.965926491001,0.));
#16637 = ADVANCED_FACE('',(#16638),#16643,.T.);
#16638 = FACE_BOUND('',#16639,.T.);
#16639 = EDGE_LOOP('',(#16640,#16641,#16642));
#16640 = ORIENTED_EDGE('',*,*,#11887,.F.);
#16641 = ORIENTED_EDGE('',*,*,#16147,.F.);
#16642 = ORIENTED_EDGE('',*,*,#16119,.T.);
#16643 = PLANE('',#16644);
#16644 = AXIS2_PLACEMENT_3D('',#16645,#16646,#16647);
#16645 = CARTESIAN_POINT('',(-21.41188194754,-14.15684634281,
    3.286264062364));
#16646 = DIRECTION('',(-0.916559954968,-0.399895891912,
    1.060462503133E-03));
#16647 = DIRECTION('',(0.39989611677,-0.916560470342,-5.421010862428E-20
    ));
#16648 = ADVANCED_FACE('',(#16649),#16654,.T.);
#16649 = FACE_BOUND('',#16650,.T.);
#16650 = EDGE_LOOP('',(#16651,#16652,#16653));
#16651 = ORIENTED_EDGE('',*,*,#11903,.F.);
#16652 = ORIENTED_EDGE('',*,*,#16126,.F.);
#16653 = ORIENTED_EDGE('',*,*,#16098,.T.);
#16654 = PLANE('',#16655);
#16655 = AXIS2_PLACEMENT_3D('',#16656,#16657,#16658);
#16656 = CARTESIAN_POINT('',(-21.34285227585,-14.28544259979,
    3.286264488334));
#16657 = DIRECTION('',(-0.846724574586,-0.532030347094,1.09752559807E-03
    ));
#16658 = DIRECTION('',(0.532030667526,-0.846725084553,0.));
#16659 = ADVANCED_FACE('',(#16660),#16665,.T.);
#16660 = FACE_BOUND('',#16661,.T.);
#16661 = EDGE_LOOP('',(#16662,#16663,#16664));
#16662 = ORIENTED_EDGE('',*,*,#11919,.F.);
#16663 = ORIENTED_EDGE('',*,*,#16105,.F.);
#16664 = ORIENTED_EDGE('',*,*,#16077,.T.);
#16665 = PLANE('',#16666);
#16666 = AXIS2_PLACEMENT_3D('',#16667,#16668,#16669);
#16667 = CARTESIAN_POINT('',(-21.25580319328,-14.4025971408,
    3.28626455613));
#16668 = DIRECTION('',(-0.757971883731,-0.652286270499,
    1.115702405856E-03));
#16669 = DIRECTION('',(0.65228667648,-0.75797235549,1.084202172486E-19)
  );
#16670 = ADVANCED_FACE('',(#16671),#16676,.T.);
#16671 = FACE_BOUND('',#16672,.T.);
#16672 = EDGE_LOOP('',(#16673,#16674,#16675));
#16673 = ORIENTED_EDGE('',*,*,#11935,.F.);
#16674 = ORIENTED_EDGE('',*,*,#16084,.F.);
#16675 = ORIENTED_EDGE('',*,*,#16056,.T.);
#16676 = PLANE('',#16677);
#16677 = AXIS2_PLACEMENT_3D('',#16678,#16679,#16680);
#16678 = CARTESIAN_POINT('',(-21.15259784875,-14.50580341081,
    3.2862648727));
#16679 = DIRECTION('',(-0.652286781235,-0.757971443385,1.116261451E-03)
  );
#16680 = DIRECTION('',(-0.757971915616,0.652287187623,0.));
#16681 = ADVANCED_FACE('',(#16682),#16687,.T.);
#16682 = FACE_BOUND('',#16683,.T.);
#16683 = EDGE_LOOP('',(#16684,#16685,#16686));
#16684 = ORIENTED_EDGE('',*,*,#11951,.F.);
#16685 = ORIENTED_EDGE('',*,*,#16063,.F.);
#16686 = ORIENTED_EDGE('',*,*,#16035,.T.);
#16687 = PLANE('',#16688);
#16688 = AXIS2_PLACEMENT_3D('',#16689,#16690,#16691);
#16689 = CARTESIAN_POINT('',(-21.03544189078,-14.59285227601,
    3.286264678437));
#16690 = DIRECTION('',(-0.532027472731,-0.846726380804,
    1.097410271911E-03));
#16691 = DIRECTION('',(-0.846726890665,0.532027793094,1.084202172486E-19
    ));
#16692 = ADVANCED_FACE('',(#16693),#16698,.T.);
#16693 = FACE_BOUND('',#16694,.T.);
#16694 = EDGE_LOOP('',(#16695,#16696,#16697));
#16695 = ORIENTED_EDGE('',*,*,#11967,.F.);
#16696 = ORIENTED_EDGE('',*,*,#16042,.F.);
#16697 = ORIENTED_EDGE('',*,*,#16014,.T.);
#16698 = PLANE('',#16699);
#16699 = AXIS2_PLACEMENT_3D('',#16700,#16701,#16702);
#16700 = CARTESIAN_POINT('',(-20.90684585248,-14.66188170211,
    3.286263972519));
#16701 = DIRECTION('',(-0.399890531389,-0.916562293418,
    1.060750103006E-03));
#16702 = DIRECTION('',(-0.916562809072,0.399890756365,0.));
#16703 = ADVANCED_FACE('',(#16704),#16709,.T.);
#16704 = FACE_BOUND('',#16705,.T.);
#16705 = EDGE_LOOP('',(#16706,#16707,#16708));
#16706 = ORIENTED_EDGE('',*,*,#11983,.F.);
#16707 = ORIENTED_EDGE('',*,*,#16021,.F.);
#16708 = ORIENTED_EDGE('',*,*,#15993,.T.);
#16709 = PLANE('',#16710);
#16710 = AXIS2_PLACEMENT_3D('',#16711,#16712,#16713);
#16711 = CARTESIAN_POINT('',(-20.76956083866,-14.71141559172,
    3.286263200656));
#16712 = DIRECTION('',(-0.258823982135,-0.965923980367,
    1.005198564162E-03));
#16713 = DIRECTION('',(-0.965924468364,0.258824112896,
    -5.421010862428E-20));
#16714 = ADVANCED_FACE('',(#16715),#16720,.T.);
#16715 = FACE_BOUND('',#16716,.T.);
#16716 = EDGE_LOOP('',(#16717,#16718,#16719));
#16717 = ORIENTED_EDGE('',*,*,#11999,.F.);
#16718 = ORIENTED_EDGE('',*,*,#16000,.F.);
#16719 = ORIENTED_EDGE('',*,*,#15977,.T.);
#16720 = PLANE('',#16721);
#16721 = AXIS2_PLACEMENT_3D('',#16722,#16723,#16724);
#16722 = CARTESIAN_POINT('',(-20.6265252234,-14.74039528504,
    3.286261959351));
#16723 = DIRECTION('',(-0.111964379542,-0.993711784555,
    9.311011881752E-04));
#16724 = DIRECTION('',(-0.993712215305,0.111964428076,1.355252715607E-20
    ));
#16725 = ADVANCED_FACE('',(#16726),#16731,.T.);
#16726 = FACE_BOUND('',#16727,.T.);
#16727 = EDGE_LOOP('',(#16728,#16729,#16730));
#16728 = ORIENTED_EDGE('',*,*,#12047,.F.);
#16729 = ORIENTED_EDGE('',*,*,#15963,.F.);
#16730 = ORIENTED_EDGE('',*,*,#15940,.T.);
#16731 = PLANE('',#16732);
#16732 = AXIS2_PLACEMENT_3D('',#16733,#16734,#16735);
#16733 = CARTESIAN_POINT('',(20.626525223402,-14.74039528504,
    3.286261959351));
#16734 = DIRECTION('',(0.111964379542,-0.993711784555,9.311011881752E-04
    ));
#16735 = DIRECTION('',(-0.993712215305,-0.111964428076,
    -1.355252715607E-20));
#16736 = ADVANCED_FACE('',(#16737),#16742,.T.);
#16737 = FACE_BOUND('',#16738,.T.);
#16738 = EDGE_LOOP('',(#16739,#16740,#16741));
#16739 = ORIENTED_EDGE('',*,*,#12063,.F.);
#16740 = ORIENTED_EDGE('',*,*,#15947,.F.);
#16741 = ORIENTED_EDGE('',*,*,#15919,.T.);
#16742 = PLANE('',#16743);
#16743 = AXIS2_PLACEMENT_3D('',#16744,#16745,#16746);
#16744 = CARTESIAN_POINT('',(20.769560838668,-14.71141559172,
    3.286263200656));
#16745 = DIRECTION('',(0.258823982135,-0.965923980367,1.005198564162E-03
    ));
#16746 = DIRECTION('',(-0.965924468364,-0.258824112896,
    5.421010862428E-20));
#16747 = ADVANCED_FACE('',(#16748),#16753,.T.);
#16748 = FACE_BOUND('',#16749,.T.);
#16749 = EDGE_LOOP('',(#16750,#16751,#16752));
#16750 = ORIENTED_EDGE('',*,*,#12079,.F.);
#16751 = ORIENTED_EDGE('',*,*,#15926,.F.);
#16752 = ORIENTED_EDGE('',*,*,#15898,.T.);
#16753 = PLANE('',#16754);
#16754 = AXIS2_PLACEMENT_3D('',#16755,#16756,#16757);
#16755 = CARTESIAN_POINT('',(20.90684585248,-14.66188170211,
    3.286263972519));
#16756 = DIRECTION('',(0.399890531389,-0.916562293418,1.060750103006E-03
    ));
#16757 = DIRECTION('',(-0.916562809072,-0.399890756365,
    -5.421010862428E-20));
#16758 = ADVANCED_FACE('',(#16759),#16764,.T.);
#16759 = FACE_BOUND('',#16760,.T.);
#16760 = EDGE_LOOP('',(#16761,#16762,#16763));
#16761 = ORIENTED_EDGE('',*,*,#12095,.F.);
#16762 = ORIENTED_EDGE('',*,*,#15905,.F.);
#16763 = ORIENTED_EDGE('',*,*,#15877,.T.);
#16764 = PLANE('',#16765);
#16765 = AXIS2_PLACEMENT_3D('',#16766,#16767,#16768);
#16766 = CARTESIAN_POINT('',(21.035441890787,-14.59285227601,
    3.286264678437));
#16767 = DIRECTION('',(0.532027472731,-0.846726380804,1.097410271911E-03
    ));
#16768 = DIRECTION('',(-0.846726890665,-0.532027793094,0.));
#16769 = ADVANCED_FACE('',(#16770),#16775,.T.);
#16770 = FACE_BOUND('',#16771,.T.);
#16771 = EDGE_LOOP('',(#16772,#16773,#16774));
#16772 = ORIENTED_EDGE('',*,*,#12111,.F.);
#16773 = ORIENTED_EDGE('',*,*,#15884,.F.);
#16774 = ORIENTED_EDGE('',*,*,#15856,.T.);
#16775 = PLANE('',#16776);
#16776 = AXIS2_PLACEMENT_3D('',#16777,#16778,#16779);
#16777 = CARTESIAN_POINT('',(21.152597848752,-14.50580341081,
    3.2862648727));
#16778 = DIRECTION('',(0.652286781235,-0.757971443385,1.116261451E-03));
#16779 = DIRECTION('',(-0.757971915616,-0.652287187623,0.));
#16780 = ADVANCED_FACE('',(#16781),#16786,.T.);
#16781 = FACE_BOUND('',#16782,.T.);
#16782 = EDGE_LOOP('',(#16783,#16784,#16785));
#16783 = ORIENTED_EDGE('',*,*,#12127,.F.);
#16784 = ORIENTED_EDGE('',*,*,#15863,.F.);
#16785 = ORIENTED_EDGE('',*,*,#15835,.T.);
#16786 = PLANE('',#16787);
#16787 = AXIS2_PLACEMENT_3D('',#16788,#16789,#16790);
#16788 = CARTESIAN_POINT('',(21.255803193281,-14.4025971408,
    3.28626455613));
#16789 = DIRECTION('',(0.757971883731,-0.652286270499,1.115702405856E-03
    ));
#16790 = DIRECTION('',(0.65228667648,0.75797235549,-1.084202172486E-19)
  );
#16791 = ADVANCED_FACE('',(#16792),#16797,.T.);
#16792 = FACE_BOUND('',#16793,.T.);
#16793 = EDGE_LOOP('',(#16794,#16795,#16796));
#16794 = ORIENTED_EDGE('',*,*,#12143,.F.);
#16795 = ORIENTED_EDGE('',*,*,#15842,.F.);
#16796 = ORIENTED_EDGE('',*,*,#15814,.T.);
#16797 = PLANE('',#16798);
#16798 = AXIS2_PLACEMENT_3D('',#16799,#16800,#16801);
#16799 = CARTESIAN_POINT('',(21.342852275858,-14.28544259979,
    3.286264488334));
#16800 = DIRECTION('',(0.846724574586,-0.532030347094,1.09752559807E-03)
  );
#16801 = DIRECTION('',(0.532030667526,0.846725084553,0.));
#16802 = ADVANCED_FACE('',(#16803),#16808,.T.);
#16803 = FACE_BOUND('',#16804,.T.);
#16804 = EDGE_LOOP('',(#16805,#16806,#16807));
#16805 = ORIENTED_EDGE('',*,*,#12159,.F.);
#16806 = ORIENTED_EDGE('',*,*,#15821,.F.);
#16807 = ORIENTED_EDGE('',*,*,#15793,.T.);
#16808 = PLANE('',#16809);
#16809 = AXIS2_PLACEMENT_3D('',#16810,#16811,#16812);
#16810 = CARTESIAN_POINT('',(21.411881947545,-14.15684634281,
    3.286264062364));
#16811 = DIRECTION('',(0.916559954968,-0.399895891912,1.060462503133E-03
    ));
#16812 = DIRECTION('',(0.39989611677,0.916560470342,5.421010862428E-20)
  );
#16813 = ADVANCED_FACE('',(#16814),#16819,.T.);
#16814 = FACE_BOUND('',#16815,.T.);
#16815 = EDGE_LOOP('',(#16816,#16817,#16818));
#16816 = ORIENTED_EDGE('',*,*,#12175,.F.);
#16817 = ORIENTED_EDGE('',*,*,#15800,.F.);
#16818 = ORIENTED_EDGE('',*,*,#15772,.T.);
#16819 = PLANE('',#16820);
#16820 = AXIS2_PLACEMENT_3D('',#16821,#16822,#16823);
#16821 = CARTESIAN_POINT('',(21.461416300187,-14.01956108262,
    3.286263359456));
#16822 = DIRECTION('',(0.965926002945,-0.258816433578,1.005259042709E-03
    ));
#16823 = DIRECTION('',(0.258816564351,0.965926491001,0.));
#16824 = ADVANCED_FACE('',(#16825),#16830,.T.);
#16825 = FACE_BOUND('',#16826,.T.);
#16826 = EDGE_LOOP('',(#16827,#16828,#16829));
#16827 = ORIENTED_EDGE('',*,*,#12191,.F.);
#16828 = ORIENTED_EDGE('',*,*,#15779,.F.);
#16829 = ORIENTED_EDGE('',*,*,#15756,.T.);
#16830 = PLANE('',#16831);
#16831 = AXIS2_PLACEMENT_3D('',#16832,#16833,#16834);
#16832 = CARTESIAN_POINT('',(21.490395502609,-13.87652522378,
    3.286261934229));
#16833 = DIRECTION('',(0.993712494015,-0.111958078647,9.315921963519E-04
    ));
#16834 = DIRECTION('',(0.111958127229,0.993712925219,0.));
#16835 = ADVANCED_FACE('',(#16836),#16841,.T.);
#16836 = FACE_BOUND('',#16837,.T.);
#16837 = EDGE_LOOP('',(#16838,#16839,#16840));
#16838 = ORIENTED_EDGE('',*,*,#12314,.F.);
#16839 = ORIENTED_EDGE('',*,*,#15742,.F.);
#16840 = ORIENTED_EDGE('',*,*,#15719,.T.);
#16841 = PLANE('',#16842);
#16842 = AXIS2_PLACEMENT_3D('',#16843,#16844,#16845);
#16843 = CARTESIAN_POINT('',(21.490395502609,13.876525223782,
    3.286261934229));
#16844 = DIRECTION('',(0.993712494015,0.111958078647,9.315921963519E-04)
  );
#16845 = DIRECTION('',(-0.111958127229,0.993712925219,0.));
#16846 = ADVANCED_FACE('',(#16847),#16852,.T.);
#16847 = FACE_BOUND('',#16848,.T.);
#16848 = EDGE_LOOP('',(#16849,#16850,#16851));
#16849 = ORIENTED_EDGE('',*,*,#12330,.F.);
#16850 = ORIENTED_EDGE('',*,*,#15726,.F.);
#16851 = ORIENTED_EDGE('',*,*,#15698,.T.);
#16852 = PLANE('',#16853);
#16853 = AXIS2_PLACEMENT_3D('',#16854,#16855,#16856);
#16854 = CARTESIAN_POINT('',(21.461416300187,14.019561082629,
    3.286263359456));
#16855 = DIRECTION('',(0.965926002945,0.258816433578,1.005259042709E-03)
  );
#16856 = DIRECTION('',(-0.258816564351,0.965926491001,0.));
#16857 = ADVANCED_FACE('',(#16858),#16863,.T.);
#16858 = FACE_BOUND('',#16859,.T.);
#16859 = EDGE_LOOP('',(#16860,#16861,#16862));
#16860 = ORIENTED_EDGE('',*,*,#12346,.F.);
#16861 = ORIENTED_EDGE('',*,*,#15705,.F.);
#16862 = ORIENTED_EDGE('',*,*,#15677,.T.);
#16863 = PLANE('',#16864);
#16864 = AXIS2_PLACEMENT_3D('',#16865,#16866,#16867);
#16865 = CARTESIAN_POINT('',(21.411881947545,14.156846342814,
    3.286264062364));
#16866 = DIRECTION('',(0.916559954968,0.399895891912,1.060462503133E-03)
  );
#16867 = DIRECTION('',(-0.39989611677,0.916560470342,-5.421010862428E-20
    ));
#16868 = ADVANCED_FACE('',(#16869),#16874,.T.);
#16869 = FACE_BOUND('',#16870,.T.);
#16870 = EDGE_LOOP('',(#16871,#16872,#16873));
#16871 = ORIENTED_EDGE('',*,*,#12362,.F.);
#16872 = ORIENTED_EDGE('',*,*,#15684,.F.);
#16873 = ORIENTED_EDGE('',*,*,#15656,.T.);
#16874 = PLANE('',#16875);
#16875 = AXIS2_PLACEMENT_3D('',#16876,#16877,#16878);
#16876 = CARTESIAN_POINT('',(21.342852275858,14.285442599797,
    3.286264488334));
#16877 = DIRECTION('',(0.846724574586,0.532030347094,1.09752559807E-03)
  );
#16878 = DIRECTION('',(-0.532030667526,0.846725084553,0.));
#16879 = ADVANCED_FACE('',(#16880),#16885,.T.);
#16880 = FACE_BOUND('',#16881,.T.);
#16881 = EDGE_LOOP('',(#16882,#16883,#16884));
#16882 = ORIENTED_EDGE('',*,*,#12378,.F.);
#16883 = ORIENTED_EDGE('',*,*,#15663,.F.);
#16884 = ORIENTED_EDGE('',*,*,#15635,.T.);
#16885 = PLANE('',#16886);
#16886 = AXIS2_PLACEMENT_3D('',#16887,#16888,#16889);
#16887 = CARTESIAN_POINT('',(21.255803193281,14.402597140801,
    3.28626455613));
#16888 = DIRECTION('',(0.757971883731,0.652286270499,1.115702405856E-03)
  );
#16889 = DIRECTION('',(-0.65228667648,0.75797235549,1.084202172486E-19)
  );
#16890 = ADVANCED_FACE('',(#16891),#16896,.T.);
#16891 = FACE_BOUND('',#16892,.T.);
#16892 = EDGE_LOOP('',(#16893,#16894,#16895));
#16893 = ORIENTED_EDGE('',*,*,#12394,.F.);
#16894 = ORIENTED_EDGE('',*,*,#15642,.F.);
#16895 = ORIENTED_EDGE('',*,*,#15614,.T.);
#16896 = PLANE('',#16897);
#16897 = AXIS2_PLACEMENT_3D('',#16898,#16899,#16900);
#16898 = CARTESIAN_POINT('',(21.152597848752,14.505803410817,
    3.2862648727));
#16899 = DIRECTION('',(0.652286781235,0.757971443385,1.116261451E-03));
#16900 = DIRECTION('',(0.757971915616,-0.652287187623,0.));
#16901 = ADVANCED_FACE('',(#16902),#16907,.T.);
#16902 = FACE_BOUND('',#16903,.T.);
#16903 = EDGE_LOOP('',(#16904,#16905,#16906));
#16904 = ORIENTED_EDGE('',*,*,#12410,.F.);
#16905 = ORIENTED_EDGE('',*,*,#15621,.F.);
#16906 = ORIENTED_EDGE('',*,*,#15593,.T.);
#16907 = PLANE('',#16908);
#16908 = AXIS2_PLACEMENT_3D('',#16909,#16910,#16911);
#16909 = CARTESIAN_POINT('',(21.035441890787,14.592852276015,
    3.286264678437));
#16910 = DIRECTION('',(0.532027472731,0.846726380804,1.097410271911E-03)
  );
#16911 = DIRECTION('',(0.846726890665,-0.532027793094,1.084202172486E-19
    ));
#16912 = ADVANCED_FACE('',(#16913),#16918,.T.);
#16913 = FACE_BOUND('',#16914,.T.);
#16914 = EDGE_LOOP('',(#16915,#16916,#16917));
#16915 = ORIENTED_EDGE('',*,*,#12426,.F.);
#16916 = ORIENTED_EDGE('',*,*,#15600,.F.);
#16917 = ORIENTED_EDGE('',*,*,#15572,.T.);
#16918 = PLANE('',#16919);
#16919 = AXIS2_PLACEMENT_3D('',#16920,#16921,#16922);
#16920 = CARTESIAN_POINT('',(20.90684585248,14.661881702119,
    3.286263972519));
#16921 = DIRECTION('',(0.399890531389,0.916562293418,1.060750103006E-03)
  );
#16922 = DIRECTION('',(0.916562809072,-0.399890756365,0.));
#16923 = ADVANCED_FACE('',(#16924),#16929,.T.);
#16924 = FACE_BOUND('',#16925,.T.);
#16925 = EDGE_LOOP('',(#16926,#16927,#16928));
#16926 = ORIENTED_EDGE('',*,*,#12442,.F.);
#16927 = ORIENTED_EDGE('',*,*,#15579,.F.);
#16928 = ORIENTED_EDGE('',*,*,#15551,.T.);
#16929 = PLANE('',#16930);
#16930 = AXIS2_PLACEMENT_3D('',#16931,#16932,#16933);
#16931 = CARTESIAN_POINT('',(20.769560838668,14.711415591728,
    3.286263200656));
#16932 = DIRECTION('',(0.258823982135,0.965923980367,1.005198564162E-03)
  );
#16933 = DIRECTION('',(0.965924468364,-0.258824112896,
    -5.421010862428E-20));
#16934 = ADVANCED_FACE('',(#16935),#16946,.T.);
#16935 = FACE_BOUND('',#16936,.T.);
#16936 = EDGE_LOOP('',(#16937,#16938,#16939,#16940));
#16937 = ORIENTED_EDGE('',*,*,#12681,.F.);
#16938 = ORIENTED_EDGE('',*,*,#12663,.F.);
#16939 = ORIENTED_EDGE('',*,*,#13436,.F.);
#16940 = ORIENTED_EDGE('',*,*,#16941,.T.);
#16941 = EDGE_CURVE('',#8970,#6575,#16942,.T.);
#16942 = LINE('',#16943,#16944);
#16943 = CARTESIAN_POINT('',(20.129409790039,13.732962608337,1.75));
#16944 = VECTOR('',#16945,1.);
#16945 = DIRECTION('',(0.,0.,1.));
#16946 = PLANE('',#16947);
#16947 = AXIS2_PLACEMENT_3D('',#16948,#16949,#16950);
#16948 = CARTESIAN_POINT('',(20.086493492126,13.740530014038,3.5));
#16949 = DIRECTION('',(-0.173650502593,-0.984807343062,-0.));
#16950 = DIRECTION('',(-0.984807343062,0.173650502593,0.));
#16951 = ADVANCED_FACE('',(#16952),#16963,.T.);
#16952 = FACE_BOUND('',#16953,.T.);
#16953 = EDGE_LOOP('',(#16954,#16955,#16956,#16962));
#16954 = ORIENTED_EDGE('',*,*,#16941,.F.);
#16955 = ORIENTED_EDGE('',*,*,#13420,.F.);
#16956 = ORIENTED_EDGE('',*,*,#16957,.T.);
#16957 = EDGE_CURVE('',#8924,#6598,#16958,.T.);
#16958 = LINE('',#16959,#16960);
#16959 = CARTESIAN_POINT('',(20.211309432983,13.703153610229,1.75));
#16960 = VECTOR('',#16961,1.);
#16961 = DIRECTION('',(0.,0.,1.));
#16962 = ORIENTED_EDGE('',*,*,#12697,.F.);
#16963 = PLANE('',#16964);
#16964 = AXIS2_PLACEMENT_3D('',#16965,#16966,#16967);
#16965 = CARTESIAN_POINT('',(20.170359611511,13.718058109283,3.5));
#16966 = DIRECTION('',(-0.342019797629,-0.939692746609,-0.));
#16967 = DIRECTION('',(-0.939692746609,0.342019797629,0.));
#16968 = ADVANCED_FACE('',(#16969),#16980,.T.);
#16969 = FACE_BOUND('',#16970,.T.);
#16970 = EDGE_LOOP('',(#16971,#16972,#16973,#16979));
#16971 = ORIENTED_EDGE('',*,*,#16957,.F.);
#16972 = ORIENTED_EDGE('',*,*,#13388,.F.);
#16973 = ORIENTED_EDGE('',*,*,#16974,.T.);
#16974 = EDGE_CURVE('',#8878,#6621,#16975,.T.);
#16975 = LINE('',#16976,#16977);
#16976 = CARTESIAN_POINT('',(20.28678894043,13.659576416016,1.75));
#16977 = VECTOR('',#16978,1.);
#16978 = DIRECTION('',(0.,0.,1.));
#16979 = ORIENTED_EDGE('',*,*,#12713,.F.);
#16980 = PLANE('',#16981);
#16981 = AXIS2_PLACEMENT_3D('',#16982,#16983,#16984);
#16982 = CARTESIAN_POINT('',(20.249049186707,13.681365013123,3.5));
#16983 = DIRECTION('',(-0.499992085455,-0.866029973201,-0.));
#16984 = DIRECTION('',(-0.866029973201,0.499992085455,0.));
#16985 = ADVANCED_FACE('',(#16986),#16997,.T.);
#16986 = FACE_BOUND('',#16987,.T.);
#16987 = EDGE_LOOP('',(#16988,#16989,#16990,#16996));
#16988 = ORIENTED_EDGE('',*,*,#16974,.F.);
#16989 = ORIENTED_EDGE('',*,*,#13356,.F.);
#16990 = ORIENTED_EDGE('',*,*,#16991,.T.);
#16991 = EDGE_CURVE('',#8832,#6644,#16992,.T.);
#16992 = LINE('',#16993,#16994);
#16993 = CARTESIAN_POINT('',(20.353553771973,13.603553771973,1.75));
#16994 = VECTOR('',#16995,1.);
#16995 = DIRECTION('',(0.,0.,1.));
#16996 = ORIENTED_EDGE('',*,*,#12729,.F.);
#16997 = PLANE('',#16998);
#16998 = AXIS2_PLACEMENT_3D('',#16999,#17000,#17001);
#16999 = CARTESIAN_POINT('',(20.320171356201,13.631565093994,3.5));
#17000 = DIRECTION('',(-0.642789619638,-0.766042756565,-0.));
#17001 = DIRECTION('',(-0.766042756565,0.642789619638,0.));
#17002 = ADVANCED_FACE('',(#17003),#17014,.T.);
#17003 = FACE_BOUND('',#17004,.T.);
#17004 = EDGE_LOOP('',(#17005,#17006,#17007,#17013));
#17005 = ORIENTED_EDGE('',*,*,#16991,.F.);
#17006 = ORIENTED_EDGE('',*,*,#13324,.F.);
#17007 = ORIENTED_EDGE('',*,*,#17008,.T.);
#17008 = EDGE_CURVE('',#8786,#6667,#17009,.T.);
#17009 = LINE('',#17010,#17011);
#17010 = CARTESIAN_POINT('',(20.409576416016,13.536787986755,1.75));
#17011 = VECTOR('',#17012,1.);
#17012 = DIRECTION('',(0.,0.,1.));
#17013 = ORIENTED_EDGE('',*,*,#12745,.F.);
#17014 = PLANE('',#17015);
#17015 = AXIS2_PLACEMENT_3D('',#17016,#17017,#17018);
#17016 = CARTESIAN_POINT('',(20.381565093994,13.570170879364,3.5));
#17017 = DIRECTION('',(-0.766047277597,-0.642784231672,-0.));
#17018 = DIRECTION('',(0.642784231672,-0.766047277597,0.));
#17019 = ADVANCED_FACE('',(#17020),#17031,.T.);
#17020 = FACE_BOUND('',#17021,.T.);
#17021 = EDGE_LOOP('',(#17022,#17023,#17024,#17030));
#17022 = ORIENTED_EDGE('',*,*,#17008,.F.);
#17023 = ORIENTED_EDGE('',*,*,#13292,.F.);
#17024 = ORIENTED_EDGE('',*,*,#17025,.T.);
#17025 = EDGE_CURVE('',#8740,#6690,#17026,.T.);
#17026 = LINE('',#17027,#17028);
#17027 = CARTESIAN_POINT('',(20.453153610229,13.461309432983,1.75));
#17028 = VECTOR('',#17029,1.);
#17029 = DIRECTION('',(0.,0.,1.));
#17030 = ORIENTED_EDGE('',*,*,#12761,.F.);
#17031 = PLANE('',#17032);
#17032 = AXIS2_PLACEMENT_3D('',#17033,#17034,#17035);
#17033 = CARTESIAN_POINT('',(20.431365013123,13.499048709869,3.5));
#17034 = DIRECTION('',(-0.866027237703,-0.499996823547,-0.));
#17035 = DIRECTION('',(0.499996823547,-0.866027237703,0.));
#17036 = ADVANCED_FACE('',(#17037),#17043,.T.);
#17037 = FACE_BOUND('',#17038,.T.);
#17038 = EDGE_LOOP('',(#17039,#17040,#17041,#17042));
#17039 = ORIENTED_EDGE('',*,*,#17025,.F.);
#17040 = ORIENTED_EDGE('',*,*,#13260,.F.);
#17041 = ORIENTED_EDGE('',*,*,#13475,.T.);
#17042 = ORIENTED_EDGE('',*,*,#12777,.F.);
#17043 = PLANE('',#17044);
#17044 = AXIS2_PLACEMENT_3D('',#17045,#17046,#17047);
#17045 = CARTESIAN_POINT('',(20.468058586121,13.420359611511,3.5));
#17046 = DIRECTION('',(-0.939689229826,-0.342029459767,-0.));
#17047 = DIRECTION('',(0.342029459767,-0.939689229826,0.));
#17048 = ADVANCED_FACE('',(#17049),#17060,.T.);
#17049 = FACE_BOUND('',#17050,.T.);
#17050 = EDGE_LOOP('',(#17051,#17052,#17053,#17059));
#17051 = ORIENTED_EDGE('',*,*,#13200,.F.);
#17052 = ORIENTED_EDGE('',*,*,#13244,.F.);
#17053 = ORIENTED_EDGE('',*,*,#17054,.T.);
#17054 = EDGE_CURVE('',#8717,#7339,#17055,.T.);
#17055 = LINE('',#17056,#17057);
#17056 = CARTESIAN_POINT('',(-20.40957641601,13.536787986755,1.75));
#17057 = VECTOR('',#17058,1.);
#17058 = DIRECTION('',(0.,0.,1.));
#17059 = ORIENTED_EDGE('',*,*,#13071,.F.);
#17060 = PLANE('',#17061);
#17061 = AXIS2_PLACEMENT_3D('',#17062,#17063,#17064);
#17062 = CARTESIAN_POINT('',(-20.43136501312,13.499048709869,3.5));
#17063 = DIRECTION('',(0.866027237703,-0.499996823547,0.));
#17064 = DIRECTION('',(0.499996823547,0.866027237703,0.));
#17065 = ADVANCED_FACE('',(#17066),#17077,.T.);
#17066 = FACE_BOUND('',#17067,.T.);
#17067 = EDGE_LOOP('',(#17068,#17069,#17070,#17076));
#17068 = ORIENTED_EDGE('',*,*,#17054,.F.);
#17069 = ORIENTED_EDGE('',*,*,#13276,.F.);
#17070 = ORIENTED_EDGE('',*,*,#17071,.T.);
#17071 = EDGE_CURVE('',#8763,#7362,#17072,.T.);
#17072 = LINE('',#17073,#17074);
#17073 = CARTESIAN_POINT('',(-20.35355377197,13.603553771973,1.75));
#17074 = VECTOR('',#17075,1.);
#17075 = DIRECTION('',(0.,0.,1.));
#17076 = ORIENTED_EDGE('',*,*,#13087,.F.);
#17077 = PLANE('',#17078);
#17078 = AXIS2_PLACEMENT_3D('',#17079,#17080,#17081);
#17079 = CARTESIAN_POINT('',(-20.38156509399,13.570170879364,3.5));
#17080 = DIRECTION('',(0.766047277597,-0.642784231672,0.));
#17081 = DIRECTION('',(0.642784231672,0.766047277597,0.));
#17082 = ADVANCED_FACE('',(#17083),#17094,.T.);
#17083 = FACE_BOUND('',#17084,.T.);
#17084 = EDGE_LOOP('',(#17085,#17086,#17087,#17093));
#17085 = ORIENTED_EDGE('',*,*,#17071,.F.);
#17086 = ORIENTED_EDGE('',*,*,#13308,.F.);
#17087 = ORIENTED_EDGE('',*,*,#17088,.T.);
#17088 = EDGE_CURVE('',#8809,#7385,#17089,.T.);
#17089 = LINE('',#17090,#17091);
#17090 = CARTESIAN_POINT('',(-20.28678894043,13.659576416016,1.75));
#17091 = VECTOR('',#17092,1.);
#17092 = DIRECTION('',(0.,0.,1.));
#17093 = ORIENTED_EDGE('',*,*,#13103,.F.);
#17094 = PLANE('',#17095);
#17095 = AXIS2_PLACEMENT_3D('',#17096,#17097,#17098);
#17096 = CARTESIAN_POINT('',(-20.3201713562,13.631565093994,3.5));
#17097 = DIRECTION('',(0.642789619638,-0.766042756565,0.));
#17098 = DIRECTION('',(-0.766042756565,-0.642789619638,0.));
#17099 = ADVANCED_FACE('',(#17100),#17111,.T.);
#17100 = FACE_BOUND('',#17101,.T.);
#17101 = EDGE_LOOP('',(#17102,#17103,#17104,#17110));
#17102 = ORIENTED_EDGE('',*,*,#17088,.F.);
#17103 = ORIENTED_EDGE('',*,*,#13340,.F.);
#17104 = ORIENTED_EDGE('',*,*,#17105,.T.);
#17105 = EDGE_CURVE('',#8855,#7408,#17106,.T.);
#17106 = LINE('',#17107,#17108);
#17107 = CARTESIAN_POINT('',(-20.21130943298,13.703153610229,1.75));
#17108 = VECTOR('',#17109,1.);
#17109 = DIRECTION('',(0.,0.,1.));
#17110 = ORIENTED_EDGE('',*,*,#13119,.F.);
#17111 = PLANE('',#17112);
#17112 = AXIS2_PLACEMENT_3D('',#17113,#17114,#17115);
#17113 = CARTESIAN_POINT('',(-20.2490491867,13.681365013123,3.5));
#17114 = DIRECTION('',(0.499992085455,-0.866029973201,0.));
#17115 = DIRECTION('',(-0.866029973201,-0.499992085455,0.));
#17116 = ADVANCED_FACE('',(#17117),#17128,.T.);
#17117 = FACE_BOUND('',#17118,.T.);
#17118 = EDGE_LOOP('',(#17119,#17120,#17121,#17127));
#17119 = ORIENTED_EDGE('',*,*,#17105,.F.);
#17120 = ORIENTED_EDGE('',*,*,#13372,.F.);
#17121 = ORIENTED_EDGE('',*,*,#17122,.T.);
#17122 = EDGE_CURVE('',#8901,#7431,#17123,.T.);
#17123 = LINE('',#17124,#17125);
#17124 = CARTESIAN_POINT('',(-20.12940979003,13.732962608337,1.75));
#17125 = VECTOR('',#17126,1.);
#17126 = DIRECTION('',(0.,0.,1.));
#17127 = ORIENTED_EDGE('',*,*,#13135,.F.);
#17128 = PLANE('',#17129);
#17129 = AXIS2_PLACEMENT_3D('',#17130,#17131,#17132);
#17130 = CARTESIAN_POINT('',(-20.17035961151,13.718058109283,3.5));
#17131 = DIRECTION('',(0.342019797629,-0.939692746609,0.));
#17132 = DIRECTION('',(-0.939692746609,-0.342019797629,0.));
#17133 = ADVANCED_FACE('',(#17134),#17140,.T.);
#17134 = FACE_BOUND('',#17135,.T.);
#17135 = EDGE_LOOP('',(#17136,#17137,#17138,#17139));
#17136 = ORIENTED_EDGE('',*,*,#17122,.F.);
#17137 = ORIENTED_EDGE('',*,*,#13404,.F.);
#17138 = ORIENTED_EDGE('',*,*,#13166,.F.);
#17139 = ORIENTED_EDGE('',*,*,#13151,.F.);
#17140 = PLANE('',#17141);
#17141 = AXIS2_PLACEMENT_3D('',#17142,#17143,#17144);
#17142 = CARTESIAN_POINT('',(-20.08649349212,13.740530014038,3.5));
#17143 = DIRECTION('',(0.173650502593,-0.984807343062,0.));
#17144 = DIRECTION('',(-0.984807343062,-0.173650502593,0.));
#17145 = ( GEOMETRIC_REPRESENTATION_CONTEXT(3) 
GLOBAL_UNCERTAINTY_ASSIGNED_CONTEXT((#17149)) 
GLOBAL_UNIT_ASSIGNED_CONTEXT((#17146,#17147,#17148)) 
REPRESENTATION_CONTEXT('Context #1',
  '3D Context with UNIT and UNCERTAINTY') );
#17146 = ( LENGTH_UNIT() NAMED_UNIT(*) SI_UNIT(.MILLI.,.METRE.) );
#17147 = ( NAMED_UNIT(*) PLANE_ANGLE_UNIT() SI_UNIT($,.RADIAN.) );
#17148 = ( NAMED_UNIT(*) SI_UNIT($,.STERADIAN.) SOLID_ANGLE_UNIT() );
#17149 = UNCERTAINTY_MEASURE_WITH_UNIT(LENGTH_MEASURE(1.E-05),#17146,
  'distance_accuracy_value','confusion accuracy');
#17150 = PRODUCT_RELATED_PRODUCT_CATEGORY('part',$,(#7));
#17151 = MECHANICAL_DESIGN_GEOMETRIC_PRESENTATION_REPRESENTATION('',(
    #17152),#17145);
#17152 = STYLED_ITEM('color',(#17153),#15);
#17153 = PRESENTATION_STYLE_ASSIGNMENT((#17154,#17162));
#17154 = SURFACE_STYLE_USAGE(.BOTH.,#17155);
#17155 = SURFACE_SIDE_STYLE('',(#17156,#17160));
#17156 = SURFACE_STYLE_FILL_AREA(#17157);
#17157 = FILL_AREA_STYLE('',(#17158));
#17158 = FILL_AREA_STYLE_COLOUR('',#17159);
#17159 = COLOUR_RGB('',0.800000010877,0.800000010877,0.901960800373);
#17160 = SURFACE_STYLE_RENDERING_WITH_PROPERTIES(.NORMAL_SHADING.,#17159
  ,(#17161));
#17161 = SURFACE_STYLE_TRANSPARENT(0.699999988079);
#17162 = CURVE_STYLE('',#17163,POSITIVE_LENGTH_MEASURE(0.1),#17164);
#17163 = DRAUGHTING_PRE_DEFINED_CURVE_FONT('continuous');
#17164 = COLOUR_RGB('',9.803921802644E-02,9.803921802644E-02,
  9.803921802644E-02);
ENDSEC;
END-ISO-10303-21;
