ISO-10303-21;
HEADER;
/* Generated by software containing ST-Developer
 * from STEP Tools, Inc. (www.steptools.com) 
 */

FILE_DESCRIPTION(
/* description */ ('NIMH BATTERY'),
/* implementation_level */ '2;1');

FILE_NAME(
/* name */ 
'C:\\IV2022WorkFolder\\Designs\\Bob\\VENDORS\\MECHANICAL\\ONYX\\Batter
y publish\\ONXM2210 NiMH BATTERY [2000mAh 4.8V AA].stp',
/* time_stamp */ '2022-12-27T09:35:01-06:00',
/* author */ ('dotwibo2'),
/* organization */ (''),
/* preprocessor_version */ 'ST-DEVELOPER v18.1',
/* originating_system */ 'Autodesk Inventor 2022',
/* authorisation */ '');

FILE_SCHEMA (('CONFIG_CONTROL_DESIGN'));
ENDSEC;

DATA;
#10=MECHANICAL_DESIGN_GEOMETRIC_PRESENTATION_REPRESENTATION('',(#144,#145,
#146,#147,#148),#2476);
#11=SHAPE_REPRESENTATION_RELATIONSHIP('SRR','None',#2487,#12);
#12=ADVANCED_BREP_SHAPE_REPRESENTATION('',(#13),#2475);
#13=MANIFOLD_SOLID_BREP('Solid1',#1113);
#14=FACE_BOUND('',#258,.T.);
#15=ELLIPSE('',#1169,0.223606797749979,0.1);
#16=ELLIPSE('',#1170,0.223606797749979,0.1);
#17=ELLIPSE('',#1171,1.09371066980803,0.2);
#18=ELLIPSE('',#1172,1.0799088059887,0.1);
#19=ELLIPSE('',#1174,1.0799088059887,0.1);
#20=ELLIPSE('',#1176,1.09371066980803,0.2);
#21=ELLIPSE('',#1177,0.223606797749979,0.1);
#22=ELLIPSE('',#1178,0.223606797749979,0.1);
#23=B_SPLINE_SURFACE_WITH_KNOTS('',3,3,((#1812,#1813,#1814,#1815,#1816,
#1817,#1818,#1819),(#1820,#1821,#1822,#1823,#1824,#1825,#1826,#1827),(#1828,
#1829,#1830,#1831,#1832,#1833,#1834,#1835),(#1836,#1837,#1838,#1839,#1840,
#1841,#1842,#1843),(#1844,#1845,#1846,#1847,#1848,#1849,#1850,#1851)),
 .UNSPECIFIED.,.F.,.F.,.F.,(4,1,4),(4,1,1,1,1,4),(0.,0.5,1.),(0.,0.183052478677207,
0.305087464462011,0.366104957354413,0.396613703800614,0.427122450246815),
 .UNSPECIFIED.);
#24=B_SPLINE_SURFACE_WITH_KNOTS('',3,3,((#1862,#1863,#1864,#1865,#1866,
#1867),(#1868,#1869,#1870,#1871,#1872,#1873),(#1874,#1875,#1876,#1877,#1878,
#1879),(#1880,#1881,#1882,#1883,#1884,#1885)),.UNSPECIFIED.,.F.,.F.,.F.,
(4,4),(4,2,4),(0.,1.),(-0.0324778602193283,0.,0.000693894483883316),
 .UNSPECIFIED.);
#25=B_SPLINE_SURFACE_WITH_KNOTS('',3,3,((#1899,#1900,#1901,#1902,#1903,
#1904,#1905,#1906),(#1907,#1908,#1909,#1910,#1911,#1912,#1913,#1914),(#1915,
#1916,#1917,#1918,#1919,#1920,#1921,#1922),(#1923,#1924,#1925,#1926,#1927,
#1928,#1929,#1930),(#1931,#1932,#1933,#1934,#1935,#1936,#1937,#1938)),
 .UNSPECIFIED.,.F.,.F.,.F.,(4,1,4),(4,1,1,1,1,4),(0.,0.5,1.),(0.,0.244069873891995,
0.305087342364994,0.366104810837992,0.396613545074492,0.427122279310991),
 .UNSPECIFIED.);
#26=B_SPLINE_SURFACE_WITH_KNOTS('',3,3,((#1951,#1952,#1953,#1954,#1955,
#1956),(#1957,#1958,#1959,#1960,#1961,#1962),(#1963,#1964,#1965,#1966,#1967,
#1968),(#1969,#1970,#1971,#1972,#1973,#1974)),.UNSPECIFIED.,.F.,.F.,.F.,
(4,4),(4,2,4),(0.,1.),(0.,0.032477949646317,0.0331717544978269),
 .UNSPECIFIED.);
#27=B_SPLINE_SURFACE_WITH_KNOTS('',3,3,((#1988,#1989,#1990,#1991),(#1992,
#1993,#1994,#1995),(#1996,#1997,#1998,#1999),(#2000,#2001,#2002,#2003)),
 .UNSPECIFIED.,.F.,.F.,.F.,(4,4),(4,4),(0.,1.),(-1.5707963267949,-1.38689782620087),
 .UNSPECIFIED.);
#28=B_SPLINE_SURFACE_WITH_KNOTS('',3,3,((#2010,#2011,#2012,#2013,#2014),
(#2015,#2016,#2017,#2018,#2019),(#2020,#2021,#2022,#2023,#2024),(#2025,
#2026,#2027,#2028,#2029),(#2030,#2031,#2032,#2033,#2034)),.UNSPECIFIED.,
 .F.,.F.,.F.,(4,1,4),(4,1,4),(0.,0.571428571428571,1.),(-1.13004273176714,
-0.72455234697866,-0.183898500594024),.UNSPECIFIED.);
#29=B_SPLINE_SURFACE_WITH_KNOTS('',3,3,((#2039,#2040,#2041,#2042,#2043),
(#2044,#2045,#2046,#2047,#2048),(#2049,#2050,#2051,#2052,#2053),(#2054,
#2055,#2056,#2057,#2058),(#2059,#2060,#2061,#2062,#2063)),.UNSPECIFIED.,
 .F.,.F.,.F.,(4,1,4),(4,1,4),(0.,0.571428571428571,1.),(0.183898500594029,
0.589388885382504,1.13004273176714),.UNSPECIFIED.);
#30=B_SPLINE_SURFACE_WITH_KNOTS('',3,3,((#2069,#2070,#2071,#2072),(#2073,
#2074,#2075,#2076),(#2077,#2078,#2079,#2080),(#2081,#2082,#2083,#2084)),
 .UNSPECIFIED.,.F.,.F.,.F.,(4,4),(4,4),(0.,1.),(1.38689782620086,1.5707963267949),
 .UNSPECIFIED.);
#31=B_SPLINE_SURFACE_WITH_KNOTS('',3,3,((#2118,#2119,#2120,#2121,#2122,
#2123,#2124),(#2125,#2126,#2127,#2128,#2129,#2130,#2131),(#2132,#2133,#2134,
#2135,#2136,#2137,#2138),(#2139,#2140,#2141,#2142,#2143,#2144,#2145),(#2146,
#2147,#2148,#2149,#2150,#2151,#2152)),.UNSPECIFIED.,.F.,.F.,.F.,(4,1,4),
(4,1,1,1,4),(0.,0.571428571428571,1.),(0.0765853585600626,0.209010199569262,
0.341435040578461,0.518001495257393,0.694567949936326),.UNSPECIFIED.);
#32=B_SPLINE_SURFACE_WITH_KNOTS('',3,3,((#2166,#2167,#2168,#2169,#2170,
#2171,#2172,#2173),(#2174,#2175,#2176,#2177,#2178,#2179,#2180,#2181),(#2182,
#2183,#2184,#2185,#2186,#2187,#2188,#2189),(#2190,#2191,#2192,#2193,#2194,
#2195,#2196,#2197),(#2198,#2199,#2200,#2201,#2202,#2203,#2204,#2205)),
 .UNSPECIFIED.,.F.,.F.,.F.,(4,1,4),(4,1,1,1,1,4),(0.,0.571428571428571,
1.),(0.,0.176561808770286,0.264842713155429,0.441404521925716,0.529685426310859,
0.617966330696002),.UNSPECIFIED.);
#33=B_SPLINE_SURFACE_WITH_KNOTS('',3,3,((#2216,#2217,#2218,#2219,#2220),
(#2221,#2222,#2223,#2224,#2225),(#2226,#2227,#2228,#2229,#2230),(#2231,
#2232,#2233,#2234,#2235),(#2236,#2237,#2238,#2239,#2240)),.UNSPECIFIED.,
 .F.,.F.,.F.,(4,1,4),(4,1,4),(0.,0.571428571428571,1.),(-5.98213511956133E-9,
0.165424749682167,0.385991090567903),.UNSPECIFIED.);
#34=B_SPLINE_SURFACE_WITH_KNOTS('',3,3,((#2248,#2249,#2250,#2251,#2252,
#2253),(#2254,#2255,#2256,#2257,#2258,#2259),(#2260,#2261,#2262,#2263,#2264,
#2265),(#2266,#2267,#2268,#2269,#2270,#2271),(#2272,#2273,#2274,#2275,#2276,
#2277)),.UNSPECIFIED.,.F.,.F.,.F.,(4,1,4),(4,1,1,4),(0.,0.571428571428571,
1.),(1.97908075030967,2.06179312469888,2.14450549908808,2.36507183079263),
 .UNSPECIFIED.);
#35=B_SPLINE_CURVE_WITH_KNOTS('',3,(#1764,#1765,#1766,#1767,#1768,#1769,
#1770,#1771),.UNSPECIFIED.,.F.,.F.,(4,1,1,1,1,4),(-0.427122450246815,-0.396613703800614,
-0.366104957354413,-0.305087464462011,-0.183052478677207,0.),
 .UNSPECIFIED.);
#36=B_SPLINE_CURVE_WITH_KNOTS('',3,(#1775,#1776,#1777,#1778,#1779,#1780,
#1781,#1782),.UNSPECIFIED.,.F.,.F.,(4,1,1,1,1,4),(0.,0.244069873891995,
0.305087342364994,0.366104810837992,0.396613545074492,0.427122279310991),
 .UNSPECIFIED.);
#37=B_SPLINE_CURVE_WITH_KNOTS('',3,(#1790,#1791,#1792,#1793,#1794),
 .UNSPECIFIED.,.F.,.F.,(4,1,4),(-3.27128037621089E-16,0.165424749682167,
0.385991090567903),.UNSPECIFIED.);
#38=B_SPLINE_CURVE_WITH_KNOTS('',3,(#1796,#1797,#1798,#1799,#1800,#1801,
#1802,#1803),.UNSPECIFIED.,.F.,.F.,(4,1,1,1,1,4),(0.,0.176561808770286,
0.264842713155429,0.441404521925716,0.529685426310859,0.617966329245649),
 .UNSPECIFIED.);
#39=B_SPLINE_CURVE_WITH_KNOTS('',3,(#1854,#1855,#1856,#1857,#1858,#1859,
#1860,#1861),.UNSPECIFIED.,.F.,.F.,(4,1,1,1,1,4),(0.,0.183052478677207,
0.305087464462011,0.366104957354413,0.396613703800614,0.427122450246815),
 .UNSPECIFIED.);
#40=B_SPLINE_CURVE_WITH_KNOTS('',3,(#1887,#1888,#1889,#1890,#1891,#1892),
 .UNSPECIFIED.,.F.,.F.,(4,2,4),(-0.0324778602193283,0.,0.000693894483883316),
 .UNSPECIFIED.);
#41=B_SPLINE_CURVE_WITH_KNOTS('',3,(#1893,#1894,#1895,#1896,#1897,#1898),
 .UNSPECIFIED.,.F.,.F.,(4,2,4),(-0.000693894483883316,0.,0.0324778602193283),
 .UNSPECIFIED.);
#42=B_SPLINE_CURVE_WITH_KNOTS('',3,(#1942,#1943,#1944,#1945,#1946,#1947,
#1948,#1949),.UNSPECIFIED.,.F.,.F.,(4,1,1,1,1,4),(-0.427122279310991,-0.396613545074492,
-0.366104810837992,-0.305087342364994,-0.244069873891995,0.),
 .UNSPECIFIED.);
#43=B_SPLINE_CURVE_WITH_KNOTS('',3,(#1976,#1977,#1978,#1979,#1980,#1981),
 .UNSPECIFIED.,.F.,.F.,(4,2,4),(0.,0.032477949646317,0.0331717544978269),
 .UNSPECIFIED.);
#44=B_SPLINE_CURVE_WITH_KNOTS('',3,(#1982,#1983,#1984,#1985,#1986,#1987),
 .UNSPECIFIED.,.F.,.F.,(4,2,4),(-0.0331717544978269,-0.032477949646317,
0.),.UNSPECIFIED.);
#45=B_SPLINE_CURVE_WITH_KNOTS('',3,(#2096,#2097,#2098,#2099,#2100,#2101,
#2102),.UNSPECIFIED.,.F.,.F.,(4,1,1,1,4),(0.0765853585600626,0.209010199569262,
0.341435040578461,0.518001495257393,0.694567949936326),.UNSPECIFIED.);
#46=B_SPLINE_CURVE_WITH_KNOTS('',3,(#2104,#2105,#2106,#2107,#2108,#2109),
 .UNSPECIFIED.,.F.,.F.,(4,1,1,4),(1.97908075030967,2.06179312469888,2.14450549908808,
2.36507183079263),.UNSPECIFIED.);
#47=B_SPLINE_CURVE_WITH_KNOTS('',3,(#2155,#2156,#2157,#2158,#2159,#2160,
#2161),.UNSPECIFIED.,.F.,.F.,(4,1,1,1,4),(-0.694567949936326,-0.518001495257393,
-0.341435040578461,-0.209010199569262,-0.0765853585600626),
 .UNSPECIFIED.);
#48=B_SPLINE_CURVE_WITH_KNOTS('',3,(#2208,#2209,#2210,#2211,#2212,#2213,
#2214,#2215),.UNSPECIFIED.,.F.,.F.,(4,1,1,1,1,4),(-0.617966329245649,-0.529685426310859,
-0.441404521925716,-0.264842713155429,-0.176561808770286,0.),
 .UNSPECIFIED.);
#49=B_SPLINE_CURVE_WITH_KNOTS('',3,(#2243,#2244,#2245,#2246,#2247),
 .UNSPECIFIED.,.F.,.F.,(4,1,4),(-0.385991090567903,-0.165424749682167,-6.50325674141314E-9),
 .UNSPECIFIED.);
#50=B_SPLINE_CURVE_WITH_KNOTS('',3,(#2280,#2281,#2282,#2283,#2284,#2285),
 .UNSPECIFIED.,.F.,.F.,(4,1,1,4),(-2.36507183079263,-2.14450549908808,-2.06179312469888,
-1.97908075030967),.UNSPECIFIED.);
#51=PLANE('',#1159);
#52=PLANE('',#1194);
#53=PLANE('',#1202);
#54=PLANE('',#1205);
#55=PLANE('',#1210);
#56=PLANE('',#1211);
#57=PLANE('',#1212);
#58=PLANE('',#1284);
#59=LINE('',#1737,#90);
#60=LINE('',#1740,#91);
#61=LINE('',#1747,#92);
#62=LINE('',#1760,#93);
#63=LINE('',#1762,#94);
#64=LINE('',#1773,#95);
#65=LINE('',#1783,#96);
#66=LINE('',#1788,#97);
#67=LINE('',#1805,#98);
#68=LINE('',#1808,#99);
#69=LINE('',#1811,#100);
#70=LINE('',#2038,#101);
#71=LINE('',#2090,#102);
#72=LINE('',#2094,#103);
#73=LINE('',#2110,#104);
#74=LINE('',#2113,#105);
#75=LINE('',#2116,#106);
#76=LINE('',#2117,#107);
#77=LINE('',#2165,#108);
#78=LINE('',#2294,#109);
#79=LINE('',#2298,#110);
#80=LINE('',#2409,#111);
#81=LINE('',#2413,#112);
#82=LINE('',#2417,#113);
#83=LINE('',#2421,#114);
#84=LINE('',#2425,#115);
#85=LINE('',#2429,#116);
#86=LINE('',#2465,#117);
#87=LINE('',#2467,#118);
#88=LINE('',#2469,#119);
#89=LINE('',#2471,#120);
#90=VECTOR('',#1342,0.032);
#91=VECTOR('',#1345,0.393700787401575);
#92=VECTOR('',#1358,0.393700787401575);
#93=VECTOR('',#1373,0.393700787401575);
#94=VECTOR('',#1374,0.393700787401575);
#95=VECTOR('',#1375,0.393700787401575);
#96=VECTOR('',#1376,0.393700787401575);
#97=VECTOR('',#1381,0.393700787401575);
#98=VECTOR('',#1382,0.393700787401575);
#99=VECTOR('',#1387,0.393700787401575);
#100=VECTOR('',#1390,0.393700787401575);
#101=VECTOR('',#1409,0.393700787401575);
#102=VECTOR('',#1422,0.393700787401575);
#103=VECTOR('',#1427,0.393700787401575);
#104=VECTOR('',#1428,0.393700787401575);
#105=VECTOR('',#1431,0.393700787401575);
#106=VECTOR('',#1436,0.393700787401575);
#107=VECTOR('',#1437,0.393700787401575);
#108=VECTOR('',#1444,0.393700787401575);
#109=VECTOR('',#1463,0.393700787401575);
#110=VECTOR('',#1466,0.393700787401575);
#111=VECTOR('',#1617,0.393700787401575);
#112=VECTOR('',#1622,0.393700787401575);
#113=VECTOR('',#1627,0.393700787401575);
#114=VECTOR('',#1632,0.393700787401575);
#115=VECTOR('',#1637,0.393700787401575);
#116=VECTOR('',#1642,0.393700787401575);
#117=VECTOR('',#1705,0.393700787401575);
#118=VECTOR('',#1708,0.393700787401575);
#119=VECTOR('',#1711,0.393700787401575);
#120=VECTOR('',#1714,0.393700787401575);
#121=CYLINDRICAL_SURFACE('',#1145,0.032);
#122=CYLINDRICAL_SURFACE('',#1148,0.032);
#123=CYLINDRICAL_SURFACE('',#1151,0.032);
#124=CYLINDRICAL_SURFACE('',#1160,0.0465);
#125=CYLINDRICAL_SURFACE('',#1163,0.116);
#126=CYLINDRICAL_SURFACE('',#1173,0.1);
#127=CYLINDRICAL_SURFACE('',#1179,0.209);
#128=CYLINDRICAL_SURFACE('',#1181,0.0465);
#129=CYLINDRICAL_SURFACE('',#1182,0.1);
#130=CYLINDRICAL_SURFACE('',#1184,0.1);
#131=CYLINDRICAL_SURFACE('',#1186,0.1);
#132=CYLINDRICAL_SURFACE('',#1195,0.2885);
#133=CYLINDRICAL_SURFACE('',#1272,0.5);
#134=CYLINDRICAL_SURFACE('',#1274,0.2885);
#135=CYLINDRICAL_SURFACE('',#1276,0.5);
#136=CYLINDRICAL_SURFACE('',#1278,0.2885);
#137=CYLINDRICAL_SURFACE('',#1280,0.5);
#138=CYLINDRICAL_SURFACE('',#1282,0.2885);
#139=CYLINDRICAL_SURFACE('',#1313,0.5);
#140=CYLINDRICAL_SURFACE('',#1314,0.2885);
#141=CYLINDRICAL_SURFACE('',#1315,0.5);
#142=CYLINDRICAL_SURFACE('',#1316,0.2885);
#143=CYLINDRICAL_SURFACE('',#1317,0.5);
#144=STYLED_ITEM('',(#2497),#1039);
#145=STYLED_ITEM('',(#2497),#1040);
#146=STYLED_ITEM('',(#2497),#1041);
#147=STYLED_ITEM('',(#2497),#1072);
#148=STYLED_ITEM('',(#2496),#13);
#149=FACE_OUTER_BOUND('',#224,.T.);
#150=FACE_OUTER_BOUND('',#225,.T.);
#151=FACE_OUTER_BOUND('',#226,.T.);
#152=FACE_OUTER_BOUND('',#227,.T.);
#153=FACE_OUTER_BOUND('',#228,.T.);
#154=FACE_OUTER_BOUND('',#229,.T.);
#155=FACE_OUTER_BOUND('',#230,.T.);
#156=FACE_OUTER_BOUND('',#231,.T.);
#157=FACE_OUTER_BOUND('',#232,.T.);
#158=FACE_OUTER_BOUND('',#233,.T.);
#159=FACE_OUTER_BOUND('',#234,.T.);
#160=FACE_OUTER_BOUND('',#235,.T.);
#161=FACE_OUTER_BOUND('',#236,.T.);
#162=FACE_OUTER_BOUND('',#237,.T.);
#163=FACE_OUTER_BOUND('',#238,.T.);
#164=FACE_OUTER_BOUND('',#239,.T.);
#165=FACE_OUTER_BOUND('',#240,.T.);
#166=FACE_OUTER_BOUND('',#241,.T.);
#167=FACE_OUTER_BOUND('',#242,.T.);
#168=FACE_OUTER_BOUND('',#243,.T.);
#169=FACE_OUTER_BOUND('',#244,.T.);
#170=FACE_OUTER_BOUND('',#245,.T.);
#171=FACE_OUTER_BOUND('',#246,.T.);
#172=FACE_OUTER_BOUND('',#247,.T.);
#173=FACE_OUTER_BOUND('',#248,.T.);
#174=FACE_OUTER_BOUND('',#249,.T.);
#175=FACE_OUTER_BOUND('',#250,.T.);
#176=FACE_OUTER_BOUND('',#251,.T.);
#177=FACE_OUTER_BOUND('',#252,.T.);
#178=FACE_OUTER_BOUND('',#253,.T.);
#179=FACE_OUTER_BOUND('',#254,.T.);
#180=FACE_OUTER_BOUND('',#255,.T.);
#181=FACE_OUTER_BOUND('',#256,.T.);
#182=FACE_OUTER_BOUND('',#257,.T.);
#183=FACE_OUTER_BOUND('',#259,.T.);
#184=FACE_OUTER_BOUND('',#260,.T.);
#185=FACE_OUTER_BOUND('',#261,.T.);
#186=FACE_OUTER_BOUND('',#262,.T.);
#187=FACE_OUTER_BOUND('',#263,.T.);
#188=FACE_OUTER_BOUND('',#264,.T.);
#189=FACE_OUTER_BOUND('',#265,.T.);
#190=FACE_OUTER_BOUND('',#266,.T.);
#191=FACE_OUTER_BOUND('',#267,.T.);
#192=FACE_OUTER_BOUND('',#268,.T.);
#193=FACE_OUTER_BOUND('',#269,.T.);
#194=FACE_OUTER_BOUND('',#270,.T.);
#195=FACE_OUTER_BOUND('',#271,.T.);
#196=FACE_OUTER_BOUND('',#272,.T.);
#197=FACE_OUTER_BOUND('',#273,.T.);
#198=FACE_OUTER_BOUND('',#274,.T.);
#199=FACE_OUTER_BOUND('',#275,.T.);
#200=FACE_OUTER_BOUND('',#276,.T.);
#201=FACE_OUTER_BOUND('',#277,.T.);
#202=FACE_OUTER_BOUND('',#278,.T.);
#203=FACE_OUTER_BOUND('',#279,.T.);
#204=FACE_OUTER_BOUND('',#280,.T.);
#205=FACE_OUTER_BOUND('',#281,.T.);
#206=FACE_OUTER_BOUND('',#282,.T.);
#207=FACE_OUTER_BOUND('',#283,.T.);
#208=FACE_OUTER_BOUND('',#284,.T.);
#209=FACE_OUTER_BOUND('',#285,.T.);
#210=FACE_OUTER_BOUND('',#286,.T.);
#211=FACE_OUTER_BOUND('',#287,.T.);
#212=FACE_OUTER_BOUND('',#288,.T.);
#213=FACE_OUTER_BOUND('',#289,.T.);
#214=FACE_OUTER_BOUND('',#290,.T.);
#215=FACE_OUTER_BOUND('',#291,.T.);
#216=FACE_OUTER_BOUND('',#292,.T.);
#217=FACE_OUTER_BOUND('',#293,.T.);
#218=FACE_OUTER_BOUND('',#294,.T.);
#219=FACE_OUTER_BOUND('',#295,.T.);
#220=FACE_OUTER_BOUND('',#296,.T.);
#221=FACE_OUTER_BOUND('',#297,.T.);
#222=FACE_OUTER_BOUND('',#298,.T.);
#223=FACE_OUTER_BOUND('',#299,.T.);
#224=EDGE_LOOP('',(#672,#673,#674,#675));
#225=EDGE_LOOP('',(#676,#677,#678,#679));
#226=EDGE_LOOP('',(#680,#681,#682,#683,#684));
#227=EDGE_LOOP('',(#685,#686,#687,#688));
#228=EDGE_LOOP('',(#689,#690,#691,#692,#693));
#229=EDGE_LOOP('',(#694,#695,#696,#697));
#230=EDGE_LOOP('',(#698,#699,#700,#701,#702,#703));
#231=EDGE_LOOP('',(#704,#705,#706,#707,#708,#709,#710));
#232=EDGE_LOOP('',(#711,#712,#713,#714));
#233=EDGE_LOOP('',(#715,#716,#717,#718));
#234=EDGE_LOOP('',(#719,#720,#721));
#235=EDGE_LOOP('',(#722,#723,#724,#725));
#236=EDGE_LOOP('',(#726,#727,#728));
#237=EDGE_LOOP('',(#729,#730,#731));
#238=EDGE_LOOP('',(#732,#733,#734,#735,#736));
#239=EDGE_LOOP('',(#737,#738,#739,#740));
#240=EDGE_LOOP('',(#741,#742,#743,#744,#745));
#241=EDGE_LOOP('',(#746,#747,#748));
#242=EDGE_LOOP('',(#749,#750,#751,#752));
#243=EDGE_LOOP('',(#753,#754,#755,#756,#757,#758,#759));
#244=EDGE_LOOP('',(#760,#761,#762,#763,#764));
#245=EDGE_LOOP('',(#765,#766,#767,#768));
#246=EDGE_LOOP('',(#769,#770,#771,#772));
#247=EDGE_LOOP('',(#773,#774,#775,#776,#777));
#248=EDGE_LOOP('',(#778,#779,#780,#781));
#249=EDGE_LOOP('',(#782,#783,#784,#785));
#250=EDGE_LOOP('',(#786,#787,#788,#789));
#251=EDGE_LOOP('',(#790,#791,#792,#793));
#252=EDGE_LOOP('',(#794,#795,#796,#797));
#253=EDGE_LOOP('',(#798,#799,#800,#801,#802,#803,#804,#805));
#254=EDGE_LOOP('',(#806,#807,#808,#809));
#255=EDGE_LOOP('',(#810,#811,#812,#813));
#256=EDGE_LOOP('',(#814,#815,#816,#817));
#257=EDGE_LOOP('',(#818,#819,#820,#821));
#258=EDGE_LOOP('',(#822,#823,#824,#825));
#259=EDGE_LOOP('',(#826,#827,#828,#829,#830));
#260=EDGE_LOOP('',(#831,#832,#833,#834));
#261=EDGE_LOOP('',(#835,#836));
#262=EDGE_LOOP('',(#837));
#263=EDGE_LOOP('',(#838,#839,#840,#841,#842,#843,#844,#845,#846,#847,#848,
#849,#850,#851,#852,#853));
#264=EDGE_LOOP('',(#854,#855,#856,#857));
#265=EDGE_LOOP('',(#858,#859,#860,#861));
#266=EDGE_LOOP('',(#862,#863,#864,#865));
#267=EDGE_LOOP('',(#866,#867,#868,#869));
#268=EDGE_LOOP('',(#870,#871,#872,#873));
#269=EDGE_LOOP('',(#874,#875,#876,#877));
#270=EDGE_LOOP('',(#878,#879,#880,#881));
#271=EDGE_LOOP('',(#882,#883,#884,#885));
#272=EDGE_LOOP('',(#886,#887,#888,#889));
#273=EDGE_LOOP('',(#890,#891,#892,#893));
#274=EDGE_LOOP('',(#894,#895,#896,#897));
#275=EDGE_LOOP('',(#898,#899,#900,#901));
#276=EDGE_LOOP('',(#902,#903,#904,#905));
#277=EDGE_LOOP('',(#906,#907,#908,#909));
#278=EDGE_LOOP('',(#910,#911,#912,#913));
#279=EDGE_LOOP('',(#914,#915,#916,#917));
#280=EDGE_LOOP('',(#918,#919,#920,#921));
#281=EDGE_LOOP('',(#922,#923,#924,#925));
#282=EDGE_LOOP('',(#926,#927,#928,#929,#930,#931,#932,#933,#934,#935,#936,
#937));
#283=EDGE_LOOP('',(#938,#939,#940,#941));
#284=EDGE_LOOP('',(#942,#943,#944,#945));
#285=EDGE_LOOP('',(#946,#947,#948,#949));
#286=EDGE_LOOP('',(#950,#951,#952,#953));
#287=EDGE_LOOP('',(#954,#955,#956,#957));
#288=EDGE_LOOP('',(#958,#959,#960,#961));
#289=EDGE_LOOP('',(#962,#963,#964,#965));
#290=EDGE_LOOP('',(#966,#967,#968,#969));
#291=EDGE_LOOP('',(#970,#971,#972,#973));
#292=EDGE_LOOP('',(#974,#975,#976,#977));
#293=EDGE_LOOP('',(#978,#979,#980,#981));
#294=EDGE_LOOP('',(#982,#983,#984,#985));
#295=EDGE_LOOP('',(#986,#987,#988,#989));
#296=EDGE_LOOP('',(#990,#991,#992,#993));
#297=EDGE_LOOP('',(#994,#995,#996,#997));
#298=EDGE_LOOP('',(#998,#999,#1000,#1001));
#299=EDGE_LOOP('',(#1002,#1003,#1004,#1005));
#300=CIRCLE('',#1136,0.1305);
#301=CIRCLE('',#1137,0.032);
#302=CIRCLE('',#1138,0.1625);
#303=CIRCLE('',#1139,0.032);
#304=CIRCLE('',#1141,0.1305);
#305=CIRCLE('',#1142,0.032);
#306=CIRCLE('',#1143,0.1625);
#307=CIRCLE('',#1144,0.032);
#308=CIRCLE('',#1146,0.032);
#309=CIRCLE('',#1147,0.032);
#310=CIRCLE('',#1149,0.032);
#311=CIRCLE('',#1150,0.032);
#312=CIRCLE('',#1152,0.032);
#313=CIRCLE('',#1153,0.032);
#314=CIRCLE('',#1155,0.0465);
#315=CIRCLE('',#1156,0.116);
#316=CIRCLE('',#1157,0.0465);
#317=CIRCLE('',#1158,0.209);
#318=CIRCLE('',#1161,0.0465);
#319=CIRCLE('',#1162,0.0465000000000001);
#320=CIRCLE('',#1164,0.116);
#321=CIRCLE('',#1165,0.0465000000000001);
#322=CIRCLE('',#1166,0.0465);
#323=CIRCLE('',#1167,0.0465000000000001);
#324=CIRCLE('',#1168,0.0999999999999997);
#325=CIRCLE('',#1175,0.0999999999999999);
#326=CIRCLE('',#1180,0.209);
#327=CIRCLE('',#1183,0.1);
#328=CIRCLE('',#1185,0.1);
#329=CIRCLE('',#1187,0.1);
#330=CIRCLE('',#1188,0.0999999999999999);
#331=CIRCLE('',#1189,0.1);
#332=CIRCLE('',#1190,0.1);
#333=CIRCLE('',#1192,0.2885);
#334=CIRCLE('',#1193,0.3885);
#335=CIRCLE('',#1196,0.2885);
#336=CIRCLE('',#1197,0.2885);
#337=CIRCLE('',#1198,0.2885);
#338=CIRCLE('',#1200,0.2485);
#339=CIRCLE('',#1201,0.0399999999999998);
#340=CIRCLE('',#1204,0.0465);
#341=CIRCLE('',#1206,0.032);
#342=CIRCLE('',#1207,0.032);
#343=CIRCLE('',#1213,0.2485);
#344=CIRCLE('',#1214,0.54);
#345=CIRCLE('',#1215,0.2485);
#346=CIRCLE('',#1216,0.54);
#347=CIRCLE('',#1217,0.2485);
#348=CIRCLE('',#1218,0.54);
#349=CIRCLE('',#1219,0.2485);
#350=CIRCLE('',#1220,0.54);
#351=CIRCLE('',#1221,0.2485);
#352=CIRCLE('',#1222,0.54);
#353=CIRCLE('',#1223,0.2485);
#354=CIRCLE('',#1224,0.54);
#355=CIRCLE('',#1226,0.04);
#356=CIRCLE('',#1227,0.2885);
#357=CIRCLE('',#1228,0.0399999999999999);
#358=CIRCLE('',#1229,0.2485);
#359=CIRCLE('',#1231,0.0399999999999998);
#360=CIRCLE('',#1232,0.54);
#361=CIRCLE('',#1233,0.5);
#362=CIRCLE('',#1235,0.04);
#363=CIRCLE('',#1236,0.2485);
#364=CIRCLE('',#1237,0.2885);
#365=CIRCLE('',#1239,0.0399999999999999);
#366=CIRCLE('',#1240,0.54);
#367=CIRCLE('',#1241,0.5);
#368=CIRCLE('',#1243,0.04);
#369=CIRCLE('',#1244,0.2485);
#370=CIRCLE('',#1245,0.2885);
#371=CIRCLE('',#1247,0.0399999999999999);
#372=CIRCLE('',#1248,0.54);
#373=CIRCLE('',#1249,0.5);
#374=CIRCLE('',#1251,0.0399999999999999);
#375=CIRCLE('',#1252,0.2485);
#376=CIRCLE('',#1254,0.0399999999999998);
#377=CIRCLE('',#1255,0.54);
#378=CIRCLE('',#1256,0.5);
#379=CIRCLE('',#1258,0.04);
#380=CIRCLE('',#1259,0.2485);
#381=CIRCLE('',#1260,0.2885);
#382=CIRCLE('',#1262,0.0399999999999999);
#383=CIRCLE('',#1263,0.54);
#384=CIRCLE('',#1264,0.5);
#385=CIRCLE('',#1266,0.04);
#386=CIRCLE('',#1267,0.2485);
#387=CIRCLE('',#1268,0.2885);
#388=CIRCLE('',#1270,0.54);
#389=CIRCLE('',#1271,0.5);
#390=CIRCLE('',#1273,0.5);
#391=CIRCLE('',#1275,0.2885);
#392=CIRCLE('',#1277,0.5);
#393=CIRCLE('',#1279,0.2885);
#394=CIRCLE('',#1281,0.5);
#395=CIRCLE('',#1283,0.2885);
#396=CIRCLE('',#1286,0.04);
#397=CIRCLE('',#1287,0.2885);
#398=CIRCLE('',#1288,0.0399999999999999);
#399=CIRCLE('',#1290,0.0399999999999999);
#400=CIRCLE('',#1291,0.5);
#401=CIRCLE('',#1293,0.0399999999999999);
#402=CIRCLE('',#1294,0.2885);
#403=CIRCLE('',#1296,0.5);
#404=CIRCLE('',#1298,0.0399999999999999);
#405=CIRCLE('',#1300,0.04);
#406=CIRCLE('',#1302,0.0399999999999999);
#407=CIRCLE('',#1304,0.0399999999999999);
#408=CIRCLE('',#1306,0.0399999999999999);
#409=CIRCLE('',#1308,0.0399999999999998);
#410=CIRCLE('',#1310,0.0399999999999999);
#411=CIRCLE('',#1312,0.5);
#412=VERTEX_POINT('',#1719);
#413=VERTEX_POINT('',#1720);
#414=VERTEX_POINT('',#1722);
#415=VERTEX_POINT('',#1724);
#416=VERTEX_POINT('',#1728);
#417=VERTEX_POINT('',#1729);
#418=VERTEX_POINT('',#1735);
#419=VERTEX_POINT('',#1736);
#420=VERTEX_POINT('',#1738);
#421=VERTEX_POINT('',#1750);
#422=VERTEX_POINT('',#1751);
#423=VERTEX_POINT('',#1753);
#424=VERTEX_POINT('',#1755);
#425=VERTEX_POINT('',#1759);
#426=VERTEX_POINT('',#1761);
#427=VERTEX_POINT('',#1763);
#428=VERTEX_POINT('',#1772);
#429=VERTEX_POINT('',#1774);
#430=VERTEX_POINT('',#1785);
#431=VERTEX_POINT('',#1787);
#432=VERTEX_POINT('',#1789);
#433=VERTEX_POINT('',#1795);
#434=VERTEX_POINT('',#1804);
#435=VERTEX_POINT('',#1809);
#436=VERTEX_POINT('',#1852);
#437=VERTEX_POINT('',#1886);
#438=VERTEX_POINT('',#1939);
#439=VERTEX_POINT('',#1941);
#440=VERTEX_POINT('',#1975);
#441=VERTEX_POINT('',#2004);
#442=VERTEX_POINT('',#2005);
#443=VERTEX_POINT('',#2007);
#444=VERTEX_POINT('',#2064);
#445=VERTEX_POINT('',#2066);
#446=VERTEX_POINT('',#2085);
#447=VERTEX_POINT('',#2089);
#448=VERTEX_POINT('',#2093);
#449=VERTEX_POINT('',#2095);
#450=VERTEX_POINT('',#2103);
#451=VERTEX_POINT('',#2112);
#452=VERTEX_POINT('',#2153);
#453=VERTEX_POINT('',#2163);
#454=VERTEX_POINT('',#2206);
#455=VERTEX_POINT('',#2241);
#456=VERTEX_POINT('',#2278);
#457=VERTEX_POINT('',#2291);
#458=VERTEX_POINT('',#2293);
#459=VERTEX_POINT('',#2295);
#460=VERTEX_POINT('',#2297);
#461=VERTEX_POINT('',#2301);
#462=VERTEX_POINT('',#2315);
#463=VERTEX_POINT('',#2317);
#464=VERTEX_POINT('',#2319);
#465=VERTEX_POINT('',#2321);
#466=VERTEX_POINT('',#2323);
#467=VERTEX_POINT('',#2325);
#468=VERTEX_POINT('',#2327);
#469=VERTEX_POINT('',#2329);
#470=VERTEX_POINT('',#2331);
#471=VERTEX_POINT('',#2333);
#472=VERTEX_POINT('',#2335);
#473=VERTEX_POINT('',#2339);
#474=VERTEX_POINT('',#2340);
#475=VERTEX_POINT('',#2342);
#476=VERTEX_POINT('',#2344);
#477=VERTEX_POINT('',#2348);
#478=VERTEX_POINT('',#2349);
#479=VERTEX_POINT('',#2354);
#480=VERTEX_POINT('',#2355);
#481=VERTEX_POINT('',#2360);
#482=VERTEX_POINT('',#2361);
#483=VERTEX_POINT('',#2366);
#484=VERTEX_POINT('',#2367);
#485=VERTEX_POINT('',#2372);
#486=VERTEX_POINT('',#2377);
#487=VERTEX_POINT('',#2381);
#488=VERTEX_POINT('',#2382);
#489=VERTEX_POINT('',#2387);
#490=VERTEX_POINT('',#2388);
#491=VERTEX_POINT('',#2393);
#492=VERTEX_POINT('',#2394);
#493=VERTEX_POINT('',#2399);
#494=VERTEX_POINT('',#2400);
#495=VERTEX_POINT('',#2408);
#496=VERTEX_POINT('',#2412);
#497=VERTEX_POINT('',#2416);
#498=VERTEX_POINT('',#2420);
#499=VERTEX_POINT('',#2424);
#500=VERTEX_POINT('',#2428);
#501=VERTEX_POINT('',#2433);
#502=VERTEX_POINT('',#2435);
#503=VERTEX_POINT('',#2439);
#504=VERTEX_POINT('',#2443);
#505=EDGE_CURVE('',#412,#413,#300,.T.);
#506=EDGE_CURVE('',#414,#412,#301,.T.);
#507=EDGE_CURVE('',#415,#414,#302,.T.);
#508=EDGE_CURVE('',#415,#413,#303,.T.);
#509=EDGE_CURVE('',#416,#417,#304,.T.);
#510=EDGE_CURVE('',#414,#416,#305,.T.);
#511=EDGE_CURVE('',#415,#414,#306,.T.);
#512=EDGE_CURVE('',#415,#417,#307,.T.);
#513=EDGE_CURVE('',#418,#419,#59,.T.);
#514=EDGE_CURVE('',#420,#418,#308,.T.);
#515=EDGE_CURVE('',#414,#420,#60,.T.);
#516=EDGE_CURVE('',#416,#419,#309,.T.);
#517=EDGE_CURVE('',#419,#414,#310,.T.);
#518=EDGE_CURVE('',#418,#420,#311,.T.);
#519=EDGE_CURVE('',#412,#414,#312,.T.);
#520=EDGE_CURVE('',#414,#420,#61,.T.);
#521=EDGE_CURVE('',#420,#420,#313,.T.);
#522=EDGE_CURVE('',#421,#422,#314,.T.);
#523=EDGE_CURVE('',#422,#423,#315,.T.);
#524=EDGE_CURVE('',#424,#423,#316,.T.);
#525=EDGE_CURVE('',#424,#421,#317,.T.);
#526=EDGE_CURVE('',#425,#421,#62,.T.);
#527=EDGE_CURVE('',#426,#425,#63,.T.);
#528=EDGE_CURVE('',#427,#426,#35,.T.);
#529=EDGE_CURVE('',#428,#427,#64,.T.);
#530=EDGE_CURVE('',#429,#428,#36,.T.);
#531=EDGE_CURVE('',#421,#429,#65,.T.);
#532=EDGE_CURVE('',#430,#425,#318,.T.);
#533=EDGE_CURVE('',#431,#430,#66,.T.);
#534=EDGE_CURVE('',#432,#431,#37,.T.);
#535=EDGE_CURVE('',#433,#432,#38,.T.);
#536=EDGE_CURVE('',#434,#433,#67,.T.);
#537=EDGE_CURVE('',#426,#434,#319,.T.);
#538=EDGE_CURVE('',#422,#430,#68,.T.);
#539=EDGE_CURVE('',#430,#435,#320,.T.);
#540=EDGE_CURVE('',#423,#435,#69,.T.);
#541=EDGE_CURVE('',#427,#436,#321,.T.);
#542=EDGE_CURVE('',#434,#436,#39,.T.);
#543=EDGE_CURVE('',#436,#437,#40,.T.);
#544=EDGE_CURVE('',#437,#427,#41,.T.);
#545=EDGE_CURVE('',#438,#428,#322,.T.);
#546=EDGE_CURVE('',#438,#439,#42,.T.);
#547=EDGE_CURVE('',#439,#429,#323,.T.);
#548=EDGE_CURVE('',#428,#440,#43,.T.);
#549=EDGE_CURVE('',#440,#438,#44,.T.);
#550=EDGE_CURVE('',#441,#442,#324,.T.);
#551=EDGE_CURVE('',#442,#443,#15,.T.);
#552=EDGE_CURVE('',#443,#441,#16,.T.);
#553=EDGE_CURVE('',#440,#442,#17,.T.);
#554=EDGE_CURVE('',#441,#439,#18,.T.);
#555=EDGE_CURVE('',#437,#440,#70,.T.);
#556=EDGE_CURVE('',#434,#444,#19,.T.);
#557=EDGE_CURVE('',#444,#445,#325,.T.);
#558=EDGE_CURVE('',#445,#437,#20,.T.);
#559=EDGE_CURVE('',#444,#446,#21,.T.);
#560=EDGE_CURVE('',#446,#445,#22,.T.);
#561=EDGE_CURVE('',#447,#424,#71,.T.);
#562=EDGE_CURVE('',#425,#447,#326,.T.);
#563=EDGE_CURVE('',#448,#439,#72,.T.);
#564=EDGE_CURVE('',#449,#448,#45,.T.);
#565=EDGE_CURVE('',#450,#449,#46,.T.);
#566=EDGE_CURVE('',#450,#422,#73,.T.);
#567=EDGE_CURVE('',#443,#451,#74,.T.);
#568=EDGE_CURVE('',#448,#451,#327,.T.);
#569=EDGE_CURVE('',#446,#443,#75,.T.);
#570=EDGE_CURVE('',#442,#445,#76,.T.);
#571=EDGE_CURVE('',#452,#449,#328,.T.);
#572=EDGE_CURVE('',#451,#452,#47,.T.);
#573=EDGE_CURVE('',#433,#453,#329,.T.);
#574=EDGE_CURVE('',#453,#446,#77,.T.);
#575=EDGE_CURVE('',#432,#454,#330,.T.);
#576=EDGE_CURVE('',#454,#453,#48,.T.);
#577=EDGE_CURVE('',#431,#455,#331,.T.);
#578=EDGE_CURVE('',#455,#454,#49,.T.);
#579=EDGE_CURVE('',#456,#450,#332,.T.);
#580=EDGE_CURVE('',#452,#456,#50,.T.);
#581=EDGE_CURVE('',#456,#455,#333,.T.);
#582=EDGE_CURVE('',#431,#450,#334,.T.);
#583=EDGE_CURVE('',#457,#452,#335,.T.);
#584=EDGE_CURVE('',#457,#458,#78,.T.);
#585=EDGE_CURVE('',#459,#458,#336,.T.);
#586=EDGE_CURVE('',#460,#459,#79,.T.);
#587=EDGE_CURVE('',#454,#460,#337,.T.);
#588=EDGE_CURVE('',#451,#461,#338,.T.);
#589=EDGE_CURVE('',#457,#461,#339,.T.);
#590=EDGE_CURVE('',#435,#447,#340,.T.);
#591=EDGE_CURVE('',#417,#415,#341,.T.);
#592=EDGE_CURVE('',#413,#415,#342,.T.);
#593=EDGE_CURVE('',#462,#453,#343,.T.);
#594=EDGE_CURVE('',#463,#462,#344,.T.);
#595=EDGE_CURVE('',#464,#463,#345,.T.);
#596=EDGE_CURVE('',#465,#464,#346,.T.);
#597=EDGE_CURVE('',#466,#465,#347,.T.);
#598=EDGE_CURVE('',#467,#466,#348,.T.);
#599=EDGE_CURVE('',#468,#467,#349,.T.);
#600=EDGE_CURVE('',#469,#468,#350,.T.);
#601=EDGE_CURVE('',#470,#469,#351,.T.);
#602=EDGE_CURVE('',#471,#470,#352,.T.);
#603=EDGE_CURVE('',#472,#471,#353,.T.);
#604=EDGE_CURVE('',#461,#472,#354,.T.);
#605=EDGE_CURVE('',#473,#474,#355,.T.);
#606=EDGE_CURVE('',#474,#475,#356,.T.);
#607=EDGE_CURVE('',#475,#476,#357,.T.);
#608=EDGE_CURVE('',#476,#473,#358,.T.);
#609=EDGE_CURVE('',#477,#478,#359,.T.);
#610=EDGE_CURVE('',#478,#476,#360,.T.);
#611=EDGE_CURVE('',#475,#477,#361,.T.);
#612=EDGE_CURVE('',#479,#480,#362,.T.);
#613=EDGE_CURVE('',#480,#478,#363,.T.);
#614=EDGE_CURVE('',#477,#479,#364,.T.);
#615=EDGE_CURVE('',#481,#482,#365,.T.);
#616=EDGE_CURVE('',#482,#480,#366,.T.);
#617=EDGE_CURVE('',#479,#481,#367,.T.);
#618=EDGE_CURVE('',#483,#484,#368,.T.);
#619=EDGE_CURVE('',#484,#482,#369,.T.);
#620=EDGE_CURVE('',#481,#483,#370,.T.);
#621=EDGE_CURVE('',#459,#485,#371,.T.);
#622=EDGE_CURVE('',#485,#484,#372,.T.);
#623=EDGE_CURVE('',#483,#459,#373,.T.);
#624=EDGE_CURVE('',#458,#486,#374,.T.);
#625=EDGE_CURVE('',#486,#485,#375,.T.);
#626=EDGE_CURVE('',#487,#488,#376,.T.);
#627=EDGE_CURVE('',#488,#486,#377,.T.);
#628=EDGE_CURVE('',#458,#487,#378,.T.);
#629=EDGE_CURVE('',#489,#490,#379,.T.);
#630=EDGE_CURVE('',#490,#488,#380,.T.);
#631=EDGE_CURVE('',#487,#489,#381,.T.);
#632=EDGE_CURVE('',#491,#492,#382,.T.);
#633=EDGE_CURVE('',#492,#490,#383,.T.);
#634=EDGE_CURVE('',#489,#491,#384,.T.);
#635=EDGE_CURVE('',#493,#494,#385,.T.);
#636=EDGE_CURVE('',#494,#492,#386,.T.);
#637=EDGE_CURVE('',#491,#493,#387,.T.);
#638=EDGE_CURVE('',#473,#494,#388,.T.);
#639=EDGE_CURVE('',#493,#474,#389,.T.);
#640=EDGE_CURVE('',#495,#483,#80,.T.);
#641=EDGE_CURVE('',#460,#495,#390,.T.);
#642=EDGE_CURVE('',#496,#481,#81,.T.);
#643=EDGE_CURVE('',#495,#496,#391,.T.);
#644=EDGE_CURVE('',#497,#479,#82,.T.);
#645=EDGE_CURVE('',#496,#497,#392,.T.);
#646=EDGE_CURVE('',#498,#477,#83,.T.);
#647=EDGE_CURVE('',#497,#498,#393,.T.);
#648=EDGE_CURVE('',#499,#475,#84,.T.);
#649=EDGE_CURVE('',#498,#499,#394,.T.);
#650=EDGE_CURVE('',#500,#474,#85,.T.);
#651=EDGE_CURVE('',#499,#500,#395,.T.);
#652=EDGE_CURVE('',#469,#501,#396,.T.);
#653=EDGE_CURVE('',#501,#502,#397,.T.);
#654=EDGE_CURVE('',#502,#470,#398,.T.);
#655=EDGE_CURVE('',#503,#471,#399,.T.);
#656=EDGE_CURVE('',#502,#503,#400,.T.);
#657=EDGE_CURVE('',#504,#472,#401,.T.);
#658=EDGE_CURVE('',#503,#504,#402,.T.);
#659=EDGE_CURVE('',#504,#457,#403,.T.);
#660=EDGE_CURVE('',#460,#462,#404,.T.);
#661=EDGE_CURVE('',#495,#463,#405,.T.);
#662=EDGE_CURVE('',#496,#464,#406,.T.);
#663=EDGE_CURVE('',#497,#465,#407,.T.);
#664=EDGE_CURVE('',#498,#466,#408,.T.);
#665=EDGE_CURVE('',#499,#467,#409,.T.);
#666=EDGE_CURVE('',#500,#468,#410,.T.);
#667=EDGE_CURVE('',#500,#501,#411,.T.);
#668=EDGE_CURVE('',#504,#487,#86,.T.);
#669=EDGE_CURVE('',#503,#489,#87,.T.);
#670=EDGE_CURVE('',#502,#491,#88,.T.);
#671=EDGE_CURVE('',#493,#501,#89,.T.);
#672=ORIENTED_EDGE('',*,*,#505,.F.);
#673=ORIENTED_EDGE('',*,*,#506,.F.);
#674=ORIENTED_EDGE('',*,*,#507,.F.);
#675=ORIENTED_EDGE('',*,*,#508,.T.);
#676=ORIENTED_EDGE('',*,*,#509,.F.);
#677=ORIENTED_EDGE('',*,*,#510,.F.);
#678=ORIENTED_EDGE('',*,*,#511,.F.);
#679=ORIENTED_EDGE('',*,*,#512,.T.);
#680=ORIENTED_EDGE('',*,*,#513,.F.);
#681=ORIENTED_EDGE('',*,*,#514,.F.);
#682=ORIENTED_EDGE('',*,*,#515,.F.);
#683=ORIENTED_EDGE('',*,*,#510,.T.);
#684=ORIENTED_EDGE('',*,*,#516,.T.);
#685=ORIENTED_EDGE('',*,*,#513,.T.);
#686=ORIENTED_EDGE('',*,*,#517,.T.);
#687=ORIENTED_EDGE('',*,*,#515,.T.);
#688=ORIENTED_EDGE('',*,*,#518,.F.);
#689=ORIENTED_EDGE('',*,*,#506,.T.);
#690=ORIENTED_EDGE('',*,*,#519,.T.);
#691=ORIENTED_EDGE('',*,*,#520,.T.);
#692=ORIENTED_EDGE('',*,*,#521,.F.);
#693=ORIENTED_EDGE('',*,*,#520,.F.);
#694=ORIENTED_EDGE('',*,*,#522,.T.);
#695=ORIENTED_EDGE('',*,*,#523,.T.);
#696=ORIENTED_EDGE('',*,*,#524,.F.);
#697=ORIENTED_EDGE('',*,*,#525,.T.);
#698=ORIENTED_EDGE('',*,*,#526,.F.);
#699=ORIENTED_EDGE('',*,*,#527,.F.);
#700=ORIENTED_EDGE('',*,*,#528,.F.);
#701=ORIENTED_EDGE('',*,*,#529,.F.);
#702=ORIENTED_EDGE('',*,*,#530,.F.);
#703=ORIENTED_EDGE('',*,*,#531,.F.);
#704=ORIENTED_EDGE('',*,*,#532,.F.);
#705=ORIENTED_EDGE('',*,*,#533,.F.);
#706=ORIENTED_EDGE('',*,*,#534,.F.);
#707=ORIENTED_EDGE('',*,*,#535,.F.);
#708=ORIENTED_EDGE('',*,*,#536,.F.);
#709=ORIENTED_EDGE('',*,*,#537,.F.);
#710=ORIENTED_EDGE('',*,*,#527,.T.);
#711=ORIENTED_EDGE('',*,*,#538,.T.);
#712=ORIENTED_EDGE('',*,*,#539,.T.);
#713=ORIENTED_EDGE('',*,*,#540,.F.);
#714=ORIENTED_EDGE('',*,*,#523,.F.);
#715=ORIENTED_EDGE('',*,*,#541,.F.);
#716=ORIENTED_EDGE('',*,*,#528,.T.);
#717=ORIENTED_EDGE('',*,*,#537,.T.);
#718=ORIENTED_EDGE('',*,*,#542,.T.);
#719=ORIENTED_EDGE('',*,*,#543,.T.);
#720=ORIENTED_EDGE('',*,*,#544,.T.);
#721=ORIENTED_EDGE('',*,*,#541,.T.);
#722=ORIENTED_EDGE('',*,*,#545,.F.);
#723=ORIENTED_EDGE('',*,*,#546,.T.);
#724=ORIENTED_EDGE('',*,*,#547,.T.);
#725=ORIENTED_EDGE('',*,*,#530,.T.);
#726=ORIENTED_EDGE('',*,*,#548,.T.);
#727=ORIENTED_EDGE('',*,*,#549,.T.);
#728=ORIENTED_EDGE('',*,*,#545,.T.);
#729=ORIENTED_EDGE('',*,*,#550,.T.);
#730=ORIENTED_EDGE('',*,*,#551,.T.);
#731=ORIENTED_EDGE('',*,*,#552,.T.);
#732=ORIENTED_EDGE('',*,*,#546,.F.);
#733=ORIENTED_EDGE('',*,*,#549,.F.);
#734=ORIENTED_EDGE('',*,*,#553,.T.);
#735=ORIENTED_EDGE('',*,*,#550,.F.);
#736=ORIENTED_EDGE('',*,*,#554,.T.);
#737=ORIENTED_EDGE('',*,*,#544,.F.);
#738=ORIENTED_EDGE('',*,*,#555,.T.);
#739=ORIENTED_EDGE('',*,*,#548,.F.);
#740=ORIENTED_EDGE('',*,*,#529,.T.);
#741=ORIENTED_EDGE('',*,*,#543,.F.);
#742=ORIENTED_EDGE('',*,*,#542,.F.);
#743=ORIENTED_EDGE('',*,*,#556,.T.);
#744=ORIENTED_EDGE('',*,*,#557,.T.);
#745=ORIENTED_EDGE('',*,*,#558,.T.);
#746=ORIENTED_EDGE('',*,*,#559,.T.);
#747=ORIENTED_EDGE('',*,*,#560,.T.);
#748=ORIENTED_EDGE('',*,*,#557,.F.);
#749=ORIENTED_EDGE('',*,*,#526,.T.);
#750=ORIENTED_EDGE('',*,*,#525,.F.);
#751=ORIENTED_EDGE('',*,*,#561,.F.);
#752=ORIENTED_EDGE('',*,*,#562,.F.);
#753=ORIENTED_EDGE('',*,*,#522,.F.);
#754=ORIENTED_EDGE('',*,*,#531,.T.);
#755=ORIENTED_EDGE('',*,*,#547,.F.);
#756=ORIENTED_EDGE('',*,*,#563,.F.);
#757=ORIENTED_EDGE('',*,*,#564,.F.);
#758=ORIENTED_EDGE('',*,*,#565,.F.);
#759=ORIENTED_EDGE('',*,*,#566,.T.);
#760=ORIENTED_EDGE('',*,*,#554,.F.);
#761=ORIENTED_EDGE('',*,*,#552,.F.);
#762=ORIENTED_EDGE('',*,*,#567,.T.);
#763=ORIENTED_EDGE('',*,*,#568,.F.);
#764=ORIENTED_EDGE('',*,*,#563,.T.);
#765=ORIENTED_EDGE('',*,*,#560,.F.);
#766=ORIENTED_EDGE('',*,*,#569,.T.);
#767=ORIENTED_EDGE('',*,*,#551,.F.);
#768=ORIENTED_EDGE('',*,*,#570,.T.);
#769=ORIENTED_EDGE('',*,*,#571,.T.);
#770=ORIENTED_EDGE('',*,*,#564,.T.);
#771=ORIENTED_EDGE('',*,*,#568,.T.);
#772=ORIENTED_EDGE('',*,*,#572,.T.);
#773=ORIENTED_EDGE('',*,*,#556,.F.);
#774=ORIENTED_EDGE('',*,*,#536,.T.);
#775=ORIENTED_EDGE('',*,*,#573,.T.);
#776=ORIENTED_EDGE('',*,*,#574,.T.);
#777=ORIENTED_EDGE('',*,*,#559,.F.);
#778=ORIENTED_EDGE('',*,*,#575,.T.);
#779=ORIENTED_EDGE('',*,*,#576,.T.);
#780=ORIENTED_EDGE('',*,*,#573,.F.);
#781=ORIENTED_EDGE('',*,*,#535,.T.);
#782=ORIENTED_EDGE('',*,*,#577,.T.);
#783=ORIENTED_EDGE('',*,*,#578,.T.);
#784=ORIENTED_EDGE('',*,*,#575,.F.);
#785=ORIENTED_EDGE('',*,*,#534,.T.);
#786=ORIENTED_EDGE('',*,*,#579,.T.);
#787=ORIENTED_EDGE('',*,*,#565,.T.);
#788=ORIENTED_EDGE('',*,*,#571,.F.);
#789=ORIENTED_EDGE('',*,*,#580,.T.);
#790=ORIENTED_EDGE('',*,*,#579,.F.);
#791=ORIENTED_EDGE('',*,*,#581,.T.);
#792=ORIENTED_EDGE('',*,*,#577,.F.);
#793=ORIENTED_EDGE('',*,*,#582,.T.);
#794=ORIENTED_EDGE('',*,*,#558,.F.);
#795=ORIENTED_EDGE('',*,*,#570,.F.);
#796=ORIENTED_EDGE('',*,*,#553,.F.);
#797=ORIENTED_EDGE('',*,*,#555,.F.);
#798=ORIENTED_EDGE('',*,*,#578,.F.);
#799=ORIENTED_EDGE('',*,*,#581,.F.);
#800=ORIENTED_EDGE('',*,*,#580,.F.);
#801=ORIENTED_EDGE('',*,*,#583,.F.);
#802=ORIENTED_EDGE('',*,*,#584,.T.);
#803=ORIENTED_EDGE('',*,*,#585,.F.);
#804=ORIENTED_EDGE('',*,*,#586,.F.);
#805=ORIENTED_EDGE('',*,*,#587,.F.);
#806=ORIENTED_EDGE('',*,*,#572,.F.);
#807=ORIENTED_EDGE('',*,*,#588,.T.);
#808=ORIENTED_EDGE('',*,*,#589,.F.);
#809=ORIENTED_EDGE('',*,*,#583,.T.);
#810=ORIENTED_EDGE('',*,*,#538,.F.);
#811=ORIENTED_EDGE('',*,*,#566,.F.);
#812=ORIENTED_EDGE('',*,*,#582,.F.);
#813=ORIENTED_EDGE('',*,*,#533,.T.);
#814=ORIENTED_EDGE('',*,*,#532,.T.);
#815=ORIENTED_EDGE('',*,*,#562,.T.);
#816=ORIENTED_EDGE('',*,*,#590,.F.);
#817=ORIENTED_EDGE('',*,*,#539,.F.);
#818=ORIENTED_EDGE('',*,*,#524,.T.);
#819=ORIENTED_EDGE('',*,*,#540,.T.);
#820=ORIENTED_EDGE('',*,*,#590,.T.);
#821=ORIENTED_EDGE('',*,*,#561,.T.);
#822=ORIENTED_EDGE('',*,*,#508,.F.);
#823=ORIENTED_EDGE('',*,*,#591,.F.);
#824=ORIENTED_EDGE('',*,*,#512,.F.);
#825=ORIENTED_EDGE('',*,*,#592,.F.);
#826=ORIENTED_EDGE('',*,*,#509,.T.);
#827=ORIENTED_EDGE('',*,*,#591,.T.);
#828=ORIENTED_EDGE('',*,*,#511,.T.);
#829=ORIENTED_EDGE('',*,*,#517,.F.);
#830=ORIENTED_EDGE('',*,*,#516,.F.);
#831=ORIENTED_EDGE('',*,*,#505,.T.);
#832=ORIENTED_EDGE('',*,*,#592,.T.);
#833=ORIENTED_EDGE('',*,*,#507,.T.);
#834=ORIENTED_EDGE('',*,*,#519,.F.);
#835=ORIENTED_EDGE('',*,*,#514,.T.);
#836=ORIENTED_EDGE('',*,*,#518,.T.);
#837=ORIENTED_EDGE('',*,*,#521,.T.);
#838=ORIENTED_EDGE('',*,*,#574,.F.);
#839=ORIENTED_EDGE('',*,*,#593,.F.);
#840=ORIENTED_EDGE('',*,*,#594,.F.);
#841=ORIENTED_EDGE('',*,*,#595,.F.);
#842=ORIENTED_EDGE('',*,*,#596,.F.);
#843=ORIENTED_EDGE('',*,*,#597,.F.);
#844=ORIENTED_EDGE('',*,*,#598,.F.);
#845=ORIENTED_EDGE('',*,*,#599,.F.);
#846=ORIENTED_EDGE('',*,*,#600,.F.);
#847=ORIENTED_EDGE('',*,*,#601,.F.);
#848=ORIENTED_EDGE('',*,*,#602,.F.);
#849=ORIENTED_EDGE('',*,*,#603,.F.);
#850=ORIENTED_EDGE('',*,*,#604,.F.);
#851=ORIENTED_EDGE('',*,*,#588,.F.);
#852=ORIENTED_EDGE('',*,*,#567,.F.);
#853=ORIENTED_EDGE('',*,*,#569,.F.);
#854=ORIENTED_EDGE('',*,*,#605,.T.);
#855=ORIENTED_EDGE('',*,*,#606,.T.);
#856=ORIENTED_EDGE('',*,*,#607,.T.);
#857=ORIENTED_EDGE('',*,*,#608,.T.);
#858=ORIENTED_EDGE('',*,*,#609,.T.);
#859=ORIENTED_EDGE('',*,*,#610,.T.);
#860=ORIENTED_EDGE('',*,*,#607,.F.);
#861=ORIENTED_EDGE('',*,*,#611,.T.);
#862=ORIENTED_EDGE('',*,*,#612,.T.);
#863=ORIENTED_EDGE('',*,*,#613,.T.);
#864=ORIENTED_EDGE('',*,*,#609,.F.);
#865=ORIENTED_EDGE('',*,*,#614,.T.);
#866=ORIENTED_EDGE('',*,*,#615,.T.);
#867=ORIENTED_EDGE('',*,*,#616,.T.);
#868=ORIENTED_EDGE('',*,*,#612,.F.);
#869=ORIENTED_EDGE('',*,*,#617,.T.);
#870=ORIENTED_EDGE('',*,*,#618,.T.);
#871=ORIENTED_EDGE('',*,*,#619,.T.);
#872=ORIENTED_EDGE('',*,*,#615,.F.);
#873=ORIENTED_EDGE('',*,*,#620,.T.);
#874=ORIENTED_EDGE('',*,*,#621,.T.);
#875=ORIENTED_EDGE('',*,*,#622,.T.);
#876=ORIENTED_EDGE('',*,*,#618,.F.);
#877=ORIENTED_EDGE('',*,*,#623,.T.);
#878=ORIENTED_EDGE('',*,*,#624,.T.);
#879=ORIENTED_EDGE('',*,*,#625,.T.);
#880=ORIENTED_EDGE('',*,*,#621,.F.);
#881=ORIENTED_EDGE('',*,*,#585,.T.);
#882=ORIENTED_EDGE('',*,*,#626,.T.);
#883=ORIENTED_EDGE('',*,*,#627,.T.);
#884=ORIENTED_EDGE('',*,*,#624,.F.);
#885=ORIENTED_EDGE('',*,*,#628,.T.);
#886=ORIENTED_EDGE('',*,*,#629,.T.);
#887=ORIENTED_EDGE('',*,*,#630,.T.);
#888=ORIENTED_EDGE('',*,*,#626,.F.);
#889=ORIENTED_EDGE('',*,*,#631,.T.);
#890=ORIENTED_EDGE('',*,*,#632,.T.);
#891=ORIENTED_EDGE('',*,*,#633,.T.);
#892=ORIENTED_EDGE('',*,*,#629,.F.);
#893=ORIENTED_EDGE('',*,*,#634,.T.);
#894=ORIENTED_EDGE('',*,*,#635,.T.);
#895=ORIENTED_EDGE('',*,*,#636,.T.);
#896=ORIENTED_EDGE('',*,*,#632,.F.);
#897=ORIENTED_EDGE('',*,*,#637,.T.);
#898=ORIENTED_EDGE('',*,*,#605,.F.);
#899=ORIENTED_EDGE('',*,*,#638,.T.);
#900=ORIENTED_EDGE('',*,*,#635,.F.);
#901=ORIENTED_EDGE('',*,*,#639,.T.);
#902=ORIENTED_EDGE('',*,*,#623,.F.);
#903=ORIENTED_EDGE('',*,*,#640,.F.);
#904=ORIENTED_EDGE('',*,*,#641,.F.);
#905=ORIENTED_EDGE('',*,*,#586,.T.);
#906=ORIENTED_EDGE('',*,*,#620,.F.);
#907=ORIENTED_EDGE('',*,*,#642,.F.);
#908=ORIENTED_EDGE('',*,*,#643,.F.);
#909=ORIENTED_EDGE('',*,*,#640,.T.);
#910=ORIENTED_EDGE('',*,*,#617,.F.);
#911=ORIENTED_EDGE('',*,*,#644,.F.);
#912=ORIENTED_EDGE('',*,*,#645,.F.);
#913=ORIENTED_EDGE('',*,*,#642,.T.);
#914=ORIENTED_EDGE('',*,*,#614,.F.);
#915=ORIENTED_EDGE('',*,*,#646,.F.);
#916=ORIENTED_EDGE('',*,*,#647,.F.);
#917=ORIENTED_EDGE('',*,*,#644,.T.);
#918=ORIENTED_EDGE('',*,*,#611,.F.);
#919=ORIENTED_EDGE('',*,*,#648,.F.);
#920=ORIENTED_EDGE('',*,*,#649,.F.);
#921=ORIENTED_EDGE('',*,*,#646,.T.);
#922=ORIENTED_EDGE('',*,*,#606,.F.);
#923=ORIENTED_EDGE('',*,*,#650,.F.);
#924=ORIENTED_EDGE('',*,*,#651,.F.);
#925=ORIENTED_EDGE('',*,*,#648,.T.);
#926=ORIENTED_EDGE('',*,*,#608,.F.);
#927=ORIENTED_EDGE('',*,*,#610,.F.);
#928=ORIENTED_EDGE('',*,*,#613,.F.);
#929=ORIENTED_EDGE('',*,*,#616,.F.);
#930=ORIENTED_EDGE('',*,*,#619,.F.);
#931=ORIENTED_EDGE('',*,*,#622,.F.);
#932=ORIENTED_EDGE('',*,*,#625,.F.);
#933=ORIENTED_EDGE('',*,*,#627,.F.);
#934=ORIENTED_EDGE('',*,*,#630,.F.);
#935=ORIENTED_EDGE('',*,*,#633,.F.);
#936=ORIENTED_EDGE('',*,*,#636,.F.);
#937=ORIENTED_EDGE('',*,*,#638,.F.);
#938=ORIENTED_EDGE('',*,*,#652,.T.);
#939=ORIENTED_EDGE('',*,*,#653,.T.);
#940=ORIENTED_EDGE('',*,*,#654,.T.);
#941=ORIENTED_EDGE('',*,*,#601,.T.);
#942=ORIENTED_EDGE('',*,*,#655,.T.);
#943=ORIENTED_EDGE('',*,*,#602,.T.);
#944=ORIENTED_EDGE('',*,*,#654,.F.);
#945=ORIENTED_EDGE('',*,*,#656,.T.);
#946=ORIENTED_EDGE('',*,*,#657,.T.);
#947=ORIENTED_EDGE('',*,*,#603,.T.);
#948=ORIENTED_EDGE('',*,*,#655,.F.);
#949=ORIENTED_EDGE('',*,*,#658,.T.);
#950=ORIENTED_EDGE('',*,*,#589,.T.);
#951=ORIENTED_EDGE('',*,*,#604,.T.);
#952=ORIENTED_EDGE('',*,*,#657,.F.);
#953=ORIENTED_EDGE('',*,*,#659,.T.);
#954=ORIENTED_EDGE('',*,*,#576,.F.);
#955=ORIENTED_EDGE('',*,*,#587,.T.);
#956=ORIENTED_EDGE('',*,*,#660,.T.);
#957=ORIENTED_EDGE('',*,*,#593,.T.);
#958=ORIENTED_EDGE('',*,*,#661,.T.);
#959=ORIENTED_EDGE('',*,*,#594,.T.);
#960=ORIENTED_EDGE('',*,*,#660,.F.);
#961=ORIENTED_EDGE('',*,*,#641,.T.);
#962=ORIENTED_EDGE('',*,*,#662,.T.);
#963=ORIENTED_EDGE('',*,*,#595,.T.);
#964=ORIENTED_EDGE('',*,*,#661,.F.);
#965=ORIENTED_EDGE('',*,*,#643,.T.);
#966=ORIENTED_EDGE('',*,*,#663,.T.);
#967=ORIENTED_EDGE('',*,*,#596,.T.);
#968=ORIENTED_EDGE('',*,*,#662,.F.);
#969=ORIENTED_EDGE('',*,*,#645,.T.);
#970=ORIENTED_EDGE('',*,*,#664,.T.);
#971=ORIENTED_EDGE('',*,*,#597,.T.);
#972=ORIENTED_EDGE('',*,*,#663,.F.);
#973=ORIENTED_EDGE('',*,*,#647,.T.);
#974=ORIENTED_EDGE('',*,*,#665,.T.);
#975=ORIENTED_EDGE('',*,*,#598,.T.);
#976=ORIENTED_EDGE('',*,*,#664,.F.);
#977=ORIENTED_EDGE('',*,*,#649,.T.);
#978=ORIENTED_EDGE('',*,*,#666,.T.);
#979=ORIENTED_EDGE('',*,*,#599,.T.);
#980=ORIENTED_EDGE('',*,*,#665,.F.);
#981=ORIENTED_EDGE('',*,*,#651,.T.);
#982=ORIENTED_EDGE('',*,*,#652,.F.);
#983=ORIENTED_EDGE('',*,*,#600,.T.);
#984=ORIENTED_EDGE('',*,*,#666,.F.);
#985=ORIENTED_EDGE('',*,*,#667,.T.);
#986=ORIENTED_EDGE('',*,*,#628,.F.);
#987=ORIENTED_EDGE('',*,*,#584,.F.);
#988=ORIENTED_EDGE('',*,*,#659,.F.);
#989=ORIENTED_EDGE('',*,*,#668,.T.);
#990=ORIENTED_EDGE('',*,*,#631,.F.);
#991=ORIENTED_EDGE('',*,*,#668,.F.);
#992=ORIENTED_EDGE('',*,*,#658,.F.);
#993=ORIENTED_EDGE('',*,*,#669,.T.);
#994=ORIENTED_EDGE('',*,*,#634,.F.);
#995=ORIENTED_EDGE('',*,*,#669,.F.);
#996=ORIENTED_EDGE('',*,*,#656,.F.);
#997=ORIENTED_EDGE('',*,*,#670,.T.);
#998=ORIENTED_EDGE('',*,*,#637,.F.);
#999=ORIENTED_EDGE('',*,*,#670,.F.);
#1000=ORIENTED_EDGE('',*,*,#653,.F.);
#1001=ORIENTED_EDGE('',*,*,#671,.F.);
#1002=ORIENTED_EDGE('',*,*,#639,.F.);
#1003=ORIENTED_EDGE('',*,*,#671,.T.);
#1004=ORIENTED_EDGE('',*,*,#667,.F.);
#1005=ORIENTED_EDGE('',*,*,#650,.T.);
#1006=TOROIDAL_SURFACE('',#1135,0.1625,0.032);
#1007=TOROIDAL_SURFACE('',#1140,0.1625,0.032);
#1008=TOROIDAL_SURFACE('',#1154,0.1625,0.0465000000000001);
#1009=TOROIDAL_SURFACE('',#1191,0.3885,0.1);
#1010=TOROIDAL_SURFACE('',#1199,0.2485,0.04);
#1011=TOROIDAL_SURFACE('',#1203,0.1625,0.0465);
#1012=TOROIDAL_SURFACE('',#1208,0.1625,0.032);
#1013=TOROIDAL_SURFACE('',#1209,0.1625,0.032);
#1014=TOROIDAL_SURFACE('',#1225,0.2485,0.04);
#1015=TOROIDAL_SURFACE('',#1230,0.54,0.04);
#1016=TOROIDAL_SURFACE('',#1234,0.2485,0.04);
#1017=TOROIDAL_SURFACE('',#1238,0.54,0.04);
#1018=TOROIDAL_SURFACE('',#1242,0.2485,0.04);
#1019=TOROIDAL_SURFACE('',#1246,0.54,0.04);
#1020=TOROIDAL_SURFACE('',#1250,0.2485,0.04);
#1021=TOROIDAL_SURFACE('',#1253,0.54,0.04);
#1022=TOROIDAL_SURFACE('',#1257,0.2485,0.04);
#1023=TOROIDAL_SURFACE('',#1261,0.54,0.04);
#1024=TOROIDAL_SURFACE('',#1265,0.2485,0.04);
#1025=TOROIDAL_SURFACE('',#1269,0.54,0.04);
#1026=TOROIDAL_SURFACE('',#1285,0.2485,0.04);
#1027=TOROIDAL_SURFACE('',#1289,0.54,0.04);
#1028=TOROIDAL_SURFACE('',#1292,0.2485,0.04);
#1029=TOROIDAL_SURFACE('',#1295,0.54,0.04);
#1030=TOROIDAL_SURFACE('',#1297,0.2485,0.04);
#1031=TOROIDAL_SURFACE('',#1299,0.54,0.04);
#1032=TOROIDAL_SURFACE('',#1301,0.2485,0.04);
#1033=TOROIDAL_SURFACE('',#1303,0.54,0.04);
#1034=TOROIDAL_SURFACE('',#1305,0.2485,0.04);
#1035=TOROIDAL_SURFACE('',#1307,0.54,0.04);
#1036=TOROIDAL_SURFACE('',#1309,0.2485,0.04);
#1037=TOROIDAL_SURFACE('',#1311,0.54,0.04);
#1038=ADVANCED_FACE('',(#149),#1006,.T.);
#1039=ADVANCED_FACE('',(#150),#1007,.T.);
#1040=ADVANCED_FACE('',(#151),#121,.T.);
#1041=ADVANCED_FACE('',(#152),#122,.T.);
#1042=ADVANCED_FACE('',(#153),#123,.T.);
#1043=ADVANCED_FACE('',(#154),#1008,.T.);
#1044=ADVANCED_FACE('',(#155),#51,.T.);
#1045=ADVANCED_FACE('',(#156),#124,.T.);
#1046=ADVANCED_FACE('',(#157),#125,.F.);
#1047=ADVANCED_FACE('',(#158),#23,.F.);
#1048=ADVANCED_FACE('',(#159),#24,.F.);
#1049=ADVANCED_FACE('',(#160),#25,.F.);
#1050=ADVANCED_FACE('',(#161),#26,.F.);
#1051=ADVANCED_FACE('',(#162),#27,.F.);
#1052=ADVANCED_FACE('',(#163),#28,.F.);
#1053=ADVANCED_FACE('',(#164),#126,.T.);
#1054=ADVANCED_FACE('',(#165),#29,.F.);
#1055=ADVANCED_FACE('',(#166),#30,.F.);
#1056=ADVANCED_FACE('',(#167),#127,.T.);
#1057=ADVANCED_FACE('',(#168),#128,.T.);
#1058=ADVANCED_FACE('',(#169),#129,.F.);
#1059=ADVANCED_FACE('',(#170),#130,.F.);
#1060=ADVANCED_FACE('',(#171),#31,.T.);
#1061=ADVANCED_FACE('',(#172),#131,.F.);
#1062=ADVANCED_FACE('',(#173),#32,.T.);
#1063=ADVANCED_FACE('',(#174),#33,.T.);
#1064=ADVANCED_FACE('',(#175),#34,.T.);
#1065=ADVANCED_FACE('',(#176),#1009,.F.);
#1066=ADVANCED_FACE('',(#177),#52,.F.);
#1067=ADVANCED_FACE('',(#178),#132,.T.);
#1068=ADVANCED_FACE('',(#179),#1010,.T.);
#1069=ADVANCED_FACE('',(#180),#53,.T.);
#1070=ADVANCED_FACE('',(#181),#1011,.T.);
#1071=ADVANCED_FACE('',(#182,#14),#54,.T.);
#1072=ADVANCED_FACE('',(#183),#1012,.T.);
#1073=ADVANCED_FACE('',(#184),#1013,.T.);
#1074=ADVANCED_FACE('',(#185),#55,.T.);
#1075=ADVANCED_FACE('',(#186),#56,.T.);
#1076=ADVANCED_FACE('',(#187),#57,.F.);
#1077=ADVANCED_FACE('',(#188),#1014,.T.);
#1078=ADVANCED_FACE('',(#189),#1015,.T.);
#1079=ADVANCED_FACE('',(#190),#1016,.T.);
#1080=ADVANCED_FACE('',(#191),#1017,.T.);
#1081=ADVANCED_FACE('',(#192),#1018,.T.);
#1082=ADVANCED_FACE('',(#193),#1019,.T.);
#1083=ADVANCED_FACE('',(#194),#1020,.T.);
#1084=ADVANCED_FACE('',(#195),#1021,.T.);
#1085=ADVANCED_FACE('',(#196),#1022,.T.);
#1086=ADVANCED_FACE('',(#197),#1023,.T.);
#1087=ADVANCED_FACE('',(#198),#1024,.T.);
#1088=ADVANCED_FACE('',(#199),#1025,.T.);
#1089=ADVANCED_FACE('',(#200),#133,.F.);
#1090=ADVANCED_FACE('',(#201),#134,.T.);
#1091=ADVANCED_FACE('',(#202),#135,.F.);
#1092=ADVANCED_FACE('',(#203),#136,.T.);
#1093=ADVANCED_FACE('',(#204),#137,.F.);
#1094=ADVANCED_FACE('',(#205),#138,.T.);
#1095=ADVANCED_FACE('',(#206),#58,.T.);
#1096=ADVANCED_FACE('',(#207),#1026,.T.);
#1097=ADVANCED_FACE('',(#208),#1027,.T.);
#1098=ADVANCED_FACE('',(#209),#1028,.T.);
#1099=ADVANCED_FACE('',(#210),#1029,.T.);
#1100=ADVANCED_FACE('',(#211),#1030,.T.);
#1101=ADVANCED_FACE('',(#212),#1031,.T.);
#1102=ADVANCED_FACE('',(#213),#1032,.T.);
#1103=ADVANCED_FACE('',(#214),#1033,.T.);
#1104=ADVANCED_FACE('',(#215),#1034,.T.);
#1105=ADVANCED_FACE('',(#216),#1035,.T.);
#1106=ADVANCED_FACE('',(#217),#1036,.T.);
#1107=ADVANCED_FACE('',(#218),#1037,.T.);
#1108=ADVANCED_FACE('',(#219),#139,.F.);
#1109=ADVANCED_FACE('',(#220),#140,.T.);
#1110=ADVANCED_FACE('',(#221),#141,.F.);
#1111=ADVANCED_FACE('',(#222),#142,.T.);
#1112=ADVANCED_FACE('',(#223),#143,.F.);
#1113=CLOSED_SHELL('',(#1038,#1039,#1040,#1041,#1042,#1043,#1044,#1045,
#1046,#1047,#1048,#1049,#1050,#1051,#1052,#1053,#1054,#1055,#1056,#1057,
#1058,#1059,#1060,#1061,#1062,#1063,#1064,#1065,#1066,#1067,#1068,#1069,
#1070,#1071,#1072,#1073,#1074,#1075,#1076,#1077,#1078,#1079,#1080,#1081,
#1082,#1083,#1084,#1085,#1086,#1087,#1088,#1089,#1090,#1091,#1092,#1093,
#1094,#1095,#1096,#1097,#1098,#1099,#1100,#1101,#1102,#1103,#1104,#1105,
#1106,#1107,#1108,#1109,#1110,#1111,#1112));
#1114=DERIVED_UNIT_ELEMENT(#1116,1.);
#1115=DERIVED_UNIT_ELEMENT(#2481,-3.);
#1116=(
CONVERSION_BASED_UNIT('gram',#1118)
MASS_UNIT()
NAMED_UNIT(#2478)
);
#1117=(
MASS_UNIT()
NAMED_UNIT(*)
SI_UNIT(.KILO.,.GRAM.)
);
#1118=MASS_MEASURE_WITH_UNIT(MASS_MEASURE(0.001),#1117);
#1119=DERIVED_UNIT((#1114,#1115));
#1120=MEASURE_REPRESENTATION_ITEM('density measure',
POSITIVE_RATIO_MEASURE(2.71),#1119);
#1121=PROPERTY_DEFINITION_REPRESENTATION(#1126,#1123);
#1122=PROPERTY_DEFINITION_REPRESENTATION(#1127,#1124);
#1123=REPRESENTATION('material name',(#1125),#2475);
#1124=REPRESENTATION('density',(#1120),#2475);
#1125=DESCRIPTIVE_REPRESENTATION_ITEM('Aluminum 6061','Aluminum 6061');
#1126=PROPERTY_DEFINITION('material property','material name',#2489);
#1127=PROPERTY_DEFINITION('material property','density of part',#2489);
#1128=DATE_TIME_ROLE('creation_date');
#1129=CC_DESIGN_DATE_AND_TIME_ASSIGNMENT(#1130,#1128,(#2489));
#1130=DATE_AND_TIME(#1131,#1132);
#1131=CALENDAR_DATE(2022,20,1);
#1132=LOCAL_TIME(0,0,0.,#1133);
#1133=COORDINATED_UNIVERSAL_TIME_OFFSET(0,0,.BEHIND.);
#1134=AXIS2_PLACEMENT_3D('placement',#1717,#1318,#1319);
#1135=AXIS2_PLACEMENT_3D('',#1718,#1320,#1321);
#1136=AXIS2_PLACEMENT_3D('',#1721,#1322,#1323);
#1137=AXIS2_PLACEMENT_3D('',#1723,#1324,#1325);
#1138=AXIS2_PLACEMENT_3D('',#1725,#1326,#1327);
#1139=AXIS2_PLACEMENT_3D('',#1726,#1328,#1329);
#1140=AXIS2_PLACEMENT_3D('',#1727,#1330,#1331);
#1141=AXIS2_PLACEMENT_3D('',#1730,#1332,#1333);
#1142=AXIS2_PLACEMENT_3D('',#1731,#1334,#1335);
#1143=AXIS2_PLACEMENT_3D('',#1732,#1336,#1337);
#1144=AXIS2_PLACEMENT_3D('',#1733,#1338,#1339);
#1145=AXIS2_PLACEMENT_3D('',#1734,#1340,#1341);
#1146=AXIS2_PLACEMENT_3D('',#1739,#1343,#1344);
#1147=AXIS2_PLACEMENT_3D('',#1741,#1346,#1347);
#1148=AXIS2_PLACEMENT_3D('',#1742,#1348,#1349);
#1149=AXIS2_PLACEMENT_3D('',#1743,#1350,#1351);
#1150=AXIS2_PLACEMENT_3D('',#1744,#1352,#1353);
#1151=AXIS2_PLACEMENT_3D('',#1745,#1354,#1355);
#1152=AXIS2_PLACEMENT_3D('',#1746,#1356,#1357);
#1153=AXIS2_PLACEMENT_3D('',#1748,#1359,#1360);
#1154=AXIS2_PLACEMENT_3D('',#1749,#1361,#1362);
#1155=AXIS2_PLACEMENT_3D('',#1752,#1363,#1364);
#1156=AXIS2_PLACEMENT_3D('',#1754,#1365,#1366);
#1157=AXIS2_PLACEMENT_3D('',#1756,#1367,#1368);
#1158=AXIS2_PLACEMENT_3D('',#1757,#1369,#1370);
#1159=AXIS2_PLACEMENT_3D('',#1758,#1371,#1372);
#1160=AXIS2_PLACEMENT_3D('',#1784,#1377,#1378);
#1161=AXIS2_PLACEMENT_3D('',#1786,#1379,#1380);
#1162=AXIS2_PLACEMENT_3D('',#1806,#1383,#1384);
#1163=AXIS2_PLACEMENT_3D('',#1807,#1385,#1386);
#1164=AXIS2_PLACEMENT_3D('',#1810,#1388,#1389);
#1165=AXIS2_PLACEMENT_3D('',#1853,#1391,#1392);
#1166=AXIS2_PLACEMENT_3D('',#1940,#1393,#1394);
#1167=AXIS2_PLACEMENT_3D('',#1950,#1395,#1396);
#1168=AXIS2_PLACEMENT_3D('',#2006,#1397,#1398);
#1169=AXIS2_PLACEMENT_3D('',#2008,#1399,#1400);
#1170=AXIS2_PLACEMENT_3D('',#2009,#1401,#1402);
#1171=AXIS2_PLACEMENT_3D('',#2035,#1403,#1404);
#1172=AXIS2_PLACEMENT_3D('',#2036,#1405,#1406);
#1173=AXIS2_PLACEMENT_3D('',#2037,#1407,#1408);
#1174=AXIS2_PLACEMENT_3D('',#2065,#1410,#1411);
#1175=AXIS2_PLACEMENT_3D('',#2067,#1412,#1413);
#1176=AXIS2_PLACEMENT_3D('',#2068,#1414,#1415);
#1177=AXIS2_PLACEMENT_3D('',#2086,#1416,#1417);
#1178=AXIS2_PLACEMENT_3D('',#2087,#1418,#1419);
#1179=AXIS2_PLACEMENT_3D('',#2088,#1420,#1421);
#1180=AXIS2_PLACEMENT_3D('',#2091,#1423,#1424);
#1181=AXIS2_PLACEMENT_3D('',#2092,#1425,#1426);
#1182=AXIS2_PLACEMENT_3D('',#2111,#1429,#1430);
#1183=AXIS2_PLACEMENT_3D('',#2114,#1432,#1433);
#1184=AXIS2_PLACEMENT_3D('',#2115,#1434,#1435);
#1185=AXIS2_PLACEMENT_3D('',#2154,#1438,#1439);
#1186=AXIS2_PLACEMENT_3D('',#2162,#1440,#1441);
#1187=AXIS2_PLACEMENT_3D('',#2164,#1442,#1443);
#1188=AXIS2_PLACEMENT_3D('',#2207,#1445,#1446);
#1189=AXIS2_PLACEMENT_3D('',#2242,#1447,#1448);
#1190=AXIS2_PLACEMENT_3D('',#2279,#1449,#1450);
#1191=AXIS2_PLACEMENT_3D('',#2286,#1451,#1452);
#1192=AXIS2_PLACEMENT_3D('',#2287,#1453,#1454);
#1193=AXIS2_PLACEMENT_3D('',#2288,#1455,#1456);
#1194=AXIS2_PLACEMENT_3D('',#2289,#1457,#1458);
#1195=AXIS2_PLACEMENT_3D('',#2290,#1459,#1460);
#1196=AXIS2_PLACEMENT_3D('',#2292,#1461,#1462);
#1197=AXIS2_PLACEMENT_3D('',#2296,#1464,#1465);
#1198=AXIS2_PLACEMENT_3D('',#2299,#1467,#1468);
#1199=AXIS2_PLACEMENT_3D('',#2300,#1469,#1470);
#1200=AXIS2_PLACEMENT_3D('',#2302,#1471,#1472);
#1201=AXIS2_PLACEMENT_3D('',#2303,#1473,#1474);
#1202=AXIS2_PLACEMENT_3D('',#2304,#1475,#1476);
#1203=AXIS2_PLACEMENT_3D('',#2305,#1477,#1478);
#1204=AXIS2_PLACEMENT_3D('',#2306,#1479,#1480);
#1205=AXIS2_PLACEMENT_3D('',#2307,#1481,#1482);
#1206=AXIS2_PLACEMENT_3D('',#2308,#1483,#1484);
#1207=AXIS2_PLACEMENT_3D('',#2309,#1485,#1486);
#1208=AXIS2_PLACEMENT_3D('',#2310,#1487,#1488);
#1209=AXIS2_PLACEMENT_3D('',#2311,#1489,#1490);
#1210=AXIS2_PLACEMENT_3D('',#2312,#1491,#1492);
#1211=AXIS2_PLACEMENT_3D('',#2313,#1493,#1494);
#1212=AXIS2_PLACEMENT_3D('',#2314,#1495,#1496);
#1213=AXIS2_PLACEMENT_3D('',#2316,#1497,#1498);
#1214=AXIS2_PLACEMENT_3D('',#2318,#1499,#1500);
#1215=AXIS2_PLACEMENT_3D('',#2320,#1501,#1502);
#1216=AXIS2_PLACEMENT_3D('',#2322,#1503,#1504);
#1217=AXIS2_PLACEMENT_3D('',#2324,#1505,#1506);
#1218=AXIS2_PLACEMENT_3D('',#2326,#1507,#1508);
#1219=AXIS2_PLACEMENT_3D('',#2328,#1509,#1510);
#1220=AXIS2_PLACEMENT_3D('',#2330,#1511,#1512);
#1221=AXIS2_PLACEMENT_3D('',#2332,#1513,#1514);
#1222=AXIS2_PLACEMENT_3D('',#2334,#1515,#1516);
#1223=AXIS2_PLACEMENT_3D('',#2336,#1517,#1518);
#1224=AXIS2_PLACEMENT_3D('',#2337,#1519,#1520);
#1225=AXIS2_PLACEMENT_3D('',#2338,#1521,#1522);
#1226=AXIS2_PLACEMENT_3D('',#2341,#1523,#1524);
#1227=AXIS2_PLACEMENT_3D('',#2343,#1525,#1526);
#1228=AXIS2_PLACEMENT_3D('',#2345,#1527,#1528);
#1229=AXIS2_PLACEMENT_3D('',#2346,#1529,#1530);
#1230=AXIS2_PLACEMENT_3D('',#2347,#1531,#1532);
#1231=AXIS2_PLACEMENT_3D('',#2350,#1533,#1534);
#1232=AXIS2_PLACEMENT_3D('',#2351,#1535,#1536);
#1233=AXIS2_PLACEMENT_3D('',#2352,#1537,#1538);
#1234=AXIS2_PLACEMENT_3D('',#2353,#1539,#1540);
#1235=AXIS2_PLACEMENT_3D('',#2356,#1541,#1542);
#1236=AXIS2_PLACEMENT_3D('',#2357,#1543,#1544);
#1237=AXIS2_PLACEMENT_3D('',#2358,#1545,#1546);
#1238=AXIS2_PLACEMENT_3D('',#2359,#1547,#1548);
#1239=AXIS2_PLACEMENT_3D('',#2362,#1549,#1550);
#1240=AXIS2_PLACEMENT_3D('',#2363,#1551,#1552);
#1241=AXIS2_PLACEMENT_3D('',#2364,#1553,#1554);
#1242=AXIS2_PLACEMENT_3D('',#2365,#1555,#1556);
#1243=AXIS2_PLACEMENT_3D('',#2368,#1557,#1558);
#1244=AXIS2_PLACEMENT_3D('',#2369,#1559,#1560);
#1245=AXIS2_PLACEMENT_3D('',#2370,#1561,#1562);
#1246=AXIS2_PLACEMENT_3D('',#2371,#1563,#1564);
#1247=AXIS2_PLACEMENT_3D('',#2373,#1565,#1566);
#1248=AXIS2_PLACEMENT_3D('',#2374,#1567,#1568);
#1249=AXIS2_PLACEMENT_3D('',#2375,#1569,#1570);
#1250=AXIS2_PLACEMENT_3D('',#2376,#1571,#1572);
#1251=AXIS2_PLACEMENT_3D('',#2378,#1573,#1574);
#1252=AXIS2_PLACEMENT_3D('',#2379,#1575,#1576);
#1253=AXIS2_PLACEMENT_3D('',#2380,#1577,#1578);
#1254=AXIS2_PLACEMENT_3D('',#2383,#1579,#1580);
#1255=AXIS2_PLACEMENT_3D('',#2384,#1581,#1582);
#1256=AXIS2_PLACEMENT_3D('',#2385,#1583,#1584);
#1257=AXIS2_PLACEMENT_3D('',#2386,#1585,#1586);
#1258=AXIS2_PLACEMENT_3D('',#2389,#1587,#1588);
#1259=AXIS2_PLACEMENT_3D('',#2390,#1589,#1590);
#1260=AXIS2_PLACEMENT_3D('',#2391,#1591,#1592);
#1261=AXIS2_PLACEMENT_3D('',#2392,#1593,#1594);
#1262=AXIS2_PLACEMENT_3D('',#2395,#1595,#1596);
#1263=AXIS2_PLACEMENT_3D('',#2396,#1597,#1598);
#1264=AXIS2_PLACEMENT_3D('',#2397,#1599,#1600);
#1265=AXIS2_PLACEMENT_3D('',#2398,#1601,#1602);
#1266=AXIS2_PLACEMENT_3D('',#2401,#1603,#1604);
#1267=AXIS2_PLACEMENT_3D('',#2402,#1605,#1606);
#1268=AXIS2_PLACEMENT_3D('',#2403,#1607,#1608);
#1269=AXIS2_PLACEMENT_3D('',#2404,#1609,#1610);
#1270=AXIS2_PLACEMENT_3D('',#2405,#1611,#1612);
#1271=AXIS2_PLACEMENT_3D('',#2406,#1613,#1614);
#1272=AXIS2_PLACEMENT_3D('',#2407,#1615,#1616);
#1273=AXIS2_PLACEMENT_3D('',#2410,#1618,#1619);
#1274=AXIS2_PLACEMENT_3D('',#2411,#1620,#1621);
#1275=AXIS2_PLACEMENT_3D('',#2414,#1623,#1624);
#1276=AXIS2_PLACEMENT_3D('',#2415,#1625,#1626);
#1277=AXIS2_PLACEMENT_3D('',#2418,#1628,#1629);
#1278=AXIS2_PLACEMENT_3D('',#2419,#1630,#1631);
#1279=AXIS2_PLACEMENT_3D('',#2422,#1633,#1634);
#1280=AXIS2_PLACEMENT_3D('',#2423,#1635,#1636);
#1281=AXIS2_PLACEMENT_3D('',#2426,#1638,#1639);
#1282=AXIS2_PLACEMENT_3D('',#2427,#1640,#1641);
#1283=AXIS2_PLACEMENT_3D('',#2430,#1643,#1644);
#1284=AXIS2_PLACEMENT_3D('',#2431,#1645,#1646);
#1285=AXIS2_PLACEMENT_3D('',#2432,#1647,#1648);
#1286=AXIS2_PLACEMENT_3D('',#2434,#1649,#1650);
#1287=AXIS2_PLACEMENT_3D('',#2436,#1651,#1652);
#1288=AXIS2_PLACEMENT_3D('',#2437,#1653,#1654);
#1289=AXIS2_PLACEMENT_3D('',#2438,#1655,#1656);
#1290=AXIS2_PLACEMENT_3D('',#2440,#1657,#1658);
#1291=AXIS2_PLACEMENT_3D('',#2441,#1659,#1660);
#1292=AXIS2_PLACEMENT_3D('',#2442,#1661,#1662);
#1293=AXIS2_PLACEMENT_3D('',#2444,#1663,#1664);
#1294=AXIS2_PLACEMENT_3D('',#2445,#1665,#1666);
#1295=AXIS2_PLACEMENT_3D('',#2446,#1667,#1668);
#1296=AXIS2_PLACEMENT_3D('',#2447,#1669,#1670);
#1297=AXIS2_PLACEMENT_3D('',#2448,#1671,#1672);
#1298=AXIS2_PLACEMENT_3D('',#2449,#1673,#1674);
#1299=AXIS2_PLACEMENT_3D('',#2450,#1675,#1676);
#1300=AXIS2_PLACEMENT_3D('',#2451,#1677,#1678);
#1301=AXIS2_PLACEMENT_3D('',#2452,#1679,#1680);
#1302=AXIS2_PLACEMENT_3D('',#2453,#1681,#1682);
#1303=AXIS2_PLACEMENT_3D('',#2454,#1683,#1684);
#1304=AXIS2_PLACEMENT_3D('',#2455,#1685,#1686);
#1305=AXIS2_PLACEMENT_3D('',#2456,#1687,#1688);
#1306=AXIS2_PLACEMENT_3D('',#2457,#1689,#1690);
#1307=AXIS2_PLACEMENT_3D('',#2458,#1691,#1692);
#1308=AXIS2_PLACEMENT_3D('',#2459,#1693,#1694);
#1309=AXIS2_PLACEMENT_3D('',#2460,#1695,#1696);
#1310=AXIS2_PLACEMENT_3D('',#2461,#1697,#1698);
#1311=AXIS2_PLACEMENT_3D('',#2462,#1699,#1700);
#1312=AXIS2_PLACEMENT_3D('',#2463,#1701,#1702);
#1313=AXIS2_PLACEMENT_3D('',#2464,#1703,#1704);
#1314=AXIS2_PLACEMENT_3D('',#2466,#1706,#1707);
#1315=AXIS2_PLACEMENT_3D('',#2468,#1709,#1710);
#1316=AXIS2_PLACEMENT_3D('',#2470,#1712,#1713);
#1317=AXIS2_PLACEMENT_3D('',#2472,#1715,#1716);
#1318=DIRECTION('axis',(0.,0.,1.));
#1319=DIRECTION('refdir',(1.,0.,0.));
#1320=DIRECTION('center_axis',(0.,-1.,0.));
#1321=DIRECTION('ref_axis',(0.,0.,-1.));
#1322=DIRECTION('center_axis',(0.,1.,0.));
#1323=DIRECTION('ref_axis',(0.,0.,-1.));
#1324=DIRECTION('center_axis',(6.12323399573677E-17,0.,1.));
#1325=DIRECTION('ref_axis',(0.,1.,0.));
#1326=DIRECTION('center_axis',(0.,-1.,0.));
#1327=DIRECTION('ref_axis',(0.499552803747538,0.,-0.866283438758917));
#1328=DIRECTION('center_axis',(0.866283438758917,0.,0.499552803747538));
#1329=DIRECTION('ref_axis',(0.,1.,0.));
#1330=DIRECTION('center_axis',(0.,-1.,0.));
#1331=DIRECTION('ref_axis',(0.,0.,-1.));
#1332=DIRECTION('center_axis',(0.,1.,0.));
#1333=DIRECTION('ref_axis',(0.,0.,-1.));
#1334=DIRECTION('center_axis',(6.12323399573677E-17,0.,1.));
#1335=DIRECTION('ref_axis',(0.,1.,0.));
#1336=DIRECTION('center_axis',(0.,-1.,0.));
#1337=DIRECTION('ref_axis',(0.499552803747538,0.,-0.866283438758917));
#1338=DIRECTION('center_axis',(0.866283438758917,0.,0.499552803747538));
#1339=DIRECTION('ref_axis',(0.,1.,0.));
#1340=DIRECTION('center_axis',(6.12323399573677E-17,0.,1.));
#1341=DIRECTION('ref_axis',(0.,1.,0.));
#1342=DIRECTION('',(-6.12323399573677E-17,0.,-1.));
#1343=DIRECTION('center_axis',(6.12323399573677E-17,0.,1.));
#1344=DIRECTION('ref_axis',(0.,1.,0.));
#1345=DIRECTION('',(6.12323399573677E-17,0.,1.));
#1346=DIRECTION('center_axis',(6.12323399573677E-17,0.,1.));
#1347=DIRECTION('ref_axis',(0.,1.,0.));
#1348=DIRECTION('center_axis',(6.12323399573677E-17,0.,1.));
#1349=DIRECTION('ref_axis',(0.,1.,0.));
#1350=DIRECTION('center_axis',(6.12323399573677E-17,0.,1.));
#1351=DIRECTION('ref_axis',(0.,1.,0.));
#1352=DIRECTION('center_axis',(6.12323399573677E-17,0.,1.));
#1353=DIRECTION('ref_axis',(0.,1.,0.));
#1354=DIRECTION('center_axis',(6.12323399573677E-17,0.,1.));
#1355=DIRECTION('ref_axis',(0.,1.,0.));
#1356=DIRECTION('center_axis',(6.12323399573677E-17,0.,1.));
#1357=DIRECTION('ref_axis',(0.,1.,0.));
#1358=DIRECTION('',(6.12323399573677E-17,0.,1.));
#1359=DIRECTION('center_axis',(6.12323399573677E-17,0.,1.));
#1360=DIRECTION('ref_axis',(0.,1.,0.));
#1361=DIRECTION('center_axis',(0.,-1.,0.));
#1362=DIRECTION('ref_axis',(0.,0.,-1.));
#1363=DIRECTION('center_axis',(1.,0.,0.));
#1364=DIRECTION('ref_axis',(0.,0.,-1.));
#1365=DIRECTION('center_axis',(0.,-1.,0.));
#1366=DIRECTION('ref_axis',(0.,0.,-1.));
#1367=DIRECTION('center_axis',(0.866283438758917,0.,0.499552803747538));
#1368=DIRECTION('ref_axis',(0.499552803747538,0.,-0.866283438758917));
#1369=DIRECTION('center_axis',(0.,1.,0.));
#1370=DIRECTION('ref_axis',(0.499552803747538,0.,-0.866283438758917));
#1371=DIRECTION('center_axis',(0.,0.,-1.));
#1372=DIRECTION('ref_axis',(0.,1.,0.));
#1373=DIRECTION('',(0.,1.,0.));
#1374=DIRECTION('',(1.,0.,0.));
#1375=DIRECTION('',(0.,-1.,0.));
#1376=DIRECTION('',(-1.,0.,0.));
#1377=DIRECTION('center_axis',(1.,0.,0.));
#1378=DIRECTION('ref_axis',(0.,0.,1.));
#1379=DIRECTION('center_axis',(1.,0.,0.));
#1380=DIRECTION('ref_axis',(0.,0.,1.));
#1381=DIRECTION('',(1.,0.,0.));
#1382=DIRECTION('',(1.,0.,0.));
#1383=DIRECTION('center_axis',(-1.,7.24330072212614E-15,-1.48048536430837E-14));
#1384=DIRECTION('ref_axis',(1.48048536430837E-14,2.1149790918691E-15,-1.));
#1385=DIRECTION('center_axis',(0.,-1.,0.));
#1386=DIRECTION('ref_axis',(0.,0.,-1.));
#1387=DIRECTION('',(0.,-1.,0.));
#1388=DIRECTION('center_axis',(0.,-1.,0.));
#1389=DIRECTION('ref_axis',(0.,0.,-1.));
#1390=DIRECTION('',(0.,-1.,0.));
#1391=DIRECTION('center_axis',(-0.756059171652342,0.654503268869128,2.84275438268547E-15));
#1392=DIRECTION('ref_axis',(-3.75996282998952E-15,0.,-1.));
#1393=DIRECTION('center_axis',(-0.756059171652369,-0.654503268869097,2.13014320266804E-14));
#1394=DIRECTION('ref_axis',(-0.157028160338759,0.181393411582093,-0.970792762176992));
#1395=DIRECTION('center_axis',(-1.,-2.16882230363666E-14,-4.65295400211202E-14));
#1396=DIRECTION('ref_axis',(2.34997676874345E-16,0.904430420480647,-0.426621160409561));
#1397=DIRECTION('center_axis',(-0.701069230851424,0.701069230851423,0.130398876938365));
#1398=DIRECTION('ref_axis',(0.,0.182863718459567,-0.983138271287991));
#1399=DIRECTION('center_axis',(-0.894427190999916,-0.447213595499958,0.));
#1400=DIRECTION('ref_axis',(0.447213595499958,-0.894427190999916,0.));
#1401=DIRECTION('center_axis',(0.447213595499958,0.894427190999916,0.));
#1402=DIRECTION('ref_axis',(0.894427190999916,-0.447213595499958,0.));
#1403=DIRECTION('center_axis',(-0.182863718459566,0.,-0.983138271287992));
#1404=DIRECTION('ref_axis',(-0.983138271287991,0.,0.182863718459566));
#1405=DIRECTION('center_axis',(0.0926004116694336,4.04752398130603E-17,
0.995703351284232));
#1406=DIRECTION('ref_axis',(-0.995703351284232,0.,0.0926004116694336));
#1407=DIRECTION('center_axis',(0.,1.,0.));
#1408=DIRECTION('ref_axis',(-0.0918197383790882,0.,-0.995775645235409));
#1409=DIRECTION('',(0.,1.,0.));
#1410=DIRECTION('center_axis',(0.0926004116694336,4.04752398130603E-17,
0.995703351284232));
#1411=DIRECTION('ref_axis',(-0.995703351284232,0.,0.0926004116694336));
#1412=DIRECTION('center_axis',(0.701069230851427,0.70106923085142,-0.130398876938363));
#1413=DIRECTION('ref_axis',(8.74191357972565E-16,-0.182863718459566,-0.983138271287991));
#1414=DIRECTION('center_axis',(-0.182863718459566,0.,-0.983138271287992));
#1415=DIRECTION('ref_axis',(-0.983138271287991,0.,0.182863718459566));
#1416=DIRECTION('center_axis',(0.447213595499958,-0.894427190999916,0.));
#1417=DIRECTION('ref_axis',(0.894427190999916,0.447213595499958,0.));
#1418=DIRECTION('center_axis',(-0.894427190999916,0.447213595499958,0.));
#1419=DIRECTION('ref_axis',(0.447213595499958,0.894427190999916,0.));
#1420=DIRECTION('center_axis',(0.,-1.,0.));
#1421=DIRECTION('ref_axis',(0.,0.,-1.));
#1422=DIRECTION('',(0.,1.,0.));
#1423=DIRECTION('center_axis',(0.,-1.,0.));
#1424=DIRECTION('ref_axis',(0.,0.,-1.));
#1425=DIRECTION('center_axis',(1.,0.,0.));
#1426=DIRECTION('ref_axis',(0.,0.,-1.));
#1427=DIRECTION('',(-1.,0.,0.));
#1428=DIRECTION('',(1.,0.,0.));
#1429=DIRECTION('center_axis',(-1.,0.,0.));
#1430=DIRECTION('ref_axis',(0.,-0.535433861270673,0.844577160598591));
#1431=DIRECTION('',(1.,0.,0.));
#1432=DIRECTION('center_axis',(-1.,-1.23707205036315E-14,-2.62257407391772E-14));
#1433=DIRECTION('ref_axis',(0.,-0.904430420480649,0.426621160409557));
#1434=DIRECTION('center_axis',(0.,-1.,0.));
#1435=DIRECTION('ref_axis',(0.0918197383790885,0.,0.995775645235409));
#1436=DIRECTION('',(0.,1.,0.));
#1437=DIRECTION('',(0.,-1.,0.));
#1438=DIRECTION('center_axis',(0.22647159932455,-0.515265372749097,0.826566519008068));
#1439=DIRECTION('ref_axis',(-0.915475530862674,-0.402373647735168,3.906061825693E-11));
#1440=DIRECTION('center_axis',(1.,0.,0.));
#1441=DIRECTION('ref_axis',(0.,0.535433861270673,0.844577160598591));
#1442=DIRECTION('center_axis',(1.,0.,0.));
#1443=DIRECTION('ref_axis',(0.,0.904430420480649,0.426621160409556));
#1444=DIRECTION('',(-1.,0.,0.));
#1445=DIRECTION('center_axis',(0.226471615921083,0.515265348716416,0.826566529442273));
#1446=DIRECTION('ref_axis',(0.,0.848615455346075,-0.52901021629811));
#1447=DIRECTION('center_axis',(0.0823680823539693,0.996601976221867,-3.80054649512239E-11));
#1448=DIRECTION('ref_axis',(3.98980935778678E-12,-3.84648022095119E-11,
-1.));
#1449=DIRECTION('center_axis',(0.0823680822745932,-0.996601976228427,-2.51761573792209E-10));
#1450=DIRECTION('ref_axis',(-0.996601976228427,-0.0823680822745932,0.));
#1451=DIRECTION('center_axis',(0.,0.,1.));
#1452=DIRECTION('ref_axis',(1.,0.,0.));
#1453=DIRECTION('center_axis',(0.,0.,-1.));
#1454=DIRECTION('ref_axis',(1.,-3.98233904943527E-11,0.));
#1455=DIRECTION('center_axis',(0.,0.,1.));
#1456=DIRECTION('ref_axis',(1.,-3.98233904943527E-11,0.));
#1457=DIRECTION('center_axis',(0.182863718459566,0.,0.983138271287992));
#1458=DIRECTION('ref_axis',(0.983138271287991,0.,-0.182863718459566));
#1459=DIRECTION('center_axis',(0.,0.,1.));
#1460=DIRECTION('ref_axis',(1.,-1.51506301208417E-16,0.));
#1461=DIRECTION('center_axis',(0.,0.,-1.));
#1462=DIRECTION('ref_axis',(1.,-1.51506301208417E-16,0.));
#1463=DIRECTION('',(0.,0.,1.));
#1464=DIRECTION('center_axis',(0.,0.,1.));
#1465=DIRECTION('ref_axis',(1.,-1.51506301208417E-16,0.));
#1466=DIRECTION('',(0.,0.,1.));
#1467=DIRECTION('center_axis',(0.,0.,-1.));
#1468=DIRECTION('ref_axis',(1.,-1.51506301208417E-16,0.));
#1469=DIRECTION('center_axis',(0.,0.,-1.));
#1470=DIRECTION('ref_axis',(-1.,0.,0.));
#1471=DIRECTION('center_axis',(0.,0.,1.));
#1472=DIRECTION('ref_axis',(1.,-1.51506301208417E-16,0.));
#1473=DIRECTION('center_axis',(-0.930660231272408,-0.365884590995561,0.));
#1474=DIRECTION('ref_axis',(-0.365884590995561,0.930660231272407,0.));
#1475=DIRECTION('center_axis',(0.,0.,1.));
#1476=DIRECTION('ref_axis',(0.,-1.,0.));
#1477=DIRECTION('center_axis',(0.,-1.,0.));
#1478=DIRECTION('ref_axis',(0.,0.,-1.));
#1479=DIRECTION('center_axis',(0.866283438758917,0.,0.499552803747538));
#1480=DIRECTION('ref_axis',(-0.499552803747538,0.,0.866283438758917));
#1481=DIRECTION('center_axis',(0.866283438758917,0.,0.499552803747538));
#1482=DIRECTION('ref_axis',(0.499552803747538,0.,-0.866283438758917));
#1483=DIRECTION('center_axis',(0.866283438758917,0.,0.499552803747538));
#1484=DIRECTION('ref_axis',(0.,1.,0.));
#1485=DIRECTION('center_axis',(0.866283438758917,0.,0.499552803747538));
#1486=DIRECTION('ref_axis',(0.,1.,0.));
#1487=DIRECTION('center_axis',(0.,-1.,0.));
#1488=DIRECTION('ref_axis',(0.,0.,-1.));
#1489=DIRECTION('center_axis',(0.,-1.,0.));
#1490=DIRECTION('ref_axis',(0.,0.,-1.));
#1491=DIRECTION('center_axis',(6.12323399573677E-17,0.,1.));
#1492=DIRECTION('ref_axis',(1.,0.,-6.12323399573677E-17));
#1493=DIRECTION('center_axis',(6.12323399573677E-17,0.,1.));
#1494=DIRECTION('ref_axis',(1.,0.,-6.12323399573677E-17));
#1495=DIRECTION('center_axis',(0.,0.,1.));
#1496=DIRECTION('ref_axis',(1.,0.,0.));
#1497=DIRECTION('center_axis',(0.,0.,1.));
#1498=DIRECTION('ref_axis',(1.,-1.51506301208417E-16,0.));
#1499=DIRECTION('center_axis',(0.,0.,-1.));
#1500=DIRECTION('ref_axis',(-3.49676543189026E-16,1.,0.));
#1501=DIRECTION('center_axis',(0.,0.,1.));
#1502=DIRECTION('ref_axis',(-1.51506301208417E-16,-1.,0.));
#1503=DIRECTION('center_axis',(0.,0.,-1.));
#1504=DIRECTION('ref_axis',(-4.37095678986282E-16,1.,0.));
#1505=DIRECTION('center_axis',(0.,0.,1.));
#1506=DIRECTION('ref_axis',(-1.51506301208417E-16,-1.,0.));
#1507=DIRECTION('center_axis',(0.,0.,-1.));
#1508=DIRECTION('ref_axis',(1.74838271594513E-16,1.,0.));
#1509=DIRECTION('center_axis',(0.,0.,1.));
#1510=DIRECTION('ref_axis',(-1.,1.51506301208417E-16,0.));
#1511=DIRECTION('center_axis',(0.,0.,-1.));
#1512=DIRECTION('ref_axis',(3.49676543189026E-16,-1.,0.));
#1513=DIRECTION('center_axis',(0.,0.,1.));
#1514=DIRECTION('ref_axis',(1.51506301208417E-16,1.,0.));
#1515=DIRECTION('center_axis',(0.,0.,-1.));
#1516=DIRECTION('ref_axis',(4.37095678986282E-16,-1.,0.));
#1517=DIRECTION('center_axis',(0.,0.,1.));
#1518=DIRECTION('ref_axis',(1.51506301208417E-16,1.,0.));
#1519=DIRECTION('center_axis',(0.,0.,-1.));
#1520=DIRECTION('ref_axis',(-1.74838271594513E-16,-1.,0.));
#1521=DIRECTION('center_axis',(0.,0.,1.));
#1522=DIRECTION('ref_axis',(-1.,1.22464679914735E-16,0.));
#1523=DIRECTION('center_axis',(-0.930660231272407,0.365884590995562,0.));
#1524=DIRECTION('ref_axis',(0.,0.,1.));
#1525=DIRECTION('center_axis',(0.,0.,1.));
#1526=DIRECTION('ref_axis',(-1.,1.51506301208417E-16,0.));
#1527=DIRECTION('center_axis',(-0.930660231272408,-0.36588459099556,0.));
#1528=DIRECTION('ref_axis',(0.36588459099556,-0.930660231272408,0.));
#1529=DIRECTION('center_axis',(0.,0.,-1.));
#1530=DIRECTION('ref_axis',(-1.,1.51506301208417E-16,0.));
#1531=DIRECTION('center_axis',(0.,0.,-1.));
#1532=DIRECTION('ref_axis',(-1.,0.,0.));
#1533=DIRECTION('center_axis',(-0.930660231272408,0.365884590995561,0.));
#1534=DIRECTION('ref_axis',(-0.365884590995561,-0.930660231272407,0.));
#1535=DIRECTION('center_axis',(0.,0.,1.));
#1536=DIRECTION('ref_axis',(1.74838271594513E-16,1.,0.));
#1537=DIRECTION('center_axis',(0.,0.,-1.));
#1538=DIRECTION('ref_axis',(1.74838271594513E-16,1.,0.));
#1539=DIRECTION('center_axis',(0.,0.,1.));
#1540=DIRECTION('ref_axis',(1.,0.,0.));
#1541=DIRECTION('center_axis',(-0.930660231272407,-0.365884590995562,0.));
#1542=DIRECTION('ref_axis',(0.365884590995562,-0.930660231272407,0.));
#1543=DIRECTION('center_axis',(0.,0.,-1.));
#1544=DIRECTION('ref_axis',(-1.51506301208417E-16,-1.,0.));
#1545=DIRECTION('center_axis',(0.,0.,1.));
#1546=DIRECTION('ref_axis',(-1.51506301208417E-16,-1.,0.));
#1547=DIRECTION('center_axis',(0.,0.,-1.));
#1548=DIRECTION('ref_axis',(-1.,0.,0.));
#1549=DIRECTION('center_axis',(-0.930660231272408,0.365884590995561,0.));
#1550=DIRECTION('ref_axis',(-0.365884590995561,-0.930660231272408,0.));
#1551=DIRECTION('center_axis',(0.,0.,1.));
#1552=DIRECTION('ref_axis',(-4.37095678986282E-16,1.,0.));
#1553=DIRECTION('center_axis',(0.,0.,-1.));
#1554=DIRECTION('ref_axis',(-4.37095678986282E-16,1.,0.));
#1555=DIRECTION('center_axis',(0.,0.,1.));
#1556=DIRECTION('ref_axis',(1.,0.,0.));
#1557=DIRECTION('center_axis',(-0.930660231272408,-0.365884590995561,0.));
#1558=DIRECTION('ref_axis',(0.365884590995561,-0.930660231272408,0.));
#1559=DIRECTION('center_axis',(0.,0.,-1.));
#1560=DIRECTION('ref_axis',(-1.51506301208417E-16,-1.,0.));
#1561=DIRECTION('center_axis',(0.,0.,1.));
#1562=DIRECTION('ref_axis',(-1.51506301208417E-16,-1.,0.));
#1563=DIRECTION('center_axis',(0.,0.,-1.));
#1564=DIRECTION('ref_axis',(-1.,0.,0.));
#1565=DIRECTION('center_axis',(-0.930660231272408,0.365884590995561,0.));
#1566=DIRECTION('ref_axis',(-0.365884590995561,-0.930660231272408,0.));
#1567=DIRECTION('center_axis',(0.,0.,1.));
#1568=DIRECTION('ref_axis',(-3.49676543189026E-16,1.,0.));
#1569=DIRECTION('center_axis',(0.,0.,-1.));
#1570=DIRECTION('ref_axis',(-3.49676543189026E-16,1.,0.));
#1571=DIRECTION('center_axis',(0.,0.,1.));
#1572=DIRECTION('ref_axis',(1.,0.,0.));
#1573=DIRECTION('center_axis',(0.930660231272408,0.36588459099556,0.));
#1574=DIRECTION('ref_axis',(-0.36588459099556,0.930660231272408,0.));
#1575=DIRECTION('center_axis',(0.,0.,-1.));
#1576=DIRECTION('ref_axis',(1.,-1.51506301208417E-16,0.));
#1577=DIRECTION('center_axis',(0.,0.,-1.));
#1578=DIRECTION('ref_axis',(-1.,0.,0.));
#1579=DIRECTION('center_axis',(0.930660231272408,-0.365884590995561,0.));
#1580=DIRECTION('ref_axis',(0.365884590995561,0.930660231272407,0.));
#1581=DIRECTION('center_axis',(0.,0.,1.));
#1582=DIRECTION('ref_axis',(-1.74838271594513E-16,-1.,0.));
#1583=DIRECTION('center_axis',(0.,0.,-1.));
#1584=DIRECTION('ref_axis',(-1.74838271594513E-16,-1.,0.));
#1585=DIRECTION('center_axis',(0.,0.,1.));
#1586=DIRECTION('ref_axis',(1.,0.,0.));
#1587=DIRECTION('center_axis',(0.930660231272407,0.365884590995562,0.));
#1588=DIRECTION('ref_axis',(-0.365884590995562,0.930660231272407,0.));
#1589=DIRECTION('center_axis',(0.,0.,-1.));
#1590=DIRECTION('ref_axis',(1.51506301208417E-16,1.,0.));
#1591=DIRECTION('center_axis',(0.,0.,1.));
#1592=DIRECTION('ref_axis',(1.51506301208417E-16,1.,0.));
#1593=DIRECTION('center_axis',(0.,0.,-1.));
#1594=DIRECTION('ref_axis',(-1.,0.,0.));
#1595=DIRECTION('center_axis',(0.930660231272408,-0.365884590995561,0.));
#1596=DIRECTION('ref_axis',(0.365884590995561,0.930660231272408,0.));
#1597=DIRECTION('center_axis',(0.,0.,1.));
#1598=DIRECTION('ref_axis',(4.37095678986282E-16,-1.,0.));
#1599=DIRECTION('center_axis',(0.,0.,-1.));
#1600=DIRECTION('ref_axis',(4.37095678986282E-16,-1.,0.));
#1601=DIRECTION('center_axis',(0.,0.,1.));
#1602=DIRECTION('ref_axis',(1.,0.,0.));
#1603=DIRECTION('center_axis',(0.930660231272408,0.365884590995561,0.));
#1604=DIRECTION('ref_axis',(-0.365884590995561,0.930660231272408,0.));
#1605=DIRECTION('center_axis',(0.,0.,-1.));
#1606=DIRECTION('ref_axis',(1.51506301208417E-16,1.,0.));
#1607=DIRECTION('center_axis',(0.,0.,1.));
#1608=DIRECTION('ref_axis',(1.51506301208417E-16,1.,0.));
#1609=DIRECTION('center_axis',(0.,0.,-1.));
#1610=DIRECTION('ref_axis',(-1.,0.,0.));
#1611=DIRECTION('center_axis',(0.,0.,1.));
#1612=DIRECTION('ref_axis',(3.49676543189026E-16,-1.,0.));
#1613=DIRECTION('center_axis',(0.,0.,-1.));
#1614=DIRECTION('ref_axis',(3.49676543189026E-16,-1.,0.));
#1615=DIRECTION('center_axis',(0.,0.,1.));
#1616=DIRECTION('ref_axis',(-0.365884590995561,-0.930660231272407,0.));
#1617=DIRECTION('',(0.,0.,1.));
#1618=DIRECTION('center_axis',(0.,0.,1.));
#1619=DIRECTION('ref_axis',(-3.49676543189026E-16,1.,0.));
#1620=DIRECTION('center_axis',(0.,0.,1.));
#1621=DIRECTION('ref_axis',(-0.365884590995561,-0.930660231272407,0.));
#1622=DIRECTION('',(0.,0.,1.));
#1623=DIRECTION('center_axis',(0.,0.,-1.));
#1624=DIRECTION('ref_axis',(-1.51506301208417E-16,-1.,0.));
#1625=DIRECTION('center_axis',(0.,0.,1.));
#1626=DIRECTION('ref_axis',(-0.365884590995561,-0.930660231272407,0.));
#1627=DIRECTION('',(0.,0.,1.));
#1628=DIRECTION('center_axis',(0.,0.,1.));
#1629=DIRECTION('ref_axis',(-4.37095678986282E-16,1.,0.));
#1630=DIRECTION('center_axis',(0.,0.,1.));
#1631=DIRECTION('ref_axis',(-0.365884590995561,-0.930660231272407,0.));
#1632=DIRECTION('',(0.,0.,1.));
#1633=DIRECTION('center_axis',(0.,0.,-1.));
#1634=DIRECTION('ref_axis',(-1.51506301208417E-16,-1.,0.));
#1635=DIRECTION('center_axis',(0.,0.,1.));
#1636=DIRECTION('ref_axis',(-0.365884590995561,-0.930660231272407,0.));
#1637=DIRECTION('',(0.,0.,1.));
#1638=DIRECTION('center_axis',(0.,0.,1.));
#1639=DIRECTION('ref_axis',(1.74838271594513E-16,1.,0.));
#1640=DIRECTION('center_axis',(0.,0.,1.));
#1641=DIRECTION('ref_axis',(-1.,1.51506301208417E-16,0.));
#1642=DIRECTION('',(0.,0.,1.));
#1643=DIRECTION('center_axis',(0.,0.,-1.));
#1644=DIRECTION('ref_axis',(-1.,1.51506301208417E-16,0.));
#1645=DIRECTION('center_axis',(0.,0.,1.));
#1646=DIRECTION('ref_axis',(1.,0.,0.));
#1647=DIRECTION('center_axis',(0.,0.,-1.));
#1648=DIRECTION('ref_axis',(-1.,0.,0.));
#1649=DIRECTION('center_axis',(0.930660231272408,0.365884590995561,0.));
#1650=DIRECTION('ref_axis',(0.,0.,-1.));
#1651=DIRECTION('center_axis',(0.,0.,-1.));
#1652=DIRECTION('ref_axis',(1.51506301208417E-16,1.,0.));
#1653=DIRECTION('center_axis',(-0.930660231272407,0.365884590995561,0.));
#1654=DIRECTION('ref_axis',(0.365884590995561,0.930660231272407,0.));
#1655=DIRECTION('center_axis',(0.,0.,1.));
#1656=DIRECTION('ref_axis',(1.,0.,0.));
#1657=DIRECTION('center_axis',(-0.930660231272408,-0.365884590995561,0.));
#1658=DIRECTION('ref_axis',(-0.365884590995561,0.930660231272408,0.));
#1659=DIRECTION('center_axis',(0.,0.,1.));
#1660=DIRECTION('ref_axis',(4.37095678986282E-16,-1.,0.));
#1661=DIRECTION('center_axis',(0.,0.,-1.));
#1662=DIRECTION('ref_axis',(-1.,0.,0.));
#1663=DIRECTION('center_axis',(-0.930660231272407,0.365884590995561,0.));
#1664=DIRECTION('ref_axis',(0.365884590995561,0.930660231272407,0.));
#1665=DIRECTION('center_axis',(0.,0.,-1.));
#1666=DIRECTION('ref_axis',(1.51506301208417E-16,1.,0.));
#1667=DIRECTION('center_axis',(0.,0.,1.));
#1668=DIRECTION('ref_axis',(1.,0.,0.));
#1669=DIRECTION('center_axis',(0.,0.,1.));
#1670=DIRECTION('ref_axis',(-1.74838271594513E-16,-1.,0.));
#1671=DIRECTION('center_axis',(0.,0.,-1.));
#1672=DIRECTION('ref_axis',(-1.,0.,0.));
#1673=DIRECTION('center_axis',(0.930660231272407,-0.365884590995562,0.));
#1674=DIRECTION('ref_axis',(-0.365884590995562,-0.930660231272407,0.));
#1675=DIRECTION('center_axis',(0.,0.,1.));
#1676=DIRECTION('ref_axis',(1.,0.,0.));
#1677=DIRECTION('center_axis',(0.930660231272408,0.36588459099556,0.));
#1678=DIRECTION('ref_axis',(0.36588459099556,-0.930660231272408,0.));
#1679=DIRECTION('center_axis',(0.,0.,-1.));
#1680=DIRECTION('ref_axis',(-1.,0.,0.));
#1681=DIRECTION('center_axis',(0.930660231272407,-0.365884590995561,0.));
#1682=DIRECTION('ref_axis',(-0.365884590995561,-0.930660231272407,0.));
#1683=DIRECTION('center_axis',(0.,0.,1.));
#1684=DIRECTION('ref_axis',(1.,0.,0.));
#1685=DIRECTION('center_axis',(0.930660231272408,0.365884590995561,0.));
#1686=DIRECTION('ref_axis',(0.365884590995561,-0.930660231272408,0.));
#1687=DIRECTION('center_axis',(0.,0.,-1.));
#1688=DIRECTION('ref_axis',(-1.,0.,0.));
#1689=DIRECTION('center_axis',(0.930660231272407,-0.365884590995561,0.));
#1690=DIRECTION('ref_axis',(-0.365884590995561,-0.930660231272407,0.));
#1691=DIRECTION('center_axis',(0.,0.,1.));
#1692=DIRECTION('ref_axis',(1.,0.,0.));
#1693=DIRECTION('center_axis',(0.930660231272408,0.365884590995561,0.));
#1694=DIRECTION('ref_axis',(0.365884590995561,-0.930660231272407,0.));
#1695=DIRECTION('center_axis',(0.,0.,-1.));
#1696=DIRECTION('ref_axis',(-1.,0.,0.));
#1697=DIRECTION('center_axis',(-0.930660231272407,0.365884590995562,0.));
#1698=DIRECTION('ref_axis',(0.365884590995562,0.930660231272407,0.));
#1699=DIRECTION('center_axis',(0.,0.,1.));
#1700=DIRECTION('ref_axis',(1.,0.,0.));
#1701=DIRECTION('center_axis',(0.,0.,1.));
#1702=DIRECTION('ref_axis',(3.49676543189026E-16,-1.,0.));
#1703=DIRECTION('center_axis',(0.,0.,1.));
#1704=DIRECTION('ref_axis',(0.365884590995561,0.930660231272407,0.));
#1705=DIRECTION('',(0.,0.,1.));
#1706=DIRECTION('center_axis',(0.,0.,1.));
#1707=DIRECTION('ref_axis',(0.365884590995561,0.930660231272407,0.));
#1708=DIRECTION('',(0.,0.,1.));
#1709=DIRECTION('center_axis',(0.,0.,1.));
#1710=DIRECTION('ref_axis',(0.365884590995561,0.930660231272407,0.));
#1711=DIRECTION('',(0.,0.,1.));
#1712=DIRECTION('center_axis',(0.,0.,1.));
#1713=DIRECTION('ref_axis',(0.365884590995561,0.930660231272407,0.));
#1714=DIRECTION('',(0.,0.,-1.));
#1715=DIRECTION('center_axis',(0.,0.,1.));
#1716=DIRECTION('ref_axis',(0.365884590995561,0.930660231272407,0.));
#1717=CARTESIAN_POINT('',(0.,0.,0.));
#1718=CARTESIAN_POINT('Origin',(1.25461469065337,0.032,-0.875));
#1719=CARTESIAN_POINT('',(1.38511469065337,0.032,-0.875));
#1720=CARTESIAN_POINT('',(1.31980633154243,0.032,-0.988049988758039));
#1721=CARTESIAN_POINT('Origin',(1.25461469065337,0.032,-0.875));
#1722=CARTESIAN_POINT('',(1.41711469065337,5.46369598732853E-18,-0.875));
#1723=CARTESIAN_POINT('Origin',(1.41711469065337,0.032,-0.875));
#1724=CARTESIAN_POINT('',(1.33579202126235,0.,-1.01577105879832));
#1725=CARTESIAN_POINT('Origin',(1.25461469065337,0.,-0.875));
#1726=CARTESIAN_POINT('Origin',(1.33579202126235,0.032,-1.01577105879832));
#1727=CARTESIAN_POINT('Origin',(1.25461469065337,-0.032,-0.875));
#1728=CARTESIAN_POINT('',(1.38511469065337,-0.032,-0.875));
#1729=CARTESIAN_POINT('',(1.31980633154243,-0.032,-0.988049988758039));
#1730=CARTESIAN_POINT('Origin',(1.25461469065337,-0.032,-0.875));
#1731=CARTESIAN_POINT('Origin',(1.41711469065337,-0.032,-0.875));
#1732=CARTESIAN_POINT('Origin',(1.25461469065337,0.,-0.875));
#1733=CARTESIAN_POINT('Origin',(1.33579202126235,-0.032,-1.01577105879832));
#1734=CARTESIAN_POINT('Origin',(1.41711469065337,-0.032,-2.32596423150274));
#1735=CARTESIAN_POINT('',(1.41711469065337,-0.064,-0.325964231502736));
#1736=CARTESIAN_POINT('',(1.41711469065337,-0.064,-0.875));
#1737=CARTESIAN_POINT('',(1.41711469065337,-0.064,-2.32596423150274));
#1738=CARTESIAN_POINT('',(1.41711469065337,0.,-0.325964231502736));
#1739=CARTESIAN_POINT('Origin',(1.41711469065337,-0.032,-0.325964231502736));
#1740=CARTESIAN_POINT('',(1.41711469065337,5.46369598732853E-18,-2.32596423150274));
#1741=CARTESIAN_POINT('Origin',(1.41711469065337,-0.032,-0.875));
#1742=CARTESIAN_POINT('Origin',(1.41711469065337,-0.032,-2.32596423150274));
#1743=CARTESIAN_POINT('Origin',(1.41711469065337,-0.032,-0.875));
#1744=CARTESIAN_POINT('Origin',(1.41711469065337,-0.032,-0.325964231502736));
#1745=CARTESIAN_POINT('Origin',(1.41711469065337,0.032,-2.32596423150274));
#1746=CARTESIAN_POINT('Origin',(1.41711469065337,0.032,-0.875));
#1747=CARTESIAN_POINT('',(1.41711469065337,5.46369598732853E-18,-2.32596423150274));
#1748=CARTESIAN_POINT('Origin',(1.41711469065337,0.032,-0.325964231502736));
#1749=CARTESIAN_POINT('Origin',(1.25461469065337,0.032,-0.875));
#1750=CARTESIAN_POINT('',(1.25461469065337,0.032,-1.084));
#1751=CARTESIAN_POINT('',(1.25461469065337,0.032,-0.991));
#1752=CARTESIAN_POINT('Origin',(1.25461469065337,0.032,-1.0375));
#1753=CARTESIAN_POINT('',(1.31256281588809,0.032,-0.975488878896034));
#1754=CARTESIAN_POINT('Origin',(1.25461469065337,0.032,-0.875));
#1755=CARTESIAN_POINT('',(1.35902122663661,0.032,-1.05605323870061));
#1756=CARTESIAN_POINT('Origin',(1.33579202126235,0.032,-1.01577105879832));
#1757=CARTESIAN_POINT('Origin',(1.25461469065337,0.032,-0.875));
#1758=CARTESIAN_POINT('Origin',(0.,-0.032,-1.084));
#1759=CARTESIAN_POINT('',(1.25461469065337,-0.032,-1.084));
#1760=CARTESIAN_POINT('',(1.25461469065337,-0.016,-1.084));
#1761=CARTESIAN_POINT('',(-0.0758555902675484,-0.032,-1.084));
#1762=CARTESIAN_POINT('',(0.,-0.032,-1.084));
#1763=CARTESIAN_POINT('',(-0.240779073698135,-0.0101789762222081,-1.084));
#1764=CARTESIAN_POINT('Ctrl Pts',(-0.240779073698133,-0.0101789762222081,
-1.084));
#1765=CARTESIAN_POINT('Ctrl Pts',(-0.237751984778676,-0.0127994584109401,
-1.084));
#1766=CARTESIAN_POINT('Ctrl Pts',(-0.230612009793326,-0.0165416232445664,
-1.084));
#1767=CARTESIAN_POINT('Ctrl Pts',(-0.215380862499762,-0.0215469620636821,
-1.084));
#1768=CARTESIAN_POINT('Ctrl Pts',(-0.187801253795098,-0.0268790418817233,
-1.084));
#1769=CARTESIAN_POINT('Ctrl Pts',(-0.139869291043332,-0.0311736330054454,
-1.084));
#1770=CARTESIAN_POINT('Ctrl Pts',(-0.099878225264559,-0.0320000000000001,
-1.084));
#1771=CARTESIAN_POINT('Ctrl Pts',(-0.0758555902675491,-0.0320000000000001,
-1.084));
#1772=CARTESIAN_POINT('',(-0.240779073698137,0.0101789762222078,-1.084));
#1773=CARTESIAN_POINT('',(-0.240779073698134,-0.016,-1.084));
#1774=CARTESIAN_POINT('',(-0.0758555902675473,0.032,-1.084));
#1775=CARTESIAN_POINT('Ctrl Pts',(-0.0758555902675495,0.0320000000000002,
-1.084));
#1776=CARTESIAN_POINT('Ctrl Pts',(-0.107885757444977,0.0320000000000002,
-1.084));
#1777=CARTESIAN_POINT('Ctrl Pts',(-0.147929944417095,0.0311402394237593,
-1.084));
#1778=CARTESIAN_POINT('Ctrl Pts',(-0.19569601897653,0.0253907504669864,
-1.084));
#1779=CARTESIAN_POINT('Ctrl Pts',(-0.215376020078029,0.0215357562692165,
-1.084));
#1780=CARTESIAN_POINT('Ctrl Pts',(-0.23061453737597,0.0165474861609262,
-1.084));
#1781=CARTESIAN_POINT('Ctrl Pts',(-0.237751985990128,0.0127994573622141,
-1.084));
#1782=CARTESIAN_POINT('Ctrl Pts',(-0.240779073698134,0.0101789762222076,
-1.084));
#1783=CARTESIAN_POINT('',(0.,0.032,-1.084));
#1784=CARTESIAN_POINT('Origin',(0.,-0.032,-1.0375));
#1785=CARTESIAN_POINT('',(1.25461469065337,-0.032,-0.991));
#1786=CARTESIAN_POINT('Origin',(1.25461469065337,-0.032,-1.0375));
#1787=CARTESIAN_POINT('',(1.25267986776259,-0.0319999999983636,-0.991));
#1788=CARTESIAN_POINT('',(0.,-0.032,-0.991));
#1789=CARTESIAN_POINT('',(1.22116224283337,-0.0714606186735925,-1.01290102494214));
#1790=CARTESIAN_POINT('Ctrl Pts',(1.22116224283337,-0.0714606186735924,
-1.01290102494214));
#1791=CARTESIAN_POINT('Ctrl Pts',(1.22607877914178,-0.0679101001513221,
-1.00720543570683));
#1792=CARTESIAN_POINT('Ctrl Pts',(1.23995524980838,-0.0568749993374061,
-0.995862261126965));
#1793=CARTESIAN_POINT('Ctrl Pts',(1.25029540084601,-0.0411573416628262,
-0.990999999999657));
#1794=CARTESIAN_POINT('Ctrl Pts',(1.2526798677622,-0.0319999999982597,-0.991));
#1795=CARTESIAN_POINT('',(1.05175871893035,-0.0740560145523502,-1.05733788395904));
#1796=CARTESIAN_POINT('Ctrl Pts',(1.05175871893035,-0.0740560145523502,
-1.05733788395904));
#1797=CARTESIAN_POINT('Ctrl Pts',(1.07492955997631,-0.0740560145523502,
-1.05733788395904));
#1798=CARTESIAN_POINT('Ctrl Pts',(1.10996902896404,-0.0749907222286402,
-1.05566112899502));
#1799=CARTESIAN_POINT('Ctrl Pts',(1.16046330901996,-0.0779377943232619,
-1.04681052556955));
#1800=CARTESIAN_POINT('Ctrl Pts',(1.19152528173175,-0.0792495266735632,
-1.03543247380635));
#1801=CARTESIAN_POINT('Ctrl Pts',(1.21181040318505,-0.0763734023855769,
-1.02236303595977));
#1802=CARTESIAN_POINT('Ctrl Pts',(1.21853842101711,-0.0733554337417537,
-1.01594060584713));
#1803=CARTESIAN_POINT('Ctrl Pts',(1.22116224283337,-0.0714606186735924,
-1.01290102494214));
#1804=CARTESIAN_POINT('',(-0.0758555902675491,-0.0740560145523503,-1.05733788395904));
#1805=CARTESIAN_POINT('',(0.,-0.0740560145523502,-1.05733788395904));
#1806=CARTESIAN_POINT('Origin',(-0.0758555902675491,-0.0320000000000001,
-1.0375));
#1807=CARTESIAN_POINT('Origin',(1.25461469065337,-0.0657613337222961,-0.875));
#1808=CARTESIAN_POINT('',(1.25461469065337,0.016,-0.991));
#1809=CARTESIAN_POINT('',(1.31256281588809,-0.032,-0.975488878896034));
#1810=CARTESIAN_POINT('Origin',(1.25461469065337,-0.032,-0.875));
#1811=CARTESIAN_POINT('',(1.31256281588809,0.032,-0.975488878896034));
#1812=CARTESIAN_POINT('Ctrl Pts',(-0.0758555902675491,-0.0740560145523503,
-1.05733788395904));
#1813=CARTESIAN_POINT('Ctrl Pts',(-0.100505637110424,-0.072279168936915,
-1.06110476984336));
#1814=CARTESIAN_POINT('Ctrl Pts',(-0.141649653020769,-0.067510335537001,
-1.06735541883703));
#1815=CARTESIAN_POINT('Ctrl Pts',(-0.191457292590952,-0.055067212485229,
-1.07475539427292));
#1816=CARTESIAN_POINT('Ctrl Pts',(-0.220520459861857,-0.0423874385508039,
-1.07893806986907));
#1817=CARTESIAN_POINT('Ctrl Pts',(-0.236834389064633,-0.031506927610623,
-1.08119899379736));
#1818=CARTESIAN_POINT('Ctrl Pts',(-0.244650427197648,-0.0238009485003877,
-1.08222751976494));
#1819=CARTESIAN_POINT('Ctrl Pts',(-0.248080883153885,-0.0186137698607761,
-1.08264186344123));
#1820=CARTESIAN_POINT('Ctrl Pts',(-0.0758555902675491,-0.070319738455424,
-1.06525873288771));
#1821=CARTESIAN_POINT('Ctrl Pts',(-0.100450219731204,-0.0681215034850327,
-1.06806008510212));
#1822=CARTESIAN_POINT('Ctrl Pts',(-0.141450631370044,-0.062980304444745,
-1.07259310460596));
#1823=CARTESIAN_POINT('Ctrl Pts',(-0.190941925800821,-0.0509826731975278,
-1.07774300082833));
#1824=CARTESIAN_POINT('Ctrl Pts',(-0.219730516326644,-0.039159982358888,
-1.08059693210202));
#1825=CARTESIAN_POINT('Ctrl Pts',(-0.235840872544001,-0.0291071159847427,
-1.0821239502391));
#1826=CARTESIAN_POINT('Ctrl Pts',(-0.243530634537954,-0.022011893348546,
-1.08281480471611));
#1827=CARTESIAN_POINT('Ctrl Pts',(-0.246887821067257,-0.0172355864721668,
-1.08309235890053));
#1828=CARTESIAN_POINT('Ctrl Pts',(-0.0758555902675491,-0.0582559218122881,
-1.07891529607503));
#1829=CARTESIAN_POINT('Ctrl Pts',(-0.100269775250726,-0.0561844948212472,
-1.07974780909018));
#1830=CARTESIAN_POINT('Ctrl Pts',(-0.140911142881274,-0.051697387077513,
-1.08102093629225));
#1831=CARTESIAN_POINT('Ctrl Pts',(-0.189772601931301,-0.041914597959405,
-1.08240196384485));
#1832=CARTESIAN_POINT('Ctrl Pts',(-0.218051552920074,-0.0323405026464523,
-1.08313852248565));
#1833=CARTESIAN_POINT('Ctrl Pts',(-0.233788848823686,-0.024167649470004,
-1.08352824245736));
#1834=CARTESIAN_POINT('Ctrl Pts',(-0.24124627706069,-0.0183672019056192,
-1.08370231670803));
#1835=CARTESIAN_POINT('Ctrl Pts',(-0.244465938559686,-0.0144379129239852,
-1.08377225185978));
#1836=CARTESIAN_POINT('Ctrl Pts',(-0.0758555902675491,-0.0407578311711954,
-1.084));
#1837=CARTESIAN_POINT('Ctrl Pts',(-0.100008938038203,-0.0400620402590351,
-1.08399174528853));
#1838=CARTESIAN_POINT('Ctrl Pts',(-0.140216764214944,-0.0380166986243042,
-1.08400407099681));
#1839=CARTESIAN_POINT('Ctrl Pts',(-0.188458455120081,-0.0318900382206013,
-1.08399697315999));
#1840=CARTESIAN_POINT('Ctrl Pts',(-0.216271122282597,-0.0251446942737042,
-1.0839996871672));
#1841=CARTESIAN_POINT('Ctrl Pts',(-0.231670964725655,-0.0190834525229518,
-1.08399939487183));
#1842=CARTESIAN_POINT('Ctrl Pts',(-0.238916752509323,-0.0146553786469777,
-1.08400003256314));
#1843=CARTESIAN_POINT('Ctrl Pts',(-0.242008030209874,-0.0115986235890866,
-1.084));
#1844=CARTESIAN_POINT('Ctrl Pts',(-0.0758555902675491,-0.0320000000000001,
-1.084));
#1845=CARTESIAN_POINT('Ctrl Pts',(-0.099878225264559,-0.0320000000000001,
-1.084));
#1846=CARTESIAN_POINT('Ctrl Pts',(-0.139869291043332,-0.0311736330054454,
-1.084));
#1847=CARTESIAN_POINT('Ctrl Pts',(-0.187801253795098,-0.0268790418817233,
-1.084));
#1848=CARTESIAN_POINT('Ctrl Pts',(-0.215380862499762,-0.0215469620636821,
-1.084));
#1849=CARTESIAN_POINT('Ctrl Pts',(-0.230612009793326,-0.0165416232445664,
-1.084));
#1850=CARTESIAN_POINT('Ctrl Pts',(-0.237751984778676,-0.0127994584109401,
-1.084));
#1851=CARTESIAN_POINT('Ctrl Pts',(-0.240779073698133,-0.0101789762222081,
-1.084));
#1852=CARTESIAN_POINT('',(-0.248080883153887,-0.018613769860776,-1.08264186344123));
#1853=CARTESIAN_POINT('Origin',(-0.240779073698135,-0.0101789762222081,
-1.0375));
#1854=CARTESIAN_POINT('Ctrl Pts',(-0.0758555902675491,-0.0740560145523503,
-1.05733788395904));
#1855=CARTESIAN_POINT('Ctrl Pts',(-0.100505637110424,-0.072279168936915,
-1.06110476984336));
#1856=CARTESIAN_POINT('Ctrl Pts',(-0.141649653020769,-0.067510335537001,
-1.06735541883703));
#1857=CARTESIAN_POINT('Ctrl Pts',(-0.191457292590952,-0.055067212485229,
-1.07475539427292));
#1858=CARTESIAN_POINT('Ctrl Pts',(-0.220520459861857,-0.0423874385508039,
-1.07893806986907));
#1859=CARTESIAN_POINT('Ctrl Pts',(-0.236834389064633,-0.031506927610623,
-1.08119899379736));
#1860=CARTESIAN_POINT('Ctrl Pts',(-0.244650427197648,-0.0238009485003877,
-1.08222751976494));
#1861=CARTESIAN_POINT('Ctrl Pts',(-0.248080883153885,-0.0186137698607761,
-1.08264186344123));
#1862=CARTESIAN_POINT('Ctrl Pts',(-0.248080883153887,-0.018613769860776,
-1.08264186344123));
#1863=CARTESIAN_POINT('Ctrl Pts',(-0.251732749651637,-0.013091797232793,
-1.08308294993506));
#1864=CARTESIAN_POINT('Ctrl Pts',(-0.255335292752524,-0.00750569157978345,
-1.08298357800169));
#1865=CARTESIAN_POINT('Ctrl Pts',(-0.258915772840834,-0.00181388558756115,
-1.08234141594883));
#1866=CARTESIAN_POINT('Ctrl Pts',(-0.258990629668978,-0.00169482326389008,
-1.08232774288157));
#1867=CARTESIAN_POINT('Ctrl Pts',(-0.259065445544059,-0.00157576176508055,
-1.0823138271288));
#1868=CARTESIAN_POINT('Ctrl Pts',(-0.245694758980631,-0.0158574030835574,
-1.08354285435982));
#1869=CARTESIAN_POINT('Ctrl Pts',(-0.25011778259783,-0.0111921011493401,
-1.08354555296974));
#1870=CARTESIAN_POINT('Ctrl Pts',(-0.254491006228735,-0.00652669363479299,
-1.08314686065813));
#1871=CARTESIAN_POINT('Ctrl Pts',(-0.258881839545625,-0.0017745717060119,
-1.08234779865866));
#1872=CARTESIAN_POINT('Ctrl Pts',(-0.25897365711066,-0.00167516622116631,
-1.08233089977742));
#1873=CARTESIAN_POINT('Ctrl Pts',(-0.259065445544059,-0.00157576176508055,
-1.0823138271288));
#1874=CARTESIAN_POINT('Ctrl Pts',(-0.243236986721616,-0.0130182709559651,
-1.084));
#1875=CARTESIAN_POINT('Ctrl Pts',(-0.248473799803801,-0.0092906610001275,
-1.08385133376943));
#1876=CARTESIAN_POINT('Ctrl Pts',(-0.253645602237399,-0.00554767943828359,
-1.08330410580052));
#1877=CARTESIAN_POINT('Ctrl Pts',(-0.258847893439489,-0.00173525755230323,
-1.0823541126344));
#1878=CARTESIAN_POINT('Ctrl Pts',(-0.258956684552343,-0.00165550917844254,
-1.08233405667326));
#1879=CARTESIAN_POINT('Ctrl Pts',(-0.259065445544059,-0.00157576176508055,
-1.0823138271288));
#1880=CARTESIAN_POINT('Ctrl Pts',(-0.240779073698135,-0.0101789762222081,
-1.084));
#1881=CARTESIAN_POINT('Ctrl Pts',(-0.246802372958435,-0.00738936130364842,
-1.084));
#1882=CARTESIAN_POINT('Ctrl Pts',(-0.252799091960084,-0.00456865634007822,
-1.08345531134908));
#1883=CARTESIAN_POINT('Ctrl Pts',(-0.258813934810362,-0.00169594354412987,
-1.0823603578225));
#1884=CARTESIAN_POINT('Ctrl Pts',(-0.258939711994026,-0.00163585213571877,
-1.08233721356911));
#1885=CARTESIAN_POINT('Ctrl Pts',(-0.259065445544059,-0.00157576176508055,
-1.0823138271288));
#1886=CARTESIAN_POINT('',(-0.259065445544059,-0.00157576176508057,-1.0823138271288));
#1887=CARTESIAN_POINT('Ctrl Pts',(-0.248080883153887,-0.018613769860776,
-1.08264186344123));
#1888=CARTESIAN_POINT('Ctrl Pts',(-0.251732749651637,-0.013091797232793,
-1.08308294993506));
#1889=CARTESIAN_POINT('Ctrl Pts',(-0.255335292752524,-0.00750569157978345,
-1.08298357800169));
#1890=CARTESIAN_POINT('Ctrl Pts',(-0.258915772840834,-0.00181388558756115,
-1.08234141594883));
#1891=CARTESIAN_POINT('Ctrl Pts',(-0.258990629668978,-0.00169482326389008,
-1.08232774288157));
#1892=CARTESIAN_POINT('Ctrl Pts',(-0.259065445544059,-0.00157576176508055,
-1.0823138271288));
#1893=CARTESIAN_POINT('Ctrl Pts',(-0.259065445544059,-0.00157576176508055,
-1.0823138271288));
#1894=CARTESIAN_POINT('Ctrl Pts',(-0.258939711994026,-0.00163585213571877,
-1.08233721356911));
#1895=CARTESIAN_POINT('Ctrl Pts',(-0.258813934810362,-0.00169594354412987,
-1.0823603578225));
#1896=CARTESIAN_POINT('Ctrl Pts',(-0.252799091960084,-0.00456865634007822,
-1.08345531134908));
#1897=CARTESIAN_POINT('Ctrl Pts',(-0.246802372958435,-0.00738936130364842,
-1.084));
#1898=CARTESIAN_POINT('Ctrl Pts',(-0.240779073698135,-0.0101789762222081,
-1.084));
#1899=CARTESIAN_POINT('Ctrl Pts',(-0.0758555902675495,0.0320000000000002,
-1.084));
#1900=CARTESIAN_POINT('Ctrl Pts',(-0.107885757444977,0.0320000000000002,
-1.084));
#1901=CARTESIAN_POINT('Ctrl Pts',(-0.147929944417095,0.0311402394237593,
-1.084));
#1902=CARTESIAN_POINT('Ctrl Pts',(-0.19569601897653,0.0253907504669864,
-1.084));
#1903=CARTESIAN_POINT('Ctrl Pts',(-0.215376020078029,0.0215357562692165,
-1.084));
#1904=CARTESIAN_POINT('Ctrl Pts',(-0.23061453737597,0.0165474861609262,
-1.084));
#1905=CARTESIAN_POINT('Ctrl Pts',(-0.237751985990128,0.0127994573622141,
-1.084));
#1906=CARTESIAN_POINT('Ctrl Pts',(-0.240779073698134,0.0101789762222076,
-1.084));
#1907=CARTESIAN_POINT('Ctrl Pts',(-0.0758555902675495,0.0407578311711954,
-1.084));
#1908=CARTESIAN_POINT('Ctrl Pts',(-0.108060041073419,0.0398301103262587,
-1.08398899372245));
#1909=CARTESIAN_POINT('Ctrl Pts',(-0.148316330118718,0.0377606700987202,
-1.084001206336));
#1910=CARTESIAN_POINT('Ctrl Pts',(-0.196419192894003,0.030002334244566,
-1.08399809552645));
#1911=CARTESIAN_POINT('Ctrl Pts',(-0.216266473717619,0.0251320536462515,
-1.08399931825187));
#1912=CARTESIAN_POINT('Ctrl Pts',(-0.231673389807471,0.0190900453538642,
-1.08399946074276));
#1913=CARTESIAN_POINT('Ctrl Pts',(-0.238916753746463,0.0146553774236537,
-1.08400003256313));
#1914=CARTESIAN_POINT('Ctrl Pts',(-0.242008030209875,0.011598623589086,
-1.084));
#1915=CARTESIAN_POINT('Ctrl Pts',(-0.0758555902675495,0.0582559218122844,
-1.07891529607502));
#1916=CARTESIAN_POINT('Ctrl Pts',(-0.108407823884267,0.0554940202628859,
-1.08002531298432));
#1917=CARTESIAN_POINT('Ctrl Pts',(-0.149088584983571,0.0509991958289203,
-1.08126894541004));
#1918=CARTESIAN_POINT('Ctrl Pts',(-0.19786532960743,0.0392271536963008,
-1.08261277801318));
#1919=CARTESIAN_POINT('Ctrl Pts',(-0.218047292845821,0.0323253016675275,
-1.08313855371649));
#1920=CARTESIAN_POINT('Ctrl Pts',(-0.233791068361157,0.024175648897579,
-1.08352830003877));
#1921=CARTESIAN_POINT('Ctrl Pts',(-0.24124627834921,0.0183672003331041,
-1.08370231673602));
#1922=CARTESIAN_POINT('Ctrl Pts',(-0.244465938559687,0.0144379129239844,
-1.08377225185978));
#1923=CARTESIAN_POINT('Ctrl Pts',(-0.0758555902675495,0.0703197384554239,
-1.06525873288771));
#1924=CARTESIAN_POINT('Ctrl Pts',(-0.108648416428619,0.0673887596678902,
-1.06899386767878));
#1925=CARTESIAN_POINT('Ctrl Pts',(-0.149697621355437,0.0621506597335506,
-1.07348849530814));
#1926=CARTESIAN_POINT('Ctrl Pts',(-0.199178877563967,0.0476631115316652,
-1.07856077820196));
#1927=CARTESIAN_POINT('Ctrl Pts',(-0.219726697007284,0.0391411641137581,
-1.08059601671865));
#1928=CARTESIAN_POINT('Ctrl Pts',(-0.23584286144758,0.0291168474929294,
-1.08212435483466));
#1929=CARTESIAN_POINT('Ctrl Pts',(-0.243530635881512,0.0220118914370513,
-1.08281480482719));
#1930=CARTESIAN_POINT('Ctrl Pts',(-0.246887821067258,0.0172355864721657,
-1.08309235890053));
#1931=CARTESIAN_POINT('Ctrl Pts',(-0.0758555902675495,0.0740560145523503,
-1.05733788395904));
#1932=CARTESIAN_POINT('Ctrl Pts',(-0.108722306238008,0.0716868880132359,
-1.06236039646144));
#1933=CARTESIAN_POINT('Ctrl Pts',(-0.149926497311811,0.066757084273325,
-1.06861832117744));
#1934=CARTESIAN_POINT('Ctrl Pts',(-0.199771931269394,0.0515080197406833,
-1.07595359357919));
#1935=CARTESIAN_POINT('Ctrl Pts',(-0.220516883155486,0.0423671654381724,
-1.07893705160291));
#1936=CARTESIAN_POINT('Ctrl Pts',(-0.236836250945588,0.031517528151394,
-1.08119952623586));
#1937=CARTESIAN_POINT('Ctrl Pts',(-0.24465042857053,0.0238009464244607,
-1.08222751993076));
#1938=CARTESIAN_POINT('Ctrl Pts',(-0.248080883153887,0.0186137698607749,
-1.08264186344123));
#1939=CARTESIAN_POINT('',(-0.248080883153888,0.0186137698607751,-1.08264186344123));
#1940=CARTESIAN_POINT('Origin',(-0.240779073698136,0.0101789762222078,-1.0375));
#1941=CARTESIAN_POINT('',(-0.0758555902675495,0.0740560145523503,-1.05733788395904));
#1942=CARTESIAN_POINT('Ctrl Pts',(-0.248080883153887,0.0186137698607749,
-1.08264186344123));
#1943=CARTESIAN_POINT('Ctrl Pts',(-0.24465042857053,0.0238009464244607,
-1.08222751993076));
#1944=CARTESIAN_POINT('Ctrl Pts',(-0.236836250945588,0.031517528151394,
-1.08119952623586));
#1945=CARTESIAN_POINT('Ctrl Pts',(-0.220516883155486,0.0423671654381724,
-1.07893705160291));
#1946=CARTESIAN_POINT('Ctrl Pts',(-0.199771931269394,0.0515080197406833,
-1.07595359357919));
#1947=CARTESIAN_POINT('Ctrl Pts',(-0.149926497311811,0.066757084273325,
-1.06861832117744));
#1948=CARTESIAN_POINT('Ctrl Pts',(-0.108722306238008,0.0716868880132359,
-1.06236039646144));
#1949=CARTESIAN_POINT('Ctrl Pts',(-0.0758555902675495,0.0740560145523503,
-1.05733788395904));
#1950=CARTESIAN_POINT('Origin',(-0.0758555902675495,0.0320000000000002,
-1.0375));
#1951=CARTESIAN_POINT('Ctrl Pts',(-0.240779073698137,0.0101789762222078,
-1.084));
#1952=CARTESIAN_POINT('Ctrl Pts',(-0.246802389543444,0.00738935362251218,
-1.084));
#1953=CARTESIAN_POINT('Ctrl Pts',(-0.252799125019902,0.00456864078935936,
-1.08345530834686));
#1954=CARTESIAN_POINT('Ctrl Pts',(-0.258813967304365,0.0016959280198545,
-1.08236035184317));
#1955=CARTESIAN_POINT('Ctrl Pts',(-0.258939728235388,0.00163584437381833,
-1.08233721054822));
#1956=CARTESIAN_POINT('Ctrl Pts',(-0.259065445544091,0.00157576176508488,
-1.0823138271288));
#1957=CARTESIAN_POINT('Ctrl Pts',(-0.243236986721618,0.0130182709559646,
-1.084));
#1958=CARTESIAN_POINT('Ctrl Pts',(-0.248473814223239,0.00929065073624488,
-1.08385133336008));
#1959=CARTESIAN_POINT('Ctrl Pts',(-0.253645630751163,0.00554765880253439,
-1.08330410279249));
#1960=CARTESIAN_POINT('Ctrl Pts',(-0.258847921545287,0.00173523694975706,
-1.08235410745344));
#1961=CARTESIAN_POINT('Ctrl Pts',(-0.258956698601344,0.00165549887738608,
-1.08233405406015));
#1962=CARTESIAN_POINT('Ctrl Pts',(-0.259065445544091,0.0015757617650849,
-1.0823138271288));
#1963=CARTESIAN_POINT('Ctrl Pts',(-0.245694758980632,0.0158574030835567,
-1.08354285435982));
#1964=CARTESIAN_POINT('Ctrl Pts',(-0.250117794776518,0.0111920883035455,
-1.08354555297717));
#1965=CARTESIAN_POINT('Ctrl Pts',(-0.254491030340224,0.00652666791391112,
-1.08314685846892));
#1966=CARTESIAN_POINT('Ctrl Pts',(-0.258881863266395,0.00177454602517567,
-1.08234779429331));
#1967=CARTESIAN_POINT('Ctrl Pts',(-0.2589736689673,0.00167515338095384,
-1.08233089757208));
#1968=CARTESIAN_POINT('Ctrl Pts',(-0.259065445544091,0.00157576176508492,
-1.0823138271288));
#1969=CARTESIAN_POINT('Ctrl Pts',(-0.248080883153888,0.0186137698607751,
-1.08264186344123));
#1970=CARTESIAN_POINT('Ctrl Pts',(-0.251732759706963,0.0130917820281767,
-1.08308295114958));
#1971=CARTESIAN_POINT('Ctrl Pts',(-0.255335312613638,0.007505660783139,
-1.08298357745442));
#1972=CARTESIAN_POINT('Ctrl Pts',(-0.258915792179788,0.00181385482846674,
-1.08234141241634));
#1973=CARTESIAN_POINT('Ctrl Pts',(-0.258990639333255,0.0016948078845216,
-1.08232774108401));
#1974=CARTESIAN_POINT('Ctrl Pts',(-0.259065445544091,0.00157576176508494,
-1.0823138271288));
#1975=CARTESIAN_POINT('',(-0.259065445544091,0.00157576176508494,-1.0823138271288));
#1976=CARTESIAN_POINT('Ctrl Pts',(-0.240779073698137,0.0101789762222078,
-1.084));
#1977=CARTESIAN_POINT('Ctrl Pts',(-0.246802389543444,0.00738935362251218,
-1.084));
#1978=CARTESIAN_POINT('Ctrl Pts',(-0.252799125019902,0.00456864078935936,
-1.08345530834686));
#1979=CARTESIAN_POINT('Ctrl Pts',(-0.258813967304365,0.0016959280198545,
-1.08236035184317));
#1980=CARTESIAN_POINT('Ctrl Pts',(-0.258939728235388,0.00163584437381833,
-1.08233721054822));
#1981=CARTESIAN_POINT('Ctrl Pts',(-0.259065445544091,0.00157576176508488,
-1.0823138271288));
#1982=CARTESIAN_POINT('Ctrl Pts',(-0.259065445544091,0.00157576176508494,
-1.0823138271288));
#1983=CARTESIAN_POINT('Ctrl Pts',(-0.258990639333255,0.0016948078845216,
-1.08232774108401));
#1984=CARTESIAN_POINT('Ctrl Pts',(-0.258915792179788,0.00181385482846674,
-1.08234141241634));
#1985=CARTESIAN_POINT('Ctrl Pts',(-0.255335312613638,0.007505660783139,
-1.08298357745442));
#1986=CARTESIAN_POINT('Ctrl Pts',(-0.251732759706963,0.0130917820281767,
-1.08308295114958));
#1987=CARTESIAN_POINT('Ctrl Pts',(-0.248080883153888,0.0186137698607751,
-1.08264186344123));
#1988=CARTESIAN_POINT('Ctrl Pts',(-0.710833829527673,0.164499056600415,
-1.));
#1989=CARTESIAN_POINT('Ctrl Pts',(-0.698573929488072,0.158369106580614,
-1.));
#1990=CARTESIAN_POINT('Ctrl Pts',(-0.686314262766858,0.152239273220007,
-1.00056522741661));
#1991=CARTESIAN_POINT('Ctrl Pts',(-0.67426108583576,0.146212684754458,-1.0016861728712));
#1992=CARTESIAN_POINT('Ctrl Pts',(-0.710833829527673,0.164499056600415,
-1.));
#1993=CARTESIAN_POINT('Ctrl Pts',(-0.700617246161339,0.156325789907347,
-1.));
#1994=CARTESIAN_POINT('Ctrl Pts',(-0.690400844904317,0.14815306937503,-1.00094558624254));
#1995=CARTESIAN_POINT('Ctrl Pts',(-0.680425407392727,0.140254492806136,
-1.00279439657359));
#1996=CARTESIAN_POINT('Ctrl Pts',(-0.710833829527673,0.164499056600415,
-1.));
#1997=CARTESIAN_POINT('Ctrl Pts',(-0.702660562834605,0.15428247323408,-1.));
#1998=CARTESIAN_POINT('Ctrl Pts',(-0.694487842302289,0.144066071977058,
-1.00094558624254));
#1999=CARTESIAN_POINT('Ctrl Pts',(-0.686589265733394,0.134090634465468,
-1.00279439657359));
#2000=CARTESIAN_POINT('Ctrl Pts',(-0.710833829527673,0.164499056600415,
-1.));
#2001=CARTESIAN_POINT('Ctrl Pts',(-0.704703879507873,0.152239156560813,
-1.));
#2002=CARTESIAN_POINT('Ctrl Pts',(-0.698574046147266,0.1399794898396,-1.00056522741661));
#2003=CARTESIAN_POINT('Ctrl Pts',(-0.692547457681717,0.127926312908502,
-1.0016861728712));
#2004=CARTESIAN_POINT('',(-0.67426108583576,0.146212684754458,-1.0016861728712));
#2005=CARTESIAN_POINT('',(-0.692547457681717,0.127926312908502,-1.0016861728712));
#2006=CARTESIAN_POINT('Origin',(-0.67426108583576,0.127926312908502,-0.903372345742401));
#2007=CARTESIAN_POINT('',(-0.710833829527673,0.164499056600415,-1.));
#2008=CARTESIAN_POINT('Origin',(-0.710833829527673,0.164499056600415,-1.1));
#2009=CARTESIAN_POINT('Origin',(-0.710833829527673,0.164499056600415,-1.1));
#2010=CARTESIAN_POINT('Ctrl Pts',(-0.0941419621135034,-0.0163870274957148,
-1.11298959504689));
#2011=CARTESIAN_POINT('Ctrl Pts',(-0.225589216312465,-0.00485430892948968,
-1.08854040576588));
#2012=CARTESIAN_POINT('Ctrl Pts',(-0.502759012499495,0.0337592734579707,
-1.03698682367509));
#2013=CARTESIAN_POINT('Ctrl Pts',(-0.657111625155064,0.0924904803818499,
-1.00827723772116));
#2014=CARTESIAN_POINT('Ctrl Pts',(-0.692547457681716,0.127926312908503,
-1.0016861728712));
#2015=CARTESIAN_POINT('Ctrl Pts',(-0.0923105938635502,0.00520862349366633,
-1.11333022954138));
#2016=CARTESIAN_POINT('Ctrl Pts',(-0.223327023144651,0.0141579805656517,
-1.08891886952956));
#2017=CARTESIAN_POINT('Ctrl Pts',(-0.499756513161455,0.0467651713667601,
-1.03752258168315));
#2018=CARTESIAN_POINT('Ctrl Pts',(-0.653783786464121,0.0994645974770943,
-1.00889671667499));
#2019=CARTESIAN_POINT('Ctrl Pts',(-0.689142776568389,0.131448782369627,
-1.00231944355828));
#2020=CARTESIAN_POINT('Ctrl Pts',(-0.0867761148659924,0.042888460219982,
-1.10134860055164));
#2021=CARTESIAN_POINT('Ctrl Pts',(-0.217621034614994,0.0474299287125544,
-1.08015610772758));
#2022=CARTESIAN_POINT('Ctrl Pts',(-0.493787367847881,0.0695493677730288,
-1.03462471419172));
#2023=CARTESIAN_POINT('Ctrl Pts',(-0.647728061043556,0.111669002650934,
-1.00873230043784));
#2024=CARTESIAN_POINT('Ctrl Pts',(-0.683067272786092,0.137613054358819,
-1.00279669198245));
#2025=CARTESIAN_POINT('Ctrl Pts',(-0.0791303538256776,0.0672626556633659,
-1.07173970226206));
#2026=CARTESIAN_POINT('Ctrl Pts',(-0.210397987266137,0.0718797428732212,
-1.05688804096348));
#2027=CARTESIAN_POINT('Ctrl Pts',(-0.487267278353183,0.0906432161137973,
-1.02479667311293));
#2028=CARTESIAN_POINT('Ctrl Pts',(-0.641496078699657,0.123524736751625,
-1.00638229564878));
#2029=CARTESIAN_POINT('Ctrl Pts',(-0.676902937931602,0.143659173919464,
-1.00216112588651));
#2030=CARTESIAN_POINT('Ctrl Pts',(-0.0758555902675468,0.0740560145523502,
-1.05733788395904));
#2031=CARTESIAN_POINT('Ctrl Pts',(-0.207302844466508,0.0798223738354628,
-1.04511328931854));
#2032=CARTESIAN_POINT('Ctrl Pts',(-0.484472640653538,0.0991291650291929,
-1.01933649827315));
#2033=CARTESIAN_POINT('Ctrl Pts',(-0.638825253309108,0.128494768491133,
-1.00498170529618));
#2034=CARTESIAN_POINT('Ctrl Pts',(-0.674261085835759,0.146212684754459,
-1.0016861728712));
#2035=CARTESIAN_POINT('Origin',(0.364590468434405,0.164499056600415,-1.1983138271288));
#2036=CARTESIAN_POINT('Origin',(0.382876840280362,0.164499056600415,-1.1));
#2037=CARTESIAN_POINT('Origin',(-0.240779073698134,-0.016,-0.984));
#2038=CARTESIAN_POINT('',(-0.259065445544091,-0.016,-1.0823138271288));
#2039=CARTESIAN_POINT('Ctrl Pts',(-0.692547457681716,-0.127926312908502,
-1.0016861728712));
#2040=CARTESIAN_POINT('Ctrl Pts',(-0.665970583286727,-0.101349438513512,
-1.00662947150867));
#2041=CARTESIAN_POINT('Ctrl Pts',(-0.535593501739208,-0.0416777415498286,
-1.03087960867651));
#2042=CARTESIAN_POINT('Ctrl Pts',(-0.26940496771212,0.00101006940741461,
-1.08039067600555));
#2043=CARTESIAN_POINT('Ctrl Pts',(-0.094141962113505,0.0163870274957147,
-1.11298959504689));
#2044=CARTESIAN_POINT('Ctrl Pts',(-0.689142776568389,-0.131448782369626,
-1.00231944355828));
#2045=CARTESIAN_POINT('Ctrl Pts',(-0.662623533990187,-0.107460643700227,
-1.00725239839581));
#2046=CARTESIAN_POINT('Ctrl Pts',(-0.532529529797823,-0.0538267600452754,
-1.03144553818758));
#2047=CARTESIAN_POINT('Ctrl Pts',(-0.266999166238352,-0.0171410995896468,
-1.08078174952563));
#2048=CARTESIAN_POINT('Ctrl Pts',(-0.0923105938635519,-0.00520862349366639,
-1.11333022954138));
#2049=CARTESIAN_POINT('Ctrl Pts',(-0.683067272786092,-0.137613054358819,
-1.00279669198245));
#2050=CARTESIAN_POINT('Ctrl Pts',(-0.656562863979189,-0.118155015577905,
-1.007248398324));
#2051=CARTESIAN_POINT('Ctrl Pts',(-0.526544114929552,-0.0750870685291069,
-1.02908832825477));
#2052=CARTESIAN_POINT('Ctrl Pts',(-0.261236007864662,-0.0489437515434119,
-1.0730919434529));
#2053=CARTESIAN_POINT('Ctrl Pts',(-0.0867761148659941,-0.042888460219982,
-1.10134860055164));
#2054=CARTESIAN_POINT('Ctrl Pts',(-0.676902937931602,-0.143659173919463,
-1.00216112588651));
#2055=CARTESIAN_POINT('Ctrl Pts',(-0.650347793507643,-0.128558346043584,
-1.00532700320821));
#2056=CARTESIAN_POINT('Ctrl Pts',(-0.520078231676415,-0.094989709988355,
-1.02085904897331));
#2057=CARTESIAN_POINT('Ctrl Pts',(-0.254153865079624,-0.0734187719431729,
-1.05193748719729));
#2058=CARTESIAN_POINT('Ctrl Pts',(-0.0791303538256792,-0.067262655663366,
-1.07173970226206));
#2059=CARTESIAN_POINT('Ctrl Pts',(-0.67426108583576,-0.146212684754459,
-1.0016861728712));
#2060=CARTESIAN_POINT('Ctrl Pts',(-0.64768421144077,-0.132924247556964,
-1.00415782218993));
#2061=CARTESIAN_POINT('Ctrl Pts',(-0.517307129893251,-0.103088399075122,
-1.01628289077385));
#2062=CARTESIAN_POINT('Ctrl Pts',(-0.251118595866163,-0.0817444935965003,
-1.04103842443837));
#2063=CARTESIAN_POINT('Ctrl Pts',(-0.0758555902675484,-0.0740560145523503,
-1.05733788395904));
#2064=CARTESIAN_POINT('',(-0.674261085835759,-0.146212684754459,-1.0016861728712));
#2065=CARTESIAN_POINT('Origin',(0.382876840280361,-0.164499056600415,-1.1));
#2066=CARTESIAN_POINT('',(-0.692547457681716,-0.127926312908502,-1.0016861728712));
#2067=CARTESIAN_POINT('Origin',(-0.67426108583576,-0.127926312908502,-0.903372345742401));
#2068=CARTESIAN_POINT('Origin',(0.364590468434404,-0.164499056600415,-1.1983138271288));
#2069=CARTESIAN_POINT('Ctrl Pts',(-0.67426108583576,-0.146212684754458,
-1.0016861728712));
#2070=CARTESIAN_POINT('Ctrl Pts',(-0.686314262766858,-0.152239273220007,
-1.00056522741661));
#2071=CARTESIAN_POINT('Ctrl Pts',(-0.698573929488071,-0.158369106580614,
-1.));
#2072=CARTESIAN_POINT('Ctrl Pts',(-0.710833829527673,-0.164499056600415,
-1.));
#2073=CARTESIAN_POINT('Ctrl Pts',(-0.680425407392726,-0.140254492806136,
-1.00279439657359));
#2074=CARTESIAN_POINT('Ctrl Pts',(-0.690400844904316,-0.14815306937503,
-1.00094558624254));
#2075=CARTESIAN_POINT('Ctrl Pts',(-0.700617246161338,-0.156325789907347,
-1.));
#2076=CARTESIAN_POINT('Ctrl Pts',(-0.710833829527673,-0.164499056600415,
-1.));
#2077=CARTESIAN_POINT('Ctrl Pts',(-0.686589265733394,-0.134090634465468,
-1.00279439657359));
#2078=CARTESIAN_POINT('Ctrl Pts',(-0.694487842302288,-0.144066071977058,
-1.00094558624254));
#2079=CARTESIAN_POINT('Ctrl Pts',(-0.702660562834605,-0.15428247323408,
-1.));
#2080=CARTESIAN_POINT('Ctrl Pts',(-0.710833829527673,-0.164499056600415,
-1.));
#2081=CARTESIAN_POINT('Ctrl Pts',(-0.692547457681717,-0.127926312908501,
-1.0016861728712));
#2082=CARTESIAN_POINT('Ctrl Pts',(-0.698574046147266,-0.139979489839599,
-1.00056522741661));
#2083=CARTESIAN_POINT('Ctrl Pts',(-0.704703879507872,-0.152239156560813,
-1.));
#2084=CARTESIAN_POINT('Ctrl Pts',(-0.710833829527673,-0.164499056600415,
-1.));
#2085=CARTESIAN_POINT('',(-0.710833829527673,-0.164499056600415,-1.));
#2086=CARTESIAN_POINT('Origin',(-0.710833829527673,-0.164499056600415,-1.1));
#2087=CARTESIAN_POINT('Origin',(-0.710833829527673,-0.164499056600415,-1.1));
#2088=CARTESIAN_POINT('Origin',(1.25461469065337,-0.0657613337222961,-0.875));
#2089=CARTESIAN_POINT('',(1.35902122663661,-0.032,-1.05605323870061));
#2090=CARTESIAN_POINT('',(1.35902122663661,-0.032,-1.05605323870061));
#2091=CARTESIAN_POINT('Origin',(1.25461469065337,-0.032,-0.875));
#2092=CARTESIAN_POINT('Origin',(0.,0.032,-1.0375));
#2093=CARTESIAN_POINT('',(1.05175871893035,0.0740560145523502,-1.05733788395904));
#2094=CARTESIAN_POINT('',(0.,0.0740560145523502,-1.05733788395904));
#2095=CARTESIAN_POINT('',(1.22116224373964,0.0714606180191226,-1.01290102389227));
#2096=CARTESIAN_POINT('Ctrl Pts',(1.22116224373982,0.0714606180189911,-1.01290102389205));
#2097=CARTESIAN_POINT('Ctrl Pts',(1.2172263883739,0.0743029295011383,-1.01746053755619));
#2098=CARTESIAN_POINT('Ctrl Pts',(1.20594788879806,0.0782274333814156,-1.02737131534864));
#2099=CARTESIAN_POINT('Ctrl Pts',(1.17400026634848,0.0789962213113815,-1.04307105055417));
#2100=CARTESIAN_POINT('Ctrl Pts',(1.12179736394241,0.0753277786038078,-1.05514382321628));
#2101=CARTESIAN_POINT('Ctrl Pts',(1.07492531225373,0.0740560145523503,-1.05733788395904));
#2102=CARTESIAN_POINT('Ctrl Pts',(1.05175871893035,0.0740560145523502,-1.05733788395904));
#2103=CARTESIAN_POINT('',(1.25267986776739,0.0319999999891599,-0.991));
#2104=CARTESIAN_POINT('Ctrl Pts',(1.25267986776474,0.0319999999884716,-0.991));
#2105=CARTESIAN_POINT('Ctrl Pts',(1.25178569270924,0.0354340029698305,-0.990999999999149));
#2106=CARTESIAN_POINT('Ctrl Pts',(1.24906104800748,0.0422723636430169,-0.991765995476932));
#2107=CARTESIAN_POINT('Ctrl Pts',(1.23910917393497,0.0572842638335795,-0.996921194927893));
#2108=CARTESIAN_POINT('Ctrl Pts',(1.22771762561553,0.0667265931515292,-1.00530690508948));
#2109=CARTESIAN_POINT('Ctrl Pts',(1.22116224374,0.0714606180188846,-1.01290102389188));
#2110=CARTESIAN_POINT('',(0.,0.032,-0.991));
#2111=CARTESIAN_POINT('Origin',(0.,0.164499056600415,-1.1));
#2112=CARTESIAN_POINT('',(1.05175871893035,0.164499056600413,-1.));
#2113=CARTESIAN_POINT('',(0.,0.164499056600415,-1.));
#2114=CARTESIAN_POINT('Origin',(1.05175871893035,0.164499056600415,-1.1));
#2115=CARTESIAN_POINT('Origin',(-0.710833829527673,0.,-1.1));
#2116=CARTESIAN_POINT('',(-0.710833829527673,0.,-1.));
#2117=CARTESIAN_POINT('',(-0.692547457681717,0.,-1.0016861728712));
#2118=CARTESIAN_POINT('Ctrl Pts',(1.12961469065364,0.116084797372146,-0.960000000001143));
#2119=CARTESIAN_POINT('Ctrl Pts',(1.12669192547217,0.122734636448393,-0.964104262684991));
#2120=CARTESIAN_POINT('Ctrl Pts',(1.12027775296681,0.132775892176592,-0.973025485091098));
#2121=CARTESIAN_POINT('Ctrl Pts',(1.10708067912978,0.140776001455404,-0.987157658409741));
#2122=CARTESIAN_POINT('Ctrl Pts',(1.08770468748978,0.144971829004835,-0.998025008302216));
#2123=CARTESIAN_POINT('Ctrl Pts',(1.06562891708518,0.156288712173087,-1.));
#2124=CARTESIAN_POINT('Ctrl Pts',(1.05175871893035,0.164499056600413,-1.));
#2125=CARTESIAN_POINT('Ctrl Pts',(1.137358151018,0.09846697242757,-0.973104243569079));
#2126=CARTESIAN_POINT('Ctrl Pts',(1.13415543929222,0.103602578790325,-0.975697678837676));
#2127=CARTESIAN_POINT('Ctrl Pts',(1.12750359603509,0.111854757115103,-0.980915063003888));
#2128=CARTESIAN_POINT('Ctrl Pts',(1.11436892622204,0.121166138198721,-0.990929815212054));
#2129=CARTESIAN_POINT('Ctrl Pts',(1.09215669389615,0.127183632136416,-1.00148774806953));
#2130=CARTESIAN_POINT('Ctrl Pts',(1.06656566882796,0.136329772046044,-1.00179456915298));
#2131=CARTESIAN_POINT('Ctrl Pts',(1.05175871893035,0.142974433138182,-1.));
#2132=CARTESIAN_POINT('Ctrl Pts',(1.1644389946825,0.0737293337705637,-0.995945104098914));
#2133=CARTESIAN_POINT('Ctrl Pts',(1.16085280874567,0.0767052622643534,-0.997466844863739));
#2134=CARTESIAN_POINT('Ctrl Pts',(1.15287828687771,0.0821581490347359,-0.999766941959386));
#2135=CARTESIAN_POINT('Ctrl Pts',(1.13486093254378,0.0915802163122639,-1.00630720340798));
#2136=CARTESIAN_POINT('Ctrl Pts',(1.10286659342249,0.0981184267026299,-1.01633792213802));
#2137=CARTESIAN_POINT('Ctrl Pts',(1.06939384870597,0.102500701774987,-1.0155568962647));
#2138=CARTESIAN_POINT('Ctrl Pts',(1.05175871893035,0.105416265567529,-1.01260885069754));
#2139=CARTESIAN_POINT('Ctrl Pts',(1.20415414051001,0.0693685932214177,-1.00954508781321));
#2140=CARTESIAN_POINT('Ctrl Pts',(1.20032354802149,0.0719985027914374,-1.01290276968872));
#2141=CARTESIAN_POINT('Ctrl Pts',(1.19003667762238,0.076130278288586,-1.01976690700938));
#2142=CARTESIAN_POINT('Ctrl Pts',(1.16226185414288,0.0800620318968044,-1.03162766814081));
#2143=CARTESIAN_POINT('Ctrl Pts',(1.11611838248328,0.0802778926949065,-1.04271131560168));
#2144=CARTESIAN_POINT('Ctrl Pts',(1.07326705109314,0.0804493885381542,-1.04379724403612));
#2145=CARTESIAN_POINT('Ctrl Pts',(1.05175871893035,0.080943159431477,-1.04273724077257));
#2146=CARTESIAN_POINT('Ctrl Pts',(1.22116224373982,0.0714606180189911,-1.01290102389205));
#2147=CARTESIAN_POINT('Ctrl Pts',(1.2172263883739,0.0743029295011383,-1.01746053755619));
#2148=CARTESIAN_POINT('Ctrl Pts',(1.20594788879806,0.0782274333814156,-1.02737131534864));
#2149=CARTESIAN_POINT('Ctrl Pts',(1.17400026634848,0.0789962213113815,-1.04307105055417));
#2150=CARTESIAN_POINT('Ctrl Pts',(1.12179736394241,0.0753277786038078,-1.05514382321628));
#2151=CARTESIAN_POINT('Ctrl Pts',(1.07492531225373,0.0740560145523503,-1.05733788395904));
#2152=CARTESIAN_POINT('Ctrl Pts',(1.05175871893035,0.0740560145523502,-1.05733788395904));
#2153=CARTESIAN_POINT('',(1.12961469065337,0.116084797372751,-0.960000000000758));
#2154=CARTESIAN_POINT('Origin',(1.22116224373964,0.156322162146268,-0.960000000004664));
#2155=CARTESIAN_POINT('Ctrl Pts',(1.05175871893035,0.164499056600413,-1.));
#2156=CARTESIAN_POINT('Ctrl Pts',(1.06562891708518,0.156288712173087,-1.));
#2157=CARTESIAN_POINT('Ctrl Pts',(1.08770468748978,0.144971829004835,-0.998025008302216));
#2158=CARTESIAN_POINT('Ctrl Pts',(1.10708067912978,0.140776001455404,-0.987157658409741));
#2159=CARTESIAN_POINT('Ctrl Pts',(1.12027775296681,0.132775892176592,-0.973025485091098));
#2160=CARTESIAN_POINT('Ctrl Pts',(1.12669192547217,0.122734636448393,-0.964104262684991));
#2161=CARTESIAN_POINT('Ctrl Pts',(1.12961469065364,0.116084797372146,-0.960000000001143));
#2162=CARTESIAN_POINT('Origin',(0.,-0.164499056600415,-1.1));
#2163=CARTESIAN_POINT('',(1.05175871893035,-0.164499056600415,-1.));
#2164=CARTESIAN_POINT('Origin',(1.05175871893035,-0.164499056600415,-1.1));
#2165=CARTESIAN_POINT('',(0.,-0.164499056600415,-1.));
#2166=CARTESIAN_POINT('Ctrl Pts',(1.05175871893035,-0.164499056600415,-1.));
#2167=CARTESIAN_POINT('Ctrl Pts',(1.06563146026247,-0.156287206761179,-1.));
#2168=CARTESIAN_POINT('Ctrl Pts',(1.08221098071777,-0.147736341805135,-0.998490662966329));
#2169=CARTESIAN_POINT('Ctrl Pts',(1.10226240233325,-0.141498763859148,-0.990523760343708));
#2170=CARTESIAN_POINT('Ctrl Pts',(1.11398454401605,-0.13768652926985,-0.98028176597622));
#2171=CARTESIAN_POINT('Ctrl Pts',(1.12351981414589,-0.127952239336608,-0.968517264271846));
#2172=CARTESIAN_POINT('Ctrl Pts',(1.12766624073847,-0.120517886245876,-0.962736090575407));
#2173=CARTESIAN_POINT('Ctrl Pts',(1.12961469007654,-0.116084798685152,-0.960000000811527));
#2174=CARTESIAN_POINT('Ctrl Pts',(1.05175871893035,-0.142974433138184,-1.));
#2175=CARTESIAN_POINT('Ctrl Pts',(1.06656838376385,-0.136328553710807,-1.00179489819713));
#2176=CARTESIAN_POINT('Ctrl Pts',(1.08571169454031,-0.129365874287239,-1.00157702412694));
#2177=CARTESIAN_POINT('Ctrl Pts',(1.10897208074219,-0.122650821786625,-0.994232089419331));
#2178=CARTESIAN_POINT('Ctrl Pts',(1.1212920954212,-0.117020956456753,-0.985712836201319));
#2179=CARTESIAN_POINT('Ctrl Pts',(1.13082334917626,-0.107818968844714,-0.9783306177981));
#2180=CARTESIAN_POINT('Ctrl Pts',(1.13522307585538,-0.101890604081822,-0.974833146975822));
#2181=CARTESIAN_POINT('Ctrl Pts',(1.13735815038614,-0.0984669734431372,
-0.973104244083915));
#2182=CARTESIAN_POINT('Ctrl Pts',(1.05175871893035,-0.105416265567536,-1.01260885069755));
#2183=CARTESIAN_POINT('Ctrl Pts',(1.06939708220422,-0.102500167190301,-1.01555743680512));
#2184=CARTESIAN_POINT('Ctrl Pts',(1.09435853699182,-0.0990657978145647,
-1.01622478986077));
#2185=CARTESIAN_POINT('Ctrl Pts',(1.12693525434266,-0.0935570003010409,
-1.00945398971159));
#2186=CARTESIAN_POINT('Ctrl Pts',(1.14454436377752,-0.0869049628282399,
-1.00258838965311));
#2187=CARTESIAN_POINT('Ctrl Pts',(1.15688281693638,-0.0793951978187706,
-0.998718740874045));
#2188=CARTESIAN_POINT('Ctrl Pts',(1.16204827792198,-0.0757132247429615,
-0.996959566556118));
#2189=CARTESIAN_POINT('Ctrl Pts',(1.16443899397428,-0.0737293343576883,
-0.995945104398577));
#2190=CARTESIAN_POINT('Ctrl Pts',(1.05175871893035,-0.080943159431477,-1.04273724077257));
#2191=CARTESIAN_POINT('Ctrl Pts',(1.0732709947644,-0.0804492980025392,-1.04379743839356));
#2192=CARTESIAN_POINT('Ctrl Pts',(1.10528528723177,-0.080255575111634,-1.04299509875517));
#2193=CARTESIAN_POINT('Ctrl Pts',(1.1504072984272,-0.0801992994318091,-1.03506747206545));
#2194=CARTESIAN_POINT('Ctrl Pts',(1.17743634658518,-0.0784541856028435,
-1.02565529434094));
#2195=CARTESIAN_POINT('Ctrl Pts',(1.19534163780513,-0.0741078307858491,
-1.01634573203029));
#2196=CARTESIAN_POINT('Ctrl Pts',(1.20160049101153,-0.0711218120210466,
-1.01178347321186));
#2197=CARTESIAN_POINT('Ctrl Pts',(1.20415413975359,-0.0693685937410997,
-1.00954508847631));
#2198=CARTESIAN_POINT('Ctrl Pts',(1.05175871893035,-0.0740560145523502,
-1.05733788395904));
#2199=CARTESIAN_POINT('Ctrl Pts',(1.07492955997631,-0.0740560145523502,
-1.05733788395904));
#2200=CARTESIAN_POINT('Ctrl Pts',(1.10996902896404,-0.0749907222286402,
-1.05566112899502));
#2201=CARTESIAN_POINT('Ctrl Pts',(1.16046330901996,-0.0779377943232619,
-1.04681052556955));
#2202=CARTESIAN_POINT('Ctrl Pts',(1.19152528173175,-0.0792495266735632,
-1.03543247380635));
#2203=CARTESIAN_POINT('Ctrl Pts',(1.21181040326837,-0.076373402373764,-1.0223630359061));
#2204=CARTESIAN_POINT('Ctrl Pts',(1.21853842112764,-0.0733554336921719,
-1.01594060574162));
#2205=CARTESIAN_POINT('Ctrl Pts',(1.22116224296269,-0.0714606185802036,
-1.01290102479233));
#2206=CARTESIAN_POINT('',(1.12961468988774,-0.116084799114717,-0.960000000538326));
#2207=CARTESIAN_POINT('Origin',(1.22116224283337,-0.1563221642082,-0.960000003312327));
#2208=CARTESIAN_POINT('Ctrl Pts',(1.12961468998051,-0.116084798903644,-0.960000000946379));
#2209=CARTESIAN_POINT('Ctrl Pts',(1.12766624067035,-0.120517886368014,-0.962736090670385));
#2210=CARTESIAN_POINT('Ctrl Pts',(1.12351981410673,-0.127952239376588,-0.968517264320165));
#2211=CARTESIAN_POINT('Ctrl Pts',(1.11398454401605,-0.13768652926985,-0.98028176597622));
#2212=CARTESIAN_POINT('Ctrl Pts',(1.10226240233325,-0.141498763859148,-0.990523760343708));
#2213=CARTESIAN_POINT('Ctrl Pts',(1.08221098071777,-0.147736341805135,-0.998490662966329));
#2214=CARTESIAN_POINT('Ctrl Pts',(1.06563146026247,-0.156287206761179,-1.));
#2215=CARTESIAN_POINT('Ctrl Pts',(1.05175871893035,-0.164499056600415,-1.));
#2216=CARTESIAN_POINT('Ctrl Pts',(1.12961468958442,-0.116084799804817,-0.960000005259033));
#2217=CARTESIAN_POINT('Ctrl Pts',(1.13326570825821,-0.107778047626097,-0.942055836184061));
#2218=CARTESIAN_POINT('Ctrl Pts',(1.14357037200382,-0.0819604531374265,
-0.906318736906237));
#2219=CARTESIAN_POINT('Ctrl Pts',(1.15124896562181,-0.0451876024253604,
-0.89099999999892));
#2220=CARTESIAN_POINT('Ctrl Pts',(1.15301967014001,-0.0237631917591201,
-0.891));
#2221=CARTESIAN_POINT('Ctrl Pts',(1.1373581502235,-0.0984669746766458,-0.973104247835645));
#2222=CARTESIAN_POINT('Ctrl Pts',(1.14005040513687,-0.0907778702659286,
-0.958553624589361));
#2223=CARTESIAN_POINT('Ctrl Pts',(1.14730781115068,-0.0673878820494097,
-0.930637296667638));
#2224=CARTESIAN_POINT('Ctrl Pts',(1.15174959442471,-0.0392863316422241,
-0.920604090536589));
#2225=CARTESIAN_POINT('Ctrl Pts',(1.15301967013992,-0.0237631917602323,
-0.920919930034247));
#2226=CARTESIAN_POINT('Ctrl Pts',(1.16444142505305,-0.0737282102514581,
-0.995946474298046));
#2227=CARTESIAN_POINT('Ctrl Pts',(1.16705961896547,-0.0673384662161711,
-0.987263900687284));
#2228=CARTESIAN_POINT('Ctrl Pts',(1.17376123588051,-0.0485746290758979,
-0.972897011526036));
#2229=CARTESIAN_POINT('Ctrl Pts',(1.17690616386729,-0.0331071914628615,
-0.971899953041885));
#2230=CARTESIAN_POINT('Ctrl Pts',(1.17806183472078,-0.0258328997536584,
-0.972718491226057));
#2231=CARTESIAN_POINT('Ctrl Pts',(1.2041541392721,-0.0693685945176762,-1.00954508957663));
#2232=CARTESIAN_POINT('Ctrl Pts',(1.20838560682284,-0.0649417892665592,
-1.00353125889244));
#2233=CARTESIAN_POINT('Ctrl Pts',(1.22011502513718,-0.0517087218504586,
-0.992922377444229));
#2234=CARTESIAN_POINT('Ctrl Pts',(1.22829738924816,-0.037650783146234,-0.990632827864513));
#2235=CARTESIAN_POINT('Ctrl Pts',(1.23031617171178,-0.0301516645524453,
-0.991000000000069));
#2236=CARTESIAN_POINT('Ctrl Pts',(1.22116224229999,-0.0714606190587769,
-1.01290102556003));
#2237=CARTESIAN_POINT('Ctrl Pts',(1.22607877871166,-0.0679101004933686,
-1.00720543605842));
#2238=CARTESIAN_POINT('Ctrl Pts',(1.23995524964813,-0.0568749995810002,
-0.995862261202321));
#2239=CARTESIAN_POINT('Ctrl Pts',(1.25029540084601,-0.0411573416628262,
-0.990999999999657));
#2240=CARTESIAN_POINT('Ctrl Pts',(1.2526798677622,-0.0319999999982597,-0.991));
#2241=CARTESIAN_POINT('',(1.15301967014001,-0.0237631917591202,-0.891));
#2242=CARTESIAN_POINT('Origin',(1.2526798677622,-0.0319999999945171,-0.891));
#2243=CARTESIAN_POINT('Ctrl Pts',(1.15301967014001,-0.0237631917591201,
-0.891));
#2244=CARTESIAN_POINT('Ctrl Pts',(1.15124896562181,-0.0451876024253604,
-0.89099999999892));
#2245=CARTESIAN_POINT('Ctrl Pts',(1.1435703722522,-0.08196045194796,-0.906318736410732));
#2246=CARTESIAN_POINT('Ctrl Pts',(1.13326570892485,-0.107778045955889,-0.942055833872134));
#2247=CARTESIAN_POINT('Ctrl Pts',(1.1296146904111,-0.116084797923967,-0.960000001196038));
#2248=CARTESIAN_POINT('Ctrl Pts',(1.1530196701419,0.0237631917362201,-0.891));
#2249=CARTESIAN_POINT('Ctrl Pts',(1.15235565597584,0.0317973454018423,-0.890999999997318));
#2250=CARTESIAN_POINT('Ctrl Pts',(1.15033233552165,0.0477962949564385,-0.893413297577731));
#2251=CARTESIAN_POINT('Ctrl Pts',(1.14294207639701,0.0829179630501948,-0.909654947461032));
#2252=CARTESIAN_POINT('Ctrl Pts',(1.13448271554722,0.105009127534467,-0.936074442915705));
#2253=CARTESIAN_POINT('Ctrl Pts',(1.12961469065378,0.116084797371819,-0.960000000003294));
#2254=CARTESIAN_POINT('Ctrl Pts',(1.15301967014129,0.0237631917435876,-0.920919930034578));
#2255=CARTESIAN_POINT('Ctrl Pts',(1.15254339176819,0.0295843689570665,-0.920801490226298));
#2256=CARTESIAN_POINT('Ctrl Pts',(1.15120441142475,0.0413303206591246,-0.922286302740024));
#2257=CARTESIAN_POINT('Ctrl Pts',(1.14685612166947,0.0685078818823437,-0.933415707265452));
#2258=CARTESIAN_POINT('Ctrl Pts',(1.14094782419683,0.0882148330411115,-0.95370341404406));
#2259=CARTESIAN_POINT('Ctrl Pts',(1.13735815101845,0.0984669724274161,-0.973104243570815));
#2260=CARTESIAN_POINT('Ctrl Pts',(1.178061834722,0.0258328997458957,-0.972718491226945));
#2261=CARTESIAN_POINT('Ctrl Pts',(1.17762845817012,0.0285607590231482,-0.972411539420226));
#2262=CARTESIAN_POINT('Ctrl Pts',(1.17657643389298,0.0342702311171935,-0.972271933073817));
#2263=CARTESIAN_POINT('Ctrl Pts',(1.17311488158018,0.0498803182566996,-0.974864254700774));
#2264=CARTESIAN_POINT('Ctrl Pts',(1.16793235097375,0.0652085496177699,-0.984369708035768));
#2265=CARTESIAN_POINT('Ctrl Pts',(1.16444142581888,0.0737282083789641,-0.995946471755622));
#2266=CARTESIAN_POINT('Ctrl Pts',(1.23031617171394,0.030151664544418,-0.991000000000458));
#2267=CARTESIAN_POINT('Ctrl Pts',(1.22955912832223,0.0329638339000183,-0.990862310454893));
#2268=CARTESIAN_POINT('Ctrl Pts',(1.22733928431297,0.0386819198781304,-0.991104724284846));
#2269=CARTESIAN_POINT('Ctrl Pts',(1.21931433252533,0.0524515890776112,-0.994152242284559));
#2270=CARTESIAN_POINT('Ctrl Pts',(1.20979609722171,0.0634661861499871,-1.00152664759837));
#2271=CARTESIAN_POINT('Ctrl Pts',(1.20415414051033,0.0693685932214236,-1.00954508781326));
#2272=CARTESIAN_POINT('Ctrl Pts',(1.25267986776474,0.0319999999884716,-0.991));
#2273=CARTESIAN_POINT('Ctrl Pts',(1.25178569270924,0.0354340029698305,-0.990999999999149));
#2274=CARTESIAN_POINT('Ctrl Pts',(1.24906104800748,0.0422723636430169,-0.991765995476932));
#2275=CARTESIAN_POINT('Ctrl Pts',(1.23910917393497,0.0572842638335795,-0.996921194927893));
#2276=CARTESIAN_POINT('Ctrl Pts',(1.22771762561553,0.0667265931515292,-1.00530690508948));
#2277=CARTESIAN_POINT('Ctrl Pts',(1.22116224374,0.0714606180188846,-1.01290102389188));
#2278=CARTESIAN_POINT('',(1.1530196701419,0.0237631917362201,-0.891));
#2279=CARTESIAN_POINT('Origin',(1.25267986776474,0.0319999999636795,-0.891));
#2280=CARTESIAN_POINT('Ctrl Pts',(1.12961469065378,0.116084797371819,-0.960000000003294));
#2281=CARTESIAN_POINT('Ctrl Pts',(1.13448271554722,0.105009127534467,-0.936074442915705));
#2282=CARTESIAN_POINT('Ctrl Pts',(1.14294207639701,0.0829179630501948,-0.909654947461032));
#2283=CARTESIAN_POINT('Ctrl Pts',(1.15033233552165,0.0477962949564385,-0.893413297577731));
#2284=CARTESIAN_POINT('Ctrl Pts',(1.15235565597584,0.0317973454018423,-0.890999999997318));
#2285=CARTESIAN_POINT('Ctrl Pts',(1.1530196701419,0.0237631917362201,-0.891));
#2286=CARTESIAN_POINT('Origin',(0.8655,0.,-0.891));
#2287=CARTESIAN_POINT('Origin',(0.8655,0.,-0.891));
#2288=CARTESIAN_POINT('Origin',(0.8655,0.,-0.991));
#2289=CARTESIAN_POINT('Origin',(-0.75,0.,-0.991));
#2290=CARTESIAN_POINT('Origin',(0.8655,0.,0.));
#2291=CARTESIAN_POINT('',(0.759942295497781,0.268495476722089,-0.96));
#2292=CARTESIAN_POINT('Origin',(0.8655,0.,-0.96));
#2293=CARTESIAN_POINT('',(0.759942295497781,0.268495476722089,0.96));
#2294=CARTESIAN_POINT('',(0.759942295497781,0.268495476722089,0.));
#2295=CARTESIAN_POINT('',(0.759942295497781,-0.268495476722089,0.96));
#2296=CARTESIAN_POINT('Origin',(0.8655,0.,0.96));
#2297=CARTESIAN_POINT('',(0.759942295497781,-0.268495476722089,-0.96));
#2298=CARTESIAN_POINT('',(0.759942295497781,-0.268495476722089,0.));
#2299=CARTESIAN_POINT('Origin',(0.8655,0.,-0.96));
#2300=CARTESIAN_POINT('Origin',(0.8655,0.,-0.96));
#2301=CARTESIAN_POINT('',(0.774577679137603,0.231269067471193,-1.));
#2302=CARTESIAN_POINT('Origin',(0.8655,0.,-1.));
#2303=CARTESIAN_POINT('Origin',(0.774577679137603,0.231269067471193,-0.96));
#2304=CARTESIAN_POINT('Origin',(0.,0.032,-0.991));
#2305=CARTESIAN_POINT('Origin',(1.25461469065337,-0.032,-0.875));
#2306=CARTESIAN_POINT('Origin',(1.33579202126235,-0.032,-1.01577105879832));
#2307=CARTESIAN_POINT('Origin',(1.33579202126235,-5.46369598732853E-18,
-1.01577105879832));
#2308=CARTESIAN_POINT('Origin',(1.33579202126235,-0.032,-1.01577105879832));
#2309=CARTESIAN_POINT('Origin',(1.33579202126235,0.032,-1.01577105879832));
#2310=CARTESIAN_POINT('Origin',(1.25461469065337,-0.032,-0.875));
#2311=CARTESIAN_POINT('Origin',(1.25461469065337,0.032,-0.875));
#2312=CARTESIAN_POINT('Origin',(1.41711469065337,-0.032,-0.325964231502736));
#2313=CARTESIAN_POINT('Origin',(1.41711469065337,0.032,-0.325964231502736));
#2314=CARTESIAN_POINT('Origin',(0.,0.,-1.));
#2315=CARTESIAN_POINT('',(0.774577679137603,-0.231269067471193,-1.));
#2316=CARTESIAN_POINT('Origin',(0.8655,0.,-1.));
#2317=CARTESIAN_POINT('',(0.379422320862397,-0.231269067471193,-1.));
#2318=CARTESIAN_POINT('Origin',(0.577,-0.733825592358293,-1.));
#2319=CARTESIAN_POINT('',(0.197577679137603,-0.231269067471193,-1.));
#2320=CARTESIAN_POINT('Origin',(0.2885,0.,-1.));
#2321=CARTESIAN_POINT('',(-0.197577679137603,-0.231269067471193,-1.));
#2322=CARTESIAN_POINT('Origin',(0.,-0.733825592358293,-1.));
#2323=CARTESIAN_POINT('',(-0.379422320862397,-0.231269067471193,-1.));
#2324=CARTESIAN_POINT('Origin',(-0.2885,0.,-1.));
#2325=CARTESIAN_POINT('',(-0.774577679137603,-0.231269067471193,-1.));
#2326=CARTESIAN_POINT('Origin',(-0.577,-0.733825592358293,-1.));
#2327=CARTESIAN_POINT('',(-0.774577679137603,0.231269067471193,-1.));
#2328=CARTESIAN_POINT('Origin',(-0.8655,0.,-1.));
#2329=CARTESIAN_POINT('',(-0.379422320862397,0.231269067471193,-1.));
#2330=CARTESIAN_POINT('Origin',(-0.577,0.733825592358293,-1.));
#2331=CARTESIAN_POINT('',(-0.197577679137603,0.231269067471193,-1.));
#2332=CARTESIAN_POINT('Origin',(-0.2885,0.,-1.));
#2333=CARTESIAN_POINT('',(0.197577679137603,0.231269067471193,-1.));
#2334=CARTESIAN_POINT('Origin',(0.,0.733825592358293,-1.));
#2335=CARTESIAN_POINT('',(0.379422320862397,0.231269067471193,-1.));
#2336=CARTESIAN_POINT('Origin',(0.2885,0.,-1.));
#2337=CARTESIAN_POINT('Origin',(0.577,0.733825592358293,-1.));
#2338=CARTESIAN_POINT('Origin',(-0.8655,0.,0.96));
#2339=CARTESIAN_POINT('',(-0.774577679137603,0.231269067471193,1.));
#2340=CARTESIAN_POINT('',(-0.759942295497781,0.268495476722089,0.96));
#2341=CARTESIAN_POINT('Origin',(-0.774577679137603,0.231269067471193,0.96));
#2342=CARTESIAN_POINT('',(-0.759942295497781,-0.268495476722089,0.96));
#2343=CARTESIAN_POINT('Origin',(-0.8655,0.,0.96));
#2344=CARTESIAN_POINT('',(-0.774577679137603,-0.231269067471193,1.));
#2345=CARTESIAN_POINT('Origin',(-0.774577679137603,-0.231269067471193,0.96));
#2346=CARTESIAN_POINT('Origin',(-0.8655,0.,1.));
#2347=CARTESIAN_POINT('Origin',(-0.577,-0.733825592358293,0.96));
#2348=CARTESIAN_POINT('',(-0.394057704502219,-0.268495476722089,0.96));
#2349=CARTESIAN_POINT('',(-0.379422320862397,-0.231269067471193,1.));
#2350=CARTESIAN_POINT('Origin',(-0.379422320862397,-0.231269067471193,0.96));
#2351=CARTESIAN_POINT('Origin',(-0.577,-0.733825592358293,1.));
#2352=CARTESIAN_POINT('Origin',(-0.577,-0.733825592358293,0.96));
#2353=CARTESIAN_POINT('Origin',(-0.2885,0.,0.96));
#2354=CARTESIAN_POINT('',(-0.182942295497781,-0.268495476722089,0.96));
#2355=CARTESIAN_POINT('',(-0.197577679137603,-0.231269067471193,1.));
#2356=CARTESIAN_POINT('Origin',(-0.197577679137603,-0.231269067471193,0.96));
#2357=CARTESIAN_POINT('Origin',(-0.2885,0.,1.));
#2358=CARTESIAN_POINT('Origin',(-0.2885,0.,0.96));
#2359=CARTESIAN_POINT('Origin',(0.,-0.733825592358293,0.96));
#2360=CARTESIAN_POINT('',(0.182942295497781,-0.268495476722089,0.96));
#2361=CARTESIAN_POINT('',(0.197577679137603,-0.231269067471193,1.));
#2362=CARTESIAN_POINT('Origin',(0.197577679137603,-0.231269067471193,0.96));
#2363=CARTESIAN_POINT('Origin',(0.,-0.733825592358293,1.));
#2364=CARTESIAN_POINT('Origin',(0.,-0.733825592358293,0.96));
#2365=CARTESIAN_POINT('Origin',(0.2885,0.,0.96));
#2366=CARTESIAN_POINT('',(0.394057704502219,-0.268495476722089,0.96));
#2367=CARTESIAN_POINT('',(0.379422320862397,-0.231269067471193,1.));
#2368=CARTESIAN_POINT('Origin',(0.379422320862397,-0.231269067471193,0.96));
#2369=CARTESIAN_POINT('Origin',(0.2885,0.,1.));
#2370=CARTESIAN_POINT('Origin',(0.2885,0.,0.96));
#2371=CARTESIAN_POINT('Origin',(0.577,-0.733825592358293,0.96));
#2372=CARTESIAN_POINT('',(0.774577679137603,-0.231269067471193,1.));
#2373=CARTESIAN_POINT('Origin',(0.774577679137603,-0.231269067471193,0.96));
#2374=CARTESIAN_POINT('Origin',(0.577,-0.733825592358293,1.));
#2375=CARTESIAN_POINT('Origin',(0.577,-0.733825592358293,0.96));
#2376=CARTESIAN_POINT('Origin',(0.8655,0.,0.96));
#2377=CARTESIAN_POINT('',(0.774577679137603,0.231269067471193,1.));
#2378=CARTESIAN_POINT('Origin',(0.774577679137603,0.231269067471193,0.96));
#2379=CARTESIAN_POINT('Origin',(0.8655,0.,1.));
#2380=CARTESIAN_POINT('Origin',(0.577,0.733825592358293,0.96));
#2381=CARTESIAN_POINT('',(0.394057704502219,0.268495476722089,0.96));
#2382=CARTESIAN_POINT('',(0.379422320862397,0.231269067471193,1.));
#2383=CARTESIAN_POINT('Origin',(0.379422320862397,0.231269067471193,0.96));
#2384=CARTESIAN_POINT('Origin',(0.577,0.733825592358293,1.));
#2385=CARTESIAN_POINT('Origin',(0.577,0.733825592358293,0.96));
#2386=CARTESIAN_POINT('Origin',(0.2885,0.,0.96));
#2387=CARTESIAN_POINT('',(0.182942295497781,0.268495476722089,0.96));
#2388=CARTESIAN_POINT('',(0.197577679137603,0.231269067471193,1.));
#2389=CARTESIAN_POINT('Origin',(0.197577679137603,0.231269067471193,0.96));
#2390=CARTESIAN_POINT('Origin',(0.2885,0.,1.));
#2391=CARTESIAN_POINT('Origin',(0.2885,0.,0.96));
#2392=CARTESIAN_POINT('Origin',(0.,0.733825592358293,0.96));
#2393=CARTESIAN_POINT('',(-0.182942295497781,0.268495476722089,0.96));
#2394=CARTESIAN_POINT('',(-0.197577679137603,0.231269067471193,1.));
#2395=CARTESIAN_POINT('Origin',(-0.197577679137603,0.231269067471193,0.96));
#2396=CARTESIAN_POINT('Origin',(0.,0.733825592358293,1.));
#2397=CARTESIAN_POINT('Origin',(0.,0.733825592358293,0.96));
#2398=CARTESIAN_POINT('Origin',(-0.2885,0.,0.96));
#2399=CARTESIAN_POINT('',(-0.394057704502219,0.268495476722089,0.96));
#2400=CARTESIAN_POINT('',(-0.379422320862397,0.231269067471193,1.));
#2401=CARTESIAN_POINT('Origin',(-0.379422320862397,0.231269067471193,0.96));
#2402=CARTESIAN_POINT('Origin',(-0.2885,0.,1.));
#2403=CARTESIAN_POINT('Origin',(-0.2885,0.,0.96));
#2404=CARTESIAN_POINT('Origin',(-0.577,0.733825592358293,0.96));
#2405=CARTESIAN_POINT('Origin',(-0.577,0.733825592358293,1.));
#2406=CARTESIAN_POINT('Origin',(-0.577,0.733825592358293,0.96));
#2407=CARTESIAN_POINT('Origin',(0.577,-0.733825592358293,0.));
#2408=CARTESIAN_POINT('',(0.394057704502219,-0.268495476722089,-0.96));
#2409=CARTESIAN_POINT('',(0.394057704502219,-0.268495476722089,0.));
#2410=CARTESIAN_POINT('Origin',(0.577,-0.733825592358293,-0.96));
#2411=CARTESIAN_POINT('Origin',(0.2885,0.,0.));
#2412=CARTESIAN_POINT('',(0.182942295497781,-0.268495476722089,-0.96));
#2413=CARTESIAN_POINT('',(0.182942295497781,-0.268495476722089,0.));
#2414=CARTESIAN_POINT('Origin',(0.2885,0.,-0.96));
#2415=CARTESIAN_POINT('Origin',(0.,-0.733825592358293,0.));
#2416=CARTESIAN_POINT('',(-0.182942295497781,-0.268495476722089,-0.96));
#2417=CARTESIAN_POINT('',(-0.182942295497781,-0.268495476722089,0.));
#2418=CARTESIAN_POINT('Origin',(0.,-0.733825592358293,-0.96));
#2419=CARTESIAN_POINT('Origin',(-0.2885,0.,0.));
#2420=CARTESIAN_POINT('',(-0.394057704502219,-0.268495476722089,-0.96));
#2421=CARTESIAN_POINT('',(-0.394057704502219,-0.268495476722089,0.));
#2422=CARTESIAN_POINT('Origin',(-0.2885,0.,-0.96));
#2423=CARTESIAN_POINT('Origin',(-0.577,-0.733825592358293,0.));
#2424=CARTESIAN_POINT('',(-0.759942295497781,-0.268495476722089,-0.96));
#2425=CARTESIAN_POINT('',(-0.759942295497781,-0.268495476722089,0.));
#2426=CARTESIAN_POINT('Origin',(-0.577,-0.733825592358293,-0.96));
#2427=CARTESIAN_POINT('Origin',(-0.8655,0.,0.));
#2428=CARTESIAN_POINT('',(-0.759942295497781,0.268495476722089,-0.96));
#2429=CARTESIAN_POINT('',(-0.759942295497781,0.268495476722089,0.));
#2430=CARTESIAN_POINT('Origin',(-0.8655,0.,-0.96));
#2431=CARTESIAN_POINT('Origin',(0.,0.,1.));
#2432=CARTESIAN_POINT('Origin',(-0.2885,0.,-0.96));
#2433=CARTESIAN_POINT('',(-0.394057704502219,0.268495476722089,-0.96));
#2434=CARTESIAN_POINT('Origin',(-0.379422320862397,0.231269067471193,-0.96));
#2435=CARTESIAN_POINT('',(-0.182942295497781,0.268495476722089,-0.96));
#2436=CARTESIAN_POINT('Origin',(-0.2885,0.,-0.96));
#2437=CARTESIAN_POINT('Origin',(-0.197577679137603,0.231269067471193,-0.96));
#2438=CARTESIAN_POINT('Origin',(0.,0.733825592358293,-0.96));
#2439=CARTESIAN_POINT('',(0.182942295497781,0.268495476722089,-0.96));
#2440=CARTESIAN_POINT('Origin',(0.197577679137603,0.231269067471193,-0.96));
#2441=CARTESIAN_POINT('Origin',(0.,0.733825592358293,-0.96));
#2442=CARTESIAN_POINT('Origin',(0.2885,0.,-0.96));
#2443=CARTESIAN_POINT('',(0.394057704502219,0.268495476722089,-0.96));
#2444=CARTESIAN_POINT('Origin',(0.379422320862397,0.231269067471193,-0.96));
#2445=CARTESIAN_POINT('Origin',(0.2885,0.,-0.96));
#2446=CARTESIAN_POINT('Origin',(0.577,0.733825592358293,-0.96));
#2447=CARTESIAN_POINT('Origin',(0.577,0.733825592358293,-0.96));
#2448=CARTESIAN_POINT('Origin',(0.8655,0.,-0.96));
#2449=CARTESIAN_POINT('Origin',(0.774577679137603,-0.231269067471193,-0.96));
#2450=CARTESIAN_POINT('Origin',(0.577,-0.733825592358293,-0.96));
#2451=CARTESIAN_POINT('Origin',(0.379422320862397,-0.231269067471193,-0.96));
#2452=CARTESIAN_POINT('Origin',(0.2885,0.,-0.96));
#2453=CARTESIAN_POINT('Origin',(0.197577679137603,-0.231269067471193,-0.96));
#2454=CARTESIAN_POINT('Origin',(0.,-0.733825592358293,-0.96));
#2455=CARTESIAN_POINT('Origin',(-0.197577679137603,-0.231269067471193,-0.96));
#2456=CARTESIAN_POINT('Origin',(-0.2885,0.,-0.96));
#2457=CARTESIAN_POINT('Origin',(-0.379422320862397,-0.231269067471193,-0.96));
#2458=CARTESIAN_POINT('Origin',(-0.577,-0.733825592358293,-0.96));
#2459=CARTESIAN_POINT('Origin',(-0.774577679137603,-0.231269067471193,-0.96));
#2460=CARTESIAN_POINT('Origin',(-0.8655,0.,-0.96));
#2461=CARTESIAN_POINT('Origin',(-0.774577679137603,0.231269067471193,-0.96));
#2462=CARTESIAN_POINT('Origin',(-0.577,0.733825592358293,-0.96));
#2463=CARTESIAN_POINT('Origin',(-0.577,0.733825592358293,-0.96));
#2464=CARTESIAN_POINT('Origin',(0.577,0.733825592358293,0.));
#2465=CARTESIAN_POINT('',(0.394057704502219,0.268495476722089,0.));
#2466=CARTESIAN_POINT('Origin',(0.2885,0.,0.));
#2467=CARTESIAN_POINT('',(0.182942295497781,0.268495476722089,0.));
#2468=CARTESIAN_POINT('Origin',(0.,0.733825592358293,0.));
#2469=CARTESIAN_POINT('',(-0.182942295497781,0.268495476722089,0.));
#2470=CARTESIAN_POINT('Origin',(-0.2885,0.,0.));
#2471=CARTESIAN_POINT('',(-0.394057704502219,0.268495476722089,0.));
#2472=CARTESIAN_POINT('Origin',(-0.577,0.733825592358293,0.));
#2473=UNCERTAINTY_MEASURE_WITH_UNIT(LENGTH_MEASURE(0.000393700787401575),
#2479,'DISTANCE_ACCURACY_VALUE',
'Maximum model space distance between geometric entities at asserted c
onnectivities');
#2474=UNCERTAINTY_MEASURE_WITH_UNIT(LENGTH_MEASURE(0.000393700787401575),
#2479,'DISTANCE_ACCURACY_VALUE',
'Maximum model space distance between geometric entities at asserted c
onnectivities');
#2475=(
GEOMETRIC_REPRESENTATION_CONTEXT(3)
GLOBAL_UNCERTAINTY_ASSIGNED_CONTEXT((#2473))
GLOBAL_UNIT_ASSIGNED_CONTEXT((#2479,#2483,#2484))
REPRESENTATION_CONTEXT('','3D')
);
#2476=(
GEOMETRIC_REPRESENTATION_CONTEXT(3)
GLOBAL_UNCERTAINTY_ASSIGNED_CONTEXT((#2474))
GLOBAL_UNIT_ASSIGNED_CONTEXT((#2479,#2483,#2484))
REPRESENTATION_CONTEXT('','3D')
);
#2477=DIMENSIONAL_EXPONENTS(1.,0.,0.,0.,0.,0.,0.);
#2478=DIMENSIONAL_EXPONENTS(1.,0.,0.,0.,0.,0.,0.);
#2479=(
CONVERSION_BASED_UNIT('inch',#2482)
LENGTH_UNIT()
NAMED_UNIT(#2477)
);
#2480=(
LENGTH_UNIT()
NAMED_UNIT(*)
SI_UNIT(.MILLI.,.METRE.)
);
#2481=(
LENGTH_UNIT()
NAMED_UNIT(*)
SI_UNIT(.CENTI.,.METRE.)
);
#2482=LENGTH_MEASURE_WITH_UNIT(LENGTH_MEASURE(25.4),#2480);
#2483=(
NAMED_UNIT(*)
PLANE_ANGLE_UNIT()
SI_UNIT($,.RADIAN.)
);
#2484=(
NAMED_UNIT(*)
SI_UNIT($,.STERADIAN.)
SOLID_ANGLE_UNIT()
);
#2485=SHAPE_DEFINITION_REPRESENTATION(#2486,#2487);
#2486=PRODUCT_DEFINITION_SHAPE('',$,#2489);
#2487=SHAPE_REPRESENTATION('',(#1134),#2475);
#2488=DESIGN_CONTEXT('part definition',#2493,'design');
#2489=PRODUCT_DEFINITION('ONXM2210',
'ONXM2210 NiMH BATTERY [2000mAh 4.8V AA]',#2490,#2488);
#2490=PRODUCT_DEFINITION_FORMATION('',$,#2495);
#2491=PRODUCT_RELATED_PRODUCT_CATEGORY(
'ONXM2210 NiMH BATTERY [2000mAh 4.8V AA]',
'ONXM2210 NiMH BATTERY [2000mAh 4.8V AA]',(#2495));
#2492=APPLICATION_PROTOCOL_DEFINITION('international standard',
'ap203_configuration_controlled_3d_design_of_mechanical_parts_and_asse
mblies_mim_lf',2004,#2493);
#2493=APPLICATION_CONTEXT(
'Configuration Controlled 3D Design of Mechanical Parts and Assemblies');
#2494=MECHANICAL_CONTEXT('part definition',#2493,'mechanical');
#2495=PRODUCT('ONXM2210','ONXM2210 NiMH BATTERY [2000mAh 4.8V AA]',
'NIMH BATTERY',(#2494));
#2496=PRESENTATION_STYLE_ASSIGNMENT((#2498));
#2497=PRESENTATION_STYLE_ASSIGNMENT((#2499));
#2498=SURFACE_STYLE_USAGE(.BOTH.,#2504);
#2499=SURFACE_STYLE_USAGE(.BOTH.,#2505);
#2500=SURFACE_STYLE_RENDERING_WITH_PROPERTIES($,#2512,(#2502));
#2501=SURFACE_STYLE_RENDERING_WITH_PROPERTIES($,#2513,(#2503));
#2502=SURFACE_STYLE_TRANSPARENT(0.);
#2503=SURFACE_STYLE_TRANSPARENT(0.);
#2504=SURFACE_SIDE_STYLE('',(#2506,#2500));
#2505=SURFACE_SIDE_STYLE('',(#2507,#2501));
#2506=SURFACE_STYLE_FILL_AREA(#2508);
#2507=SURFACE_STYLE_FILL_AREA(#2509);
#2508=FILL_AREA_STYLE('',(#2510));
#2509=FILL_AREA_STYLE('',(#2511));
#2510=FILL_AREA_STYLE_COLOUR('',#2512);
#2511=FILL_AREA_STYLE_COLOUR('',#2513);
#2512=COLOUR_RGB('',0.0196078431372549,0.0196078431372549,0.0196078431372549);
#2513=COLOUR_RGB('',0.698039215686274,0.,0.);
ENDSEC;
END-ISO-10303-21;
